"gene","baseMean","log2FoldChange","lfcSE","pvalue","padj","description","treatment"
"LOC115137856",837.722347044337,6.17177887888863,0.794306223783405,3.30047561922542e-08,0.000156028328320793,"equistatin-like","gonad"
"LOC115112426",197.66563369121,6.02484322320622,0.455025025469872,4.12010373173471e-08,0.000156028328320793,"serum amyloid A-5 protein-like","gonad"
"LOC115112427",278.917581430526,5.95309109009949,0.450748298862965,5.90638026053084e-08,0.000171849357917911,"serum amyloid A-5 protein-like","gonad"
"LOC115105764",862.14369134894,5.23424079832577,0.598233944050852,3.99097925409618e-05,0.00405875972915083,"neurofibromin-like","gonad"
"LOC115137857",204.858418933411,5.01926610823335,0.883667763072112,1.32604667337212e-05,0.00232487905187974,"ladderlectin-like","gonad"
"LOC115137859",2236.16054301084,4.95065034439112,0.611871180428968,0.000369626258934647,0.0119231230203195,"saxiphilin-like","gonad"
"LOC115138859",889.329682897913,4.67096150046437,0.761253872697228,0.0010646497075667,0.0222261766403257,"ladderlectin-like","gonad"
"LOC115138857",272.587001677974,4.60931912325403,0.822738685768296,0.000502396750924322,0.0140931592277808,"ladderlectin-like","gonad"
"LOC115125542",81.0734740618532,4.34602222554089,0.65814084856342,1.46002177411193e-05,0.00248325010156366,"calcyphosin-like protein, transcript variant X1","gonad"
"LOC115139209",32.6667886820096,3.77121544077204,0.692711989111168,1.06545411104161e-05,0.00227619574542032,"sterile alpha motif domain-containing protein 15-like, transcript variant X2","gonad"
"lg27h9orf116",41.7679479335699,3.16888869646759,0.545107170470039,1.41934888076724e-05,0.00244321555066615,"linkage group 27 C9orf116 homolog","gonad"
"LOC115142066",427.480512982859,3.11545548978859,0.476271352177672,0.000235488142766525,0.00946428057947763,"hepcidin-like","gonad"
"ccdc173",30.5465850858778,2.8799461441375,0.561357778947172,2.20860699098305e-05,0.00296595555845844,"coiled-coil domain containing 173","gonad"
"LOC115143451",21.0548421149284,2.77630144046195,0.615878206743375,2.73977639164201e-07,0.000350957828574567,"centromere protein S-like","gonad"
"riiad1",44.6951816537097,2.57763769128546,0.515904097389191,0.000225597374749907,0.00934723477218708,"regulatory subunit of type II PKA R-subunit (RIIa) domain containing 1","gonad"
"LOC115110674",19.2734322056685,2.29069366030778,0.462190507969823,0.000942943652881919,0.0207853760969955,"forkhead box protein J1-A-like, transcript variant X2","gonad"
"upk1b",48.4239423871623,2.22132440347154,0.642134956293646,1.89382431834766e-05,0.00265626396058615,"uroplakin 1B","gonad"
"mdh1b",34.9954783027648,2.20852894332501,0.587741646415577,6.46124290920556e-06,0.00197328442719044,"malate dehydrogenase 1B, transcript variant X1","gonad"
"enkur",20.2393321615977,2.10836575490586,0.556798497053517,0.00181997770114886,0.0303089514259047,"enkurin, TRPC channel interacting protein","gonad"
"pih1d3",70.0588804692576,2.08663068697758,0.469818333934027,3.67536094607932e-07,0.000409370350082423,"PIH1 domain containing 3","gonad"
"efcab1",33.124463673213,2.07847835839496,0.590610902134148,1.52155729533849e-05,0.00250092480341227,"EF-hand calcium binding domain 1","gonad"
"LOC115141814",21.6863473392673,2.07407612470086,0.650352230176026,4.68810490678295e-05,0.00426777822040536,"14-3-3 protein gamma-2-like","gonad"
"LOC115124398",61.8896860679976,2.05698964622616,0.628031863328461,3.63927749210133e-05,0.00389088608402966,"thymosin beta-a-like, transcript variant X1","gonad"
"cfap126",53.5246461024238,2.04400232587628,0.480030899209026,0.00221375387334539,0.0338863618365359,"cilia and flagella associated protein 126","gonad"
"dnali1",24.7839021223326,2.03819217512734,0.646574228918554,5.59049272308349e-05,0.00466654833338974,"dynein axonemal light intermediate chain 1","gonad"
"LOC115131920",17.4986242156709,2.0123681266189,0.590664152465287,2.30343936802527e-05,0.00303767550850951,"testis-expressed protein 49-like, transcript variant X1","gonad"
"LOC115141350",862.435645005745,1.91334750874744,0.291783279832449,0.00110861894482114,0.0225052893209795,"CD209 antigen-like protein E","gonad"
"LOC115141356",1129.64019049195,1.86610489882926,0.269060845166386,0.000510505485149749,0.0142572586450007,"C-type lectin domain family 4 member E-like","gonad"
"b3gnt7",18.5988671979385,1.83189517055485,0.467728371908102,3.76504436891335e-06,0.00162025261648578,"UDP-GlcNAc:betaGal beta-1,3-N-acetylglucosaminyltransferase 7","gonad"
"gpr84",92.7277085063442,1.82954806299486,0.430840767392435,9.17172249137134e-07,0.000789393478973256,"G protein-coupled receptor 84","gonad"
"efcab6",14.0108976991386,1.81861839180172,0.520474341889094,0.00414207973675395,0.0489085948034562,"EF-hand calcium binding domain 6, transcript variant X1","gonad"
"LOC115137242",21.0563186007368,1.80086690130337,0.481445822855222,0.00180435399884946,0.0301647627280967,"TNFAIP3-interacting protein 2-like","gonad"
"hspb11",72.8560011859613,1.75355089676702,0.320139088235547,1.93850436997996e-09,1.83527901227853e-05,"heat shock protein family B (small) member 11","gonad"
"mmp9",73.4510475607318,1.73656578141002,0.54300811620452,4.98202874454793e-05,0.00446024184420925,"matrix metallopeptidase 9","gonad"
"LOC115141572",126.135492726733,1.70863399482564,0.409193952583962,1.25804144710292e-06,0.000952840592035755,"cytochrome c oxidase subunit 7A2, mitochondrial-like","gonad"
"lg2h20orf96",32.4028851393845,1.69420251328408,0.374487969695181,0.00137594290795734,0.0255176091696103,"linkage group 2 C20orf96 homolog, transcript variant X2","gonad"
"bbof1",17.8558342358352,1.65430851719106,0.555354023807642,9.78066227474917e-05,0.0062146590661871,"basal body orientation factor 1, transcript variant X1","gonad"
"LOC115139472",348.294552828116,1.63299833000474,0.35900223367894,2.47782522198442e-07,0.000350957828574567,"enoyl-[acyl-carrier-protein] reductase, mitochondrial-like, transcript variant X7","gonad"
"LOC115114450",25.8583991510283,1.62772289014224,0.448268331960653,1.07547818861683e-05,0.00227619574542032,"protein canopy-1-like, transcript variant X5","gonad"
"LOC115132668",19.9279444841658,1.54825247388084,0.322440376131351,0.00256502257647287,0.0372240718735078,"receptor-transporting protein 3-like, transcript variant X2","gonad"
"LOC115135792",171.433189570947,1.54657271567599,0.53502081702632,0.000134624222963946,0.0074052374013606,"ependymin-1","gonad"
"LOC115103583",27.3753499464769,1.51978620119806,0.48956982871886,7.01079295142642e-05,0.00519201893875997,"dynein light chain 4, axonemal-like, transcript variant X3","gonad"
"LOC115138524",28.1157931786009,1.48057379715626,0.5243098854857,0.000164606170133613,0.00791070515604049,"protein FAM161B-like, transcript variant X1","gonad"
"LOC115142005",33.7289282061508,1.46331657014665,0.384271717638216,5.72443295541895e-06,0.00188661648252859,"ubiquinol-cytochrome-c reductase complex assembly factor 2-like, transcript variant X2","gonad"
"LOC115106396",56.69976475906,1.45302742390106,0.78289915607667,0.00149264679133204,0.0267026124539663,"arginase-1-like, transcript variant X1","gonad"
"LOC115109112",18.4098607075139,1.44124893582968,0.474616352884868,9.15271041208897e-05,0.00594449433197417,"excitatory amino acid transporter 5-like","gonad"
"LOC115102671",26.8809340606571,1.42206457610253,0.538784719787144,0.000274624913075843,0.0102807966010644,"rho-related GTP-binding protein Rho6-like","gonad"
"lg23h12orf56",16.7312901880922,1.41066659878513,0.460696129419634,8.27683398199021e-05,0.00564849332052799,"linkage group 23 C12orf56 homolog, transcript variant X4","gonad"
"LOC115109003",96.0454705679456,1.41048038894702,0.357614544402815,3.45024908997159e-06,0.00159636790019138,"small nuclear ribonucleoprotein F-like","gonad"
"LOC115126007",217.637879207154,1.39200178493316,0.385208572051727,1.25089419006013e-05,0.00227619574542032,"glutathione S-transferase Mu 3-like","gonad"
"LOC115135546",913.339769842022,1.37776310130068,0.342117306431036,2.60050563553974e-06,0.00146770238895545,"diamine acetyltransferase 1-like","gonad"
"LOC115112246",43.2790688590586,1.3768668795001,0.332854043596767,1.54800520064285e-06,0.00109368310140827,"bolA-like protein 3","gonad"
"LOC115129963",845.093876435257,1.3574273931891,0.780666059891863,0.00187940029845039,0.0309716663630619,"protein S100-B-like","gonad"
"lsm6",485.47610329288,1.34763125787126,0.326323679253552,1.69969028890503e-06,0.00112685019184363,"LSM6 homolog, U6 small nuclear RNA and mRNA degradation associated","gonad"
"LOC115107774",33.8217001976675,1.34172760157639,0.409689919738856,4.15114107500568e-05,0.00405875972915083,"putative deoxyribonuclease tatdn3","gonad"
"LOC115124990",48.4226546071914,1.34059464190786,0.351289520238393,5.77891502438121e-06,0.00188661648252859,"chemokine-like receptor 1","gonad"
"smkr1",58.3460579357473,1.32661992900625,0.434342842150505,8.55657774238456e-05,0.00576579357836482,"small lysine rich protein 1, transcript variant X2","gonad"
"LOC115103388",197.443874726661,1.32383280601574,0.32629479601586,2.20975127883235e-06,0.00130755126452158,"LYR motif-containing protein 4A","gonad"
"tex9",26.2845569954628,1.3223289299426,0.488561822151611,0.000231956924722399,0.00940493441031827,"testis expressed 9","gonad"
"nadk",239.100974710118,1.31794257928466,0.272919922740394,6.72831391677618e-08,0.000171849357917911,"NAD kinase, transcript variant X3","gonad"
"bola2b",863.424440034669,1.31600273755032,0.441336490770107,0.00010823837840466,0.00650932125973202,"bolA family member 2B","gonad"
"LOC115107282",313.573402595412,1.31026639090139,0.329404093457512,3.15912304531307e-06,0.00159636790019138,"small integral membrane protein 8-like","gonad"
"cenpw",56.35852609515,1.30582638993266,0.491529876872266,0.000271700330447744,0.0102119816723016,"centromere protein W","gonad"
"efcab10",39.7071216023837,1.3013436931458,0.359467336462783,1.24334818298938e-05,0.00227619574542032,"EF-hand calcium binding domain 10, transcript variant X1","gonad"
"pigbos1",111.950728225627,1.27664147338963,0.351011300951679,1.18066298723414e-05,0.00227619574542032,"PIGB opposite strand 1","gonad"
"LOC115126080",885.627957257588,1.27056719107666,0.370288892672501,2.68317980223703e-05,0.00333574740871953,"glutathione S-transferase A-like","gonad"
"LOC115128326",113.453263757364,1.26893335053346,0.382114486718467,3.58883011776908e-05,0.00388311418742614,"C-type lectin domain family 4 member D-like, transcript variant X5","gonad"
"LOC115129502",12.8717526368964,1.26777115598181,0.444044233133623,0.000158065870339023,0.00779927105871799,"secreted frizzled-related protein 3-like","gonad"
"LOC115115989",66.8154238252447,1.24180811921306,0.534722173100568,0.000639258988902168,0.0164150228847006,"extracellular serine/threonine protein kinase FAM20C-like","gonad"
"LOC115105616",137.039613066838,1.24141138531269,0.38680656887292,5.42079850995692e-05,0.00460281703076387,"PLAC8-like protein 1","gonad"
"srp9",255.369570837301,1.23412654203497,0.290916056369243,1.00363796606993e-06,0.000826255864675395,"signal recognition particle 9","gonad"
"LOC115108468",155.17895953044,1.23019703572158,0.352282157063115,1.9953968416948e-05,0.00275677979935328,"dolichyl-diphosphooligosaccharide--protein glycosyltransferase subunit DAD1-like","gonad"
"LOC115130780",189.171693993668,1.22624403835001,0.254914333040368,7.26060133796295e-08,0.000171849357917911,"caltractin-like","gonad"
"LOC115109525",571.104595396265,1.21939997544319,0.259844551837134,1.31579094278641e-07,0.000276827794462896,"calcium and integrin-binding protein 1-like","gonad"
"LOC115142018",210.238041483908,1.21496793790771,0.330177205746897,1.03510795192314e-05,0.00227619574542032,"mitochondrial import receptor subunit TOM6 homolog","gonad"
"cby1",76.9834525641943,1.20573312485588,0.340991045032813,1.74153654385619e-05,0.00263544394540085,"chibby family member 1, beta catenin antagonist","gonad"
"LOC115122634",205.07395412173,1.20545511648048,0.316335789860616,6.17867317304765e-06,0.00194750413619816,"tyrosine-protein kinase HCK-like","gonad"
"LOC115101414",581.385694472651,1.20423432191537,0.304437624975605,3.59907017532111e-06,0.00159636790019138,"eukaryotic translation initiation factor 1A, X-chromosomal-like, transcript variant X1","gonad"
"LOC115145189",34.197895350337,1.20411445586073,0.183161362856313,0.000146218261997608,0.00766932366030619,"growth arrest and DNA damage-inducible protein GADD45 alpha-like","gonad"
"mrpl55",147.945821900911,1.20156885748702,0.326076895790758,1.01117558595507e-05,0.00227619574542032,"mitochondrial ribosomal protein L55","gonad"
"snapc5",110.800055554932,1.19484055446078,0.263004560478312,2.78023101590626e-07,0.000350957828574567,"small nuclear RNA activating complex polypeptide 5, transcript variant X2","gonad"
"LOC115135462",429.825015563903,1.19291400530323,0.344095888099585,2.32618404401309e-05,0.00303767550850951,"NADH dehydrogenase [ubiquinone] 1 alpha subcomplex subunit 2-like","gonad"
"LOC115141228",215.630706115407,1.18835034465681,0.323343913618395,1.06694235777479e-05,0.00227619574542032,"PLAC8-like protein 1","gonad"
"LOC115136646",58.0516347191519,1.18216677719663,0.273098094711667,6.95169652683058e-07,0.000643392161984752,"dehydrogenase/reductase SDR family member 13-like","gonad"
"timm8a",54.7514799742038,1.17607466299033,0.315366972244819,8.55839695388793e-06,0.00227619574542032,"translocase of inner mitochondrial membrane 8A","gonad"
"LOC115134679",363.180930212749,1.1749908587661,0.323770860426919,1.25808269073701e-05,0.00227619574542032,"small nuclear ribonucleoprotein F-like","gonad"
"LOC115119891",45.2987764668706,1.16914358818003,0.395061469305592,0.000117551244111057,0.006786075631838,"allograft inflammatory factor 1-like","gonad"
"LOC115139187",916.68873194104,1.16741439100958,0.287956363264114,2.65245135659257e-06,0.00146770238895545,"splicing factor 3B subunit 6","gonad"
"LOC115125102",619.78529998369,1.16617583303776,0.328677245514668,1.85114362153849e-05,0.00263544394540085,"translation machinery-associated protein 7","gonad"
"LOC115136182",264.240988860473,1.16457168473271,0.326672619766272,1.67433249971063e-05,0.00263093034503719,"CDKN2AIP N-terminal-like protein","gonad"
"LOC115113332",1219.49072922631,1.16161806617868,0.292733161277305,3.41157336915241e-06,0.00159636790019138,"calmodulin","gonad"
"LOC115110561",54.1719802965229,1.16043165386632,0.301058386086651,5.17056108244989e-06,0.00184741748001567,"tissue factor pathway inhibitor-like, transcript variant X2","gonad"
"LOC115135550",460.628492050863,1.15857509792083,0.274352209387448,1.15091840355446e-06,0.000908026665470987,"eukaryotic translation initiation factor 1A, X-chromosomal-like","gonad"
"LOC115124540",831.267299174987,1.15529364912528,0.295776114360385,4.85566312506048e-06,0.00180288917203186,"crustapain-like","gonad"
"llph",577.797538583747,1.15463745491584,0.316703873298684,1.28241524446132e-05,0.00227619574542032,"LLP homolog, long-term synaptic facilitation factor","gonad"
"LOC115104627",117.763089018725,1.15443835696719,0.29984851555746,5.32152614581856e-06,0.0018532661121513,"CDKN2AIP N-terminal-like protein","gonad"
"LOC115136856",939.139088114761,1.15221511764035,0.431676675422609,0.000283901251933535,0.010467275496923,"high affinity immunoglobulin gamma Fc receptor I-like","gonad"
"LOC115144342",85.4102136511583,1.15015977210601,0.298859594270417,5.45846320750568e-06,0.0018532661121513,"zinc finger and BTB domain-containing protein 18-like, transcript variant X3","gonad"
"LOC115140478",133.177965753821,1.14603432615941,0.299677263410608,6.11792911139635e-06,0.00194750413619816,"signal recognition particle 9 kDa protein-like","gonad"
"gtf2h5",313.391136867418,1.14169907938458,0.32188456781456,1.7184665028653e-05,0.00263544394540085,"general transcription factor IIH subunit 5","gonad"
"LOC115134326",316.57611167799,1.14094666396577,0.301738752457224,7.55940986790893e-06,0.00212252718005581,"heat shock factor-binding protein 1-like","gonad"
"LOC115136251",39.1490833100559,1.13949747688196,0.314615346091368,1.24060775245923e-05,0.00227619574542032,"pterin-4-alpha-carbinolamine dehydratase 2-like","gonad"
"LOC115129731",140.303859532969,1.13274382914809,0.353581612322267,5.63066550140655e-05,0.00466654833338974,"acyl-CoA-binding protein-like","gonad"
"LOC115127689",305.905176202937,1.13247092218894,0.30232941351663,8.55337776083307e-06,0.00227619574542032,"DNA-directed RNA polymerases I, II, and III subunit RPABC4","gonad"
"LOC115120705",88.9813406400006,1.12948802157501,0.306168921484862,9.94327117209064e-06,0.00227619574542032,"rho GTPase-activating protein gacJ-like","gonad"
"ccdc189",65.1572357481033,1.1285405538198,0.468222942711689,0.000537791551296997,0.0147154378956772,"coiled-coil domain containing 189, transcript variant X4","gonad"
"LOC115129809",12.4538997634804,1.12221050513928,0.375360229583602,0.000114030648021148,0.00674350765106042,"uncharacterized LOC115129809, transcript variant X3","gonad"
"tmem107",24.4182681983267,1.11537572929947,0.472964428472662,0.000617735961605018,0.0161242795214414,"transmembrane protein 107, transcript variant X2","gonad"
"LOC115101778",1657.99673609753,1.11396015158111,0.287534140135918,5.48100883445856e-06,0.0018532661121513,"protein transport protein Sec61 subunit gamma-like","gonad"
"LOC115113961",1189.97716830361,1.11341722066163,0.295795615348997,7.83795532761918e-06,0.00215089397287637,"protein transport protein Sec61 subunit gamma-like, transcript variant X1","gonad"
"LOC115105703",63.6306973269115,1.11313140623123,0.37828134564054,0.000128737544549463,0.00723336915740081,"uncharacterized LOC115105703, transcript variant X3","gonad"
"LOC115112262",75.4604258055194,1.10994571003918,0.302949032662099,1.15397653939101e-05,0.00227619574542032,"uncharacterized LOC115112262, transcript variant X2","gonad"
"LOC115129313",4349.79303025042,1.10339611175809,0.339643606582748,5.66837135822361e-05,0.00466654833338974,"C-X-C motif chemokine 14-like","gonad"
"znf593",289.310636755417,1.10163040567166,0.302813354109371,1.2829218127827e-05,0.00227619574542032,"zinc finger protein 593","gonad"
"LOC115129520",302.433754992331,1.09454111614179,0.264660046129963,1.80371186042016e-06,0.00112685019184363,"caltractin","gonad"
"LOC115110352",11.8543766202748,1.08896291245997,0.513531765180142,0.00102363770747948,0.0217702696904157,"DNA-directed RNA polymerase III subunit RPC10","gonad"
"LOC115132445",107.888099525833,1.08737907352328,0.307754096693873,1.77989588503521e-05,0.00263544394540085,"prefoldin subunit 4-like","gonad"
"cmc4",36.1079085309169,1.08690079395984,0.358751729304295,9.89914343759542e-05,0.00626890571875817,"C-X9-C motif containing 4","gonad"
"LOC115124886",70.4901681298274,1.08455082742321,0.641982979852905,0.00228009837603349,0.0344837561902509,"carbonic anhydrase 4-like","gonad"
"LOC115133109",48.6032352964014,1.07829348495961,0.378739678216206,0.000173428652322852,0.0081037044409824,"secretin receptor-like","gonad"
"LOC115135308",18.7749812143968,1.07483160792122,0.56792544238406,0.00161927971725911,0.0280300318511039,"proto-oncogene tyrosine-protein kinase receptor Ret-like, transcript variant X1","gonad"
"LOC115133149",429.835363050627,1.07278618538437,0.293848140982364,1.20629353901464e-05,0.00227619574542032,"NADH dehydrogenase [ubiquinone] 1 alpha subcomplex subunit 5-like","gonad"
"LOC115142205",54.8970645872301,1.07261948957976,0.857997589961516,0.00379796712075993,0.0467500504687459,"glutamine amidotransferase-like class 1 domain-containing protein 3A, mitochondrial, transcript variant X1","gonad"
"LOC115142640",215.724873844864,1.06919157020853,0.274369814567099,4.60952209190553e-06,0.00179220861580973,"protein dpy-30 homolog, transcript variant X1","gonad"
"mrpl33",175.780073275888,1.06805975170581,0.275091955554773,4.85594654204515e-06,0.00180288917203186,"mitochondrial ribosomal protein L33","gonad"
"LOC115115971",36.1221945064996,1.05924811849238,0.270458586820255,4.20803475013335e-06,0.00169530080837819,"homeobox protein Hox-A10-like","gonad"
"LOC115101638",1333.80473976525,1.05730939588063,0.293136569822447,1.46996213198323e-05,0.00248325010156366,"ATP synthase subunit epsilon, mitochondrial-like","gonad"
"LOC115109493",151.043422246838,1.05244438929978,0.282158175930603,8.88031057782436e-06,0.00227619574542032,"dynein light chain roadblock-type 2","gonad"
"ass1",63.0771968906028,1.04468269703219,0.386531391900507,0.000262948983450418,0.00999669187074183,"argininosuccinate synthase 1","gonad"
"LOC115105695",34.0992085190658,1.04339218460794,0.388788729862731,0.000284139403507707,0.010467275496923,"ATP-sensitive inward rectifier potassium channel 15-like, transcript variant X2","gonad"
"LOC115105959",36.4313086552328,1.04278621282319,0.339125367557422,8.74152318789133e-05,0.0057874385161791,"C3a anaphylatoxin chemotactic receptor","gonad"
"LOC115143251",72.46023694411,1.04193153811507,0.289603822702336,1.48195015303244e-05,0.00248325010156366,"mRNA turnover protein 4 homolog","gonad"
"LOC115142983",358.598657553992,1.04130481003327,0.292861633357931,1.83282762870614e-05,0.00263544394540085,"ubiquinol-cytochrome-c reductase complex assembly factor 2","gonad"
"LOC115101109",199.225064946527,1.04118392826798,0.408687635718255,0.000405942965995523,0.0126631467234353,"electrogenic sodium bicarbonate cotransporter 1-like, transcript variant X5","gonad"
"LOC115139738",46.2791963745592,1.04114974985164,0.285214352655339,1.19057827926023e-05,0.00227619574542032,"prefoldin subunit 5-like, transcript variant X2","gonad"
"acss1",118.057036418834,1.04103362699215,0.303308000754294,2.70519926583291e-05,0.00333574740871953,"acyl-CoA synthetase short chain family member 1, transcript variant X1","gonad"
"LOC115137310",598.761957507537,1.0386668603616,0.364870658302165,0.000182287947833593,0.00835743896423507,"endonuclease domain-containing 1 protein-like","gonad"
"LOC115110163",252.736596014499,1.03840617276324,0.300895963059601,2.53812559027525e-05,0.00323831278710093,"coatomer subunit zeta-1-like, transcript variant X1","gonad"
"LOC115120139",12.8001076404656,1.03341182236115,0.375061291412068,0.000237499521548177,0.00946428057947763,"myomegalin-like","gonad"
"LOC115131938",675.952329427201,1.03159259552039,0.353177444819311,0.000148963530963225,0.00770356738239602,"ATP synthase subunit epsilon, mitochondrial-like","gonad"
"gng10",215.249240371972,1.0290387349646,0.305043880552042,3.3314125874487e-05,0.00369112144972507,"G protein subunit gamma 10","gonad"
"mns1",19.5296683017025,1.02886117495017,0.594342470346716,0.00220138271522595,0.0337515641399218,"meiosis specific nuclear structural 1","gonad"
"LOC115126357",155.389959575037,1.02811934573081,0.205969580033231,3.14451895121262e-08,0.000156028328320793,"tumor necrosis factor receptor superfamily member 14-like, transcript variant X2","gonad"
"bbip1",528.715382570964,1.02789221641474,0.291400003166713,1.94223286834672e-05,0.00270413083545185,"BBSome interacting protein 1","gonad"
"LOC115103239",700.852707337494,1.02772908088518,0.347567819690129,0.000134925107128038,0.0074052374013606,"ubiquitin-60S ribosomal protein L40-like","gonad"
"LOC115146137",157.610157598868,1.0220741227794,0.25814070129544,3.62523473505305e-06,0.00159636790019138,"tumor necrosis factor alpha-induced protein 2-like","gonad"
"LOC115105627",455.114912540158,1.02017976921511,0.339625516816591,0.000116697986313798,0.00677814837684592,"asialoglycoprotein receptor 1-like","gonad"
"ciao2a",444.130205442237,1.01947610665258,0.306994741362514,4.13267445264291e-05,0.00405875972915083,"cytosolic iron-sulfur assembly component 2A","gonad"
"LOC115103048",14.5008597560186,1.01640989924829,0.355542807749061,0.000170990417805979,0.00806780536949401,"protein N-lysine methyltransferase FAM173B-like","gonad"
"LOC115128699",125.997423544519,1.01593551479475,0.289214239051185,2.00916615954979e-05,0.00275677979935328,"chromatin accessibility complex protein 1-like","gonad"
"LOC115111377",163.286523284183,1.01378854640637,0.338609679428736,0.000117218034674462,0.006786075631838,"uncharacterized protein C9orf85 homolog","gonad"
"arl2bp",114.266847762055,1.01064223630589,0.271502984448901,9.66698400524107e-06,0.00227619574542032,"ADP ribosylation factor like GTPase 2 binding protein","gonad"
"LOC115129910",208.942561842984,1.01021708659872,0.307128270198991,4.50270807861059e-05,0.00422073155784611,"mitochondrial import receptor subunit TOM5 homolog","gonad"
"LOC115112239",22.9234760724145,1.0090430207151,0.849957943816026,0.00415751447116962,0.0490177686871711,"glycine cleavage system H protein, mitochondrial-like","gonad"
"LOC115119078",200.613835179337,1.00899352841842,0.380158387676464,0.000311607039033699,0.0109627252930427,"cytochrome b-245 heavy chain, transcript variant X1","gonad"
"LOC115116028",222.039627323974,1.00823526200644,0.292545005913888,2.71299234720257e-05,0.00333574740871953,"putative protein PTGES3L","gonad"
"LOC115105604",70.9437804320057,1.00736623089015,0.333648960403383,0.000108118707236163,0.00650932125973202,"ribonuclease kappa-B","gonad"
"LOC115138589",28.518206484577,1.00736079748392,0.43890008534957,0.00075816875530581,0.018233900154991,"tumor necrosis factor alpha-induced protein 2-like, transcript variant X1","gonad"
"LOC115132180",68.5997587092106,1.00314455582767,0.311248052063927,5.79247921707137e-05,0.00472761180927786,"tyrosine-protein phosphatase non-receptor type 18-like, transcript variant X1","gonad"
"LOC115143105",56.7753724889643,0.997416557679268,0.367868502732266,0.000265602089982915,0.0100382745984561,"uncharacterized LOC115143105, transcript variant X2","gonad"
"LOC115131493",346.586412676585,0.99334106169344,0.311261865696955,6.31563127069375e-05,0.00492554813900107,"nuclear transport factor 2-like","gonad"
"LOC115139447",24.5584384827779,0.992280246141954,0.344789565338569,0.000156917029009182,0.00779927105871799,"gap junction alpha-1 protein-like","gonad"
"lg7h1orf109",74.634095845225,0.99149120504642,0.310216627316653,6.34715471833251e-05,0.00492554813900107,"linkage group 7 C1orf109 homolog, transcript variant X1","gonad"
"prr19",20.894352703404,0.990307136694815,0.357101798651591,0.000225336178316949,0.00934723477218708,"proline rich 19, transcript variant X1","gonad"
"ndufa1",1160.96794406506,0.9899668918443,0.303481339567427,5.12671092017365e-05,0.00453272018678246,"NADH:ubiquinone oxidoreductase subunit A1","gonad"
"LOC115128574",148.025601274155,0.98508250893466,0.294550451233829,3.80932359787099e-05,0.00397789796929456,"replication protein A 14 kDa subunit-like","gonad"
"LOC115142762",120.774415087468,0.984816810642162,0.226694076508914,7.13558774844457e-07,0.000643392161984752,"transmembrane protein 128-like","gonad"
"LOC115140355",30.2625596884937,0.984188502695867,0.534010091058643,0.00187556110482952,0.0309353218814868,"electroneutral sodium bicarbonate exchanger 1-like, transcript variant X1","gonad"
"LOC115112160",179.874321643501,0.983129468223997,0.283981227428508,2.58022150118501e-05,0.00325709960832921,"trafficking protein particle complex subunit 2-like protein","gonad"
"LOC115106174",26.4073464231263,0.982514542168056,0.406727834742876,0.00058037283915729,0.0153697338593613,"DPY30 domain-containing protein 1-like, transcript variant X1","gonad"
"cenpv",154.324390609135,0.982404452679092,0.291032728300565,3.42927190424053e-05,0.00373179675326405,"centromere protein V, transcript variant X1","gonad"
"LOC115122568",79.6503269815576,0.98217981620685,0.279605952019308,2.04999908892438e-05,0.0027925707013513,"DNA-directed RNA polymerase II subunit RPB7","gonad"
"pigx",248.311888909842,0.979595341365787,0.250902722901247,4.63787811854644e-06,0.00179220861580973,"phosphatidylinositol glycan anchor biosynthesis class X, transcript variant X3","gonad"
"LOC115138318",18.1247394338162,0.979380562361173,0.285276794234996,2.67302334760215e-05,0.00333574740871953,"transcription factor SOX-11-like","gonad"
"LOC115121172",172.696300924745,0.979058856552074,0.296305101964628,4.37996076086175e-05,0.0041343899316913,"high affinity copper uptake protein 1-like, transcript variant X1","gonad"
"LOC115135115",190.5871940006,0.978510147505515,0.308864043950317,7.0948552351993e-05,0.0051956441898365,"polymeric immunoglobulin receptor-like, transcript variant X1","gonad"
"LOC115135730",2496.02933198886,0.975864875141959,0.313479137728676,8.67090965904943e-05,0.00578111529556693,"60S ribosomal protein L36a","gonad"
"dnaaf4",100.197190006162,0.974768309204192,0.325802775560174,0.000119031535901441,0.00681488737717606,"dynein axonemal assembly factor 4","gonad"
"imp3",142.321982374762,0.974363267947725,0.26440260606466,1.101339417148e-05,0.00227619574542032,"IMP U3 small nucleolar ribonucleoprotein 3, transcript variant X2","gonad"
"LOC115125278",34.7860650505235,0.970466201492031,0.326575127351909,0.00012753571301067,0.00720862306225981,"TP53-regulated inhibitor of apoptosis 1-B-like","gonad"
"ttc32",134.295570550287,0.969873494300409,0.260021168646088,9.63137882990508e-06,0.00227619574542032,"tetratricopeptide repeat domain 32","gonad"
"mak",12.781621373658,0.969502218547921,0.515981871582572,0.00177470151172465,0.0297907563160516,"male germ cell associated kinase, transcript variant X4","gonad"
"tfec",29.1188210406686,0.968332035504846,0.333933510220314,0.000160639858088197,0.00779927105871799,"transcription factor EC, transcript variant X3","gonad"
"LOC115132544",337.65563439094,0.966192962649194,0.303797011803975,7.01957670093769e-05,0.00519201893875997,"ragulator complex protein LAMTOR5-like","gonad"
"LOC115143646",693.036962775241,0.965580597203222,0.301768125824183,6.48345162268754e-05,0.00494709407307124,"cytochrome c oxidase subunit 6C-1","gonad"
"LOC115145480",743.546101598737,0.964005477055041,0.325073334362683,0.000131456667612881,0.00732097647426442,"dolichyl-diphosphooligosaccharide--protein glycosyltransferase subunit DAD1-like","gonad"
"LOC115105669",82.6267981239991,0.9607038048055,0.543332073213902,0.00215039667132804,0.0331308063235121,"ependymin-2","gonad"
"LOC115129029",377.8213181404,0.959440290182935,0.34657056744817,0.000236979850232487,0.00946428057947763,"thioredoxin-like protein 4A","gonad"
"lg12h20orf27",13.0189143736484,0.958979438717713,0.495594423368015,0.0015872845302706,0.0276242946513546,"linkage group 12 C20orf27 homolog, transcript variant X1","gonad"
"mrpl21",103.683341645149,0.958586021142946,0.32290280442758,0.000128277019814206,0.00722894455411307,"mitochondrial ribosomal protein L21, transcript variant X1","gonad"
"LOC115143064",128.344647447572,0.956070418003391,0.342770325831861,0.000219273000952334,0.00918569529431956,"HIG1 domain family member 1A, mitochondrial-like, transcript variant X1","gonad"
"LOC115133295",561.242847617173,0.952530638242371,0.268015229087009,1.84251518960109e-05,0.00263544394540085,"oligosaccharyltransferase complex subunit ostc, transcript variant X2","gonad"
"LOC115110416",438.884600028339,0.9525016588193,0.298578205408014,6.50555280799968e-05,0.00494709407307124,"MOB-like protein phocein, transcript variant X4","gonad"
"LOC115133049",128.935026962266,0.950541591121476,0.2634765857301,1.55341367969358e-05,0.00250394916015218,"V-type proton ATPase subunit E 1-like","gonad"
"LOC115113577",354.090024688644,0.950222526336254,0.266410188954537,1.76936343706542e-05,0.00263544394540085,"trafficking protein particle complex subunit 2-like protein","gonad"
"LOC115106514",63.2568459497554,0.949714361772812,0.336288774610343,0.000200665888649454,0.00871469862747112,"transmembrane protein 180-like, transcript variant X2","gonad"
"LOC115145291",43.4568959390159,0.949292798991527,0.288854254983194,4.68813239949466e-05,0.00426777822040536,"retinal rod rhodopsin-sensitive cGMP 3',5'-cyclic phosphodiesterase subunit delta-like","gonad"
"LOC115146361",1348.57032164599,0.949216736604998,0.29968179064202,7.27401657111591e-05,0.0052171781732606,"cytochrome c oxidase subunit 7A2, mitochondrial-like","gonad"
"LOC115109380",296.704228723269,0.94827301689466,0.266759403057404,1.84075879416087e-05,0.00263544394540085,"cytochrome c","gonad"
"lg3h2orf76",326.834014917366,0.945132222711395,0.269661523368863,2.3198419516904e-05,0.00303767550850951,"linkage group 3 C2orf76 homolog","gonad"
"LOC115141466",23.9290478884367,0.945018605138636,0.301566916831366,7.50012584381795e-05,0.00535905218312049,"transmembrane protein 120A-like","gonad"
"LOC115145844",156.920731128396,0.94474914131153,0.418364903659749,0.000857460253129351,0.0195995134508784,"small nuclear ribonucleoprotein E","gonad"
"LOC115118436",46.5980159508636,0.944287789676095,0.338608507803191,0.000220673028228829,0.009223937725194,"proline-serine-threonine phosphatase-interacting protein 2-like, transcript variant X2","gonad"
"LOC115108243",350.062766544679,0.943779585876027,0.333406770452036,0.0001976407199904,0.00867612701239487,"40S ribosomal protein S27-like, transcript variant X1","gonad"
"LOC115113672",804.378113531563,0.942676422582865,0.271568618695378,2.54823662676546e-05,0.00323831278710093,"probable ribosome biogenesis protein RLP24","gonad"
"LOC115103618",82.3228795992978,0.939988929830283,0.309332599724055,0.00010464524423933,0.00643330421971337,"proteasome assembly chaperone 3-like, transcript variant X1","gonad"
"LOC115111612",15.5134198066744,0.939035340864753,0.377816894987396,0.000500398699531894,0.0140911091282217,"dual specificity protein phosphatase 18-like","gonad"
"LOC115136181",549.125570763375,0.934347423446114,0.274278354698488,3.15877337440554e-05,0.00360309480990174,"ubiquitin-conjugating enzyme E2 B-like","gonad"
"LOC115105844",23.1013430586346,0.930225462479968,0.411096009089415,0.00084972254479347,0.01952608784668,"calcineurin B homologous protein 3-like, transcript variant X1","gonad"
"LOC115117293",462.623860927643,0.928811098472874,0.279407654037627,4.21036984896594e-05,0.00405875972915083,"ATP synthase membrane subunit DAPIT, mitochondrial-like","gonad"
"LOC115129714",30.4644403326424,0.92860682316627,0.327378178509934,0.000195587539620828,0.00867612701239487,"DPH3 homolog","gonad"
"LOC115103223",3351.94967700281,0.927684045596696,0.28975203073853,6.95280725978947e-05,0.00518312619937455,"stress-associated endoplasmic reticulum protein 1","gonad"
"LOC115131149",106.225673113687,0.927097694030019,0.296495748098664,8.13621128800182e-05,0.00558185364993893,"mitochondrial import receptor subunit TOM5 homolog","gonad"
"pfdn1",229.523735973216,0.926166098931379,0.315414919752793,0.000147027435367898,0.00766932366030619,"prefoldin subunit 1","gonad"
"exosc6",96.0249829868731,0.924709531154964,0.338291401632986,0.000263180534556411,0.00999669187074183,"exosome component 6","gonad"
"LOC115114264",297.103395471901,0.923830115683884,0.269527707460709,2.94120188819779e-05,0.00352478846538133,"stress-associated endoplasmic reticulum protein 1-like","gonad"
"gpr18",36.2002217270093,0.922865243627421,0.311900124980584,0.000137808672840908,0.00745544920069312,"G protein-coupled receptor 18, transcript variant X5","gonad"
"ttll6",18.9313879048368,0.922711313606723,0.503918255193084,0.00201617209951731,0.0321619365664366,"tubulin tyrosine ligase like 6, transcript variant X2","gonad"
"LOC115101417",905.183103489148,0.922090195084817,0.269341411960345,3.04091395851084e-05,0.00359873161277517,"diamine acetyltransferase 1-like","gonad"
"LOC115106253",658.226534160732,0.920002504027099,0.320090421098413,0.000190501320944431,0.00853509635083688,"NADH dehydrogenase [ubiquinone] 1 alpha subcomplex subunit 5-like","gonad"
"rps27a",5800.73259977614,0.91992182128814,0.344489333580912,0.000358160853850204,0.0117122576465525,"ribosomal protein S27a","gonad"
"LOC115111039",17.7187151672025,0.919464808990747,0.56196769999898,0.00276353250747809,0.0388099656197498,"E3 ubiquitin-protein ligase NEURL3-like","gonad"
"LOC115109873",111.568056269915,0.919075006849583,0.291599485725107,7.65900543598775e-05,0.00543504374113789,"proteasome assembly chaperone 3-like, transcript variant X1","gonad"
"LOC115115131",53.199083500971,0.918339268888394,0.370978222816393,0.000517588152910455,0.0142676508972668,"SLAM family member 8-like","gonad"
"LOC115113374",515.48479291587,0.915643544357789,0.346712081833269,0.000365885015709545,0.0118834181345802,"serum amyloid P-component-like","gonad"
"LOC115146146",306.414957259686,0.915090168523091,0.276692988292906,4.55779786578521e-05,0.00423048542101191,"apoptogenic protein 1, mitochondrial","gonad"
"LOC115136026",15.5028522119068,0.914588198393722,0.438693515175733,0.00123656195109444,0.0241883270082367,"cytotoxic and regulatory T-cell molecule-like, transcript variant X2","gonad"
"LOC115143241",578.439889369386,0.914134418053138,0.265596102768277,2.8274378989984e-05,0.0034318933729189,"small nuclear ribonucleoprotein E","gonad"
"ina",20.0007873524379,0.911475574825128,0.342468142131994,0.000324751229736765,0.0112006639982981,"internexin neuronal intermediate filament protein alpha","gonad"
"LOC115139938",561.189997456659,0.910515313793921,0.290102105132207,8.5992919987676e-05,0.00577402815591009,"cytochrome c oxidase subunit 6A, mitochondrial-like","gonad"
"uxt",102.388888522875,0.909845682337688,0.319979038839697,0.000191387848284303,0.00854700213977187,"ubiquitously expressed prefoldin like chaperone, transcript variant X2","gonad"
"LOC115128226",15.4070802549174,0.909075246032907,0.474412435798003,0.00173084718090413,0.0294184254756058,"probable C-mannosyltransferase DPY19L1","gonad"
"lrrc6",20.6802871271686,0.908661198387765,0.492859846327921,0.00200242495763889,0.0320506479906106,"leucine rich repeat containing 6, transcript variant X1","gonad"
"LOC115109022",112.503271291043,0.908338881715498,0.293491704138372,8.97670113731319e-05,0.00587590196318035,"tctex1 domain-containing protein 2-like, transcript variant X1","gonad"
"LOC115142376",56.3056882321742,0.907702624000791,0.30763195683377,0.000141922188908781,0.00756984970982468,"uncharacterized LOC115142376","gonad"
"LOC115145049",214.748088335979,0.907306395229159,0.311238983865612,0.000159364605934889,0.00779927105871799,"polymeric immunoglobulin receptor-like, transcript variant X3","gonad"
"LOC115144590",16.7749586364682,0.906230249716273,0.554526822855193,0.00279953596607079,0.0390806237964577,"forkhead box protein J1-B-like","gonad"
"LOC115140607",61.8289729894474,0.905424383358952,0.401569845852772,0.00090037210818999,0.0201519454711317,"gamma-glutamyl hydrolase-like","gonad"
"LOC115104665",323.799248456907,0.905337351342698,0.247461237031663,1.28625796017943e-05,0.00227619574542032,"nucleolar protein 16-like","gonad"
"LOC115101480",500.832713433224,0.904681938714278,0.289517534645185,8.29514910786595e-05,0.00564849332052799,"NADH dehydrogenase [ubiquinone] 1 alpha subcomplex subunit 2-like","gonad"
"LOC115115324",24.3866452350432,0.904418416492047,0.487118368666837,0.00190479597757079,0.0312163255484027,"cyclin-dependent kinase 4 inhibitor B-like","gonad"
"LOC115134015",91.9554716324303,0.903372279289641,0.271167203020507,4.14039489630366e-05,0.00405875972915083,"dnaJ homolog subfamily C member 24-like","gonad"
"ccdc25",470.366590455364,0.902924016989741,0.299939320807289,0.000119130061887789,0.00681488737717606,"coiled-coil domain containing 25, transcript variant X1","gonad"
"LOC115125896",199.1920922153,0.900922293203837,0.275648469703421,5.26341242298845e-05,0.00453272018678246,"glucosamine-6-phosphate isomerase 1-like, transcript variant X2","gonad"
"LOC115108107",228.43528273821,0.898537303480661,0.280662829259962,6.45537403358524e-05,0.00494709407307124,"cytochrome b-c1 complex subunit 6, mitochondrial-like","gonad"
"LOC115124647",2096.29849818565,0.897877454660333,0.322903135924616,0.000239518519270516,0.00948804008867618,"myelin P2 protein-like","gonad"
"thoc7",596.57739589886,0.89729982660508,0.274714785633267,5.24503816962857e-05,0.00453272018678246,"THO complex 7, transcript variant X2","gonad"
"LOC115102262",27.0270096829232,0.89453226815392,0.365049517823309,0.000559219109589918,0.0149728951229466,"E3 ubiquitin-protein ligase TRIM16-like, transcript variant X1","gonad"
"LOC115138026",587.082725216968,0.894246704153366,0.247294867896341,1.53212187586915e-05,0.00250092480341227,"actin-related protein 2/3 complex subunit 4-like","gonad"
"LOC115134774",24.077142047379,0.892002024118614,0.34573111040443,0.000417291407258116,0.012868750482789,"C-C motif chemokine 4-like","gonad"
"nfkb2",45.8340305079154,0.891448122635335,0.376137333298731,0.000686724382151786,0.0172226836768796,"nuclear factor kappa B subunit 2","gonad"
"LOC115142386",571.573210925323,0.891442803673378,0.294273534265785,0.00011553705196295,0.00675214221888416,"ATP synthase membrane subunit DAPIT, mitochondrial-like","gonad"
"LOC115101650",180.939963971457,0.891320336770972,0.305033617907251,0.000155695426499174,0.00779918756815307,"MICOS complex subunit MIC10-like","gonad"
"dtd2",85.286580506814,0.889369398580667,0.313346726563288,0.000198502447023182,0.00867612701239487,"D-aminoacyl-tRNA deacylase 2","gonad"
"LOC115135272",35.9166595436267,0.889219076883396,0.410774279127979,0.00110382249062754,0.02249825496236,"B-cell linker protein-like, transcript variant X1","gonad"
"ndufb1",819.01030556725,0.88869102342673,0.264219754963337,3.98167503530836e-05,0.00405875972915083,"NADH:ubiquinone oxidoreductase subunit B1","gonad"
"LOC115132723",22.2376196972471,0.886645289828212,0.644997054441921,0.00383108439166726,0.0468917795450676,"type-4 ice-structuring protein-like","gonad"
"lg22h18orf32",580.120509758476,0.886187799660281,0.277135374494959,6.63663086290479e-05,0.00502658421556409,"linkage group 22 C18orf32 homolog","gonad"
"LOC115104711",340.613767314877,0.884769796764923,0.275740440037192,6.44504446476717e-05,0.00494709407307124,"vacuolar ATPase assembly integral membrane protein vma21-like","gonad"
"LOC115110500",493.185116186721,0.882384175538954,0.299513112668341,0.000158303648969641,0.00779927105871799,"NADH dehydrogenase [ubiquinone] 1 alpha subcomplex subunit 6-like","gonad"
"LOC115131425",99.5228037885293,0.879344094867247,0.322587626624506,0.000274733724855483,0.0102807966010644,"uncharacterized protein KIAA0895-like, transcript variant X1","gonad"
"lg15h1orf159",50.3054945097077,0.879146259157552,0.403504815649117,0.0010690181890726,0.0222927967071472,"linkage group 15 C1orf159 homolog","gonad"
"LOC115112294",1112.34752492582,0.879010345863865,0.262146188079808,4.16026113511636e-05,0.00405875972915083,"probable ribosome biogenesis protein RLP24","gonad"
"ss18l2",197.731180610029,0.87897100445018,0.339262915871373,0.000402397083370356,0.0126036957761092,"SS18 like 2","gonad"
"LOC115129028",41.7707333088827,0.878442916413256,0.370787179764478,0.000691190038843806,0.0173117505099305,"nuclear transport factor 2-like","gonad"
"LOC115101941",921.90608238771,0.876420250224678,0.270828487228063,5.99272479771308e-05,0.00478785839851043,"small nuclear ribonucleoprotein G-like","gonad"
"LOC115128402",99.3133968726009,0.876060982713737,0.288114398780792,0.000153147932990422,0.0077889646317195,"uncharacterized LOC115128402","gonad"
"LOC115114431",33.6819705291592,0.875860154304171,0.234343644795095,9.49300815746087e-06,0.00227619574542032,"tyrosine-protein kinase Lyn-like","gonad"
"cep170",90.5935834022847,0.875201021650582,0.157071373640347,1.48009343078485e-09,1.83527901227853e-05,"centrosomal protein 170, transcript variant X3","gonad"
"LOC115135018",91.306654453915,0.873006996575961,0.323376244408668,0.000297243317070844,0.0107001943131871,"prolyl-tRNA synthetase associated domain-containing protein 1-like","gonad"
"LOC115115036",20.5857660144939,0.872463519422144,0.514149732307714,0.0025812874876683,0.0373104416633583,"PHD finger protein 20-like protein 1","gonad"
"LOC115138496",96.4529968139162,0.871624206602667,0.276645190190071,7.66388528589288e-05,0.00543504374113789,"rRNA-processing protein FCF1 homolog","gonad"
"LOC115128224",2334.87127474854,0.870968369016676,0.335646359668812,0.000435640901870335,0.0131981767630637,"ATPase inhibitor A, mitochondrial-like","gonad"
"LOC115112142",40.0339733014603,0.870752117080775,0.370704659244308,0.000742972114045797,0.018082489690819,"chemokine-like factor","gonad"
"LOC115142984",91.5246525949087,0.870354094603362,0.3226295540569,0.000299997321502803,0.0107380893812015,"mitochondrial import receptor subunit TOM6 homolog","gonad"
"LOC115110483",816.991489560464,0.868550763633157,0.254444205680448,3.23543246410567e-05,0.0036684379465773,"NADH dehydrogenase [ubiquinone] 1 alpha subcomplex subunit 6-like","gonad"
"LOC115115419",329.275274038751,0.864671971463341,0.371606545020688,0.000785703364392497,0.0186265164317957,"phospholipase A and acyltransferase 2-like","gonad"
"pop4",237.789732337583,0.861043111534327,0.303101890048331,0.000203121060816964,0.00874113019674822,"POP4 homolog, ribonuclease P/MRP subunit","gonad"
"efcab2",25.7627401310724,0.860968442951562,0.367354271474012,0.000752595340145142,0.0182092794788273,"EF-hand calcium binding domain 2, transcript variant X2","gonad"
"LOC115124638",94.3105675747405,0.860281419380451,0.238131853650492,1.56042250276186e-05,0.00250394916015218,"calcineurin subunit B type 1-like","gonad"
"LOC115124646",208.696456807822,0.859957691904922,0.277512512985849,9.66935713718641e-05,0.00616462213443181,"39S ribosomal protein L53, mitochondrial-like","gonad"
"LOC115142092",179.519382565858,0.859767101267122,0.275769360994885,8.65888781772598e-05,0.00578111529556693,"transcription and mRNA export factor ENY2-2","gonad"
"LOC115137665",228.153766079901,0.859214502336497,0.274193507552966,8.71287680380537e-05,0.0057874385161791,"stress-associated endoplasmic reticulum protein 1-like","gonad"
"LOC115105848",21.3759258703154,0.858162435323693,0.329432595952968,0.000387107717462441,0.0122387561965569,"TP53-regulated inhibitor of apoptosis 1-like","gonad"
"LOC115125898",176.004079104769,0.857458377355674,0.232237320589839,1.15653779404225e-05,0.00227619574542032,"FYN-binding protein 1-like, transcript variant X1","gonad"
"rbis",208.877729703434,0.856775406176407,0.289857044680474,0.000145053956014823,0.00762943515872412,"ribosomal biogenesis factor","gonad"
"nme5",62.2972649946412,0.856448202659047,0.353141195905053,0.000615219633010498,0.0161242795214414,"NME/NM23 family member 5, transcript variant X3","gonad"
"LOC115114233",759.804126965235,0.85640596686273,0.279568130359604,0.000106433232568779,0.00650101051190267,"ubiquitin-60S ribosomal protein L40-like","gonad"
"LOC115101304",303.391409970762,0.855908008647037,0.22368162335829,7.00988768264531e-06,0.00210686068683951,"FUN14 domain-containing protein 1A-like","gonad"
"tmem126a",34.3483514424287,0.85519831662528,0.323247366269915,0.000349069290262029,0.0115755289161323,"transmembrane protein 126A","gonad"
"LOC115106787",48.3977310034625,0.855068854470919,0.412128449271199,0.00135123844007536,0.0252944883696686,"stress-associated endoplasmic reticulum protein 1-like","gonad"
"LOC115120964",1785.62843636267,0.854678091640988,0.264935987162919,6.19544116643819e-05,0.00486766300773888,"cytochrome c oxidase subunit 4 isoform 1, mitochondrial-like","gonad"
"dynlt1",36.4075967444661,0.854077977132029,0.348351715370075,0.000571571122391203,0.0152217991596026,"dynein light chain Tctex-type 1","gonad"
"LOC115105588",100.190359719508,0.854077046033594,0.263381682603567,5.76168226433484e-05,0.00472283349243204,"tail-anchored protein insertion receptor WRB-like, transcript variant X2","gonad"
"LOC115101740",397.74548988918,0.853115065060406,0.266833427766502,6.90157091433618e-05,0.00516526661118401,"succinate dehydrogenase cytochrome b560 subunit, mitochondrial-like, transcript variant X1","gonad"
"ndufb5",500.065776296252,0.852378109976408,0.315706349528833,0.000307717011287313,0.0109193983667081,"NADH:ubiquinone oxidoreductase subunit B5","gonad"
"LOC115108626",378.164499154187,0.852218990129055,0.224418781950004,7.62249000495354e-06,0.00212252718005581,"protein mago nashi homolog","gonad"
"LOC115106830",19.7378365093813,0.851810118826048,0.284907887712617,0.000134314936216422,0.0074052374013606,"ras-related protein Rab-39B-like","gonad"
"LOC115140186",840.916592549827,0.851608622046557,0.289112322309082,0.000159187886453955,0.00779927105871799,"dynein light chain 1, cytoplasmic-like","gonad"
"LOC115104866",157.428984672926,0.84907176505991,0.343203653439867,0.000550786787654401,0.0149403436385717,"transmembrane protein 14C-like, transcript variant X1","gonad"
"LOC115105136",42.8219840906459,0.84843226877749,0.384564744391118,0.00103426894445446,0.0218083323644156,"sialoadhesin-like, transcript variant X2","gonad"
"LOC115128083",8034.44216454377,0.847861921295485,0.313256424995981,0.000352071635588025,0.0116140704178733,"60S ribosomal protein L30","gonad"
"stard9",105.19841303201,0.846932012217149,0.321564884660848,0.000370291147630173,0.0119242565992812,"StAR related lipid transfer domain containing 9","gonad"
"LOC115101326",299.080177842421,0.846194835632824,0.225641638000692,9.50900930437013e-06,0.00227619574542032,"barrier-to-autointegration factor-like","gonad"
"LOC115142442",36.0072216348606,0.846110536827357,0.292837662007828,0.000178552645553682,0.00828174707387839,"phosphoinositide 3-kinase regulatory subunit 6-like, transcript variant X4","gonad"
"timm8b",40.1013385066317,0.845784864335074,0.312449339885333,0.000296603557602085,0.0106975016441819,"translocase of inner mitochondrial membrane 8 homolog B","gonad"
"lg19h9orf16",129.707452727486,0.845583584147984,0.271823718683942,8.96634742086935e-05,0.00587590196318035,"linkage group 19 C9orf16 homolog, transcript variant X3","gonad"
"LOC115111257",198.038625624796,0.845376616122291,0.325894816042201,0.000410182547980997,0.0127116310082163,"tetraspanin-36-like","gonad"
"LOC115106444",240.717390338734,0.845071768304239,0.286417075115097,0.000149311287527824,0.00770356738239602,"putative protein PTGES3L, transcript variant X2","gonad"
"LOC115103037",126.500048105714,0.841506383975487,0.252482490514383,4.28090263546254e-05,0.00409388340416582,"C-C chemokine receptor type 3-like","gonad"
"cacybp",370.824770630191,0.841498121059164,0.249646098474354,3.82160282354644e-05,0.00397789796929456,"calcyclin binding protein","gonad"
"dpm3",325.197865141163,0.839584907451045,0.255536233434154,5.11593889859328e-05,0.00453272018678246,"dolichyl-phosphate mannosyltransferase subunit 3, regulatory","gonad"
"LOC115103926",256.529449643206,0.839056971321669,0.258907572178906,5.94108915193623e-05,0.00476671708016578,"protein dpy-30 homolog, transcript variant X2","gonad"
"LOC115131424",12.3799791349077,0.83827039845921,0.401326248708698,0.00137887855610331,0.0255220581229874,"asparagine synthetase [glutamine-hydrolyzing]-like, transcript variant X1","gonad"
"LOC115112425",17201.4722329703,0.836363354298339,0.27010511180402,0.000105244017162623,0.00644917626205267,"ferritin, heavy subunit","gonad"
"hacd4",75.9747164611263,0.832380658509477,0.29461158083429,0.000214630435139012,0.00909178364509437,"3-hydroxyacyl-CoA dehydratase 4, transcript variant X2","gonad"
"LOC115102668",74.0805900175614,0.832342470973303,0.257153918299529,5.90732355242266e-05,0.0047638878469077,"prostaglandin E synthase 3-like, transcript variant X2","gonad"
"LOC115108527",78.2027287803727,0.832216121471144,0.242963069354106,3.12095112980675e-05,0.00360309480990174,"OCIA domain-containing protein 2-like","gonad"
"LOC115105069",471.736497704419,0.831829061824277,0.26356479803207,7.96397050586368e-05,0.00552679621764255,"eukaryotic translation initiation factor 1b","gonad"
"ltc4s",12.3387426721875,0.831807129190088,0.581028574278697,0.00385149512680098,0.047044566307362,"leukotriene C4 synthase","gonad"
"LOC115145367",345.357112027141,0.831153312532629,0.25950848544375,6.80252132393694e-05,0.00511133893923595,"protein mago nashi homolog","gonad"
"LOC115129780",12.3552128660082,0.830590469768049,0.478916438637151,0.00250913269918518,0.0367727768259066,"toll-like receptor 13","gonad"
"LOC115120114",30.9567436763732,0.829672583115353,0.41256355082436,0.00158526460025589,0.0276145218085053,"C-X-C chemokine receptor type 1-like, transcript variant X2","gonad"
"mcur1",28.1340421929037,0.828976990150318,0.304397302298147,0.000284916614721972,0.010475526407302,"mitochondrial calcium uniporter regulator 1, transcript variant X1","gonad"
"LOC115125554",6328.47602545151,0.828827708489983,0.31501662077335,0.000407127805405211,0.0126740937908873,"60S ribosomal protein L30","gonad"
"LOC115139646",161.840627531238,0.827864616000716,0.214556307245591,6.27397688450423e-06,0.00194750413619816,"membrane-bound O-acyltransferase domain-containing protein 2-like, transcript variant X1","gonad"
"LOC115107585",14.9500676743335,0.827211916287255,0.281207080069303,0.000160433599588166,0.00779927105871799,"T-cell activation Rho GTPase-activating protein-like","gonad"
"LOC115144178",128.324573761773,0.826151761545674,0.249449312510183,4.67144997433949e-05,0.00426777822040536,"PHD finger-like domain-containing protein 5A","gonad"
"mak16",138.803362087125,0.825847908980363,0.279989547612106,0.000155079992931516,0.0077889646317195,"MAK16 homolog","gonad"
"LOC115136130",261.350387299924,0.825122972273851,0.302040146736585,0.000286213079248282,0.0105027997200896,"small nuclear ribonucleoprotein Sm D2-like","gonad"
"LOC115118247",298.231878944694,0.824174667262329,0.251542185891296,5.60182675726083e-05,0.00466654833338974,"protein CutA homolog","gonad"
"LOC115143672",102.532597855495,0.82414643982703,0.281405528574105,0.000163867522448595,0.00789524564265686,"peptidyl-prolyl cis-trans isomerase-like 1","gonad"
"LOC115130553",358.014011953189,0.823227136083695,0.314939646155247,0.000395493855722719,0.0124396613922088,"macrophage migration inhibitory factor-like","gonad"
"LOC115133707",74.1950370755115,0.822951148525399,0.298473705508809,0.000261388516070293,0.00999669187074183,"V-type proton ATPase subunit E 1-like","gonad"
"LOC115132837",34.1795527476992,0.821894555113093,0.398969375226782,0.00144242058776009,0.0261611435145951,"pancreatic progenitor cell differentiation and proliferation factor-like","gonad"
"LOC115104858",90.5310001408448,0.820866274836072,0.2368039233511,2.7679972492131e-05,0.00338142115573227,"B-cell receptor CD22-like, transcript variant X5","gonad"
"LOC115135327",209.151728717836,0.820862823193157,0.306496937047607,0.000335129797007448,0.0113961693965803,"DNA damage-inducible transcript 3 protein-like","gonad"
"LOC115121080",586.445399819671,0.820766916303185,0.29129823904867,0.000244002144196644,0.00960536507352071,"tubulin-specific chaperone A-like","gonad"
"LOC115111634",185.174144429195,0.820027224350143,0.33736014443495,0.000629849655994342,0.0162704000494582,"cyclin-dependent kinase 2-associated protein 1-like","gonad"
"LOC115106712",182.446480510377,0.819662166483279,0.277910750944276,0.00015478886697291,0.0077889646317195,"vascular endothelial growth factor A-A, transcript variant X2","gonad"
"LOC115101422",5093.07133567657,0.81879031939444,0.263066705557724,0.000101182579592004,0.00632307638473467,"cystatin-B-like","gonad"
"LOC115143541",33.5251986290499,0.818638107805942,0.264163930778628,9.43948115416279e-05,0.00605886697132449,"xylosyltransferase 1-like","gonad"
"smim4",139.350794444349,0.818207281515307,0.227590516386156,1.68123882624505e-05,0.00263093034503719,"small integral membrane protein 4","gonad"
"LOC115119248",11751.6164724651,0.817875848227838,0.338722530496861,0.000735416965228596,0.018037720513735,"40S ribosomal protein S29-like","gonad"
"LOC115112206",312.270689169939,0.817058707222281,0.299388807927064,0.00029275723910912,0.0105991554924114,"cytochrome c oxidase copper chaperone-like","gonad"
"LOC115137969",258.736212745524,0.816528986854241,0.238716320246222,3.27248752727948e-05,0.00368836615053791,"NEDD8","gonad"
"smim20",180.497108584369,0.816090468603466,0.275029630458856,0.000143339592424256,0.00760261955897279,"small integral membrane protein 20","gonad"
"LOC115116435",114.555547909507,0.815608766399018,0.26679623212639,0.000108837269237171,0.00652162561077798,"peptidyl-prolyl cis-trans isomerase FKBP1A-like","gonad"
"LOC115141593",23.4601232325196,0.814926502698585,0.380924094586877,0.00122081272098644,0.0239793453027783,"NLR family CARD domain-containing protein 3-like","gonad"
"LOC115119277",291.016745528304,0.811880890763157,0.335501107201088,0.000657590786416083,0.0167724784676872,"tumor necrosis factor receptor superfamily member 9-like","gonad"
"LOC115123727",569.092739720543,0.811501580682059,0.290766064867813,0.000246275327085076,0.00965470666326276,"probable protein BRICK1-A","gonad"
"LOC115128325",54.5463957526607,0.811453569837764,0.345759370673443,0.000786303803380907,0.0186265164317957,"C-type lectin domain family 17, member A-like, transcript variant X3","gonad"
"LOC115109240",218.774827628458,0.811264734804108,0.292339609507094,0.00025626905475198,0.00988279949435588,"DNA-directed RNA polymerases I, II, and III subunit RPABC1","gonad"
"LOC115127157",542.204508589462,0.810801243605722,0.246941357693734,5.31430621318039e-05,0.00453272018678246,"activated RNA polymerase II transcriptional coactivator p15-like","gonad"
"LOC115128702",622.374957742666,0.810603796777762,0.301458173090096,0.000335836415278152,0.0113961693965803,"26S proteasome complex subunit SEM1","gonad"
"tmem18",178.807409664178,0.809335563037384,0.225640707304433,1.79766543143282e-05,0.00263544394540085,"transmembrane protein 18, transcript variant X1","gonad"
"LOC115135294",100.929452462978,0.807001573795603,0.251506517328428,6.71799641489469e-05,0.00506793872972235,"thioredoxin-dependent peroxide reductase, mitochondrial-like","gonad"
"pigy",63.4285201149689,0.80584581223464,0.295439583390121,0.00029079369791806,0.0105482350001503,"phosphatidylinositol glycan anchor biosynthesis class Y","gonad"
"LOC115119181",296.464245543894,0.804837336280735,0.35950059291723,0.00100264901577376,0.0215985882976976,"D-dopachrome decarboxylase-A-like","gonad"
"LOC115145151",12.8094964643324,0.804770811288024,0.345410208397447,0.000812597578590007,0.0188991885419595,"DPH3 homolog","gonad"
"LOC115115309",232.688333138474,0.803436855217731,0.242529738307535,4.79384195057591e-05,0.00432244749210261,"death-associated protein-like 1-A","gonad"
"LOC115142885",354.525015330715,0.802370593023764,0.277067019527407,0.000184027349184211,0.0083965249561519,"dynein light chain roadblock-type 1","gonad"
"LOC115129238",218.423083377696,0.801140325675345,0.259674962871202,0.000101781673139485,0.00633959204242154,"hypoxanthine-guanine phosphoribosyltransferase","gonad"
"LOC115112090",95.3368998018642,0.80092652639761,0.318711485149192,0.000517286635495197,0.0142676508972668,"FAS-associated death domain protein-like","gonad"
"LOC115136811",522.761001923788,0.799687754412738,0.226483931867501,2.24753858490856e-05,0.00299698190881997,"prothymosin alpha-like","gonad"
"atp5mpl",1745.5784719512,0.798828389239591,0.264657158685296,0.000144764909654163,0.00762943515872412,"ATP synthase membrane subunit 6.8PL","gonad"
"LOC115139617",114.009377755243,0.798319304694944,0.288167184035146,0.000263973907334086,0.00999669187074183,"cytochrome c oxidase subunit 7A2, mitochondrial","gonad"
"polr2i",88.760345560215,0.798180008796004,0.255148739455127,8.99926891641036e-05,0.00587590196318035,"RNA polymerase II subunit I","gonad"
"LOC115130871",3994.57358692696,0.79706998084201,0.31450031430254,0.000581342009491657,0.0153738979744756,"60S ribosomal protein L36a-like, transcript variant X2","gonad"
"LOC115136485",615.099212273083,0.796918984470801,0.259043566576144,0.000115033164578427,0.00674350765106042,"cytochrome c oxidase subunit 7B, mitochondrial-like","gonad"
"LOC115123317",184.165073414805,0.79675685919037,0.270054819342644,0.000153869018783242,0.0077889646317195,"cytochrome c, transcript variant X1","gonad"
"LOC115103073",21.7264868345942,0.794493051130151,0.39246647236358,0.00157522063091825,0.0275409073374304,"tyrosine-protein kinase Lyn-like","gonad"
"brix1",125.36536233558,0.794460409943133,0.230909257531649,3.10404722592501e-05,0.00360309480990174,"biogenesis of ribosomes BRX1","gonad"
"LOC115136795",34.6658339329249,0.794049398241941,0.353676271997099,0.00100519113783129,0.0216041931836953,"phosphoserine phosphatase-like, transcript variant X1","gonad"
"LOC115141444",313.993064198347,0.79396201728901,0.236182510300964,4.06297015550911e-05,0.00405875972915083,"neutral amino acid transporter B(0)-like","gonad"
"selenok",62.1103552786179,0.793642102770061,0.441920216917729,0.0023931991215507,0.0354301996611122,"selenoprotein K","gonad"
"LOC115146150",22.8018890324697,0.79174228268276,0.43218712736347,0.00227625644087357,0.0344531700303285,"protein jagged-2-like","gonad"
"LOC115105256",114.292897188463,0.791420251655824,0.282651520238139,0.000241950001201796,0.00956434921243424,"zinc finger CCHC domain-containing protein 10-like, transcript variant X2","gonad"
"dimt1",56.4081451961373,0.790626742812649,0.279208373450779,0.00022851325684485,0.00936558120856544,"DIMT1 rRNA methyltransferase and ribosome maturation factor","gonad"
"LOC115136733",119.255216308406,0.790546886194351,0.288959254917923,0.000289828037371907,0.0105333855808773,"glia maturation factor gamma-like","gonad"
"LOC115108696",4657.13065445599,0.79046486244811,0.349441800585575,0.00103927814491138,0.0218733277774784,"60S ribosomal protein L36","gonad"
"rps21",3995.61910480873,0.790338607788686,0.333312470968951,0.000810304885876906,0.0188954716922158,"ribosomal protein S21","gonad"
"LOC115105999",42.8906136495307,0.789799754894168,0.530897319975718,0.00372029044187951,0.0461018975896522,"programmed cell death 1 ligand 1-like","gonad"
"wdyhv1",33.0021450875166,0.787605025740322,0.342840783754979,0.000878206040771547,0.0198139917538992,"WDYHV motif containing 1, transcript variant X2","gonad"
"LOC115103547",73.8022089582265,0.78736083592566,0.287997151757782,0.000289301806649548,0.0105333855808773,"CDGSH iron-sulfur domain-containing protein 3, mitochondrial-like","gonad"
"LOC115146226",249.068790998055,0.785018359615234,0.267969256748302,0.00017595576941505,0.00818605035349872,"transmembrane emp24 domain-containing protein 10-like","gonad"
"LOC115109420",72.8748294767622,0.784471490874013,0.331120250599076,0.000756432141237641,0.018233900154991,"tetraspanin-3-like, transcript variant X1","gonad"
"LOC115139652",545.469352545068,0.784401992499382,0.261662932098636,0.000141133492971263,0.007566442791329,"proteasome subunit alpha type-6","gonad"
"igsf6",33.4847874009273,0.784375944053686,0.353914365410711,0.00105409149524783,0.0220787859098646,"immunoglobulin superfamily member 6","gonad"
"LOC115139698",194.631563648953,0.784281539613902,0.21103140054639,1.12773483879533e-05,0.00227619574542032,"AP-3 complex subunit sigma-1, transcript variant X3","gonad"
"LOC115101315",338.784667789475,0.783091182414191,0.233369017011781,4.2117035309334e-05,0.00405875972915083,"calmodulin","gonad"
"LOC115140107",449.185865993067,0.783071916702133,0.281240141276318,0.000270083192046707,0.010187301277698,"probable protein BRICK1","gonad"
"LOC115118596",199.701090629986,0.782980687327172,0.213836539113132,1.37205277495448e-05,0.00238346965997826,"prostaglandin E synthase 3-like","gonad"
"LOC115109156",415.377590256517,0.782931228917109,0.217844022277864,1.8295278574329e-05,0.00263544394540085,"small integral membrane protein 7","gonad"
"LOC115125694",508.535075891074,0.782121159047429,0.276956825116677,0.000252139697152535,0.00980341923117711,"cytochrome b-c1 complex subunit 8-like, transcript variant X1","gonad"
"LOC115116915",124.752316144137,0.779482822117385,0.328973463677572,0.000765213969210335,0.0182715340567436,"28S ribosomal protein S16, mitochondrial-like","gonad"
"LOC115103043",21.1910051760001,0.779231123443414,0.525028872639903,0.00378507995667258,0.0466301164473619,"contactin-associated protein-like 2","gonad"
"LOC115109394",191.805198251396,0.779147322622357,0.262475075076548,0.000154745349776989,0.0077889646317195,"peptidyl-prolyl cis-trans isomerase FKBP7-like","gonad"
"LOC115128432",10.7029953321439,0.778586881738762,0.422898482099385,0.00228879449700468,0.0345325289249272,"BCL2/adenovirus E1B 19 kDa protein-interacting protein 2-like","gonad"
"LOC115128199",26.6197157257752,0.777162723999288,0.465140893309494,0.0029309673353531,0.0400128813950332,"cyclin-dependent kinases regulatory subunit 1, transcript variant X2","gonad"
"LOC115107938",50.1132474421127,0.777156230280898,0.24665923951291,8.32283937907214e-05,0.00564849332052799,"SAYSvFN domain-containing protein 1-like","gonad"
"LOC115146236",216.664561332253,0.776816965500017,0.303570804319766,0.000477115291483452,0.0137297538666249,"rRNA-processing protein FCF1 homolog","gonad"
"ptprc",312.836723131037,0.776689158726189,0.186077287828215,1.78522866422258e-06,0.00112685019184363,"protein tyrosine phosphatase receptor type C, transcript variant X2","gonad"
"LOC115103053",12.1580354937405,0.773721091896439,0.37292273479539,0.00145625493113221,0.0263231921802728,"transmembrane protein 70, mitochondrial-like","gonad"
"LOC115104729",1238.10762839645,0.770433576692429,0.2806659143435,0.000293421019753868,0.0106029141393883,"cytochrome b-c1 complex subunit 9-like","gonad"
"LOC115135604",4182.44837994559,0.769779251487871,0.341148141028598,0.00101569466810855,0.0217298426076619,"40S ribosomal protein S23","gonad"
"LOC115113675",1760.41305247578,0.768788718252858,0.259314651095341,0.000154837836255996,0.0077889646317195,"cytochrome c oxidase subunit 4 isoform 1, mitochondrial","gonad"
"LOC115128841",20.1643111373253,0.768768199573127,0.264589156896929,0.000184026104848293,0.0083965249561519,"CD209 antigen-like protein C","gonad"
"pfdn4",211.750284848318,0.767040732259022,0.296199291565951,0.00044440495360501,0.013251665821277,"prefoldin subunit 4","gonad"
"LOC115140269",10.8318677902114,0.766999077931587,0.52623779470477,0.00392418125953395,0.0475578325170046,"leukocyte surface antigen CD53-like, transcript variant X2","gonad"
"LOC115133990",86.3915943574619,0.766722795710195,0.239497004863712,7.15183602859554e-05,0.0051956441898365,"sorting nexin-20-like, transcript variant X1","gonad"
"dnajc19",143.318276848219,0.766533900167026,0.23328560370407,5.44742813960367e-05,0.00460477909925873,"DnaJ heat shock protein family (Hsp40) member C19, transcript variant X3","gonad"
"LOC115109231",98.1394996892177,0.766296986121745,0.27417462875025,0.000250377142926091,0.00977360037541687,"mitochondrial import inner membrane translocase subunit Tim13","gonad"
"LOC115131524",195.320464652139,0.764733146276223,0.427190565196861,0.0024978246363476,0.0367368666110376,"interferon-induced protein 44-like","gonad"
"LOC115109419",91.6894092169405,0.764635175883642,0.265058026042383,0.00019573653475872,0.00867612701239487,"proline-serine-threonine phosphatase-interacting protein 1-like, transcript variant X1","gonad"
"LOC115106093",35.3254861266651,0.764453282477321,0.272804992429387,0.00025085660324545,0.00977360037541687,"epithelial discoidin domain-containing receptor 1-like","gonad"
"LOC115126505",376.878821681925,0.763507510180287,0.244347076936858,9.38117392888662e-05,0.00605886697132449,"transketolase-like protein 2","gonad"
"arl2",162.099558242431,0.763185522872015,0.270933250332048,0.000237919068171711,0.00946428057947763,"ADP ribosylation factor like GTPase 2","gonad"
"LOC115111965",230.84782578015,0.762912423989031,0.266197463043935,0.000207202150593964,0.00885637183182101,"endothelial differentiation-related factor 1 homolog","gonad"
"LOC115111853",1598.72428055346,0.761991802565828,0.325388639903913,0.000941665980506466,0.020781404826212,"60S ribosomal protein L37","gonad"
"dapl1",3141.5183620506,0.761158246911458,0.300155091475832,0.000552476280149654,0.0149403436385717,"death associated protein like 1","gonad"
"LOC115113377",95.4098155073809,0.759882821133812,0.226955354754097,4.38876353984659e-05,0.0041343899316913,"thioredoxin-dependent peroxide reductase, mitochondrial-like","gonad"
"LOC115113373",49.6526509520369,0.759076546017231,0.337885026306525,0.00102671512191926,0.0217702696904157,"molybdenum cofactor sulfurase-like, transcript variant X1","gonad"
"LOC115135113",44.2777261474291,0.757685197415359,0.319678332821785,0.000773107575920997,0.0184367656801815,"polymeric immunoglobulin receptor-like, transcript variant X7","gonad"
"LOC115128708",974.461925489798,0.756738335572887,0.279512512760697,0.000347601780469932,0.0115673808667806,"BPTI/Kunitz domain-containing protein-like, transcript variant X1","gonad"
"LOC115147101",107.448480751539,0.756113623177958,0.300134628959331,0.000539338710635239,0.0147364768915992,"dolichol phosphate-mannose biosynthesis regulatory protein-like, transcript variant X2","gonad"
"LOC115102020",346.262545900677,0.755174812966627,0.269839579441183,0.000254830627479517,0.00986423623151824,"40S ribosomal protein S23","gonad"
"LOC115141163",13.6255632592836,0.753999733406737,0.24168999483333,0.000100150333591546,0.00627929326674144,"sodium channel subunit beta-1-like","gonad"
"LOC115109348",269.094182601383,0.753563179153566,0.231532254784228,6.16958214444611e-05,0.00486754324604529,"heat shock factor-binding protein 1-like","gonad"
"LOC115135642",188.466980454725,0.752041821758779,0.227712089226197,5.18797629389922e-05,0.00453272018678246,"barrier-to-autointegration factor","gonad"
"LOC115112418",65.6289894724983,0.751957785892064,0.214475593272907,2.54276812352101e-05,0.00323831278710093,"transcription factor PU.1-like, transcript variant X1","gonad"
"LOC115142712",111.059222078213,0.751891817085111,0.269403138097545,0.000263665254923112,0.00999669187074183,"ninjurin-1-like","gonad"
"LOC115113594",23.2067889800232,0.751234773894713,0.522232190540288,0.00412303643705743,0.0488546276193257,"methylmalonyl-CoA epimerase, mitochondrial-like","gonad"
"LOC115140260",33.5556518720136,0.751101835434683,0.401344756524986,0.0022121906349326,0.0338863618365359,"zinc metalloproteinase-disintegrin-like brevilysin H2a, transcript variant X1","gonad"
"tprkb",51.337676165253,0.750831288177185,0.318790668695363,0.000808520073102289,0.0188954716922158,"TP53RK binding protein","gonad"
"LOC115107347",3148.0608061028,0.75074133056464,0.334550514721114,0.00119574000902934,0.0235847261155944,"40S ribosomal protein S29","gonad"
"LOC115134708",243.596689385669,0.750497351727314,0.358759974440567,0.00151515662310143,0.0268628189685632,"ATP synthase F(0) complex subunit C3, mitochondrial-like, transcript variant X1","gonad"
"tmed2",209.456215909933,0.749956815717974,0.242132177982119,0.000103905004264656,0.00642954658742245,"transmembrane p24 trafficking protein 2, transcript variant X1","gonad"
"znhit3",23.6903689787457,0.749238696030213,0.33276007107577,0.00103110866182521,0.0217902260174781,"zinc finger HIT-type containing 3, transcript variant X2","gonad"
"LOC115121509",98.3320266586433,0.748719248269943,0.303512390931138,0.000620786890474294,0.0161242795214414,"adseverin-like","gonad"
"LOC115134527",25.9880289627031,0.74822987992562,0.316298966912512,0.000788934046913132,0.0186265164317957,"microtubule-associated protein 1B-like, transcript variant X4","gonad"
"LOC115101657",140.150026881116,0.747184225599224,0.229428292009158,6.03163501405446e-05,0.0047986978567698,"uncharacterized protein At5g50100, chloroplastic-like, transcript variant X1","gonad"
"polr2j",173.891550835044,0.747163203803788,0.335322506208635,0.00108901839543397,0.022379119605149,"RNA polymerase II subunit J","gonad"
"LOC115133296",2953.758968086,0.746678299964243,0.280163750305857,0.000450411414693657,0.0133466981803199,"60S ribosomal protein L34, transcript variant X1","gonad"
"LOC115138515",544.911834505674,0.746347869987021,0.219918779692942,3.78403360192515e-05,0.00397789796929456,"transmembrane emp24 domain-containing protein 10-like","gonad"
"LOC115130213",255.778520835908,0.744243208912199,0.228891399231868,6.44388650387934e-05,0.00494709407307124,"transmembrane protein 14C-like","gonad"
"LOC115129611",561.058034127748,0.742602853467086,0.258989194285053,0.000215201964220076,0.00909564551898916,"ATP synthase-coupling factor 6, mitochondrial-like","gonad"
"LOC115130499",3561.81701811922,0.740214383480067,0.27694862566741,0.000378025144702054,0.0121023734147255,"C-X-C motif chemokine 14-like, transcript variant X2","gonad"
"LOC115141987",225.197710535289,0.739510527498838,0.237442430811205,9.93976050108858e-05,0.00627364550293708,"rho-related GTP-binding protein RhoG-like","gonad"
"LOC115139701",204.836011692,0.738181664910073,0.259108616749606,0.00022787092103313,0.00936558120856544,"transmembrane emp24 domain-containing protein 7-like, transcript variant X3","gonad"
"LOC115131257",5100.79181564403,0.73811690224436,0.329961879223347,0.00113930122404,0.0229038183866404,"60S ribosomal protein L14-like","gonad"
"haus2",64.7344933183407,0.737671844393914,0.293465460717406,0.000552440403626877,0.0149403436385717,"HAUS augmin like complex subunit 2, transcript variant X1","gonad"
"LOC115106364",31.0425862707173,0.737401056056334,0.216878816289806,3.8668877840106e-05,0.00400106667706233,"pantothenate kinase 1-like, transcript variant X3","gonad"
"LOC115105494",1693.51222108647,0.737400807459626,0.272104762738432,0.000367200479153741,0.0118853693551728,"cytochrome c oxidase subunit 7B, mitochondrial-like","gonad"
"nkx3-1",133.100642736506,0.737061283989526,0.451736075367344,0.00329078655236971,0.0430211094984973,"NK3 homeobox 1","gonad"
"LOC115133487",232.78018113051,0.736240287400769,0.26031325406754,0.00023669696765737,0.00946428057947763,"small ubiquitin-related modifier 1","gonad"
"LOC115138378",710.315585808644,0.735241339945068,0.234024465749429,9.41035095507675e-05,0.00605886697132449,"cytochrome c oxidase subunit 7A2, mitochondrial-like","gonad"
"gabarapl2",22.9875515991244,0.733374219077459,0.362691002924079,0.00167776513370798,0.0288018883107531,"GABA type A receptor associated protein like 2","gonad"
"LOC115132347",59.5442884497659,0.732917457010721,0.265701983289661,0.00028780643390275,0.0105333855808773,"syntaphilin-like","gonad"
"brk1",139.679395903546,0.729001177367219,0.249076906628848,0.000173757803170787,0.0081037044409824,"BRICK1 subunit of SCAR/WAVE actin nucleating complex","gonad"
"LOC115139406",1171.97105885635,0.728549067356634,0.283845764182054,0.000498677342320008,0.0140911091282217,"costars family protein ABRACL, transcript variant X2","gonad"
"ube2v2",73.973728971371,0.727272320604098,0.268542736443489,0.000341290235535457,0.0114580329962125,"ubiquitin conjugating enzyme E2 V2, transcript variant X2","gonad"
"LOC115141484",29.5747307015762,0.727155922601524,0.483001244885021,0.00397821597599976,0.0478269965114638,"eukaryotic translation initiation factor 5B-like, transcript variant X3","gonad"
"LOC115132470",176.2868741013,0.726965579238237,0.268185797057355,0.000335699914592096,0.0113961693965803,"SAP domain-containing ribonucleoprotein-like","gonad"
"LOC115123928",16.2322313789997,0.726212546051642,0.27638829007411,0.000418516021160467,0.012875361571888,"translationally-controlled tumor protein homolog, transcript variant X1","gonad"
"LOC115144376",491.773487330609,0.724331731022622,0.23989355833936,0.00013728892774335,0.00744861274160554,"cytochrome c oxidase assembly protein COX14 homolog","gonad"
"LOC115110325",214.517193475186,0.720092034118771,0.224465832085505,7.12547782168965e-05,0.0051956441898365,"stannin-like, transcript variant X2","gonad"
"LOC115112862",3905.26641168664,0.720059827817226,0.332420534083559,0.00149740924197032,0.0267233213918078,"60S ribosomal protein L38","gonad"
"smim8",37.6375049233641,0.718379644902147,0.2390514874108,0.000138512056825437,0.00747215326492777,"small integral membrane protein 8","gonad"
"LOC115113673",218.467938961665,0.718140222749047,0.323926974402514,0.00119224256780022,0.0235402638386831,"interferon regulatory factor 8-like, transcript variant X2","gonad"
"pdrg1",168.730229779914,0.717878902142564,0.301584622542312,0.000811400777456453,0.0188977536545362,"p53 and DNA damage regulated 1","gonad"
"LOC115132993",319.419296697465,0.717537906725643,0.30241984823697,0.000823268742491992,0.0190802859719533,"NADH dehydrogenase [ubiquinone] 1 beta subcomplex subunit 2, mitochondrial-like, transcript variant X2","gonad"
"LOC115132693",87.6375573172507,0.716934922968043,0.284611561014063,0.000559852640456625,0.0149728951229466,"tissue factor pathway inhibitor 2-like","gonad"
"LOC115102334",696.707732904368,0.716854632155301,0.24282155056704,0.000171283747480147,0.00806780536949401,"PRA1 family protein 3-like","gonad"
"LOC115124139",36.5446778937138,0.716133575498563,0.263916840475579,0.00033486971221218,0.0113961693965803,"post-GPI attachment to proteins factor 2-like","gonad"
"LOC115103997",11.5963376329155,0.715303624020332,0.411580183395374,0.00288816438047498,0.0396897255167697,"LIM homeobox transcription factor 1-alpha-like","gonad"
"LOC115136526",169.237650608734,0.715239280581297,0.377945131816461,0.00228718621896051,0.0345325289249272,"nuclear factor NF-kappa-B p100 subunit-like","gonad"
"LOC115103912",92.6931947238862,0.714563463607384,0.262791013913053,0.000331962438113147,0.0113653619845012,"U2 small nuclear ribonucleoprotein B''-like, transcript variant X3","gonad"
"LOC115145280",1272.44611127715,0.714494160546319,0.33314927763148,0.00146308604408482,0.0263592143146966,"60S ribosomal protein L36","gonad"
"ost4",709.95011495189,0.713406899692426,0.249805875498708,0.000237300517211494,0.00946428057947763,"oligosaccharyltransferase complex subunit 4, non-catalytic","gonad"
"LOC115111524",56.2257779153444,0.712894482809584,0.306378416252128,0.000918091963215786,0.0203924213053915,"refilin-A-like, transcript variant X2","gonad"
"LOC115129047",5630.64202242552,0.712035886033428,0.307244670585886,0.00108441802753159,0.022379119605149,"60S ribosomal protein L14-like","gonad"
"LOC115107979",46.0323351545256,0.711728900922129,0.207551493465795,3.42431007833492e-05,0.00373179675326405,"rho GTPase-activating protein 6-like, transcript variant X1","gonad"
"LOC115129345",113.410581583502,0.711462918629667,0.30246041166978,0.000863472289660418,0.0196749071055596,"T-cell surface antigen CD2-like, transcript variant X1","gonad"
"LOC115139959",116.723037786463,0.709671116103716,0.318511556286122,0.00117148010454094,0.0233077972389136,"refilin-A-like, transcript variant X2","gonad"
"LOC115124271",97.4857813634827,0.709148027475097,0.23021853997888,0.000114854143391938,0.00674350765106042,"prosaposin-like, transcript variant X1","gonad"
"LOC115114718",225.398911330271,0.709059963230041,0.301562577054006,0.00086566982460708,0.0197012717895854,"apoptosis-associated speck-like protein containing a CARD","gonad"
"LOC115110111",63.3021029835888,0.707642073276048,0.472541743277427,0.00407674929627084,0.0485492125313763,"cytokine receptor common subunit beta-like, transcript variant X2","gonad"
"LOC115141087",136.707802255484,0.706573093891918,0.202714617032387,2.8693497048255e-05,0.00346058195292171,"ragulator complex protein LAMTOR2","gonad"
"LOC115106933",303.917028980614,0.706245378986075,0.289468578997185,0.000702453793734461,0.0175012665583711,"short transmembrane mitochondrial protein 1-like","gonad"
"LOC115131699",12.7250385870851,0.705534845681425,0.349732352581238,0.00177279127985452,0.0297850957267482,"claudin-9-like","gonad"
"LOC115138735",2573.01399738318,0.705010450936822,0.385635450790854,0.00287056604176715,0.0395303040006261,"cysteine-rich protein 1-like","gonad"
"LOC115141051",28.5273995667003,0.704452522466964,0.294653808990967,0.000780887193834807,0.0185988666858642,"tumor necrosis factor alpha-induced protein 8-like protein 2","gonad"
"LOC115146856",10.919273943461,0.703790472705129,0.321491495853042,0.00127613995474781,0.0246066293718429,"zinc finger protein 135-like","gonad"
"LOC115135297",12.6423603763023,0.703088409894729,0.414916544326914,0.00312591060766819,0.0414489617340316,"homeobox protein EMX2-like, transcript variant X2","gonad"
"LOC115142647",39.0205947384373,0.702394132506377,0.30668656120681,0.00102071568840374,0.0217404404498592,"cathepsin L1-like, transcript variant X1","gonad"
"LOC115111594",3641.85671956126,0.701993599671983,0.300156414415554,0.00101704432944864,0.0217298426076619,"60S ribosomal protein L31","gonad"
"LOC115138660",236.731611330891,0.701457490093274,0.346109507615813,0.00180632931045413,0.0301647627280967,"NF-kappa-B inhibitor alpha-like","gonad"
"LOC115131366",198.172617714955,0.7014381675229,0.246502876396916,0.000236516649967178,0.00946428057947763,"chromatin modification-related protein MEAF6-like, transcript variant X1","gonad"
"LOC115147133",23.8090068712344,0.701358889292416,0.460336855143159,0.00402250247986233,0.0480877155603268,"transmembrane channel-like protein 7","gonad"
"LOC115105886",159.441313788042,0.701006953952856,0.187632850550957,1.15513740119657e-05,0.00227619574542032,"FYN-binding protein 1-like, transcript variant X2","gonad"
"LOC115143721",127.740477207988,0.6999310124954,0.33606340715117,0.00163515132947,0.0282472139064164,"MICOS complex subunit MIC10-like","gonad"
"LOC115121679",104.649753439049,0.699352290987242,0.369795058344569,0.0022726259920107,0.0344289649038324,"uncharacterized protein C1orf189-like, transcript variant X1","gonad"
"LOC115128209",1996.91816402808,0.699295554336603,0.289798152659482,0.000813458603733667,0.0188991885419595,"40S ribosomal protein S27","gonad"
"LOC115138123",304.798129939859,0.699128256069707,0.310301755628118,0.0011163262064148,0.0225829452120345,"histone H2A.Z","gonad"
"LOC115137201",93.0496660733994,0.697618464787912,0.364534768565722,0.00223325966695716,0.0341573277817721,"endothelin-converting enzyme 2-like, transcript variant X2","gonad"
"LOC115126776",28.9052399515359,0.696561760079794,0.311182477301356,0.00114848128420074,0.0229844002192237,"uncharacterized LOC115126776","gonad"
"LOC115118917",29.7256626698579,0.696200786561143,0.310073565280722,0.00110251956902749,0.02249825496236,"CD209 antigen-like protein E","gonad"
"brd3os",50.2660192681409,0.695999715902282,0.2181286213811,7.98420401597618e-05,0.00552679621764255,"BRD3 opposite strand","gonad"
"LOC115109891",54.0373961467116,0.695588291036768,0.284468518257451,0.000707049100627353,0.0175695206304185,"growth arrest and DNA damage-inducible proteins-interacting protein 1-like, transcript variant X3","gonad"
"LOC115104143",86.6295411162407,0.69510747183075,0.254089861000755,0.000320377721732498,0.0110699856952643,"coiled-coil domain-containing protein 43-like","gonad"
"LOC115111375",182.901988363316,0.693723406488279,0.267323621599374,0.000486219649482214,0.0138862278475803,"guanine deaminase-like","gonad"
"LOC115104196",293.957513026731,0.693332958827197,0.266904401738264,0.000511343597783371,0.014259633319629,"SUMO-conjugating enzyme UBC9-B, transcript variant X2","gonad"
"LOC115122305",25.1665836133529,0.693184265587997,0.265425514847122,0.000463944041045794,0.0135103574633463,"5-demethoxyubiquinone hydroxylase, mitochondrial-like","gonad"
"nudt12",135.904692818414,0.693065412682408,0.199756762358451,3.13483964104945e-05,0.00360309480990174,"nudix hydrolase 12, transcript variant X2","gonad"
"LOC115134735",402.03663570607,0.692179739969666,0.305959474876579,0.0010906720472556,0.022379119605149,"dynein light chain roadblock-type 2-like, transcript variant X2","gonad"
"lg14h17orf97",102.74794871297,0.69130174933436,0.21429802200633,7.2204653643258e-05,0.00519846051990528,"linkage group 14 C17orf97 homolog","gonad"
"LOC115109910",165.659094152342,0.691271314481874,0.253341812192417,0.000352940068780748,0.0116224699171538,"growth arrest and DNA damage-inducible proteins-interacting protein 1-like","gonad"
"LOC115121668",3139.80618481302,0.690993827548103,0.305325486106786,0.00114687607739563,0.0229844002192237,"60S ribosomal protein L27-like","gonad"
"LOC115101899",21.0072284622084,0.690936074638532,0.251197727812831,0.000312799155336197,0.0109682444560942,"THAP domain-containing protein 3-like","gonad"
"LOC115120264",25.2826523053677,0.690928343854971,0.26039828210396,0.000422177246897253,0.0129142587560573,"tumor necrosis factor receptor superfamily member 11A-like","gonad"
"tomm34",153.398352318417,0.690033696199055,0.219549261429474,9.55824216911342e-05,0.00611436876595144,"translocase of outer mitochondrial membrane 34","gonad"
"LOC115144339",107.22806526887,0.689983060067506,0.279926859970534,0.000674103557955523,0.01697360488017,"cytochrome c oxidase assembly protein COX20, mitochondrial","gonad"
"LOC115128635",27.7489100797789,0.689534783971097,0.298368962556337,0.000972134318959987,0.0212041699568533,"gamma-glutamylcyclotransferase-like, transcript variant X1","gonad"
"LOC115140224",141.848567286193,0.689256062551697,0.249431479234284,0.000302658758549035,0.0107925491395969,"ran-specific GTPase-activating protein-like, transcript variant X1","gonad"
"LOC115106728",42.2960532941108,0.687895422023331,0.410643585819274,0.00329218841633602,0.0430211094984973,"proline-rich transmembrane protein 2-like","gonad"
"nenf",271.017214873272,0.68758909596723,0.276021438060395,0.00063374375037859,0.0163264461407056,"neudesin neurotrophic factor","gonad"
"LOC115102474",284.491669753667,0.687098377427817,0.235926946510756,0.000199319527351031,0.00867612701239487,"pituitary tumor-transforming gene 1 protein-interacting protein-like","gonad"
"LOC115101440",95.1720366240796,0.687039739447896,0.228999572534849,0.000151531211023238,0.0077889646317195,"RAS guanyl-releasing protein 2-like, transcript variant X2","gonad"
"LOC115144855",36.3645597220907,0.687021744525193,0.169939100719324,3.47695096029422e-06,0.00159636790019138,"zinc finger and SCAN domain-containing protein 21-like, transcript variant X1","gonad"
"LOC115134596",12.583708316198,0.686355363515251,0.459120102788298,0.00425172662369071,0.0496419452838269,"diamine acetyltransferase 2-like, transcript variant X1","gonad"
"LOC115139992",200.315764636018,0.685540853409892,0.285996015332383,0.000807495924456002,0.0188954716922158,"transmembrane protein 230-like","gonad"
"LOC115119756",16.5303887125021,0.683612990866945,0.438844274984439,0.00388189245121231,0.0472084993986545,"charged multivesicular body protein 5-like","gonad"
"LOC115141662",637.17064651134,0.683425558699833,0.262169944903799,0.000514986091511564,0.0142676508972668,"eukaryotic translation initiation factor 3 subunit K","gonad"
"LOC115144554",25.5274181353394,0.683168597931622,0.252883940885228,0.000357458495512866,0.0117101671497165,"zinc finger protein 501-like, transcript variant X1","gonad"
"LOC115118407",583.791777693047,0.682985320244698,0.311653836207435,0.00129935920525058,0.0247849925675317,"c-Myc-binding protein-like","gonad"
"LOC115122125",195.869408550256,0.68257891513902,0.268099651324036,0.000555655902103189,0.0149728951229466,"peptidyl-prolyl cis-trans isomerase A-like","gonad"
"LOC115101930",413.940985950586,0.681925527746847,0.228583670418703,0.000159803275039723,0.00779927105871799,"ragulator complex protein LAMTOR5-like","gonad"
"LOC115105710",523.422383278616,0.681670219245481,0.251196022061694,0.000387167412819519,0.0122387561965569,"succinate dehydrogenase assembly factor 1, mitochondrial-like, transcript variant X1","gonad"
"LOC115105435",48.5084305321558,0.681170231870433,0.276501495776073,0.00068577565858388,0.0172217003916257,"c-Myc-binding protein-like, transcript variant X1","gonad"
"LOC115130225",294.529483792641,0.681086643317052,0.2581127938018,0.000444102307127776,0.013251665821277,"programmed cell death protein 6-like, transcript variant X1","gonad"
"LOC115144428",879.320797946895,0.679242717592628,0.273754309109754,0.000666141473193299,0.0168853932997525,"serglycin-like","gonad"
"hs1bp3",225.246680550714,0.677587686297058,0.219651145983764,0.000114453385280602,0.00674350765106042,"HCLS1 binding protein 3, transcript variant X2","gonad"
"rps7",3038.83387117474,0.67634851326977,0.318431875103371,0.00161948005519449,0.0280300318511039,"ribosomal protein S7","gonad"
"LOC115139890",3676.75551651456,0.676154456936989,0.312663710197414,0.00154147486044773,0.0271521554275581,"60S ribosomal protein L35-like","gonad"
"atp5me",712.873220709659,0.675521318879097,0.310716835505805,0.00139267858858904,0.025603714628469,"ATP synthase membrane subunit e","gonad"
"LOC115137195",365.373156250157,0.675390294711803,0.235922033163367,0.000231710626291963,0.00940493441031827,"probable signal peptidase complex subunit 2","gonad"
"LOC115134062",49.3353069985802,0.675297677869707,0.228117591558822,0.000172506154236039,0.0081037044409824,"BH3-interacting domain death agonist-like, transcript variant X2","gonad"
"LOC115133511",88.5799947356771,0.675239917019859,0.264993693094072,0.000557510190497761,0.0149728951229466,"oocyte zinc finger protein XlCOF6-like","gonad"
"LOC115120072",90.7248810750588,0.674705811445498,0.234000215440208,0.000217460595695653,0.00917063781625211,"vesicle transport protein SEC20-like, transcript variant X1","gonad"
"LOC115114434",22.7195778593873,0.674526758017896,0.262469653825077,0.00051765915851187,0.0142676508972668,"transmembrane protein 68-like","gonad"
"LOC115109448",1183.14053379699,0.673231955378037,0.249051954492902,0.000427562436859715,0.0130133819114402,"small EDRK-rich factor 2-like","gonad"
"znhit2",620.797528321548,0.673051912902405,0.222734705314056,0.000146657557699018,0.00766932366030619,"zinc finger HIT-type containing 2, transcript variant X2","gonad"
"arpin",38.0865941700419,0.672650685782228,0.275283852053446,0.000713612903443367,0.0176862046160997,"actin related protein 2/3 complex inhibitor","gonad"
"LOC115125161",1105.54239133002,0.67185559593708,0.285004916834923,0.00101324552049299,0.0217033981114646,"60S ribosomal protein L32-like","gonad"
"hint1",505.47222869706,0.671679613227958,0.231884553094461,0.000231610168224041,0.00940493441031827,"histidine triad nucleotide binding protein 1","gonad"
"LOC115114573",112.329088280768,0.670527646008267,0.286133516974423,0.000927539177983099,0.0205187907581369,"HIG1 domain family member 1A, mitochondrial-like","gonad"
"LOC115125647",13.3155490524111,0.67041600129165,0.280612635002714,0.000834650118935325,0.0192732926854151,"protein LRATD2-like","gonad"
"LOC115114153",62.0672214964782,0.669668288399126,0.30493324138685,0.0013158684840203,0.0248662372703837,"vesicle-trafficking protein SEC22b-B-like","gonad"
"LOC115120086",76.005555016374,0.668544189116514,0.242363791027094,0.00031866454987613,0.0110699856952643,"complement component 1 Q subcomponent-binding protein, mitochondrial-like","gonad"
"mrps18c",215.340130034999,0.668058026687972,0.257846105803826,0.000504140938262142,0.0141211666656711,"mitochondrial ribosomal protein S18C, transcript variant X3","gonad"
"LOC115131488",158.159865711098,0.66675349163563,0.300814939641152,0.00126154884941141,0.0244748232209069,"thioredoxin-like protein 4A, transcript variant X1","gonad"
"LOC115129344",34.9051013188249,0.666542204040728,0.358838777394589,0.00252115581697454,0.0367837182686197,"uncharacterized LOC115129344","gonad"
"LOC115105239",129.331052825868,0.665162478423311,0.249635816672783,0.000429236294754669,0.0130249827583007,"vesicle transport protein SEC20-like","gonad"
"dync2li1",22.3119407758673,0.66441994983939,0.365752991504095,0.00275176782724576,0.0387268092100837,"dynein cytoplasmic 2 light intermediate chain 1, transcript variant X2","gonad"
"LOC115129393",2141.95345436741,0.664332412985029,0.2920159123151,0.00122895300781248,0.0240643487103716,"60S ribosomal protein L31","gonad"
"lsm3",299.635356497019,0.663858615318612,0.309374897069771,0.00149483861638259,0.0267026124539663,"LSM3 homolog, U6 small nuclear RNA and mRNA degradation associated","gonad"
"naaa",306.478202081728,0.663583068235096,0.222826237317407,0.000170054123266455,0.0080499370601258,"N-acylethanolamine acid amidase","gonad"
"manbal",365.316270442927,0.6632002264726,0.309490055458139,0.00154813808266589,0.0271929448935795,"mannosidase beta like, transcript variant X1","gonad"
"LOC115114749",344.874117220019,0.661386612775449,0.222008528734975,0.000169856570315527,0.0080499370601258,"cytochrome b-c1 complex subunit 10","gonad"
"LOC115141172",83.3813796033158,0.659818972561542,0.251249487161255,0.000462112592588787,0.0135103574633463,"myeloid cell surface antigen CD33-like, transcript variant X1","gonad"
"slc52a2",54.385649148014,0.659628611029502,0.218801026964503,0.00014788061994692,0.00769263609531574,"solute carrier family 52 member 2, transcript variant X2","gonad"
"LOC115145804",231.675012209243,0.658468068837146,0.249758103712574,0.000453803416203385,0.0133635578317435,"mRNA turnover protein 4 homolog","gonad"
"LOC115114597",365.830700467104,0.658430089196729,0.223120384898324,0.000186646268068619,0.00846100465645864,"guanine nucleotide-binding protein G(I)/G(S)/G(O) subunit gamma-5-like","gonad"
"LOC115113147",4141.10617531681,0.657722635222853,0.314828428162221,0.00197958344963192,0.0318736501860377,"ubiquitin-40S ribosomal protein S27a-like","gonad"
"LOC115144042",99.11423551184,0.657550585749702,0.241177858189733,0.000350289124203348,0.0115950269349178,"ribonuclease P protein subunit p30-like","gonad"
"LOC115122032",18016.2033041015,0.65730576696352,0.331520567269207,0.00237211374087026,0.0352835614166366,"protein S100-A1-like","gonad"
"LOC115112854",1235.48263450848,0.656820308463182,0.283820754898711,0.00102883685264705,0.0217902260174781,"proteasome subunit beta type-1-B-like","gonad"
"med31",266.406353494954,0.65630544674692,0.247840607882055,0.000465860642888962,0.0135103574633463,"mediator complex subunit 31","gonad"
"LOC115146608",106.455419494919,0.65612415433443,0.257287503936198,0.000568552757043012,0.0151627414853654,"gem-associated protein 2-like, transcript variant X2","gonad"
"LOC115143193",54.4477563110853,0.656045410788104,0.161610279470888,3.29220477713354e-06,0.00159636790019138,"RNA-binding protein 15-like","gonad"
"LOC115103849",155.28173177387,0.655952934652625,0.231487328079716,0.000263827246265107,0.00999669187074183,"COMM domain-containing protein 1-like","gonad"
"LOC115108296",78.4846194182187,0.65586196430569,0.261301664602468,0.000621670558329656,0.0161251123588658,"MICOS complex subunit MIC13-like","gonad"
"LOC115113310",3582.91922308589,0.655077381532845,0.29072695377329,0.00122246991837909,0.0239870133725472,"60S ribosomal protein L24","gonad"
"med10",173.178611757115,0.65484014817881,0.238129831306442,0.00032768990444867,0.0112701540910051,"mediator complex subunit 10","gonad"
"LOC115129598",3171.70057017099,0.654395767220719,0.321219900558582,0.0021117263028807,0.0328289567057646,"60S ribosomal protein L36a-like","gonad"
"LOC115125783",41.5007718895431,0.652307428344769,0.226014646217998,0.000218770589024887,0.00918569529431956,"ubiquitin-conjugating enzyme E2 D3-like, transcript variant X1","gonad"
"LOC115139937",33.0410058269475,0.650348531774135,0.234001599376448,0.000308522742338994,0.0109193983667081,"phospholipase A2-like, transcript variant X4","gonad"
"LOC115141855",58.161010629074,0.64997253171379,0.227135816672403,0.000238925317772083,0.00948438342141381,"protein turtle homolog B-like, transcript variant X2","gonad"
"gtf2h3",59.461067877328,0.64839383521912,0.24680122269353,0.000465923603040146,0.0135103574633463,"general transcription factor IIH subunit 3","gonad"
"isoc2",70.7835884631234,0.648158365796677,0.305823429154163,0.00158147835415193,0.0275993480514901,"isochorismatase domain containing 2","gonad"
"LOC115141710",60.1026101726999,0.647142358345807,0.26736730393191,0.000797441249735537,0.0187572050481272,"uncharacterized LOC115141710","gonad"
"LOC115119303",1905.19960023018,0.6467584297401,0.231711966407691,0.00031565739841546,0.0110276251642006,"macrophage colony-stimulating factor 1 receptor 1-like","gonad"
"LOC115144273",8105.19265057101,0.646613100798463,0.311201896342989,0.0019941323419795,0.0319719694287737,"60S ribosomal protein L38-like, transcript variant X2","gonad"
"LOC115141371",113.298852427099,0.645494372572714,0.244209940823554,0.000464898869782973,0.0135103574633463,"myelin basic protein-like, transcript variant X4","gonad"
"LOC115136202",132.836233708337,0.645144128498106,0.208801609471644,0.000122739024959411,0.00700019107712786,"serine/threonine-protein kinase 10-like","gonad"
"LOC115108234",230.629357110497,0.643864539281256,0.262172659141203,0.000740956052468252,0.0180811512189503,"protein FAM32A-like","gonad"
"LOC115101340",212.335036626413,0.643394073966971,0.23905407279252,0.0003923724314111,0.0123620166202482,"ubiquinol-cytochrome-c reductase complex assembly factor 3","gonad"
"tmem216",51.5715678984777,0.643198483480603,0.205269284250335,0.000104365774571084,0.00643330421971337,"transmembrane protein 216","gonad"
"LOC115145802",31.5121171122541,0.642774970024031,0.385943544180985,0.00359808961668858,0.0453784603009112,"TNFAIP3-interacting protein 2-like, transcript variant X1","gonad"
"atp5pf",258.564816628925,0.642224342961347,0.26721929478338,0.000849486061784955,0.01952608784668,"ATP synthase peripheral stalk subunit F6, transcript variant X2","gonad"
"atp6v0b",668.510503869346,0.641574699277014,0.194863272219,6.3231156133931e-05,0.00492554813900107,"ATPase H+ transporting V0 subunit b, transcript variant X1","gonad"
"LOC115142982",365.700282152112,0.641428454801347,0.269473401783878,0.000898052227473231,0.0201238093813084,"translocator protein-like, transcript variant X1","gonad"
"LOC115137525",191.292241458462,0.64121742699045,0.230324132693702,0.000311225137609272,0.0109627252930427,"catenin alpha-2-like","gonad"
"LOC115133135",451.981734308679,0.641015149796957,0.320675357372321,0.00205703113972415,0.0324206746094933,"electron transfer flavoprotein regulatory factor 1-like, transcript variant X1","gonad"
"LOC115140317",13.624102311213,0.640614894998168,0.260623731658486,0.000761937402272163,0.0182392979924443,"UDP-N-acetylglucosamine/UDP-glucose/GDP-mannose transporter-like","gonad"
"LOC115110456",245.910295206374,0.64043931415374,0.193308884583672,5.91240371810568e-05,0.0047638878469077,"transmembrane protein 205-like, transcript variant X2","gonad"
"LOC115144063",79.2337717358898,0.639931957726409,0.155642075189337,2.71294341766257e-06,0.00146770238895545,"inositol polyphosphate multikinase-like, transcript variant X1","gonad"
"LOC115110462",28.517230938962,0.639729857780565,0.401126483293087,0.00393181580356305,0.0475783593148992,"myosin-10-like, transcript variant X2","gonad"
"ndufa7",290.019257790204,0.639665020212105,0.242863641791533,0.000471735989650327,0.013616342932971,"NADH:ubiquinone oxidoreductase subunit A7","gonad"
"LOC115147174",202.000364428684,0.639237400587411,0.22841065056548,0.000298850737733723,0.0107173081799016,"tubulin-specific chaperone A-like, transcript variant X2","gonad"
"LOC115104214",107.848962572051,0.638963340198715,0.413958526748365,0.00428617235018755,0.04982116233935,"hemoglobin subunit beta-1-like","gonad"
"LOC115112431",153.562558419772,0.638091165259905,0.207905931987138,0.000130534132697917,0.00731261480069541,"DNA-directed RNA polymerases I, II, and III subunit RPABC5, transcript variant X1","gonad"
"LOC115132292",376.997552434784,0.637711345926677,0.296704340769695,0.00154438190628361,0.0271521554275581,"transcription initiation factor TFIID subunit 11-like","gonad"
"LOC115108063",72.1072666009884,0.637422307828806,0.244266361769881,0.000497376471220812,0.0140911091282217,"39S ribosomal protein L47, mitochondrial-like","gonad"
"LOC115110380",58.6025097069905,0.636259659440237,0.408013687980399,0.00421493374874,0.0493566917330809,"transmembrane protein 106B-like, transcript variant X3","gonad"
"rpl39",5428.80656130749,0.636219186982429,0.307025451013391,0.00204890668770893,0.0324206746094933,"ribosomal protein L39","gonad"
"LOC115139178",210.973822544958,0.6358697830283,0.259475652542841,0.000759785963680374,0.018233900154991,"SAYSvFN domain-containing protein 1-like","gonad"
"tsr2",52.3665203356977,0.63490194767407,0.285908799675577,0.00129921496605948,0.0247849925675317,"TSR2 ribosome maturation factor","gonad"
"slc66a3",60.1928624895152,0.634779799481967,0.286295180871426,0.00132989801297896,0.0249866992447808,"solute carrier family 66 member 3","gonad"
"LOC115135976",47.0404158995611,0.634771953282848,0.289180666517041,0.00135121726871421,0.0252944883696686,"cell surface glycoprotein MUC18-like, transcript variant X1","gonad"
"LOC115107078",68.8016988132715,0.634029682917619,0.385883544050912,0.00377085278359268,0.046501808539685,"small nuclear ribonucleoprotein F","gonad"
"LOC115127575",86.5112490489544,0.633836944403556,0.280853919810425,0.00121489441921018,0.0239127087606495,"protein transport protein Sec61 subunit gamma, transcript variant X2","gonad"
"LOC115107556",444.946854461433,0.633654656470141,0.295547518109675,0.00155984729000927,0.0273326649771722,"apolipoprotein B-100-like","gonad"
"LOC115101820",81.4538901003908,0.6329962491031,0.287491994461554,0.00137817948094243,0.0255220581229874,"cytochrome b-c1 complex subunit 6, mitochondrial-like, transcript variant X2","gonad"
"pno1",403.920307857109,0.632896797406922,0.256756580140907,0.000741962212681509,0.0180811512189503,"partner of NOB1 homolog","gonad"
"LOC115128333",58.218045031877,0.632143143845386,0.291689927506546,0.00148494891488601,0.0266264277494001,"sialoadhesin-like, transcript variant X1","gonad"
"LOC115130482",50.6600732875079,0.632019910319679,0.213701907988278,0.000187202221772779,0.00846100465645864,"mitogen-activated protein kinase kinase kinase kinase 4-like","gonad"
"LOC115115916",14.4298262158119,0.631701831580195,0.372683158668772,0.00355371747141719,0.0451802736463827,"tumor necrosis factor alpha-induced protein 3-like, transcript variant X2","gonad"
"znrd1",89.2789683354215,0.63099306136373,0.205928317804669,0.000133087933919441,0.00739008806089328,"zinc ribbon domain containing 1","gonad"
"LOC115121827",224.485461203491,0.630779106987434,0.284720618177762,0.0014114537452292,0.0257474727031935,"small nuclear ribonucleoprotein Sm D3-like","gonad"
"LOC115141178",58.3709065709929,0.630587281973891,0.248381040978258,0.000611329959170175,0.0160548304811197,"HIG1 domain family member 1A, mitochondrial-like","gonad"
"LOC115113567",540.309477878357,0.630422522601084,0.227500698218071,0.000332527622889551,0.0113653619845012,"cytosolic iron-sulfur assembly component 2B-like","gonad"
"LOC115128593",64.6489720467403,0.630177526005216,0.193657486644702,7.19768902369153e-05,0.00519846051990528,"terminal nucleotidyltransferase 4A-like, transcript variant X3","gonad"
"dnajc12",167.425235292149,0.630044479478749,0.202504268775557,0.000115905851408629,0.00675285321976121,"DnaJ heat shock protein family (Hsp40) member C12, transcript variant X1","gonad"
"rpl29",11115.9573775917,0.630035549188531,0.31105445940699,0.0025234776884572,0.0367837182686197,"ribosomal protein L29","gonad"
"pnkd",72.7819719994597,0.629484802025486,0.176731435779052,2.44201267647839e-05,0.0031670897280218,"PNKD metallo-beta-lactamase domain containing","gonad"
"LOC115146864",45.8344280301131,0.62914021704277,0.229908122640195,0.000360403743917841,0.0117255066857119,"arachidonate 5-lipoxygenase-activating protein-like, transcript variant X1","gonad"
"LOC115143141",220.191206152719,0.629028236691839,0.162225834347077,7.34161066295633e-06,0.00212252718005581,"guanine nucleotide-binding protein G(i) subunit alpha-2-like","gonad"
"LOC115119996",12.814287177734,0.628642877154817,0.375981326951775,0.00370280242424865,0.0460056193590211,"gastrula zinc finger protein XlCGF57.1-like","gonad"
"LOC115144610",575.228644900092,0.628305293583497,0.290963003092902,0.0015202804912919,0.0269032814043104,"proteasome subunit beta type-1-B","gonad"
"LOC115107006",279.700915213813,0.627549091381805,0.237716602340435,0.000474219295581213,0.0136671877653429,"calphotin-like","gonad"
"meig1",81.2623592758142,0.627247066190169,0.248687765004219,0.000639782777338742,0.0164150228847006,"meiosis/spermiogenesis associated 1","gonad"
"LOC115129593",254.870710243167,0.627137828407427,0.257211989021269,0.000794820689938054,0.0187188181143993,"ubiquitin-conjugating enzyme E2 A","gonad"
"LOC115114472",24.533765306733,0.627072718186248,0.230523035852401,0.000378020129569576,0.0121023734147255,"cytochrome c oxidase assembly factor 1 homolog","gonad"
"LOC115137289",138.390924712664,0.626292040111368,0.246733894720016,0.000632690284384772,0.0163215129902257,"transmembrane protein 134-like, transcript variant X1","gonad"
"LOC115141387",95.575210423339,0.625831437039502,0.184435983798387,4.54029853191204e-05,0.00423048542101191,"receptor-binding cancer antigen expressed on SiSo cells-like","gonad"
"pfdn6",386.014138842056,0.62477539873658,0.285254192136266,0.0014570415591057,0.0263231921802728,"prefoldin subunit 6","gonad"
"LOC115127543",495.243971282821,0.624302947643484,0.312395592209231,0.00212447135397378,0.032918874867016,"phospholipase A and acyltransferase 4-like","gonad"
"LOC115107587",36.4363371721452,0.623942494630589,0.242447927878175,0.000568549966534359,0.0151627414853654,"ezrin-like, transcript variant X1","gonad"
"cdpf1",64.129634557105,0.623671693677772,0.261289193170846,0.000889857104068007,0.0199874783695465,"cysteine rich DPF motif domain containing 1, transcript variant X2","gonad"
"slc25a47",16.7505985549647,0.622773781264668,0.309471929304178,0.00204072122688666,0.0324169936502507,"solute carrier family 25 member 47, transcript variant X4","gonad"
"LOC115119474",176.733186194222,0.622718588016632,0.269548210651763,0.00110044806761486,0.02249825496236,"neuferricin, transcript variant X1","gonad"
"LOC115145447",115.343094970515,0.622330433796549,0.280158459736683,0.00133016069916763,0.0249866992447808,"MICOS complex subunit MIC13-like","gonad"
"LOC115111849",94.3950577160073,0.621888617267621,0.335207279436335,0.00275290653270518,0.0387268092100837,"phospholipid phosphatase 1-like","gonad"
"LOC115121326",368.997496818893,0.620338346438708,0.219023663450452,0.000283559671487261,0.010467275496923,"splicing factor 3B subunit 6","gonad"
"LOC115123537",164.41792907105,0.62013051939365,0.28196704536547,0.00140374730960219,0.0256563275167157,"NADH dehydrogenase [ubiquinone] 1 beta subcomplex subunit 4-like","gonad"
"LOC115131603",4126.25029579437,0.618247563091805,0.314974557313599,0.00270748155450102,0.038344175942017,"40S ribosomal protein S18","gonad"
"marco",666.047948128335,0.61806571673496,0.227633593810293,0.000398513082266184,0.0125138394903983,"macrophage receptor with collagenous structure","gonad"
"commd4",201.9519543578,0.618053635596994,0.205227975227282,0.000162647462294287,0.00787654654358648,"COMM domain containing 4, transcript variant X2","gonad"
"mrpl58",53.3162102750301,0.617879216841437,0.272821829623207,0.00120666816229569,0.0237755064027773,"mitochondrial ribosomal protein L58","gonad"
"lyrm1",52.3509058129357,0.617648393418924,0.297699622234824,0.00182502851943551,0.0303130833469399,"LYR motif containing 1, transcript variant X2","gonad"
"LOC115115068",181.179961303755,0.617458343938911,0.291958464091911,0.00171564352000349,0.0292137680317142,"transcription and mRNA export factor ENY2-2, transcript variant X2","gonad"
"me2",273.063942560627,0.617012019941781,0.209505645483978,0.00019736663970614,0.00867612701239487,"malic enzyme 2","gonad"
"LOC115139186",54.0908845562286,0.614668283020955,0.302158675917174,0.00200935863591286,0.0320802746804469,"platelet-activating factor acetylhydrolase-like, transcript variant X1","gonad"
"LOC115138665",258.895975046449,0.614103304545516,0.216041631936019,0.000271816148024293,0.0102119816723016,"gem-associated protein 2-like","gonad"
"LOC115129342",83.1938964079144,0.613873612939239,0.144304520747268,1.55951643718106e-06,0.00109368310140827,"SLAM family member 7-like, transcript variant X1","gonad"
"mpc2",377.130967868947,0.613653965892177,0.278708212355287,0.00142157243820749,0.0258573238400181,"mitochondrial pyruvate carrier 2","gonad"
"trappc4",103.263927223844,0.613349498273303,0.163312383672247,1.19740643931859e-05,0.00227619574542032,"trafficking protein particle complex 4","gonad"
"pop5",47.7638116387446,0.6132540452723,0.359719329609777,0.00364312836835832,0.0455932819926403,"POP5 homolog, ribonuclease P/MRP subunit","gonad"
"LOC115133392",31.7472976734682,0.613173434360059,0.227908461064688,0.000426174513153465,0.0129945481587131,"uncharacterized LOC115133392","gonad"
"LOC115107676",35.803985039152,0.61173900601828,0.201351810998052,0.000153310324433299,0.0077889646317195,"monocarboxylate transporter 10-like, transcript variant X1","gonad"
"LOC115143303",470.815245234047,0.611366872556963,0.220056821116563,0.000336768135394597,0.0114073428330889,"signal peptidase complex subunit 1-like","gonad"
"btf3",1433.49408794571,0.611120606836998,0.257961864587807,0.00104282022764416,0.0218911319406231,"basic transcription factor 3, transcript variant X1","gonad"
"LOC115102776",759.8021211315,0.610843552634938,0.22335594477903,0.000384460756026604,0.0122143698244358,"NEDD8-like","gonad"
"LOC115130765",228.556864323333,0.610176276755565,0.228056701251187,0.000436717999357737,0.0131995254613349,"protocadherin-12-like","gonad"
"LOC115139012",399.946482893736,0.609453015549744,0.306361968980033,0.00230701383824176,0.0347244094015164,"proteasome subunit alpha type-6-like","gonad"
"LOC115104186",231.544115481312,0.60923897813478,0.259546341214407,0.00107531787221681,0.0223503226239574,"ubiquitin domain-containing protein UBFD1-like, transcript variant X1","gonad"
"LOC115110327",294.210694757643,0.607884116956667,0.269170178962021,0.00126506199317233,0.024492790225683,"ubiquitin domain-containing protein UBFD1-like, transcript variant X3","gonad"
"LOC115104365",154.484257352886,0.607500300701642,0.193124502252082,0.000108288154043601,0.00650932125973202,"guanine nucleotide-binding protein G(I)/G(S)/G(O) subunit gamma-5-like","gonad"
"LOC115140548",18.667223611334,0.606939990794007,0.351209233168748,0.00341212039018501,0.0440712821201591,"immediate early response 3-interacting protein 1-like","gonad"
"ska2",110.384531920403,0.60573844571756,0.247274544582418,0.000787293229412658,0.0186265164317957,"spindle and kinetochore associated complex subunit 2","gonad"
"chchd7",108.910979877115,0.605669244752482,0.32279215693344,0.00273771207110047,0.0386278525084108,"coiled-coil-helix-coiled-coil-helix domain containing 7, transcript variant X1","gonad"
"LOC115131902",96.1874033839821,0.605218209333683,0.334071749577967,0.003055189691452,0.0409123174028597,"proteasome subunit alpha type-7-like","gonad"
"LOC115131384",80.956769876049,0.605094845036625,0.218792182134145,0.000350881987520883,0.0115950269349178,"unconventional myosin-Ig-like, transcript variant X2","gonad"
"LOC115112918",63.3178405298362,0.603917369544552,0.295001055107477,0.00197414794583127,0.03184028224388,"PHD finger-like domain-containing protein 5A, transcript variant X1","gonad"
"LOC115126869",91.8927311892154,0.603895926691873,0.155515144441903,7.53557925097033e-06,0.00212252718005581,"extensin-like","gonad"
"dusp23",81.6701516909503,0.603770844211463,0.202431906115731,0.000181348183167564,0.00833453361232484,"dual specificity phosphatase 23","gonad"
"LOC115130164",63.1211391475438,0.603180399564446,0.177575143536562,4.59882671843971e-05,0.0042477455567637,"neutrophil cytosol factor 2-like, transcript variant X2","gonad"
"LOC115132503",1485.56196628864,0.601996209835198,0.251846674263842,0.00100742297353306,0.0216276122492612,"myosin light polypeptide 6-like","gonad"
"LOC115143164",303.708030681256,0.601472034764579,0.242532295975813,0.000788424023185798,0.0186265164317957,"peptidyl-prolyl cis-trans isomerase FKBP11-like","gonad"
"mcts1",436.930554377664,0.600158479569309,0.295601491263859,0.0021874159196321,0.033591825172939,"MCTS1 re-initiation and release factor","gonad"
"LOC115146393",806.925970843833,0.600133313563413,0.244626254096274,0.000870255130718617,0.0197818498201165,"DNA-binding protein inhibitor ID-2-like","gonad"
"ndufc1",617.319977582854,0.600054012511424,0.222027872770982,0.000419273979587685,0.012875361571888,"NADH:ubiquinone oxidoreductase subunit C1","gonad"
"rbp4",9470.12515236592,0.599911180629751,0.287584973397837,0.00214297856435403,0.0330434031889606,"retinol binding protein 4","gonad"
"ap4s1",141.268771558796,0.599585106548691,0.226367875669439,0.000482379227349533,0.0138601679360598,"adaptor related protein complex 4 subunit sigma 1","gonad"
"LOC115141885",454.540664828663,0.599211435240976,0.204055027055808,0.000198760667463679,0.00867612701239487,"high mobility group nucleosome-binding domain-containing protein 3-like","gonad"
"lmtk2",28.788863867532,0.599083516551839,0.224328962730508,0.000459655567061717,0.013493919631494,"lemur tyrosine kinase 2","gonad"
"LOC115137560",14.525614323646,0.598570045292152,0.193327516732031,0.000134021287777932,0.0074052374013606,"gastrula zinc finger protein XlCGF71.1-like","gonad"
"LOC115134118",191.247084301346,0.597687725838843,0.19509743482401,0.00014458973069988,0.00762943515872412,"class E basic helix-loop-helix protein 41-like, transcript variant X2","gonad"
"LOC115145202",1800.21866434021,0.597658622841878,0.2769501507848,0.00176493291022211,0.0297747289703582,"proteasome subunit alpha type-7-like","gonad"
"LOC115143769",89.155382073381,0.597569635415474,0.361465684385651,0.00399932360561438,0.0480197796273357,"epithelial membrane protein 3-like, transcript variant X1","gonad"
"LOC115104268",658.663350933957,0.59639368843657,0.207419586872753,0.000257503316122095,0.00989011215166707,"RING-box protein 1","gonad"
"LOC115129435",62.7991457875518,0.594216100947677,0.25789144467945,0.00115498120057871,0.0230691656465801,"coiled-coil domain-containing protein 85B-like","gonad"
"LOC115123845",342.031152308674,0.593623526745544,0.263691006626284,0.0013252502719395,0.0249866992447808,"histone deacetylase complex subunit SAP18-like","gonad"
"LOC115102191",23.998542130997,0.592758864674132,0.220482091382961,0.000437776709253675,0.0131995254613349,"protein bassoon-like, transcript variant X1","gonad"
"mettl5",73.3631620191037,0.591948058348668,0.236943447630876,0.000724657394415202,0.0178663903167342,"methyltransferase like 5","gonad"
"LOC115146573",59.3331697054982,0.591764843895578,0.193097881908985,0.000142374883050221,0.00757266407459533,"transmembrane protein 134-like","gonad"
"LOC115103907",82.0794768440562,0.590731929628703,0.220277938998139,0.000449862871438887,0.0133466981803199,"tumor necrosis factor alpha-induced protein 8-like protein 2, transcript variant X7","gonad"
"LOC115122704",297.874384822385,0.590050965777221,0.244881758371412,0.000919732125418765,0.0203924213053915,"small nuclear ribonucleoprotein G","gonad"
"LOC115108382",485.133554825981,0.589996025948969,0.261729716860235,0.00132700953710796,0.0249866992447808,"uncharacterized protein C7orf57 homolog, transcript variant X1","gonad"
"ppil3",38.4771274305947,0.589569633995077,0.274697875329301,0.00164573315806863,0.0283432842832635,"peptidylprolyl isomerase like 3, transcript variant X1","gonad"
"LOC115131673",419.850588424692,0.58949174825049,0.215994148069186,0.000405473040075926,0.0126631467234353,"NADH dehydrogenase [ubiquinone] iron-sulfur protein 5-like","gonad"
"LOC115138938",1325.61061647725,0.589047922094284,0.287552236283122,0.00207336692643667,0.0324724588520085,"60S ribosomal protein L22-like","gonad"
"LOC115142103",342.58247203103,0.587943024662621,0.246549900991342,0.00100409557826406,0.0216041931836953,"tetranectin-like","gonad"
"LOC115102157",62.4471400534524,0.587100917272846,0.281106615700431,0.00191182343720711,0.0312611198475963,"NADH dehydrogenase [ubiquinone] 1 alpha subcomplex subunit 4-like 2","gonad"
"LOC115140116",329.06281339531,0.586234782460287,0.198011060166002,0.000202396582408316,0.00874113019674822,"ER membrane protein complex subunit 3","gonad"
"LOC115106434",52.4731830405201,0.586203478597274,0.289365385412359,0.00211520080174454,0.0328289567057646,"uncharacterized LOC115106434, transcript variant X2","gonad"
"LOC115105741",89.6219156976979,0.585831112547362,0.198079348380692,0.000204755075210024,0.00879146791179549,"protein YIPF6-like","gonad"
"LOC115102538",113.554979025916,0.585371304602074,0.234036667049726,0.000740092476176005,0.0180811512189503,"homeobox protein Hox-C3a-like, transcript variant X4","gonad"
"LOC115139656",24.5190403834213,0.584281480429326,0.34131624460238,0.00376847316760604,0.046501808539685,"NF-kappa-B inhibitor epsilon-like, transcript variant X1","gonad"
"LOC115129573",83.0139026659001,0.583094005931617,0.312213465023137,0.00295703802991206,0.0401949139241815,"glutathione S-transferase P-like","gonad"
"pigp",276.52999897714,0.58284825490106,0.262512700543027,0.00144946786427549,0.0262386940822719,"phosphatidylinositol glycan anchor biosynthesis class P","gonad"
"LOC115136166",79.1966260506069,0.582571738183427,0.256761927643809,0.00128938038289658,0.0247359853598244,"T-cell immunoglobulin and mucin domain-containing protein 4-like, transcript variant X2","gonad"
"LOC115142567",13.0679641267846,0.582340795010915,0.311637250076995,0.00296586426910721,0.0402684196980539,"integrin alpha-X-like","gonad"
"LOC115114358",112.983336098077,0.582158552884136,0.15226821876312,9.78889712601463e-06,0.00227619574542032,"la-related protein 4B-like, transcript variant X1","gonad"
"LOC115130843",40.5067320457091,0.582120058691131,0.184375615201571,0.000107586960084146,0.00650932125973202,"SAM and SH3 domain-containing protein 3-like","gonad"
"LOC115101699",76.868388931373,0.581877459134454,0.232388325506678,0.000733125898748229,0.0180282323283087,"uncharacterized LOC115101699, transcript variant X1","gonad"
"LOC115143072",281.721044944546,0.577841602145453,0.182471543850917,0.00010809298668889,0.00650932125973202,"SAP domain-containing ribonucleoprotein-like, transcript variant X2","gonad"
"lg24h1orf131",58.7949316664895,0.577425966434195,0.256209734657507,0.00136112282391098,0.0253975290950378,"linkage group 24 C1orf131 homolog, transcript variant X2","gonad"
"LOC115106857",300.34524438953,0.577421316229837,0.282132848378013,0.00212851931270724,0.0329224706254632,"cysteine-rich with EGF-like domain protein 2, transcript variant X1","gonad"
"LOC115128587",601.261008252251,0.576286608596608,0.223638645109833,0.000618315545029831,0.0161242795214414,"NADH dehydrogenase [ubiquinone] iron-sulfur protein 6, mitochondrial-like","gonad"
"LOC115139502",296.029662826431,0.575810812605827,0.122344296699799,2.05947023674066e-07,0.000324967241105704,"serine/arginine-rich splicing factor 3, transcript variant X1","gonad"
"LOC115136671",157.329369828374,0.575099561418272,0.210736865755721,0.000408712836634897,0.0126868484617734,"small nuclear ribonucleoprotein Sm D2","gonad"
"LOC115113500",19911.6882513168,0.574863686877938,0.315311042766548,0.00383418729218806,0.0468994421043804,"synaptotagmin-13-like, transcript variant X2","gonad"
"LOC115131311",1349.14136362968,0.573336582132433,0.287105131127682,0.00237513417981608,0.0352954436611943,"26S proteasome complex subunit SEM1-like","gonad"
"LOC115115072",579.159271480737,0.573119837675949,0.295465843092515,0.0026415174093378,0.0378058444034855,"signal peptidase complex subunit 3","gonad"
"prxl2c",54.7988029606785,0.572928426750236,0.255722753773574,0.00140262748406121,0.0256563275167157,"peroxiredoxin like 2C","gonad"
"polr2c",263.364202037459,0.572157983453581,0.155306392828024,1.73963135236065e-05,0.00263544394540085,"RNA polymerase II subunit C","gonad"
"LOC115102245",155.152615598662,0.571361367846037,0.249885667189482,0.00126037613718169,0.0244748232209069,"pre-mRNA-splicing factor SPF27","gonad"
"LOC115110282",85.3326806669088,0.570619599756195,0.25754748385981,0.0015022240389967,0.0267309061189289,"uncharacterized LOC115110282, transcript variant X2","gonad"
"LOC115105916",83.1974431126968,0.570551852017767,0.240303370295856,0.00101952686721722,0.0217395734580609,"density-regulated protein-like, transcript variant X3","gonad"
"tex15",56.4549312579967,0.56999469893643,0.16493830826033,4.09574512512648e-05,0.00405875972915083,"testis expressed 15, meiosis and synapsis associated, transcript variant X3","gonad"
"LOC115130323",1116.32980692107,0.568164790893284,0.217863673195887,0.000627562916890063,0.0162334751793898,"MOB-like protein phocein, transcript variant X5","gonad"
"LOC115128180",185.032890746929,0.567997427012076,0.228806883682748,0.00080944833380286,0.0188954716922158,"density-regulated protein-like, transcript variant X4","gonad"
"LOC115135898",35.3830075029077,0.567403467001547,0.210706588283094,0.000462029548103224,0.0135103574633463,"zinc finger and BTB domain-containing protein 21-like","gonad"
"rpl7l1",201.64291008938,0.567142078110957,0.181092175564778,0.000124496703831454,0.00707911437552124,"ribosomal protein L7 like 1","gonad"
"metrn",338.579918094741,0.56706138429882,0.193551716623508,0.000232745336151311,0.00941673705133563,"meteorin, glial cell differentiation regulator","gonad"
"LOC115121873",109.795865723898,0.566933584846551,0.316080271977082,0.00346734319884865,0.044541481323066,"sarcoplasmic/endoplasmic reticulum calcium ATPase 2-like, transcript variant X2","gonad"
"LOC115123406",157.144388771217,0.566910528725025,0.302942438247058,0.00299969989584338,0.0404265605180031,"14 kDa phosphohistidine phosphatase-like","gonad"
"LOC115116310",477.639074753577,0.566682578458707,0.335313511824805,0.00409425299979703,0.0486834740507644,"60S ribosomal protein L32","gonad"
"LOC115141948",88.3132562165307,0.566549927732702,0.242934873666286,0.00117286385642879,0.0233077972389136,"SAM domain-containing protein SAMSN-1-like, transcript variant X1","gonad"
"acp1",176.468767891195,0.565049110199451,0.254392840245021,0.00148308188511154,0.0266181568669071,"acid phosphatase 1, transcript variant X1","gonad"
"LOC115135299",119.396703472744,0.564007297673322,0.230448490158969,0.000877948748565687,0.0198139917538992,"protein FAM204A-like","gonad"
"LOC115114467",191.387048848185,0.562329924381955,0.232853432222802,0.00099458749895738,0.0214737905276602,"C-C chemokine receptor type 8-like","gonad"
"LOC115131667",482.887744737117,0.56227821001924,0.21839831080632,0.000656044858289131,0.0167724784676872,"zinc finger protein 706-like, transcript variant X1","gonad"
"ddx49",116.427202757873,0.561778654792596,0.227263114738743,0.000840366278446385,0.019381651013864,"DEAD-box helicase 49","gonad"
"LOC115143420",990.450572826454,0.561460343138839,0.26958790773545,0.00205271217495833,0.0324206746094933,"prothymosin alpha-like, transcript variant X1","gonad"
"LOC115123974",114.868988850096,0.561261053690394,0.158833613689314,3.15296310342265e-05,0.00360309480990174,"cell growth regulator with RING finger domain protein 1-like, transcript variant X3","gonad"
"LOC115138930",868.720210953482,0.561185100116535,0.201631654249409,0.000343315692045404,0.0114842367967974,"ATPase inhibitor B, mitochondrial-like, transcript variant X2","gonad"
"lg9ah12orf73",102.486728211932,0.56087686354793,0.266694522243566,0.0019453447269142,0.0315642512230437,"linkage group 9a C12orf73 homolog","gonad"
"LOC115124462",114.743587320174,0.560268739147978,0.172319764261419,8.52957123139966e-05,0.00576579357836482,"EMILIN-1-like","gonad"
"LOC115114914",3788.56878937239,0.560137793950026,0.292512648822163,0.00290691052223682,0.0397992413149343,"60S ribosomal protein L24-like","gonad"
"LOC115105718",273.727829026409,0.560112369028016,0.216879903079699,0.000627522348394346,0.0162334751793898,"charged multivesicular body protein 1b-like","gonad"
"LOC115124500",37.0729111806585,0.559373414969589,0.250692674491696,0.00148905213174161,0.0266747418302056,"sialoadhesin-like","gonad"
"polr2h",82.6712592868521,0.559130483905647,0.285199117359727,0.00258678763734831,0.0373614217491917,"RNA polymerase II subunit H","gonad"
"LOC115103537",138.891987978018,0.559100103017173,0.25718199189004,0.00169702699968452,0.0289542920237502,"small ubiquitin-related modifier 2","gonad"
"LOC115112360",109.429487071276,0.558695154263526,0.206096429836681,0.00044412228947695,0.013251665821277,"cytochrome b-245 light chain-like","gonad"
"LOC115139912",50.3131876750984,0.558601715752342,0.257812556794004,0.00173195105682292,0.0294184254756058,"breakpoint cluster region protein-like, transcript variant X2","gonad"
"LOC115106549",94.5527275892161,0.558457952880512,0.266594270898802,0.00199281268090583,0.0319719694287737,"phosphorylase b kinase gamma catalytic chain, liver/testis isoform-like, transcript variant X3","gonad"
"LOC115113712",9815.36617351143,0.558324841789838,0.252780215338269,0.00206263442257971,0.0324263221108153,"ferritin, heavy subunit-like","gonad"
"LOC115106146",84.9295561746498,0.558037100458357,0.195247654491126,0.000288993514774753,0.0105333855808773,"C-factor-like","gonad"
"tmco1",218.409512122959,0.557008364718751,0.236383243843307,0.00111126624802809,0.0225287220625396,"transmembrane and coiled-coil domains 1","gonad"
"pold3",65.9278497565508,0.555344221141064,0.19611057145481,0.000317406004640226,0.0110682922612572,"DNA polymerase delta 3, accessory subunit","gonad"
"LOC115136198",212.076328685338,0.554434498372175,0.300699101649317,0.00328759664447636,0.0430211094984973,"prolyl 4-hydroxylase subunit alpha-2-like, transcript variant X2","gonad"
"LOC115133106",61.2304114727794,0.552293141799159,0.19446804942855,0.000312062790227094,0.0109627252930427,"death domain-containing protein CRADD-like","gonad"
"LOC115105479",128.70360466706,0.551514828466951,0.238522618452075,0.00126041020193531,0.0244748232209069,"spindle and kinetochore-associated protein 2","gonad"
"LOC115140820",24.5499188534505,0.550990814804744,0.197616280370038,0.000378378931160152,0.0121023734147255,"zinc finger MYM-type protein 1-like, transcript variant X1","gonad"
"LOC115106897",360.383176946654,0.550818751479637,0.205984275454364,0.000484276238000273,0.0138607648245877,"V-type proton ATPase subunit F-like","gonad"
"ripor2",47.2308406037081,0.550665554609121,0.184265849978942,0.000197186385260777,0.00867612701239487,"RHO family interacting cell polarization regulator 2, transcript variant X1","gonad"
"LOC115108186",149.329842569566,0.550534460075417,0.216815536286659,0.000724547439277008,0.0178663903167342,"solute carrier family 35 member E1-like","gonad"
"mmab",99.6984132118718,0.549682021605899,0.261917528927397,0.00208296749528949,0.0325689426286593,"metabolism of cobalamin associated B","gonad"
"LOC115113037",192.146814390729,0.549251698184828,0.204914008630501,0.000496604733921841,0.0140911091282217,"F-box only protein 9-like","gonad"
"LOC115107027",219.913528072987,0.549231615353745,0.145327103390335,1.27934016921226e-05,0.00227619574542032,"neuroepithelial cell-transforming gene 1 protein-like","gonad"
"LOC115142412",3465.95955880831,0.54891047576314,0.290087089448672,0.00340016694345753,0.0439468676275552,"40S ribosomal protein S15a","gonad"
"LOC115106660",260.935002167815,0.548440331261695,0.202458697117447,0.000464301080943468,0.0135103574633463,"endonuclease domain-containing 1 protein-like","gonad"
"LOC115106928",371.852098921355,0.548358624294616,0.21587298499137,0.000694224604896362,0.0173418771684863,"aldo-keto reductase family 1 member B1-like","gonad"
"LOC115117582",125.151802524527,0.547661407585995,0.192291184301065,0.00030844834280797,0.0109193983667081,"NADH dehydrogenase [ubiquinone] 1 alpha subcomplex subunit 3-like","gonad"
"LOC115111267",633.415857582816,0.547305061096446,0.2539438328839,0.00183589636299569,0.030440190572087,"transmembrane emp24 domain-containing protein 7-like","gonad"
"lypd6",27.5823261441289,0.547225730762743,0.267509229374739,0.00231027351002515,0.0347458529883449,"LY6/PLAUR domain containing 6","gonad"
"pxdc1",58.1816754400867,0.546160077663425,0.212156565231449,0.000657406343097853,0.0167724784676872,"PX domain containing 1, transcript variant X2","gonad"
"LOC115121194",217.879672674046,0.545213831250038,0.252646693996587,0.00180626177618944,0.0301647627280967,"anaphase-promoting complex subunit CDC26-like, transcript variant X1","gonad"
"LOC115119004",1570.76050099733,0.545176759534893,0.309308623315517,0.00387735446069914,0.0471836161396775,"60S ribosomal protein L35","gonad"
"ociad1",236.008883782551,0.545115195644606,0.232644989677708,0.00118397915782227,0.0234045024246512,"OCIA domain containing 1, transcript variant X2","gonad"
"LOC115102506",168.513436236498,0.545059762089319,0.200702211115069,0.000457124158012285,0.0134404439937308,"adenosine deaminase-like","gonad"
"LOC115141799",114.02253307099,0.545045494376441,0.209526374450857,0.00062061171423352,0.0161242795214414,"ribosome maturation protein SBDS-like","gonad"
"LOC115137492",784.327557314732,0.544958043203667,0.192502286072992,0.000313448298153471,0.0109706904353715,"high mobility group protein B2-like","gonad"
"LOC115138705",1935.11347638737,0.544745965718729,0.277781257602243,0.00290493839017085,0.0397992413149343,"proteasome subunit alpha type-3","gonad"
"LOC115117859",136.424131940618,0.544210542089093,0.211546086265176,0.000669130164082472,0.0169371473898453,"protein kish-A-like","gonad"
"itprip",49.6366690445666,0.543544620487613,0.141527488859941,9.81483499560733e-06,0.00227619574542032,"inositol 1,4,5-trisphosphate receptor interacting protein, transcript variant X2","gonad"
"lg27h12orf49",31.6008303918863,0.543210366727354,0.232083500442803,0.00117431415716523,0.0233077972389136,"linkage group 27 C12orf49 homolog","gonad"
"rpl22l1",498.866126385632,0.542911298042154,0.264268113919766,0.00226859238571895,0.0344289649038324,"ribosomal protein L22 like 1","gonad"
"mrps17",141.564069875145,0.54283525852633,0.270951149192813,0.00250397425599442,0.0367368666110376,"mitochondrial ribosomal protein S17, transcript variant X1","gonad"
"LOC115131889",70.8237652548134,0.542173112481194,0.228232961082377,0.00110688382345615,0.0225052893209795,"dual specificity protein phosphatase 7-like","gonad"
"LOC115135915",134.282607662441,0.542172349776149,0.196167748393471,0.0004027058856375,0.0126036957761092,"uncharacterized LOC115135915, transcript variant X4","gonad"
"LOC115117696",212.916986408852,0.541732064047421,0.219215627743801,0.000874486515378839,0.0198139917538992,"splicing factor U2AF 35 kDa subunit-like","gonad"
"LOC115111788",118.416020454865,0.541684917392246,0.237715433833305,0.00138477932402307,0.0255489669964341,"caspase-3-like","gonad"
"LOC115109887",527.913823016279,0.541665159298183,0.205910586889064,0.000559480737938191,0.0149728951229466,"RING-box protein 1","gonad"
"LOC115113513",103.111134939692,0.541601243916169,0.218556404665124,0.000858093300806877,0.0195995134508784,"trafficking protein particle complex subunit 2, transcript variant X2","gonad"
"LOC115128691",362.14690096755,0.540644578439229,0.285768499540108,0.00311012731311905,0.041389257768089,"cytochrome c oxidase copper chaperone-like, transcript variant X2","gonad"
"LOC115132769",27216.8609390301,0.539592440308066,0.233409534041409,0.00176972426188483,0.0297747289703582,"extracellular matrix protein 1-like","gonad"
"LOC115134211",177.703194110791,0.539249048521987,0.177823879940767,0.000180268019301389,0.00832530474505317,"serine/threonine-protein kinase 17B-like","gonad"
"LOC115114693",56.4598973010929,0.539012044808681,0.155769080996865,4.20351085727985e-05,0.00405875972915083,"caspase-8-like, transcript variant X2","gonad"
"LOC115122809",346.092967747345,0.538631759191115,0.223481060347148,0.00102641003513652,0.0217702696904157,"coatomer subunit zeta-1-like, transcript variant X3","gonad"
"dpp7",381.130060202328,0.53831666120941,0.184010973891481,0.000255266741665906,0.00986423623151824,"dipeptidyl peptidase 7","gonad"
"LOC115113733",328.644205595564,0.537482876190642,0.197217846124974,0.000448278668713712,0.01334615816367,"transmembrane protein 9B-like","gonad"
"LOC115143686",38.2853358266324,0.537350449015178,0.222484552439337,0.00100949981643807,0.0216476546141053,"guanine nucleotide exchange factor MSS4-like","gonad"
"LOC115112430",113.244712787178,0.537238464705343,0.193522891806529,0.000389861784400294,0.0123033881460326,"succinate dehydrogenase assembly factor 2, mitochondrial-like","gonad"
"LOC115101612",93.0417972184648,0.53687845826258,0.2340076035739,0.00136350439021184,0.0253975290950378,"dolichol-phosphate mannosyltransferase subunit 1-like, transcript variant X2","gonad"
"LOC115144348",246.404214921749,0.536846464867773,0.232790173996937,0.00130940172006924,0.0247935215695111,"translation machinery-associated protein 7-like","gonad"
"zcrb1",114.629350483599,0.536719058873388,0.271123891397488,0.00268640057940882,0.0381884346629926,"zinc finger CCHC-type and RNA binding motif containing 1","gonad"
"LOC115140061",379.492056389103,0.536309980788424,0.209434968048129,0.000710327001673291,0.0176278398121675,"transmembrane emp24 domain-containing protein 2-like, transcript variant X1","gonad"
"lzic",46.3441324651086,0.5362991412963,0.252554146765971,0.00194025751576435,0.0315354300952772,"leucine zipper and CTNNBIP1 domain containing, transcript variant X3","gonad"
"LOC115115108",221.200908845259,0.535413733906808,0.232404378623337,0.00129589730466113,0.0247849925675317,"thiosulfate sulfurtransferase/rhodanese-like domain-containing protein 3","gonad"
"LOC115121568",858.881019527912,0.535148569107898,0.229708103724383,0.00128016774163502,0.0246091128810753,"V-type proton ATPase subunit e 1-like","gonad"
"LOC115129347",48.0419400847096,0.534552956034866,0.285835052027365,0.00323532166304013,0.0424832286336095,"putative pregnancy-specific beta-1-glycoprotein 7, transcript variant X3","gonad"
"LOC115138225",753.200000520577,0.534534479324756,0.248468385878731,0.0019702438197529,0.031804404711868,"oligosaccharyltransferase complex subunit ostc-like","gonad"
"LOC115134145",27.4959208156278,0.534068741481205,0.278543187780317,0.00298590897686018,0.0404020983251206,"zinc finger and SCAN domain-containing protein 2-like","gonad"
"LOC115128329",283.179038899983,0.533432619875204,0.233548761480633,0.00141651776962434,0.0258149797573021,"NADH dehydrogenase [ubiquinone] iron-sulfur protein 5-like, transcript variant X1","gonad"
"LOC115139674",726.774519868615,0.533192225303747,0.25184569452935,0.00208971856435791,0.032619103215139,"ADP-ribosylation factor-like protein 6-interacting protein 4","gonad"
"ppt1",326.954015666644,0.533077041593713,0.171806839454006,0.000149301028686305,0.00770356738239602,"palmitoyl-protein thioesterase 1","gonad"
"LOC115111015",677.715952300284,0.530348100335375,0.268001937848544,0.0029508929513615,0.0401690568181381,"cytochrome c oxidase subunit 6A, mitochondrial-like","gonad"
"supt4h1",108.836601810475,0.529041870719933,0.202338431844579,0.000620032954392602,0.0161242795214414,"SPT4 homolog, DSIF elongation factor subunit","gonad"
"LOC115104171",15.0229074174909,0.528942250681626,0.293136918329809,0.0038132094914336,0.0468243331519424,"transmembrane protein 184B-like, transcript variant X2","gonad"
"LOC115133189",451.954536080717,0.528432787632132,0.254005726434361,0.0022386791905794,0.0341849923174362,"short transmembrane mitochondrial protein 1","gonad"
"LOC115102480",47.7853862803868,0.528226273366135,0.263740292842547,0.00261513531314307,0.0375987753639818,"pleckstrin homology domain-containing family G member 5-like, transcript variant X4","gonad"
"LOC115142187",143.936131509649,0.528124101342181,0.268211329850433,0.00276614384452765,0.0388099656197498,"small nuclear ribonucleoprotein Sm D2-like","gonad"
"LOC115143093",118.808330632224,0.527927800386638,0.254321256986148,0.00224162176907855,0.034202343430703,"coatomer subunit zeta-1","gonad"
"LOC115104862",93.9744923020003,0.527860379731418,0.227951400064444,0.00131911904021506,0.0249028105946881,"programmed cell death protein 6, transcript variant X1","gonad"
"LOC115101900",888.204695398302,0.526469658256529,0.221035207097754,0.00117361272385005,0.0233077972389136,"gamma-secretase subunit PEN-2","gonad"
"LOC115101984",94.6583348881715,0.526059950236843,0.207143455419095,0.000759620998100658,0.018233900154991,"zinc-binding protein A33-like","gonad"
"utp11",123.73261633573,0.525126024739095,0.247847686137756,0.00211944372073457,0.0328678680197454,"UTP11 small subunit processome component","gonad"
"ap3s1",156.725893062292,0.524928054766216,0.230973872416795,0.00147466467873878,0.0265173558327814,"adaptor related protein complex 3 subunit sigma 1","gonad"
"LOC115119282",35.4309157828928,0.524051022535344,0.201416147181614,0.000669972188803493,0.0169371473898453,"coiled-coil domain-containing protein 50-like, transcript variant X1","gonad"
"LOC115145617",1888.46947619095,0.523999928820678,0.196937830033856,0.000591714452183019,0.0155689431335516,"high mobility group protein B2-like, transcript variant X2","gonad"
"LOC115114130",117.60509273899,0.523855603532257,0.300983284436565,0.00418468025054388,0.0491544172109481,"beta-1,3-galactosyltransferase 2-like, transcript variant X1","gonad"
"commd1",79.9831023993373,0.523761771726879,0.245746507235649,0.00202787578936352,0.0322880439341979,"copper metabolism domain containing 1, transcript variant X1","gonad"
"eif3j",404.539540964009,0.523419447161018,0.192635955352612,0.000484596055657622,0.0138607648245877,"eukaryotic translation initiation factor 3 subunit J","gonad"
"atg12",256.207857556005,0.523347773109204,0.234257309434827,0.00158463668394446,0.0276145218085053,"autophagy related 12","gonad"
"LOC115118723",326.665635302896,0.523265603430796,0.168925254947904,0.000152992709592669,0.0077889646317195,"eukaryotic translation initiation factor 3 subunit J-A-like","gonad"
"cdkn2c",35.1142907614979,0.523092138749811,0.224880767349492,0.00129325241095327,0.0247849925675317,"cyclin dependent kinase inhibitor 2C, transcript variant X3","gonad"
"LOC115110805",50.3698277850629,0.521958685453833,0.284113567711004,0.00361436969795134,0.0454235599050355,"solute carrier family 35 member B1-like","gonad"
"LOC115144978",469.323472485082,0.521823730993741,0.156835232292823,7.15917958211613e-05,0.0051956441898365,"inhibitor of growth protein 5-like","gonad"
"LOC115135106",43.6142618522253,0.521274461331279,0.277108481254561,0.00330744583388398,0.0431906805962712,"pleckstrin-like","gonad"
"rdm1",31.5735347633708,0.520630364251129,0.284148100941088,0.00367296232651277,0.0458152448303816,"RAD52 motif containing 1","gonad"
"LOC115107129",134.142464520553,0.520565494257346,0.186257795189691,0.000384284145984201,0.0122143698244358,"diphosphoinositol polyphosphate phosphohydrolase 3-beta-like","gonad"
"LOC115131238",130.432729253297,0.520484955947821,0.209827922723158,0.000902582342863329,0.020177563945829,"alpha-taxilin-like","gonad"
"LOC115126144",134.963070526943,0.520233087386733,0.292547419629739,0.00397008423067057,0.0477899204753638,"enhancer of rudimentary homolog","gonad"
"LOC115117972",65.1473661101399,0.520118290058325,0.181026315588919,0.000306283767449502,0.0109012840914592,"uncharacterized LOC115117972","gonad"
"LOC115122307",3306.03276441652,0.519508483254566,0.28675831508203,0.00380222221926954,0.0467500504687459,"40S ribosomal protein S15a","gonad"
"LOC115129756",224.870415882167,0.519256086895621,0.219329596938564,0.00118413062174892,0.0234045024246512,"grancalcin-like","gonad"
"LOC115101471",139.405227141234,0.518759762077722,0.226213787860617,0.00143500157193833,0.0260765400812402,"protein CXorf40A-like","gonad"
"mrpl28",153.052443528947,0.51857543080682,0.167978944919384,0.000159244841553927,0.00779927105871799,"mitochondrial ribosomal protein L28","gonad"
"LOC115130773",319.107168278711,0.517922980958395,0.189227647407593,0.000465710070139862,0.0135103574633463,"nucleophosmin-like","gonad"
"LOC115128712",114.001970129582,0.51630121096331,0.151192673978843,5.29740525569513e-05,0.00453272018678246,"src-like-adapter","gonad"
"LOC115112261",83.8605856112526,0.516114632967456,0.135274753153036,1.20729557747346e-05,0.00227619574542032,"myotubularin-related protein 10-like","gonad"
"LOC115111903",42.9802955566912,0.516014993871252,0.172380680756235,0.000219215072385417,0.00918569529431956,"scavenger receptor class F member 2-like, transcript variant X2","gonad"
"LOC115139203",34.7833414889026,0.515094511276208,0.164237794837744,0.000139228593817697,0.00748946995436956,"CLOCK-interacting pacemaker-like","gonad"
"LOC115133712",30.0928768735072,0.514899989068485,0.254749293544735,0.00259051186055263,0.0373866936582042,"pseudouridine-5'-phosphatase-like","gonad"
"LOC115139194",269.111851400571,0.514509214144401,0.220087814508965,0.00130461775513138,0.0247849925675317,"peptidyl-prolyl cis-trans isomerase FKBP3-like, transcript variant X1","gonad"
"LOC115146407",224.129220421053,0.513887679820211,0.203981703028791,0.000834150561110403,0.0192732926854151,"akirin-2-like, transcript variant X1","gonad"
"LOC115132932",226.926716896936,0.513876639846084,0.217835185212563,0.00124330976862821,0.0242556763977583,"grancalcin-like","gonad"
"LOC115128961",29.8301445905075,0.51348700268866,0.277922931293756,0.00357524859335331,0.0452681266534644,"nucleoredoxin-like protein 2","gonad"
"mrpl35",94.8991988368335,0.513263589252572,0.242571801916224,0.00214291669197581,0.0330434031889606,"mitochondrial ribosomal protein L35","gonad"
"LOC115115370",115.023092074993,0.51291236215584,0.233778206933315,0.00182462947741508,0.0303130833469399,"retinol dehydrogenase 7-like, transcript variant X1","gonad"
"LOC115113383",122.356973740666,0.512787632133116,0.158573643889715,9.99381674362234e-05,0.00627929326674144,"protein FAM204A-like, transcript variant X2","gonad"
"psmg1",138.621314019358,0.511103639840748,0.262880869591569,0.00308093957911634,0.0411224567145179,"proteasome assembly chaperone 1, transcript variant X2","gonad"
"LOC115108938",594.31323758735,0.510982188108094,0.119794159672086,1.84485640069461e-06,0.00112685019184363,"eukaryotic translation initiation factor 4 gamma 2-like","gonad"
"LOC115133216",582.613670627003,0.510344425160497,0.16781977168134,0.000190243502739822,0.00853509635083688,"ADP-ribosylation factor 4","gonad"
"LOC115110339",214.471275469564,0.510142209435221,0.201033842380593,0.000807777322155253,0.0188954716922158,"SUMO-conjugating enzyme UBC9-B, transcript variant X3","gonad"
"LOC115141460",291.563516471009,0.510058430967342,0.188301821465847,0.000510366490717356,0.0142572586450007,"probable signal peptidase complex subunit 2","gonad"
"LOC115103264",102.728863659586,0.509847150365409,0.253737415223105,0.0026513972392155,0.0378613927032771,"DET1- and DDB1-associated protein 1-like","gonad"
"ppie",71.3729138827749,0.50874152048924,0.257004778202358,0.00286037161107749,0.0394869952486772,"peptidylprolyl isomerase E","gonad"
"LOC115141104",321.776400214723,0.506990172727978,0.161224748789673,0.000136524462940163,0.00744861274160554,"RNA-binding protein 8A, transcript variant X2","gonad"
"LOC115143168",196.634761756021,0.506763705060456,0.179786005123579,0.000373239783094838,0.011998803553312,"5'-AMP-activated protein kinase subunit gamma-1-like","gonad"
"lg22hxorf56",177.693746106978,0.506389231572987,0.201032997288911,0.000854954580928157,0.0195750483553503,"linkage group 22 CXorf56 homolog","gonad"
"LOC115106194",32.3311491274017,0.505636156341573,0.207230417998774,0.00105553432095349,0.0220845772013859,"putative nuclease HARBI1","gonad"
"cope",425.985933408795,0.505471265746612,0.208454465244291,0.00109058526207617,0.022379119605149,"coatomer protein complex subunit epsilon","gonad"
"LOC115103064",113.675077326726,0.505364668360614,0.165713729206762,0.000189156300117441,0.00852779653029464,"DENN domain-containing protein 4B-like, transcript variant X1","gonad"
"LOC115113538",162.919160229971,0.504033094372143,0.20235267677694,0.000919341626419295,0.0203924213053915,"origin recognition complex subunit 6-like","gonad"
"LOC115118661",22.1594651277217,0.503337220742074,0.249645460407187,0.00270500750628509,0.038344175942017,"zinc finger protein OZF-like","gonad"
"LOC115142016",596.267730742837,0.502735264395802,0.238075949890742,0.00225711637031371,0.0343557061671142,"cytochrome c oxidase subunit 6B1-like","gonad"
"LOC115111622",630.015290839336,0.502721050454362,0.207434439295054,0.00113644483309302,0.0229038183866404,"26S proteasome non-ATPase regulatory subunit 9-like","gonad"
"LOC115131303",499.936091045872,0.502683029320982,0.258801354135929,0.0031453902831484,0.0416489265814091,"cytochrome b-c1 complex subunit 7-like","gonad"
"trappc6b",61.4953508771111,0.502475284052686,0.197275944730673,0.000788777370496619,0.0186265164317957,"trafficking protein particle complex 6B, transcript variant X1","gonad"
"LOC115102929",190.220671100234,0.502444225795431,0.164474487700638,0.000187227935096708,0.00846100465645864,"NPC intracellular cholesterol transporter 1-like","gonad"
"LOC115131912",789.073093555577,0.502185992956189,0.213433665445957,0.00131548468189013,0.0248662372703837,"prostaglandin E synthase 3-like, transcript variant X1","gonad"
"LOC115144421",440.004920306092,0.502107251554956,0.268275298657895,0.00358555243358628,0.0453523282097236,"mitochondrial pyruvate carrier 1-like","gonad"
"LOC115122703",139.097348309099,0.502002936701527,0.27817077448026,0.00402198916351449,0.0480877155603268,"pyridoxal phosphate homeostasis protein-like, transcript variant X1","gonad"
"LOC115135747",23.1646835998368,0.501628744332135,0.252705453938842,0.00288902659957036,0.0396897255167697,"adrenodoxin-like","gonad"
"LOC115112951",238.533567652192,0.501166056036758,0.179235354449,0.00040763259142595,0.0126740937908873,"glycine N-acyltransferase-like, transcript variant X4","gonad"
"LOC115105473",48.4253341159984,0.50087520152599,0.179405633924254,0.000415251442205067,0.01282673092684,"E3 ubiquitin-protein ligase CBL-like","gonad"
"LOC115144144",108.685120175687,0.500135765489384,0.174758304415436,0.000338241825306685,0.0114164152623567,"growth arrest-specific protein 7-like, transcript variant X2","gonad"
"LOC115136381",195.956760705901,0.4997741877993,0.244543970188379,0.00257036786111879,0.0372663977414121,"mitochondrial fission 1 protein-like","gonad"
"LOC115133349",472.915658566119,0.499424101752647,0.165660526141597,0.000212366570229505,0.00901605607016967,"ER membrane protein complex subunit 4, transcript variant X2","gonad"
"cops6",233.626289442369,0.498991542943068,0.195663575239091,0.000802620578731994,0.0188322436905704,"COP9 signalosome subunit 6","gonad"
"LOC115133217",311.517590083572,0.497342888524594,0.203599008734593,0.00107127945256347,0.0223153756152797,"V-type proton ATPase subunit F","gonad"
"LOC115137909",100.401901027512,0.497211391984984,0.24309634168386,0.00260527748063541,0.0374855084314829,"ER membrane protein complex subunit 4-like, transcript variant X2","gonad"
"lg18h15orf41",28.1819265475094,0.496538503688613,0.215685837351414,0.00152660132144455,0.0269755122778694,"linkage group 18 C15orf41 homolog, transcript variant X1","gonad"
"LOC115109157",36.6785497353902,0.495575757761242,0.227266763074129,0.0019589798431746,0.0317036609662488,"solute carrier family 35 member E1-like","gonad"
"LOC115135474",214.962198482666,0.495261013444373,0.199366459102012,0.000968407528546076,0.0211497076736101,"protein CXorf40A-like","gonad"
"LOC115147170",555.290132401047,0.495235218893576,0.203282236730838,0.0010812350604698,0.022379119605149,"V-type proton ATPase subunit G 1-like","gonad"
"LOC115145306",373.989924813289,0.495066852440724,0.16202801057525,0.000190670491492157,0.00853509635083688,"influenza virus NS1A-binding protein homolog A-like, transcript variant X1","gonad"
"LOC115109934",19.6294183409904,0.494706744342253,0.208314408985839,0.00127142866581058,0.0245658181501258,"rho GTPase-activating protein 15-like, transcript variant X3","gonad"
"LOC115104137",65.0736915544693,0.493941989983807,0.254901957787323,0.00321435558623971,0.0422665437676729,"coiled-coil domain-containing protein 43-like","gonad"
"LOC115124141",27.1212771831125,0.493535659869274,0.259812539099793,0.00346048217592495,0.0444835234223618,"rho-related GTP-binding protein RhoG-like","gonad"
"LOC115102521",123.797434216589,0.493137125256373,0.188137164281553,0.000679443472730911,0.0170853415088444,"probable Bax inhibitor 1, transcript variant X2","gonad"
"LOC115146198",83.3895624274876,0.493015560787544,0.190717799628111,0.000744747963224045,0.0181024424693804,"ADP-ribosylation factor 6-like","gonad"
"LOC115111831",695.918832556874,0.492835645349635,0.248616277170821,0.00308796622351175,0.0411475302197009,"small integral membrane protein 15, transcript variant X1","gonad"
"LOC115116375",497.929295796466,0.492427914509548,0.190737487148824,0.000752135879817523,0.0182092794788273,"NADH dehydrogenase [ubiquinone] 1 alpha subcomplex subunit 13-like","gonad"
"LOC115142238",14.067681512363,0.491548088948677,0.239746249506832,0.00265083006463153,0.0378613927032771,"PHD finger protein 1-like","gonad"
"LOC115143101",324.479353406777,0.489612488601749,0.13807987163113,3.63086210597351e-05,0.00389088608402966,"extended synaptotagmin-1-like","gonad"
"LOC115143008",159.077408798814,0.489506843697875,0.171613032568674,0.000355663066936545,0.0116715427598674,"golgin subfamily A member 7-like, transcript variant X2","gonad"
"LOC115132376",15.9246808488947,0.488850589395318,0.264696794974315,0.003874422232939,0.0471782540068811,"solute carrier family 52, riboflavin transporter, member 3-A-like, transcript variant X1","gonad"
"LOC115110442",109.357777645819,0.488610957187411,0.232546694496974,0.00236768020714769,0.0352819155136609,"trafficking protein particle complex subunit 5-like, transcript variant X1","gonad"
"LOC115145942",265.957215992265,0.488284909234978,0.162301909981412,0.000222235132531217,0.00926877144158281,"trifunctional enzyme subunit alpha, mitochondrial-like","gonad"
"LOC115128481",469.426743734466,0.488218962401734,0.23849848619829,0.00270744443555733,0.038344175942017,"cytosolic non-specific dipeptidase-like","gonad"
"plp2",321.161522416891,0.486791522623293,0.24690662242561,0.00312488455002853,0.0414489617340316,"proteolipid protein 2","gonad"
"LOC115124087",69.6759231266077,0.486132225175771,0.192298201030937,0.000872942367332264,0.0198139917538992,"programmed cell death protein 10-B, transcript variant X2","gonad"
"LOC115138312",65.5042075354281,0.485864864686849,0.192795102125893,0.000890982406245635,0.0199890424908307,"akirin-2-like","gonad"
"psmg4",106.087572566353,0.485603837812778,0.165601936929352,0.000281095426519318,0.0104159332703391,"proteasome assembly chaperone 4","gonad"
"LOC115129375",222.152287009028,0.485504745980612,0.191019280782273,0.000859823236465257,0.01961536503912,"plastin-2-like","gonad"
"LOC115112349",34.4128484630244,0.485250750035891,0.208436847565821,0.00148117553723549,0.0266091639445483,"tyrosine-protein kinase Fes/Fps-like, transcript variant X1","gonad"
"LOC115146028",125.976235557051,0.484357480538008,0.215580741335805,0.00176609966377796,0.0297747289703582,"EH domain-containing protein 4-like","gonad"
"LOC115141601",35.4517647175917,0.484218904146025,0.196392104248414,0.00104064061846978,0.0218733277774784,"uncharacterized LOC115141601","gonad"
"LOC115145795",43.9234669935409,0.484204610866307,0.193991261643001,0.000959863785593697,0.0210275218907099,"melatonin receptor type 1A-A","gonad"
"LOC115118597",814.963143705283,0.48310090023704,0.181824413353786,0.00063785760497745,0.0164101002041413,"nascent polypeptide-associated complex subunit alpha-like, transcript variant X1","gonad"
"LOC115103322",1446.11169425595,0.482468307959312,0.25118804294838,0.00350683588084608,0.0448965094008252,"profilin-2-like, transcript variant X2","gonad"
"LOC115133160",53.5157805224811,0.482355947829012,0.204660516298578,0.00140543278171688,0.0256623623161129,"phosphatidylinositol 4,5-bisphosphate 3-kinase catalytic subunit gamma isoform-like, transcript variant X1","gonad"
"LOC115117273",337.874395917104,0.481969198879708,0.189098495429991,0.000852853114104495,0.0195742711703862,"eukaryotic translation initiation factor 3 subunit J-A-like","gonad"
"LOC115111026",88.428837778894,0.48186421606454,0.243810311219175,0.00308174101282814,0.0411224567145179,"transmembrane protein 230-like","gonad"
"plekhj1",183.174048747024,0.481784899870447,0.235235586428273,0.00273504958369791,0.038619063286592,"pleckstrin homology domain containing J1","gonad"
"LOC115113789",277.118975205808,0.481278951369059,0.240707981522318,0.00301640676103989,0.0405363108731656,"signal peptidase complex catalytic subunit SEC11A-like","gonad"
"LOC115119134",577.403818269178,0.479123208873334,0.187497954884686,0.000830898560324031,0.0192335748652024,"glutathione-specific gamma-glutamylcyclotransferase 1-like","gonad"
"LOC115140778",1177.1638803045,0.479003039629613,0.177343245167936,0.000578252597205427,0.0153565398710866,"retinol-binding protein 1-like, transcript variant X2","gonad"
"LOC115139615",894.07975541194,0.478883436721834,0.174704194115906,0.000500091808668325,0.0140911091282217,"guanine nucleotide-binding protein G(k) subunit alpha-like","gonad"
"LOC115120542",46.0392153272745,0.478578952301616,0.173124323272275,0.000469119716344197,0.0135812232837657,"MFS-type transporter SLC18B1-like, transcript variant X1","gonad"
"LOC115102094",1795.7619289095,0.478486023799857,0.217093310619695,0.00238928098439748,0.0353998712359673,"phospholemman-like, transcript variant X2","gonad"
"LOC115139151",204.753865808168,0.478238755464608,0.254495219124504,0.00385007082004279,0.047044566307362,"calmodulin","gonad"
"LOC115105106",81.7254215412378,0.477285289861654,0.190950200100642,0.000986722896671912,0.0213569996161128,"B-cell receptor CD22-like, transcript variant X2","gonad"
"LOC115109576",34.272539322933,0.476795505167123,0.199415030499942,0.00128237912032196,0.0246266213420854,"thromboxane-A synthase-like","gonad"
"LOC115117362",44.635338305569,0.476632379792075,0.219451043667397,0.00211499795094874,0.0328289567057646,"tyrosine-protein phosphatase non-receptor type 18-like, transcript variant X2","gonad"
"LOC115107577",204.179746954913,0.476531500571071,0.22558601359892,0.00238429466988233,0.0353536566751934,"uncharacterized protein DDB_G0271670-like, transcript variant X1","gonad"
"LOC115106983",110.678559738431,0.476337825612696,0.238732807939306,0.00305985997135676,0.0409169834446612,"electron transfer flavoprotein regulatory factor 1, transcript variant X2","gonad"
"LOC115102029",2452.08136173695,0.47576676035975,0.24718572530331,0.00357650475170757,0.0452681266534644,"60S ribosomal protein L32-like","gonad"
"LOC115143118",137.489142373756,0.475254367675104,0.180476216662031,0.000693768107964931,0.0173418771684863,"la-related protein 4-like, transcript variant X1","gonad"
"LOC115101971",96.0368109259668,0.475168168159278,0.120007590429026,7.3805549537406e-06,0.00212252718005581,"ETS domain-containing protein Elk-3-like, transcript variant X2","gonad"
"LOC115141548",95.9151094586987,0.474640053593899,0.219113382618533,0.00219623658547071,0.0336999511717082,"flavin reductase (NADPH)-like, transcript variant X2","gonad"
"nrm",26.1110985401794,0.474632194205993,0.258598337675195,0.00416999391910047,0.0490888803620421,"nurim","gonad"
"LOC115102138",143.181263161796,0.474560159121412,0.214081989390364,0.00194684392209694,0.0315642512230437,"prostaglandin E synthase 3-like","gonad"
"LOC115128415",67.0296881643906,0.474241329914326,0.228334108267582,0.00267082196607866,0.0380240706223304,"ectonucleotide pyrophosphatase/phosphodiesterase family member 2-like, transcript variant X2","gonad"
"LOC115119110",53.7353019868793,0.473965152968422,0.234123514013655,0.00288228211156914,0.0396627992605826,"mitochondrial inner membrane protease ATP23 homolog","gonad"
"LOC115110677",133.763088762722,0.473427288752511,0.141992383738833,7.89723648220017e-05,0.00551786615462953,"UNC93-like protein MFSD11","gonad"
"ech1",89.6894869032581,0.473073638034666,0.196404319538462,0.00124096831801249,0.0242494686290676,"enoyl-CoA hydratase 1","gonad"
"LOC115146256",279.15431567147,0.472996519978381,0.249435002267901,0.00377220902650943,0.046501808539685,"GTP cyclohydrolase 1 feedback regulatory protein","gonad"
"LOC115135950",143.900406937276,0.471233527053808,0.224908481868292,0.00255309686526273,0.0371582545301689,"membrane-associated progesterone receptor component 1-like","gonad"
"LOC115134815",1272.03507002505,0.471071499191796,0.19292458435825,0.00110693466252474,0.0225052893209795,"zinc finger CCCH domain-containing protein 15-like","gonad"
"LOC115143330",22.4522464443781,0.470902665374722,0.209951512355741,0.0018749622425671,0.0309353218814868,"scm-like with four MBT domains protein 1, transcript variant X1","gonad"
"mtres1",77.2181227276283,0.470458742629092,0.257971345162194,0.00427632067801343,0.049783116868518,"mitochondrial transcription rescue factor 1, transcript variant X1","gonad"
"LOC115145288",972.627559059077,0.470219098794824,0.236768957764719,0.00335940779454852,0.0435518148257984,"cytochrome c oxidase subunit 6C-1-like","gonad"
"LOC115137482",412.769482414688,0.470038751044859,0.244212820330272,0.00362018350913908,0.0454556730022503,"signal peptidase complex subunit 3","gonad"
"LOC115103260",110.651783311825,0.469095675817189,0.188694823284842,0.00104081691721722,0.0218733277774784,"MARVEL domain-containing protein 2-like","gonad"
"LOC115122468",188.067461429958,0.46909529022764,0.157573063347619,0.000261346670805441,0.00999669187074183,"muscleblind-like protein 3, transcript variant X1","gonad"
"LOC115141342",101.876960785865,0.467032901965123,0.203381896760571,0.00169672978346746,0.0289542920237502,"uncharacterized LOC115141342, transcript variant X1","gonad"
"LOC115105589",600.201604453797,0.46653036205901,0.234181806437049,0.00353975340540019,0.0451136703047182,"non-histone chromosomal protein HMG-14-like","gonad"
"LOC115130168",106.378157462284,0.466209573405497,0.20977087549556,0.001976043591145,0.0318437322538984,"gamma-glutamyl hydrolase-like, transcript variant X1","gonad"
"gnmt",613.06092789957,0.464616650336456,0.204483252809585,0.00180654031865126,0.0301647627280967,"glycine N-methyltransferase","gonad"
"LOC115113653",395.597415590791,0.46449622077459,0.171617839265995,0.000592006287623825,0.0155689431335516,"disintegrin and metalloproteinase domain-containing protein 10-like, transcript variant X1","gonad"
"tmem141",74.4585263063367,0.464474596786515,0.222571755968838,0.002640323798906,0.0378058444034855,"transmembrane protein 141","gonad"
"LOC115131613",4593.12712100703,0.464446821249937,0.191313212832302,0.00134988230620794,0.0252944883696686,"BOLA class I histocompatibility antigen, alpha chain BL3-7-like, transcript variant X2","gonad"
"LOC115129527",72.0355151340398,0.463424271671987,0.197901907144172,0.00150630455922351,0.0267309061189289,"AP-1 complex-associated regulatory protein-like, transcript variant X3","gonad"
"LOC115103125",92.6070982675694,0.461613061068192,0.143203566024504,0.000118981156998222,0.00681488737717606,"deubiquitinating protein VCIP135-like","gonad"
"LOC115103209",1221.77140668235,0.461581619726553,0.201886701817827,0.00179484176469992,0.0301021512972479,"actin-related protein 2/3 complex subunit 5-like","gonad"
"mrpl51",114.081287344241,0.460119989998321,0.213483287988321,0.00233323505659546,0.0349067014587401,"mitochondrial ribosomal protein L51","gonad"
"LOC115146245",152.973995773056,0.459926603814972,0.207650146411661,0.00204812037994646,0.0324206746094933,"protein max-like, transcript variant X4","gonad"
"LOC115135666",59.7110705878341,0.459833502156594,0.19661419036128,0.00153193674229658,0.0270337578894555,"FUN14 domain-containing protein 1A-like","gonad"
"LOC115144299",41.9868603791725,0.459728530790727,0.224906006525485,0.0029559305299034,0.0401949139241815,"rho GTPase-activating protein 27-like, transcript variant X2","gonad"
"LOC115112404",142.482011629431,0.458946212526372,0.181958569516522,0.000974859074014795,0.0212041699568533,"toll-interacting protein-like","gonad"
"LOC115143180",46.5867127495416,0.458717074365694,0.23457462455883,0.00354795911124668,0.0451482565668387,"integrin beta-7-like, transcript variant X2","gonad"
"rai14",44.1524368066379,0.458552494314979,0.224653485974985,0.00294877262398089,0.0401690568181381,"retinoic acid induced 14, transcript variant X2","gonad"
"LOC115102380",1029.54807341676,0.458155877890479,0.195729243473338,0.00154323196726542,0.0271521554275581,"peptidyl-prolyl cis-trans isomerase FKBP1A-like","gonad"
"LOC115113182",135.489553140344,0.458026438722713,0.242889223619635,0.00401555749698374,0.0480877155603268,"ubiquitin-conjugating enzyme E2 D4-like","gonad"
"LOC115141857",147.394200520972,0.457691091251395,0.19188552212619,0.00139275553563893,0.025603714628469,"vacuolar protein sorting-associated protein 26B-like","gonad"
"LOC115134268",50.5795463673371,0.457476407515703,0.184370890839438,0.00107755271509251,0.0223722156362683,"aminopeptidase N-like","gonad"
"LOC115108013",190.103638599458,0.456157916956492,0.235995285331352,0.00374637007582008,0.0463341067182581,"peptidyl-prolyl cis-trans isomerase FKBP1B, transcript variant X1","gonad"
"timm10",51.4493835813772,0.453226030229199,0.222193396335678,0.00306444206546289,0.0409493369862666,"translocase of inner mitochondrial membrane 10","gonad"
"LOC115101354",71.1844935408339,0.451365245544384,0.195291414672855,0.0016887528538608,0.0289542920237502,"fermitin family homolog 3-like, transcript variant X2","gonad"
"cop1",104.901165579781,0.451273693185558,0.163963175962393,0.00053529152561869,0.0146682272613457,"COP1 E3 ubiquitin ligase, transcript variant X2","gonad"
"LOC115114485",131.756467113628,0.450761849767807,0.160015448187052,0.000444352786891728,0.013251665821277,"pre-B-cell leukemia transcription factor 1-like, transcript variant X1","gonad"
"hypk",302.754237533168,0.450731862371525,0.225385677719802,0.00331496940458412,0.0432293014296146,"huntingtin interacting protein K","gonad"
"LOC115110565",132.763211909037,0.45003299160864,0.214082926501392,0.00271464962950809,0.038416958695617,"transmembrane protein 205-like","gonad"
"ndufb3",672.817894690584,0.449801146790283,0.20823959948563,0.00250121233666722,0.0367368666110376,"NADH:ubiquinone oxidoreductase subunit B3","gonad"
"LOC115112278",99.2504601930631,0.449417721069478,0.144169728522286,0.00018098205931299,0.00833453361232484,"transcription factor 12-like, transcript variant X6","gonad"
"LOC115120482",46.6664341984896,0.448924757351508,0.21611163206768,0.00286325030242587,0.0394869952486772,"cleavage stimulation factor subunit 3-like","gonad"
"LOC115126483",18.6705226937956,0.448852156997241,0.226288178082294,0.00359842430085146,0.0453784603009112,"transcription factor 7-like 2, transcript variant X1","gonad"
"LOC115105495",742.238709191845,0.448160913216252,0.22428199188406,0.00376172896687002,0.0464633646364539,"membrane-associated progesterone receptor component 1-like","gonad"
"LOC115111637",503.304058600701,0.447240823126247,0.152883055036256,0.000329722439602502,0.01131031593093,"MOB kinase activator 1A","gonad"
"LOC115130449",535.054580825371,0.447175404106771,0.161504623220327,0.000524347662542885,0.0144100478813491,"zinc finger CCCH domain-containing protein 15-like","gonad"
"pdk3",85.8826386422678,0.446967103131413,0.181507331849546,0.00118156580352986,0.0234045024246512,"pyruvate dehydrogenase kinase 3, transcript variant X1","gonad"
"LOC115130875",56.624686363204,0.446849623186085,0.213541994849847,0.00282469750990571,0.0392411205796513,"multidrug resistance-associated protein 5-like","gonad"
"LOC115106408",24.0432606279222,0.446453937328247,0.233711068986451,0.00393423534899824,0.0475783593148992,"rho GTPase-activating protein 22-like, transcript variant X1","gonad"
"LOC115135777",123.717411197848,0.44625993664999,0.208111727103214,0.00250196548833815,0.0367368666110376,"diablo homolog, mitochondrial-like","gonad"
"LOC115141909",85.8271155626937,0.445019703324994,0.157692366554498,0.000451821154391991,0.013346698219052,"Friend leukemia integration 1 transcription factor-like, transcript variant X2","gonad"
"LOC115125274",241.718890403228,0.444518769792057,0.18943896803578,0.00160279018176159,0.0278429652217025,"ER membrane protein complex subunit 3-like","gonad"
"LOC115105320",12.6580881985852,0.444146465069672,0.229111828568194,0.00396331644485557,0.0477899204753638,"tripartite motif-containing protein 16-like","gonad"
"LOC115137038",102.617184087446,0.443552236526449,0.224020047877648,0.00357480333204976,0.0452681266534644,"phospholipase D3-like, transcript variant X2","gonad"
"LOC115105209",83.7655376133424,0.443512212441411,0.128429402561157,5.83108286025478e-05,0.00473869330295812,"RING finger protein 145-like","gonad"
"LOC115111930",820.151706543362,0.443509793236802,0.226477247052309,0.00374504502454624,0.0463341067182581,"histone H2A.V","gonad"
"LOC115108220",237.979122785712,0.442938123645046,0.21918399431644,0.00328892905935398,0.0430211094984973,"myeloid-derived growth factor-like","gonad"
"LOC115102897",23.1150440118192,0.442392554069038,0.233959657130734,0.00420017373549661,0.0492752724173658,"zinc finger protein 263-like, transcript variant X1","gonad"
"LOC115101940",398.67772979305,0.442235410784325,0.218908095980727,0.00319597628328553,0.0421126032874123,"transmembrane emp24 domain-containing protein 4-like, transcript variant X1","gonad"
"naxe",91.2771325722268,0.44195123736508,0.144713715426653,0.000223267019676939,0.00929134289578646,"NAD(P)HX epimerase","gonad"
"LOC115128647",157.806537844071,0.441892553552714,0.140648258730935,0.000167821343159344,0.00800427489350674,"zinc finger and BTB domain-containing protein 10-like","gonad"
"LOC115132466",99.9502255381696,0.440398697214825,0.2281709693908,0.0039493161176956,0.0476915182962794,"fat storage-inducing transmembrane protein 2-like","gonad"
"id2",1454.65927844656,0.440229365782789,0.192622319310434,0.00175730665013304,0.0297360155677114,"inhibitor of DNA binding 2, transcript variant X2","gonad"
"LOC115105819",94.9012500354852,0.440085105606676,0.174065929741137,0.00103007018286665,0.0217902260174781,"transmembrane protein 120B, transcript variant X1","gonad"
"LOC115140025",169.733319004957,0.439095136808814,0.203988908650256,0.00254150110065902,0.0370179410315219,"ubiquitin-like protein 4A-B, transcript variant X3","gonad"
"LOC115134057",644.006160369947,0.438713724250761,0.192233188996795,0.00192048749715839,0.0313486472057707,"V-type proton ATPase subunit E 1-like","gonad"
"LOC115101461",53.1523576365172,0.438615662731794,0.178539028944607,0.00124512899174128,0.0242556763977583,"phosphatidylinositol-binding clathrin assembly protein-like, transcript variant X1","gonad"
"LOC115141644",906.158041217224,0.437579150304919,0.188019018786198,0.00174215540777822,0.0295060041558861,"histone H3.3","gonad"
"LOC115103252",1556.95210648733,0.437093852738677,0.192201075789013,0.00204477827881683,0.0324206746094933,"calponin-2-like","gonad"
"LOC115102162",541.757260952146,0.437042508183769,0.173126025407948,0.00106273512230737,0.0222106948574946,"charged multivesicular body protein 4b-like","gonad"
"LOC115125583",21.1296078421369,0.435975736019806,0.177567108001368,0.00127500920760232,0.0246066293718429,"zinc finger protein 501-like","gonad"
"LOC115105370",105.990084410744,0.435508640254334,0.225390758715671,0.00403738327425982,0.0482320834688389,"zinc finger protein ZPR1-like","gonad"
"LOC115132384",61.5633005259821,0.435500489614425,0.203907483556052,0.00263474068535336,0.0378058444034855,"partner of Y14 and mago A","gonad"
"LOC115143250",77.6570024837749,0.43500780980603,0.215327235765571,0.0033730091915217,0.043655453890269,"aflatoxin B1 aldehyde reductase member 4-like","gonad"
"nol7",166.359793590252,0.433628889328607,0.18557627898878,0.0017119505534825,0.0291771230694789,"nucleolar protein 7","gonad"
"LOC115117581",68.4863331338907,0.433601953607487,0.213864618595881,0.00334061695061797,0.0433844869409817,"TCF3 fusion partner homolog, transcript variant X1","gonad"
"LOC115104166",136.076166649077,0.433515893797529,0.136334102380589,0.000153965944518679,0.0077889646317195,"protein tweety homolog 3-like, transcript variant X1","gonad"
"LOC115128279",293.275602355455,0.43339459572144,0.147876127838967,0.000340485229745251,0.0114513105243807,"sialidase-1-like","gonad"
"LOC115103901",27.0767495002264,0.432973878997759,0.199321359264036,0.00252293289758265,0.0367837182686197,"SERTA domain-containing protein 2-like","gonad"
"LOC115107806",50.8792664926671,0.432952849397749,0.214766294425385,0.00342490510477383,0.0442062564136964,"epoxide hydrolase 1-like","gonad"
"LOC115139988",66.4916876644219,0.432777843609334,0.155164111630294,0.000518766301308476,0.0142773835977849,"U5 small nuclear ribonucleoprotein 200 kDa helicase-like","gonad"
"LOC115131583",858.430312221205,0.432482096297613,0.219168951802801,0.00381193321393468,0.0468243331519424,"tumor necrosis factor receptor superfamily member 11B-like","gonad"
"LOC115106138",53.3962247969041,0.431056497002104,0.151524826110609,0.000449218354534701,0.0133466981803199,"SCY1-like protein 2","gonad"
"olah",38.2039249101299,0.430478110176213,0.19072739812869,0.00206042018447992,0.0324263221108153,"oleoyl-ACP hydrolase, transcript variant X1","gonad"
"LOC115105469",203.605063461842,0.429296868880473,0.177677135906522,0.00143695885559412,0.0260870718414905,"derlin-2","gonad"
"LOC115102537",525.055393209571,0.428988837341163,0.124141515289088,6.07971888879697e-05,0.00481671452549668,"chromobox protein homolog 5-like","gonad"
"LOC115126333",378.040028408186,0.428094343622258,0.197790734729624,0.00260215846224054,0.0374691030285358,"transmembrane emp24 domain-containing protein 2, transcript variant X1","gonad"
"LOC115138107",228.511518673002,0.427902639441588,0.190377205448024,0.00217338125368027,0.0334201891404389,"nuclear factor 1 B-type-like, transcript variant X3","gonad"
"LOC115113131",21.2370297231947,0.427626202601883,0.213044689028302,0.00363586369990303,0.0455625937509357,"heterogeneous nuclear ribonucleoprotein L-like, transcript variant X1","gonad"
"LOC115105533",77.317587433933,0.427309461597089,0.193456652484101,0.00236827645196002,0.0352819155136609,"cytospin-B-like, transcript variant X3","gonad"
"LOC115101848",36.324414103006,0.426466142003659,0.187051871196563,0.00202828522016966,0.0322880439341979,"plexin A3-like","gonad"
"LOC115135087",386.674049249718,0.425944956992635,0.201808452227319,0.00277887349372975,0.0389186165708378,"survival of motor neuron-related-splicing factor 30-like","gonad"
"tmlhe",80.7550571168327,0.425119554142795,0.180664700648212,0.00169713354931526,0.0289542920237502,"trimethyllysine hydroxylase, epsilon, transcript variant X1","gonad"
"LOC115140758",275.544396443374,0.42468649742303,0.192061782328089,0.00237664064790191,0.0352954436611943,"tumor necrosis factor receptor superfamily member 1A-like, transcript variant X3","gonad"
"LOC115132348",1942.60175292731,0.423895667252325,0.201530001829254,0.00311128915450312,0.041389257768089,"peptidyl-prolyl cis-trans isomerase FKBP1A-like","gonad"
"vamp8",108.339996459367,0.423267403671952,0.176826248310762,0.00155798586534294,0.0273326649771722,"vesicle associated membrane protein 8","gonad"
"LOC115132318",133.4382676159,0.423228883595496,0.178753369973713,0.00163912060399334,0.0282666198876264,"cell division control protein 42 homolog, transcript variant X3","gonad"
"LOC115107437",123.018819719889,0.4222204784069,0.215162173937896,0.00400557689603503,0.0480643843640198,"membrane magnesium transporter 1-like","gonad"
"LOC115144937",81.3936190599564,0.420885148854346,0.182649658126295,0.00193840296372975,0.0315323540534561,"AN1-type zinc finger protein 5-like","gonad"
"LOC115106384",52.7300241946681,0.419716012555578,0.196541448301638,0.0028283707556016,0.0392633432971527,"zinc finger protein 501-like","gonad"
"bcap29",189.588051643235,0.418887733779819,0.156383334831293,0.000752990009607699,0.0182092794788273,"B cell receptor associated protein 29","gonad"
"LOC115118002",43.9438070991265,0.418624247400741,0.198552468365045,0.0030392433339943,0.0407853100844664,"RNA-binding protein 12B-A-like","gonad"
"LOC115141755",300.597199536745,0.416611056093814,0.113987704382862,3.06899377936175e-05,0.00360309480990174,"tripartite motif-containing protein 3-like","gonad"
"LOC115141006",119.865183072072,0.415936219033043,0.198846340685022,0.00318590903962756,0.0420279257162416,"protein DEK-like, transcript variant X2","gonad"
"LOC115142908",373.982151745154,0.415769124026465,0.122803557989269,8.1350343009474e-05,0.00558185364993893,"synaptophysin-like protein 1","gonad"
"LOC115101039",56.9071688948424,0.415587575836483,0.153485151169775,0.000697972890947313,0.0174125384586131,"centrin-3","gonad"
"LOC115109490",43.0621353470655,0.414578102475173,0.177517108204791,0.00184612944965114,0.0305296603747985,"nuclear factor of activated T-cells 5-like, transcript variant X2","gonad"
"LOC115138465",263.79109677024,0.414296584351209,0.168718508762037,0.00138675483297798,0.0255489669964341,"bcl-2-modifying factor-like","gonad"
"LOC115141831",86.2848773408588,0.41424005494672,0.192471639089833,0.00279287930860952,0.0390569938763081,"glyoxalase domain-containing protein 4-like","gonad"
"srp19",235.498722124839,0.414124823473354,0.190685275625962,0.00270306433690609,0.038344175942017,"signal recognition particle 19","gonad"
"LOC115109216",261.802984305667,0.412742197824486,0.206875496731554,0.00393492002572655,0.0475783593148992,"ras-related protein Rab-8A-like","gonad"
"LOC115132157",59.6527951107141,0.41234100149121,0.194521777976037,0.00300560026619294,0.0404772695877406,"ADP-ribosylation factor-like protein 8A","gonad"
"LOC115132071",538.814357855917,0.412145868269219,0.194529207162826,0.00299294594812163,0.0404020983251206,"dynein light chain Tctex-type 3-like","gonad"
"LOC115102427",239.676587780315,0.411797288760742,0.16109182749754,0.00108270138965775,0.022379119605149,"citrate synthase, mitochondrial-like","gonad"
"LOC115144429",303.82694255905,0.411134631376045,0.157854573289517,0.000949190779684048,0.0208987528061831,"vacuolar protein sorting-associated protein 26A-like","gonad"
"LOC115113497",176.795879028116,0.41043674621996,0.136274746772212,0.000289826956768009,0.0105333855808773,"autophagy-related protein 13-like, transcript variant X2","gonad"
"LOC115113376",336.025027557,0.409747987900431,0.131338501825512,0.000206085376254493,0.00882856696692042,"transmembrane 9 superfamily member 3-like","gonad"
"LOC115135940",240.274487741284,0.408628996583467,0.188790109869706,0.00282002309327501,0.0392049466014407,"nucleolar protein 16-like","gonad"
"LOC115142364",660.658910116742,0.408358480513828,0.167729666963321,0.00150125502684343,0.0267309061189289,"rho guanine nucleotide exchange factor 3-like","gonad"
"LOC115103687",251.372954532041,0.408218715604823,0.166629611820869,0.00144527823146028,0.0261878883375124,"ras and Rab interactor 2-like, transcript variant X1","gonad"
"LOC115118739",23.3609642198371,0.407053393512064,0.389323119673911,0.00318733041080132,0.0420279257162416,"uncharacterized LOC115118739","gonad"
"LOC115145368",571.415887918826,0.406165153028338,0.194400985771341,0.00335563396513888,0.0435496429951369,"non-specific lipid-transfer protein-like, transcript variant X2","gonad"
"cops3",278.910106540116,0.405965518329006,0.151809678992472,0.00079974681859809,0.0187880967867926,"COP9 signalosome subunit 3","gonad"
"LOC115119017",137.712656709174,0.405754274912464,0.176264659620607,0.0020882286949193,0.032619103215139,"vesicular integral-membrane protein VIP36-like, transcript variant X2","gonad"
"LOC115103317",53.9303490633662,0.405650777331118,0.201190562098532,0.00389343538583431,0.047278686142634,"ephrin type-B receptor 3-like","gonad"
"mrpl48",152.507550579698,0.405401914391652,0.157389981735403,0.00104634757646974,0.0219408542197724,"mitochondrial ribosomal protein L48","gonad"
"nudt7",52.0279260364709,0.404463879834475,0.197520040226196,0.00363352598004592,0.0455625937509357,"nudix hydrolase 7, transcript variant X1","gonad"
"LOC115110513",382.186540562373,0.401790370736358,0.160740180160152,0.00130861379996119,0.0247935215695111,"DNA-directed RNA polymerases I, II, and III subunit RPABC2","gonad"
"LOC115105673",112.291883565669,0.4004022704354,0.198259973770085,0.00396665413934462,0.0477899204753638,"sodium channel subunit beta-4-like, transcript variant X1","gonad"
"LOC115127937",288.809654632536,0.400106097678015,0.198680134498648,0.00401470882804546,0.0480877155603268,"60S ribosomal protein L30-like","gonad"
"LOC115107474",265.788512249308,0.397003804069952,0.190620676699011,0.00354528929185494,0.0451446218838421,"protein FAM89A-like","gonad"
"isca2",242.07943140601,0.396698761907544,0.169939132998321,0.00200427271233472,0.0320531282162652,"iron-sulfur cluster assembly 2, transcript variant X1","gonad"
"LOC115126126",56.4148754204787,0.39669216931124,0.17423687741504,0.00232146539227641,0.0348588003193924,"nck-associated protein 1-like","gonad"
"LOC115147158",63.0173520550457,0.395727625731715,0.182936085465562,0.00299454484502235,0.0404020983251206,"microtubule-associated serine/threonine-protein kinase 3-like, transcript variant X1","gonad"
"LOC115110486",109.333923202641,0.395308851709409,0.132451351825749,0.000339928956071238,0.0114513105243807,"sterol regulatory element-binding protein 2-like, transcript variant X2","gonad"
"LOC115113214",86.0375906305604,0.395134642487671,0.161630496658356,0.00152721146880782,0.0269755122778694,"survival of motor neuron-related-splicing factor 30-like, transcript variant X1","gonad"
"LOC115133836",304.75382870493,0.394395922379187,0.150519793857663,0.00097650045959208,0.0212041699568533,"arrestin red cell-like","gonad"
"znf319",70.1862378297674,0.393977819500016,0.165840841526864,0.00183223847036049,0.0304061660265345,"zinc finger protein 319, transcript variant X2","gonad"
"LOC115138553",121.928502955369,0.393814987638036,0.15075751783295,0.00099229945657584,0.0214488472719903,"charged multivesicular body protein 3, transcript variant X2","gonad"
"LOC115110101",103.515935544991,0.393803250303809,0.160330310613189,0.00149378272841209,0.0267026124539663,"protein PET100 homolog, mitochondrial","gonad"
"ldah",73.5124443664558,0.39370418630758,0.166236993098144,0.00188418854299286,0.0310235739665824,"lipid droplet associated hydrolase","gonad"
"wdr61",131.320061817123,0.393659437507431,0.168590556124372,0.00203089835361129,0.0322880439341979,"WD repeat domain 61, transcript variant X1","gonad"
"LOC115111291",102.44144916003,0.39310610700326,0.176882022710619,0.00266071121128419,0.0379086281306743,"nucleolar protein 6-like","gonad"
"LOC115135866",1216.42094196594,0.393027931567871,0.195789712310715,0.00421331810858691,0.0493566917330809,"non-histone chromosomal protein HMG-14-like","gonad"
"LOC115136789",2181.14811408448,0.39274680406177,0.14661123467385,0.00085471195396716,0.0195750483553503,"claudin-3-like","gonad"
"LOC115136712",99.2595681361377,0.391023572980266,0.192495723322876,0.00402235119512404,0.0480877155603268,"vacuolar protein sorting-associated protein 26B-like","gonad"
"LOC115137643",112.050501586515,0.390919494281933,0.190639466703247,0.00385350527291885,0.047044566307362,"transmembrane protein 199-like","gonad"
"LOC115144868",54.2077770737976,0.39034081229322,0.189584349527192,0.00382286066325515,0.0468820379914095,"NUAK family SNF1-like kinase 1","gonad"
"LOC115125262",285.075606052053,0.389882435923981,0.156363836450637,0.00140249111514103,0.0256563275167157,"zyxin-like, transcript variant X1","gonad"
"LOC115129293",155.751193212928,0.389738766473942,0.176683292588559,0.0027892644020725,0.0390352708449688,"COMM domain-containing protein 5-like","gonad"
"LOC115138057",117.677903184256,0.388600472031788,0.193740256505518,0.00428031387935591,0.0497836261090934,"mitochondrial fission 1 protein-like","gonad"
"LOC115110749",267.682954275382,0.388042176940887,0.102905196651215,2.18082586281599e-05,0.00294956697945863,"signal transducing adapter molecule 2-like","gonad"
"LOC115143302",35.9084337105263,0.387836711455163,0.189731807632177,0.00399052621029518,0.0479445518984386,"serine/threonine-protein kinase Nek4-like, transcript variant X3","gonad"
"LOC115144010",184.813339690795,0.387599069096335,0.135555155876882,0.000517185360250278,0.0142676508972668,"anthrax toxin receptor 1-like","gonad"
"LOC115144424",301.778137276992,0.387554487277957,0.154564095216334,0.00137356681091243,0.0255176091696103,"membrane-spanning 4-domains subfamily A member 15-like","gonad"
"LOC115111647",375.49448911101,0.3871805280344,0.17209656884355,0.00259763164009524,0.0374323859248123,"transcobalamin-2-like","gonad"
"LOC115109223",491.199910161169,0.385994112720026,0.162465420543588,0.0019182405831069,0.0313389865756075,"cystinosin-like","gonad"
"LOC115140452",171.602168497535,0.385986479459602,0.170754169608877,0.00252277924065083,0.0367837182686197,"glutaredoxin-related protein 5, mitochondrial-like","gonad"
"LOC115146682",512.051824492005,0.385120326670619,0.179499679021452,0.00328900030207176,0.0430211094984973,"ATPase inhibitor B, mitochondrial-like","gonad"
"fosl2",189.558783604615,0.383721248550222,0.187148596969714,0.00402275898851638,0.0480877155603268,"FOS like 2, AP-1 transcription factor subunit, transcript variant X1","gonad"
"LOC115118440",138.202784565337,0.38325992433079,0.158913198515315,0.0017601906588425,0.029758223326056,"activated RNA polymerase II transcriptional coactivator p15-like","gonad"
"LOC115112389",31.3503400468831,0.38122483667047,0.162268824348116,0.00212991954138856,0.0329224706254632,"forkhead box protein F1-like","gonad"
"LOC115139828",286.36847634299,0.381094388508548,0.14639557317612,0.00108918186570319,0.022379119605149,"mothers against decapentaplegic homolog 2-like, transcript variant X2","gonad"
"LOC115105094",88.9458720220721,0.380618751766787,0.168028864807492,0.00256548264034474,0.0372240718735078,"neuropilin-1a, transcript variant X3","gonad"
"nfs1",455.579438872904,0.380128151443054,0.115662184749585,0.000135400053564224,0.00740982663074732,"NFS1 cysteine desulfurase, transcript variant X1","gonad"
"LOC115102875",216.147030166015,0.378362503990916,0.138950995544444,0.000793521556550566,0.0187114952344769,"far upstream element-binding protein 3-like, transcript variant X3","gonad"
"LOC115139357",820.712402511421,0.376549728064433,0.143975847732292,0.00108521076887285,0.022379119605149,"tumor necrosis factor receptor superfamily member 21-like","gonad"
"LOC115135971",161.394778642173,0.376461045404112,0.147412199398814,0.00128007492649221,0.0246091128810753,"3-methyl-2-oxobutanoate dehydrogenase [lipoamide] kinase, mitochondrial-like","gonad"
"LOC115136948",493.563243594442,0.376071781241221,0.179602634917213,0.00383073520575612,0.0468917795450676,"histone H3.3","gonad"
"pcyox1",223.45878117318,0.37532293631297,0.152591720997136,0.00163650349381245,0.0282472139064164,"prenylcysteine oxidase 1","gonad"
"LOC115102447",690.699366693635,0.374471595179833,0.159764865975202,0.00217018927763308,0.0334085642048637,"C4b-binding protein alpha chain-like, transcript variant X2","gonad"
"LOC115125732",595.073113889422,0.373728873536813,0.17625670125477,0.00366588497271114,0.0457571074214142,"actin-related protein 2/3 complex subunit 3-B-like","gonad"
"LOC115140753",212.411928725932,0.373423893799985,0.182719083046054,0.00429428089840408,0.0498847906817676,"zyxin-like, transcript variant X2","gonad"
"LOC115106900",311.572700781373,0.373398753886203,0.135970183953941,0.00076163285023427,0.0182392979924443,"ADP-ribosylation factor 4","gonad"
"LOC115144303",87.0954989799047,0.371304831176399,0.166192475907306,0.00289262324864759,0.0396897255167697,"protein phosphatase 1G-like, transcript variant X1","gonad"
"LOC115113146",237.648869091988,0.37129309511273,0.146338515182276,0.00136251486420709,0.0253975290950378,"bcl-2-like protein 11","gonad"
"LOC115132474",249.226478471555,0.370800935133079,0.17840744315739,0.00406209819044618,0.0484051788773432,"probable Bax inhibitor 1","gonad"
"plcg2",100.450908207864,0.370396646317768,0.177206772637408,0.00394522867406686,0.0476725621847198,"phospholipase C gamma 2","gonad"
"LOC115138487",39.4149459796505,0.369572687447905,0.178041054503376,0.00412717021054966,0.0488730256014745,"protein-arginine deiminase type-2-like, transcript variant X2","gonad"
"LOC115106839",215.991709757643,0.369383386354286,0.137749276402507,0.000927598885078699,0.0205187907581369,"uncharacterized LOC115106839, transcript variant X2","gonad"
"cmpk2",89.8061283347141,0.367280699614195,0.701607008101397,3.9193348475521e-06,0.00164702205984549,"cytidine/uridine monophosphate kinase 2","gonad"
"LOC115141877",44.5496130530497,0.367102249502868,0.170541031085281,0.00352275050666622,0.045039352359031,"vacuole membrane protein 1-like, transcript variant X1","gonad"
"LOC115133984",24.4519260798967,0.365205793366462,0.175212790435485,0.00413819616617974,0.0489085948034562,"transcription initiation factor TFIID subunit 4-like, transcript variant X2","gonad"
"srd5a3",72.97041876015,0.36508448069869,0.169682129716312,0.00354047605348885,0.0451136703047182,"steroid 5 alpha-reductase 3, transcript variant X1","gonad"
"LOC115118033",497.539987639009,0.364123286320551,0.169356949387266,0.00361285773173538,0.0454235599050355,"small ubiquitin-related modifier 3-like","gonad"
"LOC115112141",255.289682746237,0.363997285326917,0.160585552761534,0.0027670162971567,0.0388099656197498,"CKLF-like MARVEL transmembrane domain-containing protein 3","gonad"
"fuom",189.931286421535,0.363940868356138,0.125341234453654,0.000501417134083233,0.0140911091282217,"fucose mutarotase, transcript variant X1","gonad"
"LOC115134982",84.9807014607231,0.36391306756353,0.17001512877141,0.00365082442893998,0.0456594191294442,"GTP-binding protein SAR1b-like, transcript variant X1","gonad"
"LOC115133353",81.0761928257226,0.3629722089458,0.14649178972473,0.00164655995308106,0.0283432842832635,"E3 ubiquitin/ISG15 ligase TRIM25-like, transcript variant X3","gonad"
"LOC115103203",141.94482122054,0.362793355341301,0.112700683502672,0.000185145921367574,0.00842725485840147,"cyclic AMP-dependent transcription factor ATF-6 alpha-like, transcript variant X7","gonad"
"LOC115109066",71.7531570509418,0.361207459909051,0.172583919396816,0.00410990871302799,0.0487601011786873,"cytochrome b reductase 1","gonad"
"LOC115127474",127.722305488615,0.359900341345668,0.153329860864225,0.00232653400210426,0.0348795893347934,"protein ABHD13","gonad"
"LOC115107198",47.5760691457714,0.359385761053281,0.167971140270993,0.00369440411507416,0.0459615912739351,"kelch-like protein 10","gonad"
"LOC115137894",222.338308025101,0.357872617284515,0.149521910009086,0.00211295628026687,0.0328289567057646,"ankyrin repeat domain-containing protein 46-like, transcript variant X2","gonad"
"LOC115138675",30.6730828877168,0.357384799738957,0.139791308930778,0.00142151936270955,0.0258573238400181,"zinc finger MYM-type protein 4-like","gonad"
"LOC115129370",222.940865748946,0.356682764053611,0.162317226665433,0.00338360489881789,0.0437626767480305,"V-type proton ATPase 116 kDa subunit a-like, transcript variant X2","gonad"
"LOC115141933",67.9977410212575,0.356355398873788,0.139178367398725,0.00138321269268857,0.0255489669964341,"vascular endothelial zinc finger 1-like, transcript variant X7","gonad"
"LOC115130820",86.954337279447,0.355820044948971,0.151611778146934,0.00236514143380803,0.0352819155136609,"peptidyl-prolyl cis-trans isomerase D-like","gonad"
"LOC115101426",213.743618165297,0.35580334306509,0.136924060406809,0.00124511644183419,0.0242556763977583,"zinc finger and BTB domain-containing protein 20-like","gonad"
"LOC115129300",83.8682940075112,0.35433934982164,0.152432307488766,0.00257871652764287,0.0373104416633583,"stress-70 protein, mitochondrial-like","gonad"
"LOC115140940",299.321811843275,0.354043832218297,0.144089934875889,0.00184247488076246,0.030495858275557,"epithelial discoidin domain-containing receptor 1-like","gonad"
"LOC115135827",66.8973724462044,0.353713275510502,0.125003643322732,0.000660475230874023,0.0167815632728291,"NLR family CARD domain-containing protein 3-like","gonad"
"LOC115130376",2894.42033822585,0.35121271841585,0.147163366632551,0.00240889829733769,0.0356347572344447,"myosin regulatory light polypeptide 9","gonad"
"LOC115103371",110.545319681664,0.351150808656459,0.167106103246643,0.00427764093715758,0.049783116868518,"nuclear receptor-binding protein 2-like, transcript variant X2","gonad"
"LOC115137949",132.260067763805,0.350758790543505,0.155403296053956,0.00301613939504298,0.0405363108731656,"prefoldin subunit 2-like, transcript variant X1","gonad"
"LOC115113685",203.535513664131,0.350022012468511,0.142133688576273,0.00184057710807665,0.030491100211226,"toll-interacting protein","gonad"
"LOC115125845",55.2027311948211,0.349305333603229,0.160460714666005,0.00368173425725364,0.0458556954810996,"T-cell acute lymphocytic leukemia protein 1 homolog","gonad"
"LOC115105247",173.677457119164,0.347059482491473,0.146553435273515,0.00238024408347118,0.0353212552668705,"protein YIPF5, transcript variant X2","gonad"
"LOC115104202",141.24565993039,0.346025725375163,0.157257448505161,0.00353307501006024,0.0451104351419356,"putative E3 ubiquitin-protein ligase UNKL, transcript variant X1","gonad"
"LOC115102419",1897.92854077549,0.34586255529397,0.144834960111668,0.00229647523190536,0.034620826844051,"CD63 antigen-like","gonad"
"LOC115102702",198.385945618986,0.345611149847359,0.126428433992542,0.000904878856673906,0.0202050485272646,"protein RER1-like, transcript variant X2","gonad"
"hif1a",121.984211421872,0.344622023278887,0.14016101151118,0.00194726365792127,0.0315642512230437,"hypoxia inducible factor 1 subunit alpha, transcript variant X1","gonad"
"slc39a10",122.447765682169,0.344467886756872,0.125332768209583,0.000887408116019517,0.019979872386242,"solute carrier family 39 member 10, transcript variant X2","gonad"
"LOC115109226",82.089922385711,0.343768667777954,0.162153318890279,0.00425240217852481,0.0496419452838269,"vimentin-type intermediate filament-associated coiled-coil protein-like","gonad"
"LOC115129790",47.5161001120277,0.343434798934346,0.155794309147796,0.0035996011287018,0.0453784603009112,"transcription factor Sp3-like","gonad"
"LOC115143034",178.273642094167,0.343067250306894,0.150187961002264,0.00298967630755473,0.0404020983251206,"protein SYS1 homolog, transcript variant X2","gonad"
"LOC115122343",481.301995422675,0.342875112584927,0.153144430772227,0.00331958276923685,0.0432299172871387,"cell division control protein 42 homolog","gonad"
"pheta1",223.281122929798,0.341727357139849,0.138330077688924,0.00190207393771635,0.0312095060750946,"PH domain containing endocytic trafficking adaptor 1, transcript variant X2","gonad"
"LOC115140246",282.548476846785,0.34161064274208,0.131102040397704,0.00132801246624715,0.0249866992447808,"erlin-2, transcript variant X2","gonad"
"glis2",151.474209132527,0.34112346478094,0.15925850092264,0.0041667738096314,0.0490888803620421,"GLIS family zinc finger 2","gonad"
"LOC115141144",210.637488772134,0.341005915282873,0.153144576148042,0.00344194186668581,0.0443053495891882,"probable Bax inhibitor 1, transcript variant X2","gonad"
"LOC115117262",59.7651174051231,0.340516782542046,0.143706787998499,0.00246957727094512,0.0364469568397084,"beta-adrenergic receptor kinase 2-like","gonad"
"LOC115105867",71.2557963965577,0.33961006284004,0.148033394129019,0.0029807343235129,0.0404010053083155,"rapamycin-insensitive companion of mTOR-like, transcript variant X3","gonad"
"LOC115136639",84.2295557802564,0.339493264041439,0.111964852456889,0.00038015315588866,0.0121386172120603,"vascular endothelial zinc finger 1-like, transcript variant X1","gonad"
"LOC115103833",384.224962134711,0.338663357670965,0.116779831006924,0.000580236533036075,0.0153697338593613,"probable helicase with zinc finger domain, transcript variant X5","gonad"
"LOC115139948",133.461153967799,0.337137063032122,0.145802494748162,0.00286260332765813,0.0394869952486772,"E3 ubiquitin-protein ligase RNF34-like, transcript variant X1","gonad"
"LOC115138841",67.2015266538134,0.337116747319209,0.148848219447462,0.00321032328782412,0.0422428571611881,"putative Polycomb group protein ASXL2","gonad"
"LOC115102233",227.559678452017,0.335436299037868,0.112130692063108,0.000441905631427123,0.013251665821277,"rho-related GTP-binding protein RhoA-C, transcript variant X1","gonad"
"LOC115110121",298.289934318495,0.33504028718642,0.13208924189374,0.00165419557586197,0.0284488585185707,"SUMO-conjugating enzyme UBC9-like, transcript variant X1","gonad"
"wdr81",126.73344304799,0.334591854907328,0.131895009853168,0.00165698990159134,0.0284710560677242,"WD repeat domain 81, transcript variant X1","gonad"
"LOC115108370",319.463193147868,0.331832214803595,0.123209086836487,0.00110052327490214,0.02249825496236,"neurogenic locus notch homolog protein 2-like","gonad"
"LOC115127881",163.39756020528,0.33030621617056,0.114908102716705,0.000661159028335383,0.0167815632728291,"docking protein 3-like","gonad"
"LOC115134396",277.983171101494,0.329772789919076,0.101456686672682,0.000195986819935811,0.00867612701239487,"muscleblind-like protein 2a, transcript variant X2","gonad"
"LOC115138595",117.695548697967,0.329691831068859,0.093214768335759,7.16167485369594e-05,0.0051956441898365,"thioredoxin-related transmembrane protein 1-like, transcript variant X2","gonad"
"LOC115141932",96.721120871744,0.329682459390944,0.133799203109132,0.00207685877184007,0.0325002651609849,"CUE domain-containing protein 1-like, transcript variant X2","gonad"
"oip5",666.831128810346,0.329200539900057,0.106715345317221,0.000341953425977733,0.0114599789750237,"Opa interacting protein 5, transcript variant X2","gonad"
"LOC115143304",119.13548846892,0.326426795779301,0.120279718045159,0.00107522841330472,0.0223503226239574,"calcium/calmodulin-dependent protein kinase type 1-like, transcript variant X2","gonad"
"LOC115112254",231.283197781932,0.326281225254247,0.131860971167812,0.00206357106646593,0.0324263221108153,"ubiquitin carboxyl-terminal hydrolase 10-like, transcript variant X1","gonad"
"LOC115105880",115.574287783334,0.326221340495533,0.143333308078372,0.00331920881754851,0.0432299172871387,"BRCA1-A complex subunit Abraxas 1","gonad"
"LOC115103091",103.9750402076,0.325000906154761,0.137994465062944,0.00281955226328403,0.0392049466014407,"translation initiation factor eIF-2B subunit gamma-like","gonad"
"LOC115143363",370.636523130317,0.324810974026971,0.141894581317039,0.00328546859641514,0.0430211094984973,"protein NDRG3-like, transcript variant X1","gonad"
"LOC115136594",333.236557029903,0.3234679436154,0.133860947215776,0.00242461672609566,0.0358113242656953,"integrin-linked protein kinase","gonad"
"LOC115107921",72.578301487969,0.323249622961761,0.137995817387176,0.00293811788028675,0.0400816009101077,"phospholipase DDHD1-like","gonad"
"LOC115136212",88.9335347089286,0.32176336941839,0.124950563694187,0.00160977154569294,0.0279130258403808,"RNA-binding protein 27-like, transcript variant X2","gonad"
"ccpg1",177.527504857293,0.321378626540743,0.106519906030103,0.000437467638827416,0.0131995254613349,"cell cycle progression 1, transcript variant X6","gonad"
"znf622",83.7800952073769,0.321001699491544,0.13815201394547,0.00308462093435772,0.0411318995718757,"zinc finger protein 622, transcript variant X2","gonad"
"LOC115140816",98.7341738999156,0.320761093898618,0.127000690922646,0.00186271063855165,0.0307769859868896,"multiple epidermal growth factor-like domains protein 8, transcript variant X2","gonad"
"LOC115103167",35.9029851275154,0.320057195158264,0.135681910834372,0.00291324613989612,0.0398571644934488,"protein phosphatase 1 regulatory subunit 7-like, transcript variant X1","gonad"
"LOC115133612",75.2047414468893,0.318865844713249,0.128601155590216,0.00211150724677089,0.0328289567057646,"PHD finger protein 23B-like, transcript variant X1","gonad"
"LOC115111553",252.474459845156,0.318410530225583,0.117792279218897,0.00114952347544784,0.0229844002192237,"transmembrane protein 127","gonad"
"lg1h2orf69",52.2007269655882,0.317960344522252,0.126416688127739,0.00192780692276112,0.0314139622052338,"linkage group 1 C2orf69 homolog, transcript variant X3","gonad"
"LOC115115496",99.1733244596014,0.3176850784167,0.126260068089487,0.00193556701276012,0.0315132943994952,"transmembrane protein 109-like","gonad"
"LOC115102279",187.130252494245,0.317673391733559,0.134745255473212,0.00290478730943317,0.0397992413149343,"UPF0688 protein C1orf174 homolog, transcript variant X2","gonad"
"LOC115142911",119.30745262163,0.317610900900641,0.136571652238799,0.00312032909513114,0.0414329813578599,"cytochrome b561 domain-containing protein 1, transcript variant X1","gonad"
"LOC115102549",53.8267617784338,0.317336978229982,0.132088292137477,0.00263801562957355,0.0378058444034855,"molybdate-anion transporter-like","gonad"
"LOC115106403",337.115799783163,0.31484344600922,0.0992223761628638,0.000280205752564014,0.0104159332703391,"anthrax toxin receptor 1-like","gonad"
"LOC115143449",306.99424327023,0.314186358179696,0.127615409670813,0.00227283898229683,0.0344289649038324,"guanine nucleotide-binding protein G(I)/G(S)/G(T) subunit beta-1-like","gonad"
"LOC115143065",521.887422163617,0.311553910372848,0.117353634054595,0.00138707885251303,0.0255489669964341,"carboxy-terminal domain RNA polymerase II polypeptide A small phosphatase 2-like","gonad"
"LOC115117203",181.889594818819,0.309302921544627,0.0995993871902855,0.000359377961058728,0.0117122576465525,"mitotic-spindle organizing protein 2-like, transcript variant X1","gonad"
"LOC115104167",48.8552163388325,0.309273497208601,0.139800233983821,0.00425879679415578,0.0496859625984841,"sorting nexin-8-like, transcript variant X1","gonad"
"LOC115116342",1116.20287622547,0.307662083718744,0.132785388913296,0.00343892055665545,0.0442965719321571,"high mobility group-T protein-like","gonad"
"LOC115112145",81.6023849355684,0.30730820386051,0.112578009977275,0.00113726571984908,0.0229038183866404,"NEDD8-activating enzyme E1 regulatory subunit-like, transcript variant X2","gonad"
"LOC115114670",167.11763485915,0.306940457540062,0.127256069930571,0.00273260554519743,0.0386133477599354,"TOX high mobility group box family member 4-A-like, transcript variant X6","gonad"
"LOC115126112",94.3748887817377,0.306185859806788,0.109578383024771,0.000960591837098708,0.0210275218907099,"GTP-binding protein 1-like, transcript variant X2","gonad"
"LOC115132953",49.4026765824281,0.304914238964894,0.131946118792745,0.00352179854932418,0.045039352359031,"zinc finger protein 397-like, transcript variant X1","gonad"
"LOC115103860",494.089985876556,0.303367217021198,0.124825495294901,0.00265979120544101,0.0379086281306743,"actin-related protein 2-A","gonad"
"gabpa",96.7641962888539,0.303151975517582,0.112335530448507,0.00130254305287223,0.0247849925675317,"GA binding protein transcription factor subunit alpha, transcript variant X2","gonad"
"LOC115143209",237.009146528916,0.300084273667343,0.129617982107876,0.00360997886449657,0.0454235599050355,"RNA-binding motif, single-stranded-interacting protein 1-like, transcript variant X6","gonad"
"LOC115130589",132.704210614988,0.299903935161217,0.124414520569218,0.00283899619929772,0.0392956089427648,"solute carrier family 25 member 51-like, transcript variant X1","gonad"
"LOC115138711",90.8230812643537,0.299188125550394,0.130050633907948,0.00381631070122309,0.0468320435046398,"F-box only protein 34-like, transcript variant X1","gonad"
"LOC115102098",532.633481562341,0.298970005152305,0.108684911361028,0.00114394549476194,0.0229698917744617,"transcription cofactor vestigial-like protein 4, transcript variant X1","gonad"
"LOC115103136",177.081570125599,0.297893222838875,0.102343033744484,0.000706888263653586,0.0175695206304185,"la-related protein 4B-like, transcript variant X1","gonad"
"LOC115140086",184.151800373545,0.297504389231394,0.123213211675039,0.00285962043521458,0.0394869952486772,"MOB kinase activator 1A","gonad"
"LOC115144952",198.803639464549,0.296679277410528,0.102545917515264,0.000755879237341516,0.018233900154991,"long-chain-fatty-acid--CoA ligase ACSBG2-like, transcript variant X2","gonad"
"LOC115101334",192.215152790343,0.294418142822403,0.114609951058495,0.00197013703679372,0.031804404711868,"adenylosuccinate synthetase isozyme 2-like","gonad"
"LOC115144704",279.551684947247,0.290305872105195,0.112945931781623,0.00200850595817023,0.0320802746804469,"apoptosis inhibitor 5-like, transcript variant X1","gonad"
"LOC115103923",209.954317739091,0.288622035912189,0.088142872513727,0.000231751326038432,0.00940493441031827,"striatin-like, transcript variant X1","gonad"
"fam133b",945.221890972829,0.287851876300002,0.105422940505242,0.0013000726371712,0.0247849925675317,"family with sequence similarity 133 member B","gonad"
"LOC115129470",359.922190845513,0.286529589910615,0.089430643698791,0.000298222046575783,0.0107150558859819,"GTP-binding nuclear protein Ran-like","gonad"
"LOC115146143",153.21910907777,0.286525288399231,0.0823683417324805,0.000114034137582784,0.00674350765106042,"kinesin light chain 1-like, transcript variant X4","gonad"
"LOC115141881",132.783766408627,0.285705097217179,0.119645098056052,0.00331311424898286,0.0432293014296146,"beta-secretase 2-like","gonad"
"LOC115132174",890.848516645078,0.285681471850686,0.099701029262877,0.000888572538915487,0.0199823290075591,"serine/threonine-protein kinase pim-1-like, transcript variant X2","gonad"
"LOC115105622",119.039324881338,0.284524946112542,0.117072617730487,0.00303330821193338,0.0407345326191195,"misshapen-like kinase 1, transcript variant X5","gonad"
"LOC115110639",166.327350221612,0.283440100485061,0.116449803221988,0.00299155517413247,0.0404020983251206,"growth factor receptor-bound protein 2","gonad"
"LOC115138513",92.2978919500054,0.283399681402863,0.266754630303369,4.09294488126838e-05,0.00405875972915083,"signal transducer and activator of transcription 1-alpha/beta-like, transcript variant X1","gonad"
"LOC115103911",113.573096822175,0.282536146630715,0.104013621017189,0.00139962789577808,0.0256553283703368,"kinesin-like protein KIF16B, transcript variant X1","gonad"
"LOC115139983",213.10814456596,0.281963607160514,0.095959470558406,0.000725632582293615,0.0178671689801425,"GTPase-activating protein and VPS9 domain-containing protein 1-like, transcript variant X4","gonad"
"LOC115145826",259.37847780461,0.281812932859242,0.104273719167488,0.00145830623697418,0.0263231921802728,"succinate--CoA ligase [ADP/GDP-forming] subunit alpha, mitochondrial-like","gonad"
"LOC115118184",502.879509204321,0.280881340685419,0.0903327858990029,0.00042439785332367,0.0129612473430382,"interleukin-6 receptor subunit beta-like","gonad"
"LOC115141103",108.235904856892,0.277838615555997,0.106799919330454,0.00198595350671173,0.0319219266974419,"OTU domain-containing protein 7B-like, transcript variant X3","gonad"
"LOC115106619",124.400555527967,0.276310740554481,0.11741192954216,0.00389515449603956,0.047278686142634,"carnitine O-palmitoyltransferase 1, liver isoform-like, transcript variant X2","gonad"
"LOC115111809",145.989614168272,0.274416512542526,0.0977321112505637,0.00113415636573769,0.0228947236516451,"serine/threonine-protein kinase A-Raf-like","gonad"
"LOC115143445",166.095120963143,0.271461656572656,0.0811241358360149,0.000198621418342657,0.00867612701239487,"hyaluronidase-1-like","gonad"
"LOC115117022",111.47867915945,0.270958053550539,0.105704573318104,0.00233142401444156,0.0349067014587401,"phosphatidylinositide phosphatase SAC1-A-like","gonad"
"LOC115138439",46.4874850803179,0.270298195163967,0.107417618645043,0.00265489100438682,0.0378827137664389,"kelch-like protein 28, transcript variant X2","gonad"
"LOC115122674",174.731863230456,0.26897142004043,0.0841621594787554,0.000344496778483281,0.0114842367967974,"far upstream element-binding protein 3-like, transcript variant X2","gonad"
"sarnp",193.2012908428,0.267430063942729,0.111237311560704,0.00361183044001054,0.0454235599050355,"SAP domain containing ribonucleoprotein, transcript variant X1","gonad"
"LOC115105605",124.899593358044,0.266288656249456,0.111352444534859,0.00380143429164369,0.0467500504687459,"arrestin red cell, transcript variant X4","gonad"
"LOC115112080",173.773692204188,0.262006046441477,0.109737635018481,0.00396999047859151,0.0477899204753638,"rho GTPase-activating protein 1-like","gonad"
"LOC115107644",103.849976633391,0.257382836151487,0.0986975416577325,0.00230555417208324,0.0347244094015164,"zinc finger protein 292-like","gonad"
"gak",92.8137796406752,0.248884159407973,0.0874544637620436,0.00122545214590558,0.024020638077352,"cyclin G associated kinase","gonad"
"LOC115101926",462.528393247428,0.243682605276855,0.100710433219988,0.00421863854943196,0.0493695432221843,"para-nitrobenzyl esterase-like, transcript variant X2","gonad"
"LOC115121826",238.745291264771,0.240290496789649,0.0866682154563348,0.00160044102378754,0.027827686671641,"sin3 histone deacetylase corepressor complex component SDS3-like, transcript variant X1","gonad"
"LOC115113644",288.821058377548,0.238147700611132,0.0921933304822664,0.00281988310817175,0.0392049466014407,"AP-1 complex subunit gamma-1, transcript variant X3","gonad"
"LOC115140088",272.487546043463,0.235594613204848,0.0963532855822597,0.00414749567373884,0.0489301125123021,"guanine nucleotide-binding protein G(i) subunit alpha-2-like","gonad"
"LOC115146927",99.8143316780301,0.22626004287027,0.258850832655486,0.00406089807929771,0.0484051788773432,"protein mono-ADP-ribosyltransferase PARP14-like","gonad"
"LOC115146928",64.5338094283408,0.20353298756676,0.322860548955943,0.00176950985659206,0.0297747289703582,"protein mono-ADP-ribosyltransferase PARP14-like","gonad"
"LOC115129232",506.014878347316,0.199590801659557,0.0762974581059364,0.00349652514747847,0.0448251209664893,"neutral alpha-glucosidase AB-like, transcript variant X3","gonad"
"LOC115143313",87.2682781501327,0.19008608206201,0.323233654738105,5.1710127510341e-06,0.00184741748001567,"interferon-induced GTP-binding protein Mx1","gonad"
"LOC115143468",27.689705949468,0.162313960391105,0.202496352463445,0.00130679452449102,0.0247935215695111,"ubiquitin-like modifier-activating enzyme 1","gonad"
"LOC115113101",37.7720924042238,0.154179000724751,0.272509049579877,5.30306100816154e-05,0.00453272018678246,"interferon-induced protein with tetratricopeptide repeats 5-like, transcript variant X2","gonad"
"LOC115123231",82.0180210833608,0.125338778870556,0.200787799691015,3.57460735116276e-06,0.00159636790019138,"uncharacterized LOC115123231","gonad"
"LOC115101604",324.778521115404,0.107888883782262,0.139831015482734,0.00299082658808666,0.0404020983251206,"E3 ubiquitin-protein ligase rnf213-alpha-like","gonad"
"LOC115107050",101.637067700651,0.106196477049588,0.141511647787941,0.0025148628587386,0.0367837182686197,"protein mono-ADP-ribosyltransferase PARP12-like, transcript variant X1","gonad"
"LOC115116225",45.6032017243979,0.0919264868109468,0.165015789469938,0.000203112182933653,0.00874113019674822,"nicotinamide phosphoribosyltransferase-like","gonad"
"LOC115119677",42.1951229730956,0.0919214206201569,0.163958838821619,0.000327956424829353,0.0112701540910051,"uncharacterized LOC115119677","gonad"
"LOC115138574",374.691561741808,0.0857743314103983,0.176378043847221,1.87161726425064e-05,0.0026447069327303,"sacsin-like, transcript variant X3","gonad"
"LOC115109133",43.6348625807954,0.0816323867611583,0.17408035698807,0.00136150722621346,0.0253975290950378,"interferon-induced protein 44-like, transcript variant X1","gonad"
"psmf1",114.693218597887,0.0731718136127637,0.105350775756855,0.00367881368768925,0.0458556954810996,"proteasome inhibitor subunit 1","gonad"
"LOC115112978",147.215549047435,0.0689345394346011,0.152966963266601,0.000280333994016343,0.0104159332703391,"E3 ubiquitin-protein ligase rnf213-beta-like, transcript variant X1","gonad"
"LOC115106629",34.5329889941892,0.0610204904619797,0.151589782477013,0.00022798711492172,0.00936558120856544,"uncharacterized LOC115106629","gonad"
"LOC115137871",85.4507835124458,0.0593176931325342,0.133104922262307,0.000673149868026666,0.01697360488017,"opioid growth factor receptor-like protein 1","gonad"
"LOC115126437",55.1911737008112,0.0574079825115538,0.172606583545791,0.00181291720948606,0.0302445703626596,"uncharacterized LOC115126437, transcript variant X1","gonad"
"LOC115144070",131.763843585811,0.0382890209006554,0.132201366708339,0.00114788525446369,0.0229844002192237,"E3 ubiquitin-protein ligase rnf213-alpha-like","gonad"
"LOC115112979",47.4610558471281,0.0248846139922397,0.136949969980765,5.64480853146747e-05,0.00466654833338974,"E3 ubiquitin-protein ligase rnf213-beta-like","gonad"
"LOC115107051",120.010039198622,0.0224991245605578,0.147161098905851,0.000955735170713831,0.0209696934617224,"ubl carboxyl-terminal hydrolase 18-like","gonad"
"LOC115143311",146.857433286201,0.0202602457030705,0.151542587620141,3.49620806031272e-07,0.000409370350082423,"interferon-induced GTP-binding protein Mx2","gonad"
"LOC115143312",679.605906525176,0.016540671341668,0.144882398898007,5.55622902565806e-07,0.000584484425560197,"interferon-induced GTP-binding protein Mx3, transcript variant X2","gonad"
"LOC115128356",22.406240136592,0.0145654830748648,0.138021535694162,0.00206968840841123,0.0324685584202706,"MORC family CW-type zinc finger protein 3-like, transcript variant X3","gonad"
"epsti1",167.954028013821,0.0133022880442207,0.140582195772252,0.000673374729945668,0.01697360488017,"epithelial stromal interaction 1, transcript variant X2","gonad"
"LOC115133054",180.44106495931,0.0130785601674872,0.145983437727102,0.000763095949748671,0.018243966929913,"ubl carboxyl-terminal hydrolase 18-like, transcript variant X2","gonad"
"LOC115137998",40.1522650996938,-0.000540084052642917,0.148935159312795,3.65765895409178e-05,0.00389088608402966,"interferon-induced very large GTPase 1-like","gonad"
"LOC115107184",16.7055776591439,-0.00409387101785367,0.138242945087417,0.000874836713571811,0.0198139917538992,"monocarboxylate transporter 12-B-like","gonad"
"LOC115110468",557.907931189885,-0.00672815927301618,0.149453622519766,0.00233914810372665,0.0349579868540364,"CD9 antigen-like, transcript variant X2","gonad"
"LOC115108622",84.7417198122722,-0.0131521967782229,0.0890054189570525,0.0011818324541137,0.0234045024246512,"terminal uridylyltransferase 4-like, transcript variant X2","gonad"
"LOC115117674",16.7474011337174,-0.0186770323750949,0.13387009527977,0.000822008141187495,0.0190744168546387,"macrosialin-like","gonad"
"LOC115115300",49.0118015336005,-0.0187364779535871,0.129039829208759,0.00366014963737814,0.0457362463400937,"receptor-type tyrosine-protein phosphatase S-like","gonad"
"LOC115138443",66.7505231569315,-0.0489105372970133,0.146147498875161,3.82348788176187e-05,0.00397789796929456,"interferon alpha-inducible protein 27-like protein 2B","gonad"
"LOC115104276",838.797192141147,-0.0640353222837444,0.138127391819713,0.000986922348249207,0.0213569996161128,"CD9 antigen-like","gonad"
"LOC115129673",374.806817096577,-0.075207304110742,0.128775367678126,4.35580008748121e-05,0.0041343899316913,"signal transducer and activator of transcription 1-alpha/beta-like, transcript variant X1","gonad"
"LOC115125109",60.6948763818821,-0.0802056373635522,0.160196193032777,0.000173719246997761,0.0081037044409824,"E3 ubiquitin/ISG15 ligase TRIM25-like","gonad"
"LOC115132283",147.488493748639,-0.105435093957731,0.216145206525074,0.00275031945171357,0.0387268092100837,"complement receptor type 2-like, transcript variant X1","gonad"
"LOC115139220",6899.7408333544,-0.108241685540918,0.222291840919869,0.000160125353843877,0.00779927105871799,"trichohyalin-like","gonad"
"LOC115108102",43.9076212409526,-0.119582522840082,0.151884373080137,0.000498892189164133,0.0140911091282217,"RANBP2-like and GRIP domain-containing protein 5/6","gonad"
"LOC115133047",35.9722819486497,-0.203612890579109,0.540587255452883,0.00156621645177668,0.0274087879060919,"probable polypeptide N-acetylgalactosaminyltransferase 8","gonad"
"LOC115129489",92.8207712894022,-0.212521096830383,0.569852865302738,0.000230951723617512,0.00940493441031827,"insulin-like growth factor-binding protein 7, transcript variant X1","gonad"
"LOC115114687",370.617553927611,-0.237667553886393,0.0947888408295038,0.00347941865809802,0.0446662998583635,"proteasome subunit beta type-5-like","gonad"
"LOC115123393",122.357899343145,-0.243669353097031,0.0944365894056995,0.00274005960716001,0.0386321881322225,"COP9 signalosome complex subunit 1-like","gonad"
"LOC115132968",94.5269681846425,-0.247908479787974,0.0961168165799889,0.00267997300553782,0.0381256865964378,"protein SCAF11-like, transcript variant X1","gonad"
"LOC115141747",215.332345351357,-0.248604427111498,0.0877423219727296,0.00126466526225654,0.024492790225683,"calpain-5-like","gonad"
"LOC115124347",249.672318543415,-0.252082012857811,0.0977579160885403,0.00255535399308848,0.0371625405984105,"caprin-1-like","gonad"
"LOC115105089",105.909667709615,-0.257573065560757,0.0815727767214898,0.000428166724627793,0.0130133819114402,"ATP-dependent 6-phosphofructokinase, platelet type-like, transcript variant X3","gonad"
"LOC115130751",267.490739359254,-0.263000533804708,0.111520324494188,0.0042245511801129,0.0494082004913142,"polycomb group RING finger protein 3, transcript variant X1","gonad"
"LOC115134523",215.424240012565,-0.263617815336823,0.110204611432101,0.00386657580853371,0.047113007036413,"apoptosis inhibitor 5-like, transcript variant X2","gonad"
"LOC115129874",112.984837297578,-0.264368515199119,0.108985663179856,0.00353097462684222,0.0451104351419356,"mitogen-activated protein kinase kinase kinase kinase 4-like","gonad"
"LOC115118659",355.152792271341,-0.268751768427569,0.113213180228374,0.00382560828509205,0.0468853675587171,"ubiquitin-conjugating enzyme E2 D2","gonad"
"LOC115128846",228.300377171583,-0.272118785406557,0.107288262580649,0.00250474226537362,0.0367368666110376,"M-phase phosphoprotein 8-like, transcript variant X4","gonad"
"LOC115124959",577.7124935654,-0.272218540749453,0.105091489923716,0.00209134361252595,0.032619103215139,"eukaryotic translation initiation factor 5A-1-like, transcript variant X1","gonad"
"LOC115104955",96.192461121901,-0.276555097659924,0.115408588884283,0.00350182393925861,0.044862676786104,"cyclin-dependent kinase 8","gonad"
"LOC115129392",152.698041603513,-0.282324475395115,0.104824739270913,0.00150346842864508,0.0267309061189289,"MAP7 domain-containing protein 1-like, transcript variant X12","gonad"
"LOC115112405",114.08456693124,-0.284014569002017,0.108919781806539,0.00190578676176147,0.0312163255484027,"AP-2 complex subunit alpha-2, transcript variant X2","gonad"
"cops7a",257.393356475037,-0.286816640317452,0.118557942161425,0.00305965403794878,0.0409169834446612,"COP9 signalosome subunit 7A, transcript variant X2","gonad"
"LOC115108503",1152.23814545934,-0.289938569676649,0.12436364462182,0.00369855412148952,0.0459830087264636,"proteasome subunit beta type-5-like","gonad"
"LOC115130833",151.99611160462,-0.296943487044219,0.106367912697527,0.0010324035116735,0.0217932669939106,"transmembrane protein 33-like","gonad"
"LOC115137103",59.3585199575914,-0.298621507993711,0.125302299378403,0.00318704963506784,0.0420279257162416,"CLK4-associating serine/arginine rich protein-like, transcript variant X2","gonad"
"LOC115107148",95.657111758286,-0.301221176487837,0.107005850585633,0.000936982794064538,0.0207021811033979,"uncharacterized LOC115107148","gonad"
"LOC115140123",166.996572313067,-0.302097998072302,0.0917098900472306,0.000201157980055914,0.00871607860951657,"ubiquitin carboxyl-terminal hydrolase 4-like","gonad"
"LOC115124648",757.364344575851,-0.302377570509809,0.124338279344231,0.00264714510978191,0.0378577739076438,"receptor-type tyrosine-protein phosphatase F-like","gonad"
"LOC115102565",1376.72327818901,-0.303197142205964,0.134398693882254,0.00404552260669981,0.048278171732998,"40S ribosomal protein S26-like","gonad"
"LOC115102713",100.334383507781,-0.303437778172242,0.113545632335934,0.0013711818342207,0.0255042515038987,"spindlin-1-like, transcript variant X1","gonad"
"LOC115106399",202.600257342782,-0.303590019185435,0.0997595506129604,0.000451317361090606,0.013346698219052,"Golgi to ER traffic protein 4 homolog","gonad"
"LOC115134164",186.928458145979,-0.305884015236442,0.133399606254251,0.00368347044239516,0.0458556954810996,"ras association domain-containing protein 7-like, transcript variant X4","gonad"
"LOC115121012",229.312817697087,-0.306005463430993,0.120075719589413,0.00191045883946258,0.0312611198475963,"COP9 signalosome complex subunit 9-like","gonad"
"LOC115134172",164.550856451664,-0.306617518241875,0.115777185476282,0.00146067429626376,0.0263408264759565,"ELKS/Rab6-interacting/CAST family member 1-like, transcript variant X2","gonad"
"tmem43",67.5429360189035,-0.30907658601772,0.137658198693333,0.00404634056193651,0.048278171732998,"transmembrane protein 43","gonad"
"LOC115136211",143.413343148624,-0.311097092874955,0.130051455788324,0.00279795106439336,0.0390806237964577,"transcription elongation regulator 1-like","gonad"
"LOC115130705",571.062283383795,-0.312065777930643,0.120003602175481,0.00158014078866608,0.0275993480514901,"GTP-binding nuclear protein Ran, transcript variant X1","gonad"
"LOC115146295",76.6083955742462,-0.31290903399452,0.126844457361334,0.00228483162261882,0.0345277627887369,"low density lipoprotein receptor adapter protein 1-B-like, transcript variant X1","gonad"
"LOC115123298",202.056484979334,-0.314771661283429,0.125185959252422,0.00198280639319449,0.0318984189083582,"coiled-coil domain-containing protein 106-like, transcript variant X1","gonad"
"ik",283.179663306565,-0.31665663965376,0.136576486460703,0.00320847041068175,0.0422428571611881,"IK cytokine","gonad"
"LOC115110233",232.851822496622,-0.31693169821515,0.112500050655701,0.000846358574679705,0.0194961065834066,"glycylpeptide N-tetradecanoyltransferase 1-like, transcript variant X4","gonad"
"LOC115128561",113.20219279029,-0.31988971967041,0.136852081529767,0.00304806898499333,0.0408458501279891,"DNA topoisomerase 2-beta-like, transcript variant X5","gonad"
"LOC115109369",154.62248870433,-0.320935245284935,0.14252045642714,0.00362253026461028,0.0454556730022503,"UPF0183 protein C16orf70 homolog, transcript variant X3","gonad"
"LOC115145223",59.7601587648989,-0.321600632350527,0.12159896496674,0.00130380864886361,0.0247849925675317,"transmembrane protein 11, mitochondrial-like, transcript variant X1","gonad"
"LOC115135886",516.15160842268,-0.325636805374873,0.130387403252603,0.00192575202244997,0.0314075060681225,"etoposide-induced protein 2.4 homolog, transcript variant X1","gonad"
"LOC115120267",997.908123145214,-0.328597850789956,0.152418283692578,0.0042645712721558,0.0497226952206096,"transitional endoplasmic reticulum ATPase-like","gonad"
"LOC115128505",63.735537237012,-0.332260780374685,0.137436892613292,0.00231663853687888,0.0348139291236521,"septin-10-like, transcript variant X2","gonad"
"kdm1b",82.780002740552,-0.332468919628407,0.151314330032019,0.00392568746892412,0.0475578325170046,"lysine demethylase 1B","gonad"
"ube4b",129.796716856005,-0.337082766861225,0.136087626245875,0.00194869868918606,0.0315642512230437,"ubiquitination factor E4B, transcript variant X1","gonad"
"LOC115137299",95.990575805965,-0.338015145768591,0.123826009257522,0.000979698794503779,0.0212492516310757,"E3 ubiquitin-protein ligase ZFP91-like","gonad"
"LOC115114694",73.1096541663482,-0.338282586168534,0.14327257485538,0.00258108559061191,0.0373104416633583,"protein lifeguard 3-like, transcript variant X2","gonad"
"LOC115143007",1052.92201290147,-0.339105724271265,0.158480609447585,0.00411910101469978,0.0488385583677772,"60S acidic ribosomal protein P0-like","gonad"
"CYTB",17596.2115921336,-0.344438668085898,0.124847998746754,0.000962348003090864,0.0210416390745098,NA,"gonad"
"LOC115138387",120.107097289402,-0.344883921131642,0.129829236478747,0.00113944530869898,0.0229038183866404,"probable palmitoyltransferase ZDHHC14, transcript variant X2","gonad"
"LOC115136995",46.8555350188691,-0.345624753927603,0.163029318343367,0.00426966247302971,0.0497514208780416,"phosphatidylinositol transfer protein alpha isoform-like","gonad"
"LOC115116589",169.546902611412,-0.347609259991169,0.158298435575963,0.00355979325686425,0.0451917750797003,"small integral membrane protein 13","gonad"
"LOC115103776",165.758750827144,-0.348815638896854,0.120401973818938,0.000558446133794718,0.0149728951229466,"pre-mRNA-splicing factor CWC25 homolog","gonad"
"LOC115110511",59.2235851155052,-0.350810094968176,0.165076404785884,0.00414308878081562,0.0489085948034562,"ADP-ribosylation factor-binding protein GGA1-like","gonad"
"fam151a",243.446571212248,-0.353369124531214,0.159951888074463,0.00332466159466658,0.0432663005463998,"family with sequence similarity 151 member A, transcript variant X4","gonad"
"LOC115135500",87.5561129732274,-0.353632880774535,0.136556924910856,0.00130502443041083,0.0247849925675317,"protein ZNRD2-like","gonad"
"LOC115128218",205.93661492046,-0.354540829504647,0.162296361046659,0.00349276508434023,0.0448072539783078,"ceramide synthase 2-like, transcript variant X2","gonad"
"LOC115110903",64.7793775061908,-0.355207747679236,0.14680322063812,0.00205551907148057,0.0324206746094933,"ubiquitin carboxyl-terminal hydrolase 43-like","gonad"
"kif1bp",56.5631497552327,-0.355313050998267,0.150731659734531,0.00237160900818568,0.0352835614166366,"KIF1 binding protein","gonad"
"LOC115118108",145.604895930026,-0.35723395837135,0.168184062274762,0.00397314313789718,0.0477963566175877,"collagen alpha-5(IV) chain-like","gonad"
"LOC115114255",47.272737985728,-0.359937419141923,0.170791479737936,0.004130153781816,0.0488777886616787,"serine/threonine-protein kinase PRP4 homolog, transcript variant X1","gonad"
"LOC115112875",46.3232201734952,-0.369561641840185,0.163575165043257,0.0028066695241214,0.0391342322822082,"eukaryotic translation initiation factor 2-alpha kinase 1-like, transcript variant X1","gonad"
"LOC115146992",106.542271042187,-0.37021764916365,0.141256109368051,0.00110371483184694,0.02249825496236,"E3 ubiquitin-protein ligase MARCH5","gonad"
"psmb7",979.611840972642,-0.3703149014156,0.145709562106049,0.00135188921204672,0.0252944883696686,"proteasome subunit beta 7, transcript variant X1","gonad"
"LOC115134645",60.583501507951,-0.370500590192865,0.178346086921283,0.00417572508071407,0.049110158014485,"ankyrin repeat domain-containing protein 26-like, transcript variant X10","gonad"
"LOC115145261",94.9047432769596,-0.37124027415728,0.119245516556173,0.000253486963160201,0.00983560583491476,"SAGA-associated factor 29-like","gonad"
"LOC115120833",212.254005257947,-0.371794402451503,0.111021328268574,0.000113554203558951,0.00674350765106042,"cell division cycle and apoptosis regulator protein 1-like, transcript variant X1","gonad"
"LOC115104105",20.5319493444297,-0.372287067682953,0.172583281816521,0.00343587210333374,0.0442874324551562,"serine/threonine-protein kinase tousled-like 2, transcript variant X2","gonad"
"LOC115122811",981.462529441218,-0.372611258464959,0.127105067917677,0.000439412588793371,0.0132277859599403,"heterogeneous nuclear ribonucleoprotein A1-like, transcript variant X5","gonad"
"fyco1",49.7893389701787,-0.373442866872235,0.166121206129699,0.00283624134033937,0.0392861958883145,"FYVE and coiled-coil domain containing 1, transcript variant X3","gonad"
"ND6",1676.50089879746,-0.373735507299428,0.164781910031592,0.002596561715153,0.0374323859248123,NA,"gonad"
"LOC115103904",156.148208829381,-0.373892847808256,0.13952099049837,0.000915715328510553,0.0203749350709134,"sprouty-related, EVH1 domain-containing protein 2-like, transcript variant X4","gonad"
"LOC115145599",1789.76850953939,-0.376277178146343,0.147871753908436,0.00126755943762405,0.0245160755377032,"40S ribosomal protein S3a","gonad"
"LOC115114723",3648.85191528516,-0.377462640429743,0.134494364421839,0.000618800207660525,0.0161242795214414,"elongation factor 2-like","gonad"
"LOC115117308",209.70303378073,-0.378721986972098,0.155324649034199,0.00169734693141604,0.0289542920237502,"ubiquitin-conjugating enzyme E2 H-like","gonad"
"LOC115122570",1126.67379777541,-0.378860533710488,0.184803697790882,0.00409945291064135,0.0486970770784153,"neuroblast differentiation-associated protein AHNAK-like","gonad"
"LOC115144835",87.460581404393,-0.379317649158286,0.161340016387573,0.00214020678672557,0.0330434031889606,"protein MON2 homolog, transcript variant X2","gonad"
"LOC115141513",48.1191824733247,-0.379719360753749,0.151931179596742,0.00150381594432344,0.0267309061189289,"CLK4-associating serine/arginine rich protein-like, transcript variant X6","gonad"
"LOC115120012",122.204014886104,-0.3809307256342,0.17043004062234,0.00276379612493171,0.0388099656197498,"glypican-4-like","gonad"
"LOC115102160",119.898403430149,-0.383605086706479,0.143601767709941,0.000909629056415333,0.0202633249214404,"guanine nucleotide-binding protein G(s) subunit alpha-like","gonad"
"LOC115122733",38.758041055271,-0.384638357362391,0.14017411413012,0.000751331951730639,0.0182092794788273,"FAS-associated factor 2-like","gonad"
"LOC115105361",70.7376983854961,-0.38628336178415,0.178400127424433,0.00315245269469244,0.041713271679945,"heterogeneous nuclear ribonucleoprotein L-like, transcript variant X1","gonad"
"LOC115102783",52.4737622722288,-0.387390299751035,0.147659847542105,0.00102531666796015,0.0217702696904157,"chromodomain-helicase-DNA-binding protein 8-like","gonad"
"LOC115117370",117.7866747379,-0.390093997784931,0.142386993593658,0.000722574539578732,0.0178663903167342,"macoilin-1-like","gonad"
"LOC115109479",837.616423077651,-0.391313404414818,0.149174298015462,0.000974925518265036,0.0212041699568533,"MOB kinase activator 2-like, transcript variant X1","gonad"
"LOC115113849",189.021889887049,-0.39134834926493,0.154219372002634,0.00124815047245882,0.0242895469640368,"dystonin-like","gonad"
"LOC115118242",54.6601795429693,-0.391518202420296,0.179824172612204,0.00301398706902457,0.0405363108731656,"enoyl-CoA hydratase domain-containing protein 3, mitochondrial-like, transcript variant X2","gonad"
"LOC115106750",404.860842448077,-0.39350100338789,0.12221948583953,0.000157637841748792,0.00779927105871799,"eukaryotic translation initiation factor 3 subunit L-like","gonad"
"bri3",39.7033421493672,-0.397010041611243,0.171308145130182,0.00206728520375741,0.0324577490324598,"brain protein I3","gonad"
"ttf2",17.4967757154784,-0.398546769419524,0.19839606322397,0.00410846721860821,0.0487601011786873,"transcription termination factor 2, transcript variant X2","gonad"
"LOC115146820",155.591834839003,-0.398775530559367,0.15007212485292,0.000876324085468582,0.0198139917538992,"A disintegrin and metalloproteinase with thrombospondin motifs 2-like","gonad"
"gpbp1",53.173324471242,-0.39908449550523,0.150243634571558,0.000878994088897563,0.0198139917538992,"GC-rich promoter binding protein 1, transcript variant X1","gonad"
"LOC115133453",36.7718816445137,-0.405418775117324,0.169353335885089,0.00173232344363879,0.0294184254756058,"tetratricopeptide repeat protein 5-like","gonad"
"LOC115136068",476.417257803798,-0.406951879176063,0.148030553707785,0.000642450337472546,0.0164611598647397,"histone H3.3","gonad"
"LOC115105403",51.5756268958531,-0.409753391991165,0.18245674571916,0.00236707339701578,0.0352819155136609,"akirin-1-like","gonad"
"LOC115115946",231.208980694395,-0.412968786474001,0.19005678971029,0.00269445504772043,0.0382741982960137,"rab GTPase-activating protein 1-like","gonad"
"LOC115108614",23.1925982935192,-0.413494370279672,0.17888893240264,0.00200001366682118,0.0320391360247539,"cordon-bleu protein-like 1, transcript variant X1","gonad"
"sppl2b",32.6095252377434,-0.413875609434168,0.145848501735838,0.000500666852823242,0.0140911091282217,"signal peptide peptidase like 2B, transcript variant X1","gonad"
"LOC115108346",68.9360317801243,-0.41462078215335,0.172584256112767,0.00160736672737519,0.0278968734948205,"chromatin assembly factor 1 subunit A-like, transcript variant X2","gonad"
"LOC115109073",44.5526380312842,-0.41746307864623,0.169943991794999,0.00139452800859638,0.0256114334071507,"SUN domain-containing protein 2-like","gonad"
"LOC115111472",37.9218220982727,-0.417987863264028,0.175893043943548,0.00169252271338396,0.0289542920237502,"SWI/SNF-related matrix-associated actin-dependent regulator of chromatin subfamily B member 1","gonad"
"LOC115141668",91.5425805672284,-0.419513476247368,0.143500296959739,0.000369050321703426,0.0119231230203195,"SUMO-activating enzyme subunit 1-like","gonad"
"LOC115102256",21.9742464471896,-0.421059467497281,0.198504832254011,0.00304793940956125,0.0408458501279891,"ephrin type-A receptor 2-like","gonad"
"LOC115110075",23.1194019142438,-0.424003180273506,0.199039390074551,0.00277095750489521,0.0388364769468474,"uncharacterized LOC115110075","gonad"
"LOC115126510",2007.65712856135,-0.425419280329919,0.200348929748579,0.00316697054888362,0.0418761084798263,"40S ribosomal protein S9-like","gonad"
"LOC115135426",176.912840426012,-0.427091684615608,0.20735010518068,0.00323301106524849,0.0424823487303817,"G protein pathway suppressor 2-like, transcript variant X2","gonad"
"LOC115119204",64.6433834614275,-0.428039650770453,0.182826741358774,0.00176538081013706,0.0297747289703582,"cyclin-Y-like protein 1","gonad"
"LOC115109252",175.695415504865,-0.429959230122021,0.153601880748715,0.000515269555259743,0.0142676508972668,"transcriptional repressor p66-alpha-like, transcript variant X1","gonad"
"LOC115121458",164.038978808876,-0.432036465301922,0.195219586929026,0.00224924373757198,0.0342634192847349,"ankyrin repeat domain-containing protein 12-like","gonad"
"LOC115133232",83.2644632701776,-0.432981628153231,0.180656617338649,0.00151973352181003,0.0269032814043104,"phosphate carrier protein, mitochondrial-like, transcript variant X3","gonad"
"LOC115140604",25.6455248130505,-0.434372734406743,0.217521682153703,0.00373560859834232,0.0462614446106029,"uncharacterized LOC115140604","gonad"
"LOC115137090",258.013359006187,-0.436542795858672,0.208561911304554,0.00291810354321209,0.0398660105272157,"protein phosphatase 1 regulatory subunit 37-like","gonad"
"LOC115132969",39.4987039695799,-0.437044849521083,0.183340372970119,0.00154393778178495,0.0271521554275581,"AT-rich interactive domain-containing protein 2-like, transcript variant X2","gonad"
"LOC115102877",77.0981885208614,-0.43736007196133,0.224850950341571,0.00388558942767064,0.0472231295333399,"serine/threonine-protein kinase OSR1-like, transcript variant X2","gonad"
"LOC115119807",20.277264109508,-0.437381436662476,0.219397436388353,0.00371351229572653,0.0460480388471394,"hyccin-like, transcript variant X1","gonad"
"ranbp9",227.796405435447,-0.437849697357153,0.120371982387178,3.03548918947767e-05,0.00359873161277517,"RAN binding protein 9","gonad"
"LOC115144880",369.81205118906,-0.43797576260717,0.212889348328713,0.00311266453983411,0.041389257768089,"elongation factor 2-like, transcript variant X1","gonad"
"dkk3",459.492998620849,-0.439130596674666,0.222366133010211,0.00359475628569173,0.0453784603009112,"dickkopf WNT signaling pathway inhibitor 3, transcript variant X1","gonad"
"nkrf",53.5939699453273,-0.440993507634998,0.203010297511984,0.00248758199062598,0.0366840848851269,"NFKB repressing factor, transcript variant X1","gonad"
"LOC115109041",36.8285299653325,-0.442790033808686,0.189437514345055,0.00169040352410265,0.0289542920237502,"ankyrin repeat and SOCS box protein 3-like, transcript variant X1","gonad"
"LOC115134994",14.1464761435797,-0.445044674005971,0.223248385333735,0.00357417781274613,0.0452681266534644,"mitogen-activated protein kinase kinase kinase kinase 3-like, transcript variant X3","gonad"
"LOC115119639",57.7233389337833,-0.44546635392914,0.224763897038253,0.00359194230444289,0.0453784603009112,"protein FAM214B-like, transcript variant X1","gonad"
"LOC115105150",323.496841594778,-0.446928292117868,0.198239747946613,0.00196809774123998,0.031804404711868,"sickle tail protein-like, transcript variant X4","gonad"
"LOC115141125",80.972762233171,-0.450443016892261,0.210364164512382,0.00255828336131081,0.0371765889842058,"nuclear receptor subfamily 1 group D member 2-like","gonad"
"LOC115131726",57.9404257060377,-0.450721064384187,0.214207085032953,0.00280076083928139,0.0390806237964577,"zinc finger and BTB domain-containing protein 12-like, transcript variant X2","gonad"
"LOC115103754",104.730482225521,-0.457235168873749,0.166117677883215,0.000531880273426896,0.0145958738802004,"junction plakoglobin-like","gonad"
"stk25",41.4539812365986,-0.457525961393119,0.214053229066224,0.00249876110749256,0.0367368666110376,"serine/threonine kinase 25, transcript variant X1","gonad"
"LOC115104864",52.4888741648114,-0.457841309271496,0.185266380690464,0.00111554108675846,0.0225829452120345,"thioredoxin domain-containing protein 5-like","gonad"
"LOC115134860",63.0811729868987,-0.4579127443238,0.229937992633586,0.00336754285988849,0.0436145171354231,"round spermatid basic protein 1-like","gonad"
"LOC115130204",44.0675270445173,-0.460203381673986,0.224071340661609,0.00299575104560176,0.0404020983251206,"serine/threonine-protein phosphatase 4 regulatory subunit 1-like, transcript variant X1","gonad"
"LOC115118153",167.980470766045,-0.460374658134243,0.152134608765229,0.000228451502398263,0.00936558120856544,"protein Tob1-like","gonad"
"LOC115144075",137.479363382194,-0.460438756040258,0.163578419442916,0.000442184808395276,0.013251665821277,"protein phosphatase 1B-like, transcript variant X2","gonad"
"LOC115134088",25.4457165381632,-0.460581439615551,0.235672259806222,0.00356092571528455,0.0451917750797003,"adhesion G protein-coupled receptor G3-like, transcript variant X1","gonad"
"LOC115128571",45.2502877495529,-0.460697238627475,0.212685669626351,0.00224797489777064,0.0342634192847349,"asparagine synthetase [glutamine-hydrolyzing]-like","gonad"
"LOC115101943",54.7946561740521,-0.460898539696589,0.198343033652894,0.00162643071951353,0.028124626186291,"SRSF protein kinase 1-like, transcript variant X1","gonad"
"LOC115108233",52.1505573715017,-0.462757529395658,0.240187884689431,0.00370986042507773,0.0460480388471394,"formin-like protein 2, transcript variant X7","gonad"
"LOC115128576",121.60906616583,-0.463446805534536,0.184836942311589,0.00101792291486644,0.0217298426076619,"mannosyl-oligosaccharide 1,2-alpha-mannosidase IB-like, transcript variant X1","gonad"
"LOC115117173",65.3751314752698,-0.464430893192384,0.24951213374962,0.00419052900894583,0.0491926018502104,"chloride channel protein 2-like, transcript variant X1","gonad"
"LOC115132911",67.5111376813133,-0.465709979601054,0.242589088569094,0.00375244780414376,0.0463789811824165,"palmitoyltransferase ZDHHC17-like","gonad"
"LOC115132494",1272.72134355451,-0.465711134298247,0.17257674047783,0.000591106967595958,0.0155689431335516,"40S ribosomal protein S26","gonad"
"LOC115143188",31.8141526127865,-0.467070332250584,0.184080808456679,0.000952418529783585,0.0209454644151593,"AMP deaminase 2-like, transcript variant X1","gonad"
"ddo",38.338100820817,-0.467972765947755,0.228552677981642,0.00289239446551666,0.0396897255167697,"D-aspartate oxidase, transcript variant X4","gonad"
"mvb12b",53.1359736049775,-0.468491932151917,0.20848542828851,0.0018966635254827,0.0311747602908116,"multivesicular body subunit 12B, transcript variant X2","gonad"
"LOC115128542",103.874974507454,-0.469182910564775,0.250534360639748,0.00395310639504368,0.0477068639835258,"cAMP-dependent protein kinase inhibitor alpha-like","gonad"
"LOC115117991",102.486098105862,-0.471507130150386,0.145821146248332,0.000113675022733513,0.00674350765106042,"TNF receptor-associated factor 6-like","gonad"
"LOC115112532",150.330530277989,-0.47382310375731,0.227894311895743,0.00263446279654881,0.0378058444034855,"protein MRVI1-like","gonad"
"LOC115107659",107.113245259047,-0.474272371287403,0.163125682473929,0.000319835777284948,0.0110699856952643,"transcription regulator protein BACH2-like","gonad"
"ski",363.32758779153,-0.476022549334285,0.174984079192248,0.00054264666682448,0.014784193721326,"SKI proto-oncogene","gonad"
"LOC115108213",279.857947011176,-0.479632257898844,0.222479235376279,0.00217447441357384,0.0334201891404389,"cystathionine gamma-lyase-like, transcript variant X2","gonad"
"LOC115146279",35.7953522580772,-0.480315624373326,0.218928630980779,0.00205485024111773,0.0324206746094933,"uncharacterized protein C14orf28 homolog","gonad"
"LOC115110792",53.2084837726799,-0.480495196793734,0.171102059499047,0.000420990140212902,0.0128987836649374,"STE20-related kinase adapter protein alpha-like, transcript variant X1","gonad"
"LOC115121109",289.987261933766,-0.482595227929717,0.168195119819848,0.000348260845640634,0.011568980898606,"torsin-1A-interacting protein 2-like, transcript variant X1","gonad"
"LOC115103345",134.192720150622,-0.483458599677584,0.251474666434325,0.00336040145025041,0.0435518148257984,"gastrula zinc finger protein xFG20-1-like","gonad"
"LOC115127885",12.6927215199479,-0.487755314682645,0.230609665050313,0.0025047130902361,0.0367368666110376,"kelch-like protein 8","gonad"
"kctd3",23.9687828899906,-0.490142853964761,0.23434643350144,0.00251931046630813,0.0367837182686197,"potassium channel tetramerization domain containing 3, transcript variant X2","gonad"
"six3",16.6619728431728,-0.491960167377412,0.269939923646832,0.00409573668671073,0.0486834740507644,"SIX homeobox 3","gonad"
"LOC115101288",42.8272458887801,-0.492463451244122,0.231300872282888,0.00227024267092406,0.0344289649038324,"lysine-specific demethylase 6B-like","gonad"
"LOC115124872",295.456572720848,-0.493848093763891,0.14855783927259,7.75742783335884e-05,0.00546379958893663,"ankyrin repeat and sterile alpha motif domain-containing protein 1B-like, transcript variant X3","gonad"
"aldh7a1",428.373852062094,-0.495217952560159,0.149487173121852,7.99758206302645e-05,0.00552679621764255,"aldehyde dehydrogenase 7 family member A1","gonad"
"LOC115129807",41.3322880373338,-0.49541394767836,0.199888738997881,0.000997230844302584,0.0215063394497374,"inositol-3-phosphate synthase 1-A-like, transcript variant X1","gonad"
"LOC115106878",113.854416120634,-0.495805248218193,0.149004447276753,7.89336095906246e-05,0.00551786615462953,"mediator of DNA damage checkpoint protein 1-like","gonad"
"LOC115106603",127.011028194223,-0.496324707090273,0.21444120469709,0.00147182589822583,0.0264914670940171,"heparan sulfate glucosamine 3-O-sulfotransferase 2-like, transcript variant X3","gonad"
"LOC115105085",21.9989539821998,-0.496941553860926,0.234812674811123,0.00233387293619038,0.0349067014587401,"sorting nexin-16-like","gonad"
"LOC115144073",30.7440149971406,-0.500066735581925,0.255222655800857,0.0031813522627164,0.0420279257162416,"metastasis-associated protein MTA3-like","gonad"
"LOC115117577",47.2515022093744,-0.50110468853703,0.186215469325438,0.000546678396367631,0.0148726371195705,"cytohesin-2, transcript variant X2","gonad"
"LOC115131585",38.1815023357846,-0.502955613071125,0.225909048049393,0.00173462722368487,0.0294311527602804,"collagen alpha-1(XIV) chain-like, transcript variant X3","gonad"
"LOC115117122",192.40125039428,-0.505544085122577,0.270024982166965,0.00354045756633012,0.0451136703047182,"gamma-adducin-like","gonad"
"mthfd1",15.7830268979535,-0.505602309542433,0.233884741743687,0.00205807503990551,0.0324206746094933,"methylenetetrahydrofolate dehydrogenase, cyclohydrolase and formyltetrahydrofolate synthetase 1","gonad"
"LOC115117837",42.3926327156188,-0.506093678376748,0.191205684607748,0.000619263656578137,0.0161242795214414,"uncharacterized LOC115117837","gonad"
"LOC115120938",28.6308336552087,-0.507657547362239,0.26957166001682,0.00355524730568314,0.0451802736463827,"BTB/POZ domain-containing protein KCTD9-like, transcript variant X2","gonad"
"LOC115145610",778.245791068724,-0.513573723059207,0.222872701127037,0.0013641028301903,0.0253975290950378,"40S ribosomal protein S3a","gonad"
"LOC115126382",14.7494436286652,-0.513885892080886,0.210290256273285,0.00109088605204925,0.022379119605149,"uncharacterized LOC115126382","gonad"
"LOC115104856",20.2424462815314,-0.514917616446117,0.29201728954742,0.00418149720953986,0.0491475168607308,"diacylglycerol kinase beta-like","gonad"
"fbxl8",65.4206565444766,-0.516264488951762,0.267551420305641,0.00314278643224297,0.0416435696952559,"F-box and leucine rich repeat protein 8, transcript variant X2","gonad"
"LOC115136720",34.8703111399708,-0.519001091597257,0.275905066603446,0.00333529169895584,0.0433450571858125,"dixin-A-like, transcript variant X3","gonad"
"LOC115133242",113.606477945929,-0.520201280766518,0.170519265505886,0.000178887486306642,0.00828174707387839,"kinesin-like protein KIF21A, transcript variant X1","gonad"
"LOC115141928",48.3099220655962,-0.523091630546209,0.265817853145832,0.00283284590506081,0.0392861958883145,"kinase suppressor of Ras 1-like","gonad"
"LOC115128772",35.6095363512352,-0.524706240127823,0.25186879225069,0.00226071125715238,0.0343827852644019,"protein capicua homolog","gonad"
"LOC115130252",49.8160849578428,-0.527185227161099,0.245625326923676,0.0019925290742634,0.0319719694287737,"TGF-beta receptor type-1-like, transcript variant X2","gonad"
"LOC115109617",45.1447608362507,-0.53177426847241,0.177442585979486,0.000210302912976133,0.00895252308788978,"protein-methionine sulfoxide oxidase mical2b-like, transcript variant X3","gonad"
"LOC115140096",126.43035921092,-0.533990409196079,0.247518188001057,0.00181684008814359,0.0302833336874991,"ankyrin-1-like, transcript variant X2","gonad"
"LOC115104573",23.4716744042605,-0.534292846881418,0.305257568971868,0.00409237276602296,0.0486834740507644,"claudin-11-like, transcript variant X2","gonad"
"LOC115130272",168.805188233825,-0.535650273074961,0.201926876070642,0.000552052061406356,0.0149403436385717,"protein adenylyltransferase SelO-like, transcript variant X2","gonad"
"LOC115112071",58.2666210571598,-0.535827537235571,0.225347155329549,0.00112490944658491,0.0227322949531326,"lysosomal acid phosphatase-like","gonad"
"LOC115122161",16.5395134662983,-0.537361545304655,0.27503302402942,0.0029666989954468,0.0402684196980539,"CREB-binding protein-like","gonad"
"LOC115110918",13.1913229404919,-0.538399515678672,0.291894672177176,0.00343086211015264,0.0442529796020029,"TBC1 domain family member 17-like","gonad"
"LOC115128459",108.429185937826,-0.540834025547653,0.220225352030176,0.000909406664964229,0.0202633249214404,"synaptotagmin-11-like","gonad"
"LOC115130421",32.4967138380567,-0.542887889901545,0.280562735144597,0.00281725844972185,0.0392049466014407,"leucine-rich repeat-containing protein 14-like","gonad"
"LOC115144777",87.0051557652983,-0.544034414344496,0.231598450908586,0.00116955538424552,0.0233077972389136,"serine/threonine-protein kinase pim-3-like","gonad"
"LOC115103276",27.7165653227019,-0.547328608898656,0.186261339935251,0.000242602944216933,0.00957018072655754,"metal-response element-binding transcription factor 2-like, transcript variant X4","gonad"
"LOC115117947",13.5350375306912,-0.556793386180075,0.323445849626647,0.00413389427232414,0.0488914978428841,"plexin-B2-like","gonad"
"tc2n",43.5286704210855,-0.558827035478785,0.260241751333498,0.00182372029678688,0.0303130833469399,"tandem C2 domains, nuclear","gonad"
"LOC115138720",13.72195925279,-0.55891439674928,0.247696880988055,0.00150592450297125,0.0267309061189289,"coiled-coil domain-containing protein 85C-A-like, transcript variant X2","gonad"
"LOC115124248",54.8297397078676,-0.560468720802497,0.221521269337855,0.000735187637564757,0.018037720513735,"filamin-A-like","gonad"
"LOC115144825",157.606580475019,-0.562268428211882,0.338978810767466,0.00424000310085261,0.0495583078485457,"solute carrier family 41 member 2-like","gonad"
"LOC115143294",234.529765791313,-0.562942230286514,0.246520448028744,0.00130355743514024,0.0247849925675317,"rho-related BTB domain-containing protein 3-like, transcript variant X2","gonad"
"ccdc80",27.4504426740634,-0.567497346707782,0.29786398031709,0.00286574845738662,0.0394926834356737,"coiled-coil domain containing 80, transcript variant X3","gonad"
"LOC115114512",13.4941175825494,-0.574165299487695,0.301935998097568,0.00284271281950337,0.0393183106189162,"Golgi-associated plant pathogenesis-related protein 1-like","gonad"
"LOC115103780",11.7219908478676,-0.576689592877217,0.301720333821983,0.00297227480015042,0.0403152029662236,"uncharacterized LOC115103780, transcript variant X1","gonad"
"LOC115113086",35.875771490782,-0.577969698584462,0.271040632289428,0.00174027432566364,0.0295005321006634,"transmembrane protein 150A-like","gonad"
"LOC115127399",32.4854594420095,-0.57871692341298,0.28042073633006,0.00207298330873202,0.0324724588520085,"ephrin type-A receptor 4-like","gonad"
"LOC115125883",33.2754461303097,-0.578948538378547,0.220495925577055,0.000541180665478344,0.0147654984161851,"sushi-repeat-containing protein SRPX-like, transcript variant X2","gonad"
"znf276",13.9483641151196,-0.579891712908143,0.278916039716105,0.00212641611105191,0.0329220679172264,"zinc finger protein 276","gonad"
"LOC115143333",261.970968068795,-0.581763385403969,0.261561721859759,0.00139671409535549,0.0256267261584847,"GATA-binding factor 2-like, transcript variant X2","gonad"
"LOC115131709",1207.37636569008,-0.582599651085847,0.256479548636977,0.00127979395063768,0.0246091128810753,"syndecan-2-A-like","gonad"
"LOC115146963",18.8806472009276,-0.58286506830522,0.209297036505211,0.000359329338376674,0.0117122576465525,"splicing factor, arginine/serine-rich 15-like","gonad"
"LOC115134283",403.227465380474,-0.584187418942229,0.206670483387145,0.000302201387032451,0.0107925491395969,"1-acyl-sn-glycerol-3-phosphate acyltransferase gamma-like, transcript variant X2","gonad"
"LOC115134531",363.94402327427,-0.584632714693482,0.339067985769494,0.00366179822823248,0.0457362463400937,"protein disulfide-isomerase A3-like","gonad"
"LOC115125756",12.5403217617984,-0.593018273443984,0.296560263559095,0.00232416716144396,0.0348717156909202,"protein diaphanous homolog 1-like","gonad"
"LOC115114294",554.774675273848,-0.597679167023082,0.217466332766288,0.000367114075402864,0.0118853693551728,"receptor-type tyrosine-protein phosphatase U-like","gonad"
"LOC115130104",268.596734022632,-0.598077440359773,0.343018977742756,0.00344917585928537,0.0443683049562286,"lipase member H-like","gonad"
"LOC115133937",11.6715148345793,-0.609632637695581,0.272434504292674,0.00137591428381293,0.0255176091696103,"L-lactate dehydrogenase B-A chain-like","gonad"
"LOC115121135",62.0219405730761,-0.613600871092148,0.276221975175965,0.00138322323361754,0.0255489669964341,"peptidase inhibitor 15-A-like","gonad"
"LOC115103635",35.8697635242579,-0.615804653897445,0.236972739343961,0.000558506556117746,0.0149728951229466,"thyrotroph embryonic factor-like","gonad"
"LOC115133950",235.958965203185,-0.616720508523449,0.375816257754938,0.00386557834995736,0.047113007036413,"proton myo-inositol cotransporter-like, transcript variant X2","gonad"
"LOC115127433",43.5883531010923,-0.618940295622527,0.322509148547,0.0025229623841479,0.0367837182686197,"gamma-adducin-like, transcript variant X1","gonad"
"LOC115109663",80.8612990376616,-0.619091942635343,0.37590609657926,0.00386115975610168,0.0471076417408411,"caveolin-1-like","gonad"
"LOC115116421",63.8231520654891,-0.61983245646965,0.234556624556363,0.000484352228471854,0.0138607648245877,"lysine-specific demethylase 4B-like, transcript variant X1","gonad"
"LOC115123349",125.646293974584,-0.620541302884395,0.262177426085368,0.000955644162992395,0.0209696934617224,"gamma-secretase subunit Aph-1b-like","gonad"
"LOC115130756",13.0453316756404,-0.629911779927848,0.364641396565807,0.00371110978873269,0.0460480388471394,"protein transport protein Sec24B-like, transcript variant X1","gonad"
"LOC115142771",51.52068444169,-0.633697561764677,0.238028680150139,0.000452955106193419,0.0133593534825115,"chromodomain-helicase-DNA-binding protein 6-like, transcript variant X5","gonad"
"LOC115114860",1619.3789878466,-0.634661488074387,0.257774875813354,0.000741611162478862,0.0180811512189503,"alanine aminotransferase 2-like","gonad"
"LOC115102129",17.0095246423485,-0.635971647590214,0.221995952294793,0.000257316449635106,0.00989011215166707,"translocating chain-associated membrane protein 1-like 1, transcript variant X1","gonad"
"LOC115145152",79.8177607409702,-0.637845644900373,0.370446916133395,0.00333292071343527,0.0433439929319347,"nucleoprotein TPR-like, transcript variant X10","gonad"
"LOC115112305",36.5670884283954,-0.63937530807646,0.380840100205097,0.00363914451542757,0.0455735458992203,"rho family-interacting cell polarization regulator 1-like, transcript variant X2","gonad"
"LOC115145120",81.8000333600796,-0.641309498489681,0.231167521022969,0.000318588591524122,0.0110699856952643,"ras-like protein family member 11B","gonad"
"LOC115130419",75.2306711645706,-0.641825345731535,0.345250598540007,0.00263635853925758,0.0378058444034855,"extended synaptotagmin-2-A-like, transcript variant X3","gonad"
"LOC115138007",30.5057176281451,-0.64451491994737,0.249136958277387,0.00055311227307308,0.0149403436385717,"probable G-protein coupled receptor 132","gonad"
"LOC115125008",103.908490755388,-0.645845867820999,0.247762104647461,0.000501579485208419,0.0140911091282217,"immunoglobulin superfamily member 8-like","gonad"
"nalcn",130.896772296967,-0.647500770139259,0.215903357742356,0.000163513373119747,0.00789524564265686,"sodium leak channel, non-selective, transcript variant X3","gonad"
"LOC115126859",32.4129877234847,-0.648841314264706,0.319762520632408,0.00189884777845992,0.0311835929619589,"NUAK family SNF1-like kinase 1","gonad"
"LOC115119565",61.8181129814339,-0.650442587791017,0.314158019484615,0.0017706017861433,0.0297747289703582,"ephrin type-B receptor 3-like","gonad"
"LOC115101924",28396.6443811035,-0.650705462714638,0.255524496034936,0.000573611496880099,0.0152546821536863,"apolipoprotein C-I-like","gonad"
"LOC115142960",162.540645589816,-0.65358780336241,0.137967832984385,1.6137483963821e-07,0.000305563258854951,"double-stranded RNA-binding protein Staufen homolog 1-like, transcript variant X1","gonad"
"LOC115103873",2173.95558991246,-0.655583537307507,0.255620037661295,0.000469802020114419,0.0135812232837657,"voltage-dependent calcium channel gamma-1 subunit-like","gonad"
"LOC115136422",63.4465304183941,-0.656046479576569,0.268133345129432,0.000724322159602139,0.0178663903167342,"protein ABHD14B-like","gonad"
"LOC115132492",120.382861025851,-0.657013446106805,0.269147140658087,0.000757178199844474,0.018233900154991,"limb region 1 homolog-like protein, transcript variant X2","gonad"
"LOC115138295",39.6718886674016,-0.66264781498292,0.190248670721439,3.29525205486956e-05,0.00369112144972507,"leucine zipper protein 1-like, transcript variant X1","gonad"
"LOC115137301",1216.2112734426,-0.662837036278023,0.25677895908267,0.000514866990905399,0.0142676508972668,"mucin-5AC-like, transcript variant X2","gonad"
"LOC115113209",24.1794716340508,-0.66587170577112,0.22258597468125,0.000167176550264026,0.0079936565132559,"receptor-type tyrosine-protein phosphatase epsilon-like, transcript variant X1","gonad"
"LOC115130649",39.0069625168855,-0.66986175516879,0.218602583868305,0.000131223809184095,0.00732097647426442,"vascular endothelial growth factor receptor kdr-like","gonad"
"LOC115109045",44.1668050804488,-0.673536897276112,0.374661552958297,0.00272873208003635,0.0385874099592892,"thromboxane A2 receptor-like","gonad"
"LOC115138279",61.0253203943934,-0.674994142608344,0.345528831875952,0.00211254048724808,0.0328289567057646,"calcipressin-2-like","gonad"
"cacna2d4",43.7362681366902,-0.675352065112239,0.271740240775055,0.000658267426589026,0.0167724784676872,"calcium voltage-gated channel auxiliary subunit alpha2delta 4, transcript variant X2","gonad"
"LOC115102444",28.9887279359442,-0.675476935105211,0.278052326534645,0.000787549751306365,0.0186265164317957,"plexin-A2-like","gonad"
"LOC115133918",1427.49689219717,-0.678469829099168,0.238766737782129,0.000245254170674864,0.00963462182931233,"protein regulator of cytokinesis 1-like, transcript variant X2","gonad"
"LOC115103793",100.729215659839,-0.682054718804508,0.180069659228132,9.79355780012952e-06,0.00227619574542032,"platelet endothelial cell adhesion molecule-like, transcript variant X5","gonad"
"LOC115129786",150.60650475285,-0.687974359964362,0.199576325494259,3.36521326784811e-05,0.00370466937364558,"unconventional myosin-Ib-like, transcript variant X2","gonad"
"LOC115138273",495.330667477679,-0.690810305457376,0.207852010183922,5.17878740780559e-05,0.00453272018678246,"WD repeat-containing protein 25-like, transcript variant X1","gonad"
"LOC115144036",15.6240711698841,-0.695970373080677,0.396311176171041,0.00283567033136987,0.0392861958883145,"protein phosphatase 1 regulatory subunit 3C-B-like","gonad"
"LOC115144066",569.679312008219,-0.696053140312277,0.201807621254508,3.3334130863638e-05,0.00369112144972507,"lutropin-choriogonadotropic hormone receptor-like","gonad"
"LOC115123782",12.0189162952247,-0.696219272962786,0.347203548139303,0.00202997924419744,0.0322880439341979,"putative BMP-2-inducible kinase-like protein, transcript variant X1","gonad"
"LOC115108209",74.6070750477559,-0.697970033864127,0.230973007716462,0.000141458713922919,0.007566442791329,"ankyrin repeat domain-containing protein 13C-like, transcript variant X1","gonad"
"LOC115130275",35.5049507792968,-0.709176083968607,0.260519335407813,0.00033821004862585,0.0114164152623567,"uncharacterized LOC115130275, transcript variant X2","gonad"
"LOC115110587",10.8085780409914,-0.709908147744618,0.483482812257607,0.00420897031956998,0.0493478965950821,"transforming growth factor beta receptor type 3-like, transcript variant X1","gonad"
"LOC115125018",15.4805427313337,-0.714394659797182,0.444950679139322,0.00361517321240499,0.0454235599050355,"guanylate cyclase soluble subunit alpha-2-like","gonad"
"LOC115112547",166.00819423742,-0.718376525034876,0.247880659059692,0.000199082783103151,0.00867612701239487,"tubulin beta-3 chain-like","gonad"
"LOC115125685",252.760305556352,-0.724050411311025,0.367540917207175,0.00188691958899928,0.0310415485818431,"amyloid-like protein 2","gonad"
"LOC115136222",65.8998065925158,-0.727588073992747,0.217604572065695,4.78971927202036e-05,0.00432244749210261,"semaphorin-3F-like, transcript variant X1","gonad"
"LOC115139225",98.3171322872015,-0.732144565122642,0.243439703835681,0.000137226507732045,0.00744861274160554,"tribbles homolog 2-like, transcript variant X1","gonad"
"LOC115121176",32.3858746565466,-0.738658072719224,0.272871910201848,0.000344167765613539,0.0114842367967974,"programmed cell death protein 4-like, transcript variant X2","gonad"
"LOC115101055",163.318422509473,-0.756478889927213,0.409545596981911,0.00226564397400106,0.0344289649038324,"tubulin alpha chain, testis-specific-like","gonad"
"LOC115130107",45.3453873047927,-0.768839553548281,0.228651361248214,4.22273919536686e-05,0.00405875972915083,"ribosomal protein S6 kinase alpha-3-like, transcript variant X2","gonad"
"LOC115127705",16.7341869643174,-0.784148204519618,0.284471926364581,0.000280736650855377,0.0104159332703391,"voltage-dependent L-type calcium channel subunit alpha-1D-like","gonad"
"LOC115143423",88.4086663742239,-0.788522531876207,0.350003665846147,0.000975778315054943,0.0212041699568533,"tumor necrosis factor receptor superfamily member 8-like","gonad"
"LOC115145981",48.8991009556067,-0.797389331668984,0.508254156266576,0.00328574063814764,0.0430211094984973,"HHIP-like protein 1","gonad"
"LOC115129860",28.359375104866,-0.79851607426062,0.299434989369212,0.000353945315347482,0.0116353377536538,"low-density lipoprotein receptor-related protein 1B-like","gonad"
"LOC115104701",13.8818912866666,-0.802115698570561,0.453955045367083,0.00242086261710705,0.0357837889577845,"tubulin polymerization-promoting protein family member 3-like","gonad"
"LOC115123203",123.701672331111,-0.809211263142559,0.24110449957,4.10049450015953e-05,0.00405875972915083,"sodium-dependent lysophosphatidylcholine symporter 1-B-like, transcript variant X1","gonad"
"LOC115127439",3245.82677121426,-0.810953685465326,0.344402112305873,0.000739420788288713,0.0180811512189503,"extracellular matrix protein 1-like","gonad"
"LOC115137881",71.223531078766,-0.82485410186187,0.315549792882242,0.000386783203723514,0.0122387561965569,"ras-like protein family member 11A-like","gonad"
"LOC115127896",13.469719376834,-0.826223513692583,0.502052849209284,0.00294249125687705,0.0401123628142311,"lysosome membrane protein 2-like","gonad"
"LOC115112550",311.316637079777,-0.831102857166043,0.22023899252326,8.66527751198083e-06,0.00227619574542032,"tubulin beta-3 chain-like","gonad"
"LOC115131461",709.088144855303,-0.831725491212383,0.527753917469872,0.00311920740088434,0.0414329813578599,"terminal nucleotidyltransferase 5A-like","gonad"
"LOC115106960",144.533896588854,-0.841735479171437,0.388730939221593,0.00110892183451143,0.0225052893209795,"synaptophysin-like protein 1","gonad"
"LOC115133297",11.8595390317919,-0.850514381486999,0.311698086268536,0.000311245380332077,0.0109627252930427,"protein TANC1-like, transcript variant X1","gonad"
"serpini1",23.2739112807844,-0.851369801219605,0.398916570381319,0.00121791858278244,0.0239473399428718,"serpin family I member 1","gonad"
"LOC115122444",52.4185891928753,-0.859656833587113,0.237088983382087,1.4968888356701e-05,0.00248627983363275,"traf2 and NCK-interacting protein kinase-like","gonad"
"LOC115128745",41.0506063405233,-0.867504069878873,0.306521828601833,0.000210397294645416,0.00895252308788978,"exportin-4, transcript variant X2","gonad"
"LOC115131711",146.069226035326,-0.867717659478593,0.485694451166971,0.00223848959724251,0.0341849923174362,"angiopoietin-1-like, transcript variant X2","gonad"
"LOC115102861",174.256236871383,-0.878643046565913,0.351119615495604,0.000498580103281617,0.0140911091282217,"protein piccolo-like","gonad"
"LOC115118973",28.5379183649306,-0.880647798117398,0.329454639140744,0.000319985936503008,0.0110699856952643,"extracellular matrix protein 1-like, transcript variant X2","gonad"
"LOC115103771",58.4397177740076,-0.897173533617477,0.377308984696257,0.00065902952099072,0.0167724784676872,"insulin-like growth factor-binding protein 4","gonad"
"amh",86.9246762737259,-0.89825737353193,0.495512589533891,0.0020560303711403,0.0324206746094933,"anti-Mullerian hormone","gonad"
"LOC115139421",63.450192390327,-0.909370697884404,0.503178386859089,0.00205604465992532,0.0324206746094933,"uncharacterized LOC115139421, transcript variant X2","gonad"
"LOC115122287",14.7112696657637,-0.910237301713761,0.576409219030124,0.00291609111063006,0.0398660105272157,"putative N-acetylated-alpha-linked acidic dipeptidase","gonad"
"LOC115112364",98.9109235585578,-0.92385439025586,0.336235114246532,0.000249793233532673,0.00977238610938258,"dysbindin domain-containing protein 1-like, transcript variant X2","gonad"
"LOC115116544",267.947091439063,-0.927992789915719,0.432241047270185,0.00108497466270118,0.022379119605149,"alpha-tubulin N-acetyltransferase 1-like, transcript variant X2","gonad"
"LOC115101191",2142.55281658378,-0.950396730409007,0.445130883175437,0.0010800962979409,0.022379119605149,"CD209 antigen-like protein E","gonad"
"LOC115106696",176.898524759731,-0.959045647709954,0.330601622235891,0.000157854464419098,0.00779927105871799,"transforming growth factor beta-2 proprotein-like","gonad"
"LOC115111177",49.7787768528068,-0.95930168501689,0.513263057508703,0.00179905358465544,0.0301460881641158,"cAMP-specific 3',5'-cyclic phosphodiesterase 4D-like","gonad"
"lhfpl3",18.5512313557985,-0.966139655708094,0.314913855830757,0.00010235629251655,0.00635447999606842,"LHFPL tetraspan subfamily member 3","gonad"
"LOC115129462",13.7607333927294,-1.00024243058716,0.613090268502886,0.00257996660897801,0.0373104416633583,"neuronal acetylcholine receptor subunit alpha-7-like","gonad"
"LOC115128805",133.50958580138,-1.00277926764678,0.40496709494493,0.00048873041120983,0.0139369131570152,"rho GTPase-activating protein 4-like","gonad"
"LOC115121570",86.6877441917425,-1.01455063747761,0.39521711238122,0.00038169596456065,0.0121673621026194,"filamin A-interacting protein 1-like","gonad"
"LOC115110310",129.897828510596,-1.01728821877083,0.233182099805477,6.67557576853041e-07,0.000643392161984752,"protein tweety homolog 3-like, transcript variant X1","gonad"
"LOC115128193",31.7402590458484,-1.02782089327355,0.380631914699771,0.000277475435139636,0.0103629139336667,"tuftelin-like, transcript variant X3","gonad"
"LOC115121673",105.726299040307,-1.02814430964563,0.348090415376105,0.000127486803991749,0.00720862306225981,"pollen-specific leucine-rich repeat extensin-like protein 1","gonad"
"LOC115106977",14.8966013125345,-1.03784341893146,0.359621172701827,0.000166664708525195,0.0079893576099356,"solute carrier organic anion transporter family member 1C1-like, transcript variant X2","gonad"
"LOC115126423",10.619288466572,-1.0428739022609,0.408662636742987,0.00041467275784163,0.01282673092684,"integrin beta-4-like","gonad"
"LOC115106914",59.6939222236692,-1.04898980606363,0.380351748975857,0.000227624463313983,0.00936558120856544,"synapsin-3-like","gonad"
"LOC115120595",199.220476913224,-1.05635695621148,0.552432586259674,0.00156042307052142,0.0273326649771722,"uncharacterized LOC115120595","gonad"
"LOC115143798",771.560027058957,-1.07698514148995,0.453182609891439,0.000585991611446995,0.0154752456942104,"acidic mammalian chitinase-like","gonad"
"LOC115108506",126.820958624827,-1.08092844888562,0.303700692857907,1.6557793787125e-05,0.00263093034503719,"protein NDNF-like","gonad"
"LOC115118245",11.8124579204191,-1.08537016555892,0.37742917224667,0.000169786395763544,0.0080499370601258,"carbohydrate sulfotransferase 11-like","gonad"
"LOC115108300",14.0557247852126,-1.12210213314559,0.316221946681867,1.72004029625921e-05,0.00263544394540085,"cyclic AMP-responsive element-binding protein 3-like protein 3-B","gonad"
"LOC115129184",16.9504155775469,-1.13596261156223,0.551898603260997,0.00117209910075478,0.0233077972389136,"solute carrier family 25 member 48-like","gonad"
"dpep1",600.282082494527,-1.1619173183173,0.320087331713654,1.22657417701746e-05,0.00227619574542032,"dipeptidase 1, transcript variant X1","gonad"
"LOC115110363",19.9798831006178,-1.16238471667663,0.481510660604891,0.000517182289345121,0.0142676508972668,"hemoglobin subunit alpha-1","gonad"
"LOC115111844",10.9570625226608,-1.16245525417607,0.357784337645839,5.2917593815657e-05,0.00453272018678246,"inactive carboxypeptidase-like protein X2","gonad"
"LOC115135188",17.1463471363375,-1.16271037457605,0.462132582247157,0.000419545713749929,0.012875361571888,"uncharacterized LOC115135188","gonad"
"LOC115142626",148.662996283924,-1.246264859005,0.245285930456662,0.00391763743580974,0.0475211177751809,"nidogen-1-like","gonad"
"LOC115122635",17.0848755367023,-1.26326779397183,0.394198423307276,5.56775702083386e-05,0.00466654833338974,"uncharacterized LOC115122635","gonad"
"LOC115146230",33.8265653658612,-1.34324811964778,0.416891009301564,4.9937748665031e-05,0.00446024184420925,"transforming growth factor beta-3 proprotein-like","gonad"
"LOC115126544",86231.5610489874,-1.49949499848681,0.496643710336175,8.77927581209927e-05,0.00579218074920208,"galactose-specific lectin nattectin-like","gonad"
"lg2h3orf18",56.6624149646219,-1.54894655763201,0.337986632245827,1.98822653201118e-07,0.000324967241105704,"linkage group 2 C3orf18 homolog","gonad"
"tnr",27.5501347918239,-1.60198348821234,0.59933820829396,0.000233352984064573,0.00942119137156226,"tenascin R, transcript variant X1","gonad"
"LOC115136413",101.072726101476,-1.6883508916973,0.466846968370278,1.13276039453639e-05,0.00227619574542032,"hepatocyte growth factor-like protein","gonad"
"LOC115125592",16.7173034708451,-1.72746606135764,0.564660980760293,7.76214464971721e-05,0.00546379958893663,"inward rectifier potassium channel 2-like","gonad"
"LOC115113734",15.8818103774829,-2.20945319283398,0.427195543266955,0.00109639759085837,0.0224678445702416,"signal peptide, CUB and EGF-like domain-containing protein 2","gonad"
"LOC115133045",25.5912992736799,-2.24687416302048,0.757347325091145,9.1671103508659e-05,0.00594449433197417,"probable polypeptide N-acetylgalactosaminyltransferase 8","gonad"
"LOC115140801",175.097155302637,-2.24828388763213,0.739594732242158,0.00417132339596122,0.0490888803620421,"CD209 antigen-like protein E, transcript variant X2","gonad"
"LOC115101206",2051.16807100273,-2.38097237358266,0.618889523464663,4.00121546093967e-06,0.00164702205984549,"vasotocin-neurophysin VT 1","gonad"
"LOC115123433",321.369625248854,-2.65301099994882,0.729798603120536,9.11450032296758e-06,0.00227619574542032,"dentin sialophosphoprotein-like","gonad"
