"gene","baseMean","log2FoldChange","lfcSE","stat","pvalue","padj","description","treatment"
"LOC115112427",278.917581430526,2.29817716365885,0.21498804559297,5.42161251407845,5.90638026053084e-08,0.000171849357917911,"serum amyloid A-5 protein-like","gonad"
"LOC115112426",197.66563369121,2.28275177858374,0.214919959293435,5.48562487930015,4.12010373173471e-08,0.000156028328320793,"serum amyloid A-5 protein-like","gonad"
"LOC115141356",1129.64019049195,1.40196066226559,0.191763042533452,3.47518272515327,0.000510505485149749,0.0142572586450007,"C-type lectin domain family 4 member E-like","gonad"
"LOC115142066",427.480512982859,1.3989352268921,0.214493213579704,3.67754651468102,0.000235488142766525,0.00946428057947763,"hepcidin-like","gonad"
"LOC115141350",862.435645005745,1.37819841908882,0.198213336656917,3.26140417908571,0.00110861894482114,0.0225052893209795,"CD209 antigen-like protein E","gonad"
"LOC115105764",862.14369134894,1.35465149968547,0.204835841796736,4.10800126128158,3.99097925409618e-05,0.00405875972915083,"neurofibromin-like","gonad"
"LOC115137859",2236.16054301084,1.27753897846857,0.20352024422145,3.56087128079323,0.000369626258934647,0.0119231230203195,"saxiphilin-like","gonad"
"hspb11",72.8560011859613,1.21890586475799,0.203843847382539,6.00287786691642,1.93850436997996e-09,1.83527901227853e-05,"heat shock protein family B (small) member 11","gonad"
"lg27h9orf116",41.7679479335699,1.21593360125096,0.211031276334072,4.34084644786701,1.41934888076724e-05,0.00244321555066615,"linkage group 27 C9orf116 homolog","gonad"
"LOC115110674",19.2734322056685,1.16183532051463,0.215092203426572,3.30701938856427,0.000942943652881919,0.0207853760969955,"forkhead box protein J1-A-like, transcript variant X2","gonad"
"riiad1",44.6951816537097,1.12683043681468,0.213205728939214,3.688480429428,0.000225597374749907,0.00934723477218708,"regulatory subunit of type II PKA R-subunit (RIIa) domain containing 1","gonad"
"ccdc173",30.5465850858778,1.1070057640158,0.210235610728676,4.24268565163589,2.20860699098305e-05,0.00296595555845844,"coiled-coil domain containing 173","gonad"
"LOC115132668",19.9279444841658,1.09437722157265,0.20383013821826,-3.01556345945716,0.00256502257647287,0.0372240718735078,"receptor-transporting protein 3-like, transcript variant X2","gonad"
"LOC115125542",81.0734740618532,1.08624239452019,0.199311343580051,4.3346349854086,1.46002177411193e-05,0.00248325010156366,"calcyphosin-like protein, transcript variant X1","gonad"
"lg2h20orf96",32.4028851393845,1.0806211417479,0.21134239486426,3.19965057913149,0.00137594290795734,0.0255176091696103,"linkage group 2 C20orf96 homolog, transcript variant X2","gonad"
"LOC115139472",348.294552828116,1.07445286591752,0.209755669408902,5.15936975824651,2.47782522198442e-07,0.000350957828574567,"enoyl-[acyl-carrier-protein] reductase, mitochondrial-like, transcript variant X7","gonad"
"LOC115145189",34.197895350337,1.06954422474097,0.152182530507817,3.79740588865105,0.000146218261997608,0.00766932366030619,"growth arrest and DNA damage-inducible protein GADD45 alpha-like","gonad"
"pih1d3",70.0588804692576,1.06404523736748,0.215008958015068,5.08504645750126,3.67536094607932e-07,0.000409370350082423,"PIH1 domain containing 3","gonad"
"gpr84",92.7277085063442,1.0380015380563,0.21483598467393,4.90862486718255,9.17172249137134e-07,0.000789393478973256,"G protein-coupled receptor 84","gonad"
"nadk",239.100974710118,1.03142279697569,0.191317340042857,5.39827911017697,6.72831391677618e-08,0.000171849357917911,"NAD kinase, transcript variant X3","gonad"
"cfap126",53.5246461024238,1.02907848296957,0.214840321108011,3.05994804951088,0.00221375387334539,0.0338863618365359,"cilia and flagella associated protein 126","gonad"
"LOC115141572",126.135492726733,1.02433590118106,0.213952529903145,4.84627021241791,1.25804144710292e-06,0.000952840592035755,"cytochrome c oxidase subunit 7A2, mitochondrial-like","gonad"
"LOC115130780",189.171693993668,0.995633197800016,0.185062062932579,5.38459979202336,7.26060133796295e-08,0.000171849357917911,"caltractin-like","gonad"
"LOC115109525",571.104595396265,0.984484164283731,0.186772056977809,5.27663290496098,1.31579094278641e-07,0.000276827794462896,"calcium and integrin-binding protein 1-like","gonad"
"LOC115112246",43.2790688590586,0.98264997315528,0.20500389385319,4.80493663878009,1.54800520064285e-06,0.00109368310140827,"bolA-like protein 3","gonad"
"b3gnt7",18.5988671979385,0.981908064527525,0.215123615658738,4.6239479188758,3.76504436891335e-06,0.00162025261648578,"UDP-GlcNAc:betaGal beta-1,3-N-acetylglucosaminyltransferase 7","gonad"
"LOC115143451",21.0548421149284,0.980466357653471,0.206516210845668,5.14052104112316,2.73977639164201e-07,0.000350957828574567,"centromere protein S-like","gonad"
"lsm6",485.47610329288,0.973102438001328,0.204019610868696,4.78619959700024,1.69969028890503e-06,0.00112685019184363,"LSM6 homolog, U6 small nuclear RNA and mRNA degradation associated","gonad"
"LOC115135546",913.339769842022,0.967425853956696,0.206743091523745,4.70008709025025,2.60050563553974e-06,0.00146770238895545,"diamine acetyltransferase 1-like","gonad"
"LOC115109003",96.0454705679456,0.964839651847429,0.208870133474322,4.64201673464544,3.45024908997159e-06,0.00159636790019138,"small nuclear ribonucleoprotein F-like","gonad"
"snapc5",110.800055554932,0.963370358994873,0.187601679229541,5.13776645321331,2.78023101590626e-07,0.000350957828574567,"small nuclear RNA activating complex polypeptide 5, transcript variant X2","gonad"
"LOC115139209",32.6667886820096,0.962925636145755,0.197077915879926,4.40344478297004,1.06545411104161e-05,0.00227619574542032,"sterile alpha motif domain-containing protein 15-like, transcript variant X2","gonad"
"LOC115103388",197.443874726661,0.961735812819181,0.20384857234187,4.73322974233919,2.20975127883235e-06,0.00130755126452158,"LYR motif-containing protein 4A","gonad"
"srp9",255.369570837301,0.955930266022504,0.195794300123846,4.89092383777316,1.00363796606993e-06,0.000826255864675395,"signal recognition particle 9","gonad"
"LOC115142005",33.7289282061508,0.954863281553017,0.21166626081319,4.53631990049062,5.72443295541895e-06,0.00188661648252859,"ubiquinol-cytochrome-c reductase complex assembly factor 2-like, transcript variant X2","gonad"
"LOC115107282",313.573402595412,0.949296595858229,0.204391301526594,4.66019346867699,3.15912304531307e-06,0.00159636790019138,"small integral membrane protein 8-like","gonad"
"LOC115137242",21.0563186007368,0.946813038301433,0.214988905409164,3.12067769542005,0.00180435399884946,0.0301647627280967,"TNFAIP3-interacting protein 2-like","gonad"
"LOC115136646",58.0516347191519,0.944859845500147,0.190468563463684,4.96270825081609,6.95169652683058e-07,0.000643392161984752,"dehydrogenase/reductase SDR family member 13-like","gonad"
"LOC115124990",48.4226546071914,0.93902424662962,0.207717061219418,4.53432076579299,5.77891502438121e-06,0.00188661648252859,"chemokine-like receptor 1","gonad"
"LOC115114450",25.8583991510283,0.934112407985625,0.214987042546248,4.40141375021807,1.07547818861683e-05,0.00227619574542032,"protein canopy-1-like, transcript variant X5","gonad"
"LOC115135550",460.628492050863,0.927436394754197,0.190914018501593,4.86390556642562,1.15091840355446e-06,0.000908026665470987,"eukaryotic translation initiation factor 1A, X-chromosomal-like","gonad"
"enkur",20.2393321615977,0.92088045631846,0.211648382976821,3.11813766766585,0.00181997770114886,0.0303089514259047,"enkurin, TRPC channel interacting protein","gonad"
"LOC115101414",581.385694472651,0.919693201677208,0.198914644388708,4.63328586257673,3.59907017532111e-06,0.00159636790019138,"eukaryotic translation initiation factor 1A, X-chromosomal-like, transcript variant X1","gonad"
"LOC115126007",217.637879207154,0.918596290763494,0.211726623150333,4.36852339508512,1.25089419006013e-05,0.00227619574542032,"glutathione S-transferase Mu 3-like","gonad"
"LOC115139187",916.68873194104,0.913292901112474,0.194785607189348,4.69604653669989,2.65245135659257e-06,0.00146770238895545,"splicing factor 3B subunit 6","gonad"
"LOC115113332",1219.49072922631,0.908339449985953,0.195908445988452,4.64434483371156,3.41157336915241e-06,0.00159636790019138,"calmodulin","gonad"
"efcab10",39.7071216023837,0.908315810250478,0.208565737844292,4.3698448960416,1.24334818298938e-05,0.00227619574542032,"EF-hand calcium binding domain 10, transcript variant X1","gonad"
"LOC115122634",205.07395412173,0.908071462930107,0.201366134193542,4.52018117385736,6.17867317304765e-06,0.00194750413619816,"tyrosine-protein kinase HCK-like","gonad"
"LOC115126357",155.389959575037,0.906756754866927,0.16388538328756,5.5331936901357,3.14451895121262e-08,0.000156028328320793,"tumor necrosis factor receptor superfamily member 14-like, transcript variant X2","gonad"
"pigbos1",111.950728225627,0.90544973929855,0.207478558563353,4.38112833999082,1.18066298723414e-05,0.00227619574542032,"PIGB opposite strand 1","gonad"
"LOC115110561",54.1719802965229,0.899473173837501,0.197626905664779,4.55774560392979,5.17056108244989e-06,0.00184741748001567,"tissue factor pathway inhibitor-like, transcript variant X2","gonad"
"LOC115124540",831.267299174987,0.89734611155273,0.196655045029586,4.57092920591236,4.85566312506048e-06,0.00180288917203186,"crustapain-like","gonad"
"LOC115104627",117.763089018725,0.897138032901531,0.197437124975233,4.55169571885815,5.32152614581856e-06,0.0018532661121513,"CDKN2AIP N-terminal-like protein","gonad"
"efcab6",14.0108976991386,0.896958953872492,0.213980771154749,2.86713370897378,0.00414207973675395,0.0489085948034562,"EF-hand calcium binding domain 6, transcript variant X1","gonad"
"LOC115142018",210.238041483908,0.896937033979887,0.203993787264485,4.40970653659238,1.03510795192314e-05,0.00227619574542032,"mitochondrial import receptor subunit TOM6 homolog","gonad"
"mdh1b",34.9954783027648,0.895847634142969,0.209309923450234,4.51070531422309,6.46124290920556e-06,0.00197328442719044,"malate dehydrogenase 1B, transcript variant X1","gonad"
"LOC115144342",85.4102136511583,0.89563436766735,0.197208725527915,4.54634848288933,5.45846320750568e-06,0.0018532661121513,"zinc finger and BTB domain-containing protein 18-like, transcript variant X3","gonad"
"LOC115129520",302.433754992331,0.894621955355725,0.187568893030057,4.77425782477008,1.80371186042016e-06,0.00112685019184363,"caltractin","gonad"
"mrpl55",147.945821900911,0.894583166509405,0.203166999339603,4.41476974642815,1.01117558595507e-05,0.00227619574542032,"mitochondrial ribosomal protein L55","gonad"
"timm8a",54.7514799742038,0.892562188945688,0.200860745777753,4.4507172368159,8.55839695388793e-06,0.00227619574542032,"translocase of inner mitochondrial membrane 8A","gonad"
"LOC115140478",133.177965753821,0.891385718473256,0.197403708189235,4.52227227780795,6.11792911139635e-06,0.00194750413619816,"signal recognition particle 9 kDa protein-like","gonad"
"LOC115141228",215.630706115407,0.889891270752483,0.202621302345096,4.40314209079048,1.06694235777479e-05,0.00227619574542032,"PLAC8-like protein 1","gonad"
"LOC115134326",316.57611167799,0.884448858635932,0.197900926089972,4.47729686453463,7.55940986790893e-06,0.00212252718005581,"heat shock factor-binding protein 1-like","gonad"
"LOC115134679",363.180930212749,0.882652115252826,0.202626564211296,4.36727155878581,1.25808269073701e-05,0.00227619574542032,"small nuclear ribonucleoprotein F-like","gonad"
"LOC115101778",1657.99673609753,0.882010159004353,0.194318558159516,4.54548043601749,5.48100883445856e-06,0.0018532661121513,"protein transport protein Sec61 subunit gamma-like","gonad"
"LOC115108468",155.17895953044,0.881329906519068,0.207425595254328,4.26540524859707,1.9953968416948e-05,0.00275677979935328,"dolichyl-diphosphooligosaccharide--protein glycosyltransferase subunit DAD1-like","gonad"
"cby1",76.9834525641943,0.880973844539894,0.205638147719826,4.29568637055346,1.74153654385619e-05,0.00263544394540085,"chibby family member 1, beta catenin antagonist","gonad"
"LOC115127689",305.905176202937,0.879531189414093,0.19796913252501,4.45084320476758,8.55337776083307e-06,0.00227619574542032,"DNA-directed RNA polymerases I, II, and III subunit RPABC4","gonad"
"LOC115126080",885.627957257588,0.87695645562753,0.209896614092631,4.1988128329212,2.68317980223703e-05,0.00333574740871953,"glutathione S-transferase A-like","gonad"
"LOC115120705",88.9813406400006,0.876741017256388,0.198700948980582,4.41840338288409,9.94327117209064e-06,0.00227619574542032,"rho GTPase-activating protein gacJ-like","gonad"
"LOC115113961",1189.97716830361,0.876126815574344,0.196337936272584,4.46956304794097,7.83795532761918e-06,0.00215089397287637,"protein transport protein Sec61 subunit gamma-like, transcript variant X1","gonad"
"llph",577.797538583747,0.875934105967995,0.201207384490302,4.36308425561705,1.28241524446132e-05,0.00227619574542032,"LLP homolog, long-term synaptic facilitation factor","gonad"
"LOC115136251",39.1490833100559,0.873798543589287,0.200307415401936,4.37032671141283,1.24060775245923e-05,0.00227619574542032,"pterin-4-alpha-carbinolamine dehydratase 2-like","gonad"
"LOC115136182",264.240988860473,0.871840570624697,0.20309437434933,4.30440747294794,1.67433249971063e-05,0.00263093034503719,"CDKN2AIP N-terminal-like protein","gonad"
"LOC115142640",215.724873844864,0.870801971012699,0.190264534557069,4.58181744659926,4.60952209190553e-06,0.00179220861580973,"protein dpy-30 homolog, transcript variant X1","gonad"
"mrpl33",175.780073275888,0.869606807132032,0.190448851868206,4.57091697619298,4.85594654204515e-06,0.00180288917203186,"mitochondrial ribosomal protein L33","gonad"
"LOC115135462",429.825015563903,0.86922735859908,0.206133727534338,4.23103506245071,2.32618404401309e-05,0.00303767550850951,"NADH dehydrogenase [ubiquinone] 1 alpha subcomplex subunit 2-like","gonad"
"LOC115125102",619.78529998369,0.869110216356795,0.203512491230034,4.2821280932734,1.85114362153849e-05,0.00263544394540085,"translation machinery-associated protein 7","gonad"
"LOC115107774",33.8217001976675,0.868902137003967,0.213212771917654,4.09890235418663,4.15114107500568e-05,0.00405875972915083,"putative deoxyribonuclease tatdn3","gonad"
"LOC115115971",36.1221945064996,0.868781983828726,0.188785975640467,4.60083360999762,4.20803475013335e-06,0.00169530080837819,"homeobox protein Hox-A10-like","gonad"
"LOC115128326",113.453263757364,0.867070340887169,0.210966452912014,4.13247167034015,3.58883011776908e-05,0.00388311418742614,"C-type lectin domain family 4 member D-like, transcript variant X5","gonad"
"LOC115112262",75.4604258055194,0.867056204394871,0.197878561827011,4.38610646697908,1.15397653939101e-05,0.00227619574542032,"uncharacterized LOC115112262, transcript variant X2","gonad"
"gtf2h5",313.391136867418,0.866455131733621,0.202054980472153,4.29864346606541,1.7184665028653e-05,0.00263544394540085,"general transcription factor IIH subunit 5","gonad"
"efcab1",33.124463673213,0.862838740758355,0.209562890933937,4.32554423574385,1.52155729533849e-05,0.00250092480341227,"EF-hand calcium binding domain 1","gonad"
"LOC115138859",889.329682897913,0.862601598015666,0.186917373706641,3.27286060092633,0.0010646497075667,0.0222261766403257,"ladderlectin-like","gonad"
"znf593",289.310636755417,0.861761369538762,0.197855187393391,4.36299789007412,1.2829218127827e-05,0.00227619574542032,"zinc finger protein 593","gonad"
"LOC115142762",120.774415087468,0.85679427972406,0.172864791158387,4.95763658158511,7.13558774844457e-07,0.000643392161984752,"transmembrane protein 128-like","gonad"
"LOC115146137",157.610157598868,0.856129578646416,0.184910273166548,4.63178673851338,3.62523473505305e-06,0.00159636790019138,"tumor necrosis factor alpha-induced protein 2-like","gonad"
"LOC115133149",429.835363050627,0.854454644982465,0.195528688236235,4.37644727477297,1.20629353901464e-05,0.00227619574542032,"NADH dehydrogenase [ubiquinone] 1 alpha subcomplex subunit 5-like","gonad"
"LOC115109493",151.043422246838,0.853359230615934,0.192292166386137,4.44278205701836,8.88031057782436e-06,0.00227619574542032,"dynein light chain roadblock-type 2","gonad"
"LOC115131920",17.4986242156709,0.853040637520078,0.210047418266186,4.23324440927157,2.30343936802527e-05,0.00303767550850951,"testis-expressed protein 49-like, transcript variant X1","gonad"
"LOC115132445",107.888099525833,0.850982902184755,0.19870328459782,4.29085115688295,1.77989588503521e-05,0.00263544394540085,"prefoldin subunit 4-like","gonad"
"LOC115105616",137.039613066838,0.848446472501916,0.211302848599402,4.03670142839639,5.42079850995692e-05,0.00460281703076387,"PLAC8-like protein 1","gonad"
"LOC115101638",1333.80473976525,0.844976607091079,0.195277132969409,4.33314202344203,1.46996213198323e-05,0.00248325010156366,"ATP synthase subunit epsilon, mitochondrial-like","gonad"
"LOC115139738",46.2791963745592,0.843467339578106,0.192798097637235,4.37930605185747,1.19057827926023e-05,0.00227619574542032,"prefoldin subunit 5-like, transcript variant X2","gonad"
"LOC115103583",27.3753499464769,0.842735793155031,0.215033409198323,3.97591919508988,7.01079295142642e-05,0.00519201893875997,"dynein light chain 4, axonemal-like, transcript variant X3","gonad"
"LOC115137856",837.722347044337,0.841552578721947,0.182037472878824,5.52470080494726,3.30047561922542e-08,0.000156028328320793,"equistatin-like","gonad"
"LOC115143251",72.46023694411,0.840153456518187,0.194122917470465,4.33135427239011,1.48195015303244e-05,0.00248325010156366,"mRNA turnover protein 4 homolog","gonad"
"lg23h12orf56",16.7312901880922,0.840059774824375,0.21502183071999,3.93623959763846,8.27683398199021e-05,0.00564849332052799,"linkage group 23 C12orf56 homolog, transcript variant X4","gonad"
"mmp9",73.4510475607318,0.839115812021502,0.213028764763663,4.05646845571481,4.98202874454793e-05,0.00446024184420925,"matrix metallopeptidase 9","gonad"
"arl2bp",114.266847762055,0.835112486982532,0.188922155033414,4.42449120882739,9.66698400524107e-06,0.00227619574542032,"ADP ribosylation factor like GTPase 2 binding protein","gonad"
"LOC115109112",18.4098607075139,0.835108101616024,0.215137442052001,3.9120205953624,9.15271041208897e-05,0.00594449433197417,"excitatory amino acid transporter 5-like","gonad"
"smkr1",58.3460579357473,0.834972833473608,0.214356879486139,3.92825129263851,8.55657774238456e-05,0.00576579357836482,"small lysine rich protein 1, transcript variant X2","gonad"
"LOC115142983",358.598657553992,0.834531270990852,0.195057918790402,4.28433961997343,1.83282762870614e-05,0.00263544394540085,"ubiquinol-cytochrome-c reductase complex assembly factor 2","gonad"
"pigx",248.311888909842,0.833676734138412,0.182109640856957,4.58053508036579,4.63787811854644e-06,0.00179220861580973,"phosphatidylinositol glycan anchor biosynthesis class X, transcript variant X3","gonad"
"LOC115129731",140.303859532969,0.831028460172882,0.207036381298636,4.02777723258472,5.63066550140655e-05,0.00466654833338974,"acyl-CoA-binding protein-like","gonad"
"bbip1",528.715382570964,0.830029244019247,0.194573697313447,4.27143023868689,1.94223286834672e-05,0.00270413083545185,"BBSome interacting protein 1","gonad"
"LOC115110163",252.736596014499,0.828168079105846,0.196918009416166,4.21138250346141,2.53812559027525e-05,0.00323831278710093,"coatomer subunit zeta-1-like, transcript variant X1","gonad"
"acss1",118.057036418834,0.827709581556343,0.197452666603057,4.19696147650794,2.70519926583291e-05,0.00333574740871953,"acyl-CoA synthetase short chain family member 1, transcript variant X1","gonad"
"LOC115128699",125.997423544519,0.825361782153208,0.193812214097248,4.26386972195333,2.00916615954979e-05,0.00275677979935328,"chromatin accessibility complex protein 1-like","gonad"
"LOC115129313",4349.79303025042,0.823017138739448,0.204973938511966,4.02620733061348,5.66837135822361e-05,0.00466654833338974,"C-X-C motif chemokine 14-like","gonad"
"bola2b",863.424440034669,0.822657852738662,0.214594412049418,3.87134070990345,0.00010823837840466,0.00650932125973202,"bolA family member 2B","gonad"
"cep170",90.5935834022847,0.821132137947721,0.135740399222866,6.04651839241471,1.48009343078485e-09,1.83527901227853e-05,"centrosomal protein 170, transcript variant X3","gonad"
"gng10",215.249240371972,0.819188339975869,0.197739476634811,4.1495419326391,3.3314125874487e-05,0.00369112144972507,"G protein subunit gamma 10","gonad"
"imp3",142.321982374762,0.819167127610052,0.186470518723692,4.39625618319497,1.101339417148e-05,0.00227619574542032,"IMP U3 small nucleolar ribonucleoprotein 3, transcript variant X2","gonad"
"upk1b",48.4239423871623,0.818532655247388,0.20497342744518,4.27705452206637,1.89382431834766e-05,0.00265626396058615,"uroplakin 1B","gonad"
"ttc32",134.295570550287,0.818235496149158,0.185040651567547,4.42528780682936,9.63137882990508e-06,0.00227619574542032,"tetratricopeptide repeat domain 32","gonad"
"LOC115116028",222.039627323974,0.816057173254928,0.194686399479199,4.1963096800727,2.71299234720257e-05,0.00333574740871953,"putative protein PTGES3L","gonad"
"LOC115122568",79.6503269815576,0.812251779351966,0.190899923482596,4.25937433636626,2.04999908892438e-05,0.0027925707013513,"DNA-directed RNA polymerase II subunit RPB7","gonad"
"ciao2a",444.130205442237,0.811018497613095,0.198128628162455,4.0999342992175,4.13267445264291e-05,0.00405875972915083,"cytosolic iron-sulfur assembly component 2A","gonad"
"LOC115119891",45.2987764668706,0.81051877545511,0.211541584293485,3.85117752700392,0.000117551244111057,0.006786075631838,"allograft inflammatory factor 1-like","gonad"
"bbof1",17.8558342358352,0.809272384411877,0.212977766652438,3.89596968514191,9.78066227474917e-05,0.0062146590661871,"basal body orientation factor 1, transcript variant X1","gonad"
"LOC115129809",12.4538997634804,0.80825930720546,0.209259506950402,3.85861662924391,0.000114030648021148,0.00674350765106042,"uncharacterized LOC115129809, transcript variant X3","gonad"
"LOC115112160",179.874321643501,0.808027985409461,0.192237914399654,4.20766573894901,2.58022150118501e-05,0.00325709960832921,"trafficking protein particle complex subunit 2-like protein","gonad"
"LOC115129910",208.942561842984,0.806761051510444,0.198040425271614,4.08004449651537,4.50270807861059e-05,0.00422073155784611,"mitochondrial import receptor subunit TOM5 homolog","gonad"
"LOC115138318",18.1247394338162,0.80657032969564,0.191949680712336,4.19967164297261,2.67302334760215e-05,0.00333574740871953,"transcription factor SOX-11-like","gonad"
"LOC115129502",12.8717526368964,0.806457379902763,0.214416236043391,3.77804256011691,0.000158065870339023,0.00779927105871799,"secreted frizzled-related protein 3-like","gonad"
"LOC115124398",61.8896860679976,0.80572273794906,0.206640289135491,4.12926310983849,3.63927749210133e-05,0.00389088608402966,"thymosin beta-a-like, transcript variant X1","gonad"
"cmc4",36.1079085309169,0.804665109678805,0.207261693372737,3.89305074742303,9.89914343759542e-05,0.00626890571875817,"C-X9-C motif containing 4","gonad"
"LOC115133049",128.935026962266,0.80296678703647,0.185970306392139,4.32097486781638,1.55341367969358e-05,0.00250394916015218,"V-type proton ATPase subunit E 1-like","gonad"
"cenpv",154.324390609135,0.802943397848325,0.194028976931833,4.14290956993278,3.42927190424053e-05,0.00373179675326405,"centromere protein V, transcript variant X1","gonad"
"LOC115133295",561.242847617173,0.802316862011578,0.187465096045803,4.28316730612882,1.84251518960109e-05,0.00263544394540085,"oligosaccharyltransferase complex subunit ostc, transcript variant X2","gonad"
"LOC115128574",148.025601274155,0.801854281320119,0.194915054821367,4.11875047552567,3.80932359787099e-05,0.00397789796929456,"replication protein A 14 kDa subunit-like","gonad"
"LOC115113577",354.090024688644,0.801666966079665,0.186927772151066,4.29216881285289,1.76936343706542e-05,0.00263544394540085,"trafficking protein particle complex subunit 2-like protein","gonad"
"LOC115109380",296.704228723269,0.800628290774475,0.187036894392663,4.28337941509597,1.84075879416087e-05,0.00263544394540085,"cytochrome c","gonad"
"LOC115105703",63.6306973269115,0.80007262095193,0.209769324099839,3.82886127464895,0.000128737544549463,0.00723336915740081,"uncharacterized LOC115105703, transcript variant X3","gonad"
"LOC115105959",36.4313086552328,0.799747001135644,0.204138643585254,3.92310444591351,8.74152318789133e-05,0.0057874385161791,"C3a anaphylatoxin chemotactic receptor","gonad"
"LOC115132180",68.5997587092106,0.798650506249393,0.198815545311757,4.02110900094036,5.79247921707137e-05,0.00472761180927786,"tyrosine-protein phosphatase non-receptor type 18-like, transcript variant X1","gonad"
"LOC115135792",171.433189570947,0.797406888173669,0.213820256094666,3.81784176293078,0.000134624222963946,0.0074052374013606,"ependymin-1","gonad"
"LOC115121172",172.696300924745,0.797372763262549,0.195317815643732,4.08646470734931,4.37996076086175e-05,0.0041343899316913,"high affinity copper uptake protein 1-like, transcript variant X1","gonad"
"ndufa1",1160.96794406506,0.797186824707131,0.197127993570493,4.04977404828515,5.12671092017365e-05,0.00453272018678246,"NADH:ubiquinone oxidoreductase subunit A1","gonad"
"lg3h2orf76",326.834014917366,0.79447963705783,0.187895226654881,4.2316490394153,2.3198419516904e-05,0.00303767550850951,"linkage group 3 C2orf76 homolog","gonad"
"LOC115138524",28.1157931786009,0.794099785494983,0.214395674346531,3.76793102003967,0.000164606170133613,0.00791070515604049,"protein FAM161B-like, transcript variant X1","gonad"
"LOC115131493",346.586412676585,0.794017691744562,0.198786344237914,4.00069651843122,6.31563127069375e-05,0.00492554813900107,"nuclear transport factor 2-like","gonad"
"LOC115113672",804.378113531563,0.792830857979737,0.188453355586387,4.21048445096288,2.54823662676546e-05,0.00323831278710093,"probable ribosome biogenesis protein RLP24","gonad"
"lg7h1orf109",74.634095845225,0.792813026967314,0.198474328884828,3.99951827319068,6.34715471833251e-05,0.00492554813900107,"linkage group 7 C1orf109 homolog, transcript variant X1","gonad"
"LOC115141814",21.6863473392673,0.788219759993568,0.205404045004625,4.07065543103344,4.68810490678295e-05,0.00426777822040536,"14-3-3 protein gamma-2-like","gonad"
"LOC115136181",549.125570763375,0.786421576259184,0.189126702420792,4.16170710423328,3.15877337440554e-05,0.00360309480990174,"ubiquitin-conjugating enzyme E2 B-like","gonad"
"LOC115104665",323.799248456907,0.786113565930684,0.18027935118627,4.36242991706771,1.28625796017943e-05,0.00227619574542032,"nucleolar protein 16-like","gonad"
"LOC115135115",190.5871940006,0.785989054167703,0.198128126799451,3.97308219606343,7.0948552351993e-05,0.0051956441898365,"polymeric immunoglobulin receptor-like, transcript variant X1","gonad"
"LOC115145291",43.4568959390159,0.78527127848101,0.193007657485508,4.0706540650128,4.68813239949466e-05,0.00426777822040536,"retinal rod rhodopsin-sensitive cGMP 3',5'-cyclic phosphodiesterase subunit delta-like","gonad"
"LOC115105627",455.114912540158,0.785091297975758,0.204230085683724,3.85296099446539,0.000116697986313798,0.00677814837684592,"asialoglycoprotein receptor 1-like","gonad"
"LOC115105604",70.9437804320057,0.784722684878759,0.20304160520058,3.87161031143639,0.000108118707236163,0.00650932125973202,"ribonuclease kappa-B","gonad"
"dnali1",24.7839021223326,0.784372711759517,0.205567257687849,4.02946084102462,5.59049272308349e-05,0.00466654833338974,"dynein axonemal light intermediate chain 1","gonad"
"LOC115133109",48.6032352964014,0.78417559534415,0.20956965714775,3.75487407093127,0.000173428652322852,0.0081037044409824,"secretin receptor-like","gonad"
"LOC115111377",163.286523284183,0.783958038415412,0.203969654334973,3.85187253932026,0.000117218034674462,0.006786075631838,"uncharacterized protein C9orf85 homolog","gonad"
"LOC115143646",693.036962775241,0.783851752459031,0.1964971484511,3.99448686209637,6.48345162268754e-05,0.00494709407307124,"cytochrome c oxidase subunit 6C-1","gonad"
"LOC115114264",297.103395471901,0.783224623523649,0.1876101856253,4.1779717395247,2.94120188819779e-05,0.00352478846538133,"stress-associated endoplasmic reticulum protein 1-like","gonad"
"tex9",26.2845569954628,0.782689217661994,0.215134692176439,3.68139982494081,0.000231956924722399,0.00940493441031827,"testis expressed 9","gonad"
"LOC115103239",700.852707337494,0.782377723976932,0.205493698897601,3.81729080006505,0.000134925107128038,0.0074052374013606,"ubiquitin-60S ribosomal protein L40-like","gonad"
"LOC115132544",337.65563439094,0.781874128442235,0.196944689067683,3.97562125306592,7.01957670093769e-05,0.00519201893875997,"ragulator complex protein LAMTOR5-like","gonad"
"LOC115101417",905.183103489148,0.781702084141311,0.18758354508448,4.1703805639642,3.04091395851084e-05,0.00359873161277517,"diamine acetyltransferase 1-like","gonad"
"LOC115135730",2496.02933198886,0.78046120294128,0.1991527943724,3.92505729757835,8.67090965904943e-05,0.00578111529556693,"60S ribosomal protein L36a","gonad"
"LOC115131938",675.952329427201,0.780302190907219,0.206311702418844,3.79279099270188,0.000148963530963225,0.00770356738239602,"ATP synthase subunit epsilon, mitochondrial-like","gonad"
"LOC115110416",438.884600028339,0.780224624605815,0.195603714963967,3.99368044256819,6.50555280799968e-05,0.00494709407307124,"MOB-like protein phocein, transcript variant X4","gonad"
"LOC115143241",578.439889369386,0.779688174361295,0.186350469975066,4.18693738189403,2.8274378989984e-05,0.0034318933729189,"small nuclear ribonucleoprotein E","gonad"
"LOC115117293",462.623860927643,0.779512281935747,0.190501826867667,4.09562169515123,4.21036984896594e-05,0.00405875972915083,"ATP synthase membrane subunit DAPIT, mitochondrial-like","gonad"
"LOC115138026",587.082725216968,0.778549578364116,0.180133676970031,4.32401886293853,1.53212187586915e-05,0.00250092480341227,"actin-related protein 2/3 complex subunit 4-like","gonad"
"LOC115146361",1348.57032164599,0.77609073031907,0.195873750872068,3.96714033367434,7.27401657111591e-05,0.0052171781732606,"cytochrome c oxidase subunit 7A2, mitochondrial-like","gonad"
"LOC115137310",598.761957507537,0.775458545463865,0.207865393592785,3.74237674605452,0.000182287947833593,0.00835743896423507,"endonuclease domain-containing 1 protein-like","gonad"
"LOC115114431",33.6819705291592,0.774707255891053,0.174835356527091,4.4284105322096,9.49300815746087e-06,0.00227619574542032,"tyrosine-protein kinase Lyn-like","gonad"
"LOC115141466",23.9290478884367,0.774510494899819,0.195758195217158,3.95983597856806,7.50012584381795e-05,0.00535905218312049,"transmembrane protein 120A-like","gonad"
"LOC115103048",14.5008597560186,0.774324177068259,0.206083219266536,3.75841893530812,0.000170990417805979,0.00806780536949401,"protein N-lysine methyltransferase FAM173B-like","gonad"
"dnaaf4",100.197190006162,0.773545692366957,0.201371846158238,3.84811220481092,0.000119031535901441,0.00681488737717606,"dynein axonemal assembly factor 4","gonad"
"cenpw",56.35852609515,0.773522912127977,0.215123982475538,3.64088704116576,0.000271700330447744,0.0102119816723016,"centromere protein W","gonad"
"LOC115146146",306.414957259686,0.772404159403665,0.189599016540606,4.0772168658399,4.55779786578521e-05,0.00423048542101191,"apoptogenic protein 1, mitochondrial","gonad"
"LOC115125278",34.7860650505235,0.770931622470964,0.20138200722195,3.83116929057226,0.00012753571301067,0.00720862306225981,"TP53-regulated inhibitor of apoptosis 1-B-like","gonad"
"LOC115136856",939.139088114761,0.770731567062228,0.213819908147189,3.62956316904054,0.000283901251933535,0.010467275496923,"high affinity immunoglobulin gamma Fc receptor I-like","gonad"
"LOC115134015",91.9554716324303,0.769740483423492,0.187835023544247,4.09950233704569,4.14039489630366e-05,0.00405875972915083,"dnaJ homolog subfamily C member 24-like","gonad"
"LOC115139447",24.5584384827779,0.769464184686319,0.204275670219655,3.7798592627869,0.000156917029009182,0.00779927105871799,"gap junction alpha-1 protein-like","gonad"
"LOC115103223",3351.94967700281,0.768180136728864,0.193310295205847,3.97789495820317,6.95280725978947e-05,0.00518312619937455,"stress-associated endoplasmic reticulum protein 1","gonad"
"LOC115120139",12.8001076404656,0.768029062957056,0.208701705409007,3.67537584124013,0.000237499521548177,0.00946428057947763,"myomegalin-like","gonad"
"LOC115145480",743.546101598737,0.76800390010548,0.201214688567968,3.82371348211473,0.000131456667612881,0.00732097647426442,"dolichyl-diphosphooligosaccharide--protein glycosyltransferase subunit DAD1-like","gonad"
"mrpl21",103.683341645149,0.767059593017466,0.200656465673064,3.82974326413393,0.000128277019814206,0.00722894455411307,"mitochondrial ribosomal protein L21, transcript variant X1","gonad"
"LOC115101304",303.391409970762,0.766549841967215,0.170643827740258,4.4933880589607,7.00988768264531e-06,0.00210686068683951,"FUN14 domain-containing protein 1A-like","gonad"
"LOC115131149",106.225673113687,0.766453464047024,0.194753223203356,3.94035206452318,8.13621128800182e-05,0.00558185364993893,"mitochondrial import receptor subunit TOM5 homolog","gonad"
"LOC115103618",82.3228795992978,0.76603717895908,0.197740947985048,3.87956079632557,0.00010464524423933,0.00643330421971337,"proteasome assembly chaperone 3-like, transcript variant X1","gonad"
"LOC115102671",26.8809340606571,0.765338703590928,0.214141540016663,3.63812989836934,0.000274624913075843,0.0102807966010644,"rho-related GTP-binding protein Rho6-like","gonad"
"tfec",29.1188210406686,0.764802262275886,0.202675517765054,3.77401692065439,0.000160639858088197,0.00779927105871799,"transcription factor EC, transcript variant X3","gonad"
"LOC115108626",378.164499154187,0.764648020596173,0.170901479982654,4.47552185709751,7.62249000495354e-06,0.00212252718005581,"protein mago nashi homolog","gonad"
"LOC115109873",111.568056269915,0.764335146979046,0.193491886180065,3.95482699287163,7.65900543598775e-05,0.00543504374113789,"proteasome assembly chaperone 3-like, transcript variant X1","gonad"
"LOC115125896",199.1920922153,0.764227837032293,0.189142788314859,4.04361142620628,5.26341242298845e-05,0.00453272018678246,"glucosamine-6-phosphate isomerase 1-like, transcript variant X2","gonad"
"ass1",63.0771968906028,0.763629064715696,0.210099970752213,3.64930673165218,0.000262948983450418,0.00999669187074183,"argininosuccinate synthase 1","gonad"
"LOC115125898",176.004079104769,0.763379779495898,0.174091355297685,4.38562394569572,1.15653779404225e-05,0.00227619574542032,"FYN-binding protein 1-like, transcript variant X1","gonad"
"thoc7",596.57739589886,0.763253154910747,0.18886614706288,4.04443086906531,5.24503816962857e-05,0.00453272018678246,"THO complex 7, transcript variant X2","gonad"
"ndufb1",819.01030556725,0.762391682714775,0.185684837960775,4.10854043271621,3.98167503530836e-05,0.00405875972915083,"NADH:ubiquinone oxidoreductase subunit B1","gonad"
"LOC115124638",94.3105675747405,0.761596807466352,0.176330473596455,4.31998154450754,1.56042250276186e-05,0.00250394916015218,"calcineurin subunit B type 1-like","gonad"
"LOC115105695",34.0992085190658,0.761325661559706,0.210305452158176,3.62934670705172,0.000284139403507707,0.010467275496923,"ATP-sensitive inward rectifier potassium channel 15-like, transcript variant X2","gonad"
"LOC115108107",228.43528273821,0.760402701801718,0.190486286734168,3.99551510700766,6.45537403358524e-05,0.00494709407307124,"cytochrome b-c1 complex subunit 6, mitochondrial-like","gonad"
"prr19",20.894352703404,0.760066138971863,0.206232718984873,3.68877522920403,0.000225336178316949,0.00934723477218708,"proline rich 19, transcript variant X1","gonad"
"LOC115101326",299.080177842421,0.758569657211795,0.171361345943305,4.42804720572713,9.50900930437013e-06,0.00227619574542032,"barrier-to-autointegration factor-like","gonad"
"LOC115101480",500.832713433224,0.758438083740003,0.192901088151066,3.93570884567374,8.29514910786595e-05,0.00564849332052799,"NADH dehydrogenase [ubiquinone] 1 alpha subcomplex subunit 2-like","gonad"
"LOC115109022",112.503271291043,0.758201942368719,0.19381825411233,3.91670627053681,8.97670113731319e-05,0.00587590196318035,"tctex1 domain-containing protein 2-like, transcript variant X1","gonad"
"LOC115139938",561.189997456659,0.757761319841103,0.193161351121223,3.92705332786149,8.5992919987676e-05,0.00577402815591009,"cytochrome c oxidase subunit 6A, mitochondrial-like","gonad"
"LOC115112294",1112.34752492582,0.757565120763951,0.184957685598333,4.09839431606903,4.16026113511636e-05,0.00405875972915083,"probable ribosome biogenesis protein RLP24","gonad"
"LOC115110483",816.991489560464,0.757346185258105,0.182315257603633,4.15622920458531,3.23543246410567e-05,0.0036684379465773,"NADH dehydrogenase [ubiquinone] 1 alpha subcomplex subunit 6-like","gonad"
"LOC115143105",56.7753724889643,0.755973885840111,0.207796426025372,3.64672676367845,0.000265602089982915,0.0100382745984561,"uncharacterized LOC115143105, transcript variant X2","gonad"
"LOC115138857",272.587001677974,0.755108760117275,0.180225122022058,3.4794752615901,0.000502396750924322,0.0140931592277808,"ladderlectin-like","gonad"
"lg22h18orf32",580.120509758476,0.754958585346789,0.189418669742398,3.98895035245016,6.63663086290479e-05,0.00502658421556409,"linkage group 22 C18orf32 homolog","gonad"
"gpr18",36.2002217270093,0.754705746149572,0.198060792737975,3.81206849595091,0.000137808672840908,0.00745544920069312,"G protein-coupled receptor 18, transcript variant X5","gonad"
"LOC115104711",340.613767314877,0.754645458408518,0.18900644790161,3.99589445727687,6.44504446476717e-05,0.00494709407307124,"vacuolar ATPase assembly integral membrane protein vma21-like","gonad"
"pfdn1",229.523735973216,0.754030292629943,0.198940780802014,3.79603721761867,0.000147027435367898,0.00766932366030619,"prefoldin subunit 1","gonad"
"LOC115106514",63.2568459497554,0.75331417719694,0.202919709101702,3.71817670669044,0.000200665888649454,0.00871469862747112,"transmembrane protein 180-like, transcript variant X2","gonad"
"LOC115143064",128.344647447572,0.752398307288615,0.204040073036332,3.69571017210235,0.000219273000952334,0.00918569529431956,"HIG1 domain family member 1A, mitochondrial-like, transcript variant X1","gonad"
"LOC115119078",200.613835179337,0.752192243265795,0.209304246628783,3.60545453918506,0.000311607039033699,0.0109627252930427,"cytochrome b-245 heavy chain, transcript variant X1","gonad"
"LOC115108243",350.062766544679,0.752078657561767,0.202452073538597,3.72201315953222,0.0001976407199904,0.00867612701239487,"40S ribosomal protein S27-like, transcript variant X1","gonad"
"LOC115101941",921.90608238771,0.752070848856354,0.187535764991564,4.01309709744518,5.99272479771308e-05,0.00478785839851043,"small nuclear ribonucleoprotein G-like","gonad"
"LOC115139646",161.840627531238,0.751753296252511,0.166434325940891,4.51693967702715,6.27397688450423e-06,0.00194750413619816,"membrane-bound O-acyltransferase domain-containing protein 2-like, transcript variant X1","gonad"
"ccdc25",470.366590455364,0.750991373801839,0.195387991919302,3.84790945960112,0.000119130061887789,0.00681488737717606,"coiled-coil domain containing 25, transcript variant X1","gonad"
"LOC115129029",377.8213181404,0.750808007020728,0.204714507895524,3.67593501140917,0.000236979850232487,0.00946428057947763,"thioredoxin-like protein 4A","gonad"
"LOC115142376",56.3056882321742,0.749318333887913,0.197061950712978,3.80479411327515,0.000141922188908781,0.00756984970982468,"uncharacterized LOC115142376","gonad"
"LOC115118436",46.5980159508636,0.749131802881483,0.203167124255434,3.69409300601107,0.000220673028228829,0.009223937725194,"proline-serine-threonine phosphatase-interacting protein 2-like, transcript variant X2","gonad"
"LOC115129714",30.4644403326424,0.748255401708084,0.201056133124409,3.72464851640012,0.000195587539620828,0.00867612701239487,"DPH3 homolog","gonad"
"LOC115142386",571.573210925323,0.746894451833859,0.193928509442506,3.85540741442597,0.00011553705196295,0.00675214221888416,"ATP synthase membrane subunit DAPIT, mitochondrial-like","gonad"
"LOC115138496",96.4529968139162,0.746771484125681,0.188990435255291,3.95467470650242,7.66388528589288e-05,0.00543504374113789,"rRNA-processing protein FCF1 homolog","gonad"
"LOC115145049",214.748088335979,0.746319760644907,0.197896578305016,3.77600372858542,0.000159364605934889,0.00779927105871799,"polymeric immunoglobulin receptor-like, transcript variant X3","gonad"
"LOC115101109",199.225064946527,0.746138241381425,0.211956093658426,3.53618977511693,0.000405942965995523,0.0126631467234353,"electrogenic sodium bicarbonate cotransporter 1-like, transcript variant X5","gonad"
"LOC115106253",658.226534160732,0.744576679834184,0.199857242862887,3.7312905988618,0.000190501320944431,0.00853509635083688,"NADH dehydrogenase [ubiquinone] 1 alpha subcomplex subunit 5-like","gonad"
"uxt",102.388888522875,0.743238620646991,0.199576490074319,3.73012098358212,0.000191387848284303,0.00854700213977187,"ubiquitously expressed prefoldin like chaperone, transcript variant X2","gonad"
"LOC115105588",100.190359719508,0.743221395933253,0.184888233435636,4.02236441281898,5.76168226433484e-05,0.00472283349243204,"tail-anchored protein insertion receptor WRB-like, transcript variant X2","gonad"
"LOC115120964",1785.62843636267,0.742604978690443,0.185519666857603,4.00524051133305,6.19544116643819e-05,0.00486766300773888,"cytochrome c oxidase subunit 4 isoform 1, mitochondrial-like","gonad"
"LOC115128402",99.3133968726009,0.742583038327492,0.19221144132271,-3.78590864695431,0.000153147932990422,0.0077889646317195,"uncharacterized LOC115128402","gonad"
"cacybp",370.824770630191,0.742393549969304,0.180365286433728,4.11800869392016,3.82160282354644e-05,0.00397789796929456,"calcyclin binding protein","gonad"
"LOC115101650",180.939963971457,0.741537975945772,0.196339873726727,3.78180480935407,0.000155695426499174,0.00779918756815307,"MICOS complex subunit MIC10-like","gonad"
"LOC115103037",126.500048105714,0.741169753064374,0.181232859190982,4.09177155388651,4.28090263546254e-05,0.00409388340416582,"C-C chemokine receptor type 3-like","gonad"
"LOC115142092",179.519382565858,0.739985006650825,0.188664938485422,3.92539126352502,8.65888781772598e-05,0.00578111529556693,"transcription and mRNA export factor ENY2-2","gonad"
"LOC115101740",397.74548988918,0.739980913717961,0.186063594151167,3.97965376538115,6.90157091433618e-05,0.00516526661118401,"succinate dehydrogenase cytochrome b560 subunit, mitochondrial-like, transcript variant X1","gonad"
"LOC115108527",78.2027287803727,0.739931392070157,0.177747972293213,4.16445650562468,3.12095112980675e-05,0.00360309480990174,"OCIA domain-containing protein 2-like","gonad"
"exosc6",96.0249829868731,0.739494680491126,0.20300982049765,3.64908059400974,0.000263180534556411,0.00999669187074183,"exosome component 6","gonad"
"smim4",139.350794444349,0.73901155611784,0.171771496630672,4.30349600291054,1.68123882624505e-05,0.00263093034503719,"small integral membrane protein 4","gonad"
"LOC115137665",228.153766079901,0.738189669987845,0.188271812442832,3.92389487251782,8.71287680380537e-05,0.0057874385161791,"stress-associated endoplasmic reticulum protein 1-like","gonad"
"dpm3",325.197865141163,0.738025223608981,0.182314529560486,4.05026625796775,5.11593889859328e-05,0.00453272018678246,"dolichyl-phosphate mannosyltransferase subunit 3, regulatory","gonad"
"ccdc189",65.1572357481033,0.737103136490749,0.21481331393958,3.46119077799108,0.000537791551296997,0.0147154378956772,"coiled-coil domain containing 189, transcript variant X4","gonad"
"LOC115124646",208.696456807822,0.737065870205872,0.189204185987207,3.8987424052607,9.66935713718641e-05,0.00616462213443181,"39S ribosomal protein L53, mitochondrial-like","gonad"
"LOC115110500",493.185116186721,0.736194860852283,0.195091418447072,3.77766810514121,0.000158303648969641,0.00779927105871799,"NADH dehydrogenase [ubiquinone] 1 alpha subcomplex subunit 6-like","gonad"
"LOC115103926",256.529449643206,0.735873511734183,0.183385344572715,4.0151385189803,5.94108915193623e-05,0.00476671708016578,"protein dpy-30 homolog, transcript variant X2","gonad"
"dtd2",85.286580506814,0.735793914646432,0.1980218651988,3.72091474733462,0.000198502447023182,0.00867612701239487,"D-aminoacyl-tRNA deacylase 2","gonad"
"LOC115104858",90.5310001408448,0.735431013166909,0.175448831406557,4.19175918383159,2.7679972492131e-05,0.00338142115573227,"B-cell receptor CD22-like, transcript variant X5","gonad"
"LOC115114233",759.804126965235,0.73489161201255,0.189779760647223,3.87543764651804,0.000106433232568779,0.00650101051190267,"ubiquitin-60S ribosomal protein L40-like","gonad"
"LOC115124647",2096.29849818565,0.734051847230883,0.200137316530301,3.67321422361095,0.000239518519270516,0.00948804008867618,"myelin P2 protein-like","gonad"
"lg19h9orf16",129.707452727486,0.733270010205207,0.187346329556949,3.91698460005648,8.96634742086935e-05,0.00587590196318035,"linkage group 19 C9orf16 homolog, transcript variant X3","gonad"
"LOC115102668",74.0805900175614,0.732992203641598,0.182597862316438,4.01648255144195,5.90732355242266e-05,0.0047638878469077,"prostaglandin E synthase 3-like, transcript variant X2","gonad"
"tmem18",178.807409664178,0.732820680324938,0.170927468660736,4.28864485567379,1.79766543143282e-05,0.00263544394540085,"transmembrane protein 18, transcript variant X1","gonad"
"LOC115144178",128.324573761773,0.732557989568048,0.180022310434953,4.07148435810478,4.67144997433949e-05,0.00426777822040536,"PHD finger-like domain-containing protein 5A","gonad"
"LOC115137969",258.736212745524,0.731340348162393,0.176145377724982,4.15362539207568,3.27248752727948e-05,0.00368836615053791,"NEDD8","gonad"
"ina",20.0007873524379,0.73131713106493,0.20338788331634,3.59471150744098,0.000324751229736765,0.0112006639982981,"internexin neuronal intermediate filament protein alpha","gonad"
"tmem107",24.4182681983267,0.730584321861404,0.214853808986537,3.42370519121176,0.000617735961605018,0.0161242795214414,"transmembrane protein 107, transcript variant X2","gonad"
"LOC115145367",345.357112027141,0.730513532035714,0.183506238948851,3.98308918346442,6.80252132393694e-05,0.00511133893923595,"protein mago nashi homolog","gonad"
"LOC115106830",19.7378365093813,0.730382589189109,0.190931091550292,3.81840932269423,0.000134314936216422,0.0074052374013606,"ras-related protein Rab-39B-like","gonad"
"rbis",208.877729703434,0.7303095623776,0.19239179495061,3.79938781322796,0.000145053956014823,0.00762943515872412,"ribosomal biogenesis factor","gonad"
"LOC115105069",471.736497704419,0.728726707580516,0.184803602384751,3.94548172852037,7.96397050586368e-05,0.00552679621764255,"eukaryotic translation initiation factor 1b","gonad"
"LOC115118247",298.231878944694,0.728270539067153,0.180838297247327,4.02898468331146,5.60182675726083e-05,0.00466654833338974,"protein CutA homolog","gonad"
"rps27a",5800.73259977614,0.726911961424278,0.204068565959583,3.5691357208424,0.000358160853850204,0.0117122576465525,"ribosomal protein S27a","gonad"
"ptprc",312.836723131037,0.726749074477938,0.152155570298359,4.7763305331439,1.78522866422258e-06,0.00112685019184363,"protein tyrosine phosphatase receptor type C, transcript variant X2","gonad"
"LOC115113374",515.48479291587,0.726657949268784,0.204311130026424,3.56354135830371,0.000365885015709545,0.0118834181345802,"serum amyloid P-component-like","gonad"
"pop4",237.789732337583,0.725748200207258,0.195572117367001,3.71510284842868,0.000203121060816964,0.00874113019674822,"POP4 homolog, ribonuclease P/MRP subunit","gonad"
"LOC115131425",99.5228037885293,0.725663496711967,0.199737086484213,3.63802784819376,0.000274733724855483,0.0102807966010644,"uncharacterized protein KIAA0895-like, transcript variant X1","gonad"
"LOC115136811",522.761001923788,0.725594382903101,0.171232649556078,4.23876391547851,2.24753858490856e-05,0.00299698190881997,"prothymosin alpha-like","gonad"
"LOC115106444",240.717390338734,0.725248030480419,0.191393782741609,3.79221212576649,0.000149311287527824,0.00770356738239602,"putative protein PTGES3L, transcript variant X2","gonad"
"LOC115140186",840.916592549827,0.7252396597908,0.192219464917276,3.77628023216898,0.000159187886453955,0.00779927105871799,"dynein light chain 1, cytoplasmic-like","gonad"
"LOC115106174",26.4073464231263,0.725098787231604,0.211307413029035,3.44062474304202,0.00058037283915729,0.0153697338593613,"DPY30 domain-containing protein 1-like, transcript variant X1","gonad"
"LOC115112425",17201.4722329703,0.724575346940751,0.186947940800181,3.87817265505335,0.000105244017162623,0.00644917626205267,"ferritin, heavy subunit","gonad"
"LOC115111612",15.5134198066744,0.723938447306689,0.208186611775106,3.4805428897673,0.000500398699531894,0.0140911091282217,"dual specificity protein phosphatase 18-like","gonad"
"LOC115127157",542.204508589462,0.723371249240124,0.179068754116721,4.04135577125633,5.31430621318039e-05,0.00453272018678246,"activated RNA polymerase II transcriptional coactivator p15-like","gonad"
"LOC115142442",36.0072216348606,0.722831079210522,0.192880058586616,3.74757473498147,0.000178552645553682,0.00828174707387839,"phosphoinositide 3-kinase regulatory subunit 6-like, transcript variant X4","gonad"
"LOC115115989",66.8154238252447,0.72248399196669,0.214679947297596,3.41438617117523,0.000639258988902168,0.0164150228847006,"extracellular serine/threonine protein kinase FAM20C-like","gonad"
"LOC115139698",194.631563648953,0.721665769813517,0.164384403304917,4.39110996690423,1.12773483879533e-05,0.00227619574542032,"AP-3 complex subunit sigma-1, transcript variant X3","gonad"
"LOC115135018",91.306654453915,0.721378858950722,0.199766026981009,3.61769069357487,0.000297243317070844,0.0107001943131871,"prolyl-tRNA synthetase associated domain-containing protein 1-like","gonad"
"LOC115115309",232.688333138474,0.72072713128985,0.177369402752404,4.0654570642805,4.79384195057591e-05,0.00432244749210261,"death-associated protein-like 1-A","gonad"
"LOC115142984",91.5246525949087,0.720570989520368,0.19961594193275,3.615302319804,0.000299997321502803,0.0107380893812015,"mitochondrial import receptor subunit TOM6 homolog","gonad"
"LOC115143541",33.5251986290499,0.720523584914395,0.184548543163262,3.90456553341078,9.43948115416279e-05,0.00605886697132449,"xylosyltransferase 1-like","gonad"
"LOC115118596",199.701090629986,0.720194327559299,0.165649880996055,4.34828652790173,1.37205277495448e-05,0.00238346965997826,"prostaglandin E synthase 3-like","gonad"
"brix1",125.36536233558,0.720154770300196,0.172895419407774,4.16569554773588,3.10404722592501e-05,0.00360309480990174,"biogenesis of ribosomes BRX1","gonad"
"LOC115134774",24.077142047379,0.719611255702657,0.203788897041334,3.52889960379369,0.000417291407258116,0.012868750482789,"C-C motif chemokine 4-like","gonad"
"LOC115135294",100.929452462978,0.719007483837235,0.180476786315578,3.98605846786464,6.71799641489469e-05,0.00506793872972235,"thioredoxin-dependent peroxide reductase, mitochondrial-like","gonad"
"LOC115115131",53.199083500971,0.71814145327219,0.207382477711227,3.4714850490019,0.000517588152910455,0.0142676508972668,"SLAM family member 8-like","gonad"
"LOC115141444",313.993064198347,0.717772584001217,0.174946653977119,4.10386932281474,4.06297015550911e-05,0.00405875972915083,"neutral amino acid transporter B(0)-like","gonad"
"LOC115107585",14.9500676743335,0.717603513915219,0.189593715658605,3.77433725734578,0.000160433599588166,0.00779927105871799,"T-cell activation Rho GTPase-activating protein-like","gonad"
"LOC115116435",114.555547909507,0.717373860184883,0.185484933415413,3.86999570821954,0.000108837269237171,0.00652162561077798,"peptidyl-prolyl cis-trans isomerase FKBP1A-like","gonad"
"LOC115109156",415.377590256517,0.71729572237813,0.16744613488582,4.28474028089959,1.8295278574329e-05,0.00263544394540085,"small integral membrane protein 7","gonad"
"LOC115101422",5093.07133567657,0.717197324835213,0.184573376916189,3.88773842657571,0.000101182579592004,0.00632307638473467,"cystatin-B-like","gonad"
"mak16",138.803362087125,0.716068452790971,0.189426647457742,3.78279040891236,0.000155079992931516,0.0077889646317195,"MAK16 homolog","gonad"
"LOC115138589",28.518206484577,0.715769037603756,0.213403498348562,3.36763144290618,0.00075816875530581,0.018233900154991,"tumor necrosis factor alpha-induced protein 2-like, transcript variant X1","gonad"
"ss18l2",197.731180610029,0.715757579088809,0.202663301781942,3.5385066908266,0.000402397083370356,0.0126036957761092,"SS18 like 2","gonad"
"LOC115143672",102.532597855495,0.714605349227905,0.189746906128832,3.76905386860047,0.000163867522448595,0.00789524564265686,"peptidyl-prolyl cis-trans isomerase-like 1","gonad"
"ndufb5",500.065776296252,0.714177734303304,0.198157055250731,3.60871535675936,0.000307717011287313,0.0109193983667081,"NADH:ubiquinone oxidoreductase subunit B5","gonad"
"hacd4",75.9747164611263,0.714101320804242,0.193135472915335,3.70114304109514,0.000214630435139012,0.00909178364509437,"3-hydroxyacyl-CoA dehydratase 4, transcript variant X2","gonad"
"LOC115106712",182.446480510377,0.713964570849259,0.188818567817489,3.78325792225658,0.00015478886697291,0.0077889646317195,"vascular endothelial growth factor A-A, transcript variant X2","gonad"
"smim20",180.497108584369,0.713924784690827,0.187904216752969,3.80233350597165,0.000143339592424256,0.00760261955897279,"small integral membrane protein 20","gonad"
"timm8b",40.1013385066317,0.712803344706071,0.197206151697452,3.61824848224434,0.000296603557602085,0.0106975016441819,"translocase of inner mitochondrial membrane 8 homolog B","gonad"
"tmem126a",34.3483514424287,0.712020923271938,0.199394980918965,3.57586685395666,0.000349069290262029,0.0115755289161323,"transmembrane protein 126A","gonad"
"LOC115129238",218.423083377696,0.71168010717278,0.18318850311611,3.88630485924965,0.000101781673139485,0.00633959204242154,"hypoxanthine-guanine phosphoribosyltransferase","gonad"
"LOC115101315",338.784667789475,0.711407837280976,0.173747513666496,4.09554832824457,4.2117035309334e-05,0.00405875972915083,"calmodulin","gonad"
"LOC115105848",21.3759258703154,0.711386458270256,0.200530690607655,3.54872051453941,0.000387107717462441,0.0122387561965569,"TP53-regulated inhibitor of apoptosis 1-like","gonad"
"LOC115102262",27.0270096829232,0.710795031795677,0.206334571875749,3.45065926249088,0.000559219109589918,0.0149728951229466,"E3 ubiquitin-protein ligase TRIM16-like, transcript variant X1","gonad"
"polr2i",88.760345560215,0.710707456511768,0.181583203882499,3.91610065087613,8.99926891641036e-05,0.00587590196318035,"RNA polymerase II subunit I","gonad"
"LOC115128224",2334.87127474854,0.709776455972467,0.202109097471148,3.51749479034121,0.000435640901870335,0.0131981767630637,"ATPase inhibitor A, mitochondrial-like","gonad"
"stard9",105.19841303201,0.708689062044644,0.199208487155527,3.56039940413326,0.000370291147630173,0.0119242565992812,"StAR related lipid transfer domain containing 9","gonad"
"mcur1",28.1340421929037,0.707150760285293,0.195118448264702,3.62864146082574,0.000284916614721972,0.010475526407302,"mitochondrial calcium uniporter regulator 1, transcript variant X1","gonad"
"LOC115133707",74.1950370755115,0.706914273278172,0.19388120818761,3.6508356033584,0.000261388516070293,0.00999669187074183,"V-type proton ATPase subunit E 1-like","gonad"
"LOC115136130",261.350387299924,0.706089693209391,0.194861286073162,3.62746904222457,0.000286213079248282,0.0105027997200896,"small nuclear ribonucleoprotein Sm D2-like","gonad"
"LOC115128083",8034.44216454377,0.705727927146668,0.197710267520295,3.57362605277825,0.000352071635588025,0.0116140704178733,"60S ribosomal protein L30","gonad"
"LOC115111257",198.038625624796,0.705647287320482,0.199979330361943,3.53344427612169,0.000410182547980997,0.0127116310082163,"tetraspanin-36-like","gonad"
"LOC115136485",615.099212273083,0.705406596418616,0.183006268938894,3.85647647155034,0.000115033164578427,0.00674350765106042,"cytochrome c oxidase subunit 7B, mitochondrial-like","gonad"
"LOC115121080",586.445399819671,0.705058593864641,0.192357641897868,3.66847437505296,0.000244002144196644,0.00960536507352071,"tubulin-specific chaperone A-like","gonad"
"LOC115123317",184.165073414805,0.704535156544692,0.186250055531703,3.78474054600614,0.000153869018783242,0.0077889646317195,"cytochrome c, transcript variant X1","gonad"
"LOC115142885",354.525015330715,0.703973872971447,0.188363951373661,3.7399903099404,0.000184027349184211,0.0083965249561519,"dynein light chain roadblock-type 1","gonad"
"nfkb2",45.8340305079154,0.703673589856822,0.207694666096532,3.39482516725601,0.000686724382151786,0.0172226836768796,"nuclear factor kappa B subunit 2","gonad"
"LOC115145844",156.920731128396,0.703657108665123,0.211912907679119,3.33354751281836,0.000857460253129351,0.0195995134508784,"small nuclear ribonucleoprotein E","gonad"
"LOC115123727",569.092739720543,0.703497903469078,0.192055189546072,3.6661024159342,0.000246275327085076,0.00965470666326276,"probable protein BRICK1-A","gonad"
"LOC115105844",23.1013430586346,0.702844735012323,0.211186551358583,3.33606840028909,0.00084972254479347,0.01952608784668,"calcineurin B homologous protein 3-like, transcript variant X1","gonad"
"LOC115109240",218.774827628458,0.702757561123561,0.192400821306767,3.65591220709868,0.00025626905475198,0.00988279949435588,"DNA-directed RNA polymerases I, II, and III subunit RPABC1","gonad"
"LOC115112206",312.270689169939,0.702590119506419,0.194177713288496,3.62162592708321,0.00029275723910912,0.0105991554924114,"cytochrome c oxidase copper chaperone-like","gonad"
"atp5mpl",1745.5784719512,0.701926667045267,0.18481950990936,3.79988215940955,0.000144764909654163,0.00762943515872412,"ATP synthase membrane subunit 6.8PL","gonad"
"LOC115135327",209.151728717836,0.701783595244933,0.195824618057047,3.58651266335808,0.000335129797007448,0.0113961693965803,"DNA damage-inducible transcript 3 protein-like","gonad"
"LOC115107938",50.1132474421127,0.701637023261389,0.178354728641358,3.93490851169834,8.32283937907214e-05,0.00564849332052799,"SAYSvFN domain-containing protein 1-like","gonad"
"LOC115129028",41.7707333088827,0.700199834972058,0.206877449183268,3.39305006639382,0.000691190038843806,0.0173117505099305,"nuclear transport factor 2-like","gonad"
"LOC115110352",11.8543766202748,0.700074007044301,0.215136900410731,3.28394810148023,0.00102363770747948,0.0217702696904157,"DNA-directed RNA polymerase III subunit RPC10","gonad"
"dynlt1",36.4075967444661,0.700024380835113,0.203589199601845,3.44475788082999,0.000571571122391203,0.0152217991596026,"dynein light chain Tctex-type 1","gonad"
"dnajc19",143.318276848219,0.699718838116338,0.173453428043702,4.03555110036314,5.44742813960367e-05,0.00460477909925873,"DnaJ heat shock protein family (Hsp40) member C19, transcript variant X3","gonad"
"LOC115104866",157.428984672926,0.699602015202117,0.202884250512024,3.45475808274315,0.000550786787654401,0.0149403436385717,"transmembrane protein 14C-like, transcript variant X1","gonad"
"LOC115130553",358.014011953189,0.699198698410071,0.197584231981686,3.54307256837623,0.000395493855722719,0.0124396613922088,"macrophage migration inhibitory factor-like","gonad"
"nme5",62.2972649946412,0.698733597692755,0.204399814846626,3.42481436340737,0.000615219633010498,0.0161242795214414,"NME/NM23 family member 5, transcript variant X3","gonad"
"LOC115139652",545.469352545068,0.69853991050479,0.183625270041156,3.80617332727046,0.000141133492971263,0.007566442791329,"proteasome subunit alpha type-6","gonad"
"LOC115125554",6328.47602545151,0.698370189333278,0.197759658693899,3.53541980164252,0.000407127805405211,0.0126740937908873,"60S ribosomal protein L30","gonad"
"pigy",63.4285201149689,0.69826142587789,0.192934060706022,3.6233661668877,0.00029079369791806,0.0105482350001503,"phosphatidylinositol glycan anchor biosynthesis class Y","gonad"
"LOC115113377",95.4098155073809,0.697742994749946,0.170821121245928,4.08599863860996,4.38876353984659e-05,0.0041343899316913,"thioredoxin-dependent peroxide reductase, mitochondrial-like","gonad"
"LOC115133990",86.3915943574619,0.697610905115245,0.175732706386414,3.97117719025836,7.15183602859554e-05,0.0051956441898365,"sorting nexin-20-like, transcript variant X1","gonad"
"LOC115139617",114.009377755243,0.69719257973271,0.191198693892048,3.64830718153666,0.000263973907334086,0.00999669187074183,"cytochrome c oxidase subunit 7A2, mitochondrial","gonad"
"LOC115128702",622.374957742666,0.69717445575233,0.194601813985575,3.58596312551814,0.000335836415278152,0.0113961693965803,"26S proteasome complex subunit SEM1","gonad"
"LOC115112418",65.6289894724983,0.696956592928635,0.165499441273427,4.21096973641571,2.54276812352101e-05,0.00323831278710093,"transcription factor PU.1-like, transcript variant X1","gonad"
"LOC115112142",40.0339733014603,0.696660868946419,0.206844836987432,3.37321019617903,0.000742972114045797,0.018082489690819,"chemokine-like factor","gonad"
"LOC115140607",61.8289729894474,0.696506935060097,0.2103278406898,3.31993871618454,0.00090037210818999,0.0201519454711317,"gamma-glutamyl hydrolase-like","gonad"
"LOC115146226",249.068790998055,0.695490260585204,0.185520162291203,3.75124910923232,0.00017595576941505,0.00818605035349872,"transmembrane emp24 domain-containing protein 10-like","gonad"
"LOC115105256",114.292897188463,0.695483876762483,0.189623900985437,3.67063356132623,0.000241950001201796,0.00956434921243424,"zinc finger CCHC domain-containing protein 10-like, transcript variant X2","gonad"
"dimt1",56.4081451961373,0.695435203833692,0.18872801120097,3.68521099017334,0.00022851325684485,0.00936558120856544,"DIMT1 rRNA methyltransferase and ribosome maturation factor","gonad"
"LOC115109394",191.805198251396,0.694809123269732,0.183753490103429,3.78332787674192,0.000154745349776989,0.0077889646317195,"peptidyl-prolyl cis-trans isomerase FKBP7-like","gonad"
"efcab2",25.7627401310724,0.694503156488998,0.206284234397892,3.36966530853022,0.000752595340145142,0.0182092794788273,"EF-hand calcium binding domain 2, transcript variant X2","gonad"
"LOC115126505",376.878821681925,0.693398588847907,0.177575623442601,3.90606383465676,9.38117392888662e-05,0.00605886697132449,"transketolase-like protein 2","gonad"
"LOC115115419",329.275274038751,0.693373084275275,0.206965630693283,3.35778276063344,0.000785703364392497,0.0186265164317957,"phospholipase A and acyltransferase 2-like","gonad"
"LOC115136733",119.255216308406,0.69234871721349,0.191217843386822,3.62422605062401,0.000289828037371907,0.0105333855808773,"glia maturation factor gamma-like","gonad"
"LOC115135642",188.466980454725,0.692280820364333,0.171106123384462,4.04699313166707,5.18797629389922e-05,0.00453272018678246,"barrier-to-autointegration factor","gonad"
"LOC115138515",544.911834505674,0.69157271977695,0.167885419918884,4.12028540933519,3.78403360192515e-05,0.00397789796929456,"transmembrane emp24 domain-containing protein 10-like","gonad"
"LOC115109348",269.094182601383,0.691463202472948,0.172660945513816,4.00622905784003,6.16958214444611e-05,0.00486754324604529,"heat shock factor-binding protein 1-like","gonad"
"LOC115103547",73.8022089582265,0.691163632707928,0.190868721608873,3.62469576939613,0.000289301806649548,0.0105333855808773,"CDGSH iron-sulfur domain-containing protein 3, mitochondrial-like","gonad"
"LOC115113675",1760.41305247578,0.690794508455749,0.182678118733455,3.78317922559893,0.000154837836255996,0.0077889646317195,"cytochrome c oxidase subunit 4 isoform 1, mitochondrial","gonad"
"LOC115128841",20.1643111373253,0.68920710282023,0.184048143149992,3.73999200956091,0.000184026104848293,0.0083965249561519,"CD209 antigen-like protein C","gonad"
"LOC115140107",449.185865993067,0.688836717248849,0.189246981113644,3.64242356052293,0.000270083192046707,0.010187301277698,"probable protein BRICK1","gonad"
"LOC115101657",140.150026881116,0.688524048596805,0.17169168922487,4.01156975230866,6.03163501405446e-05,0.0047986978567698,"uncharacterized protein At5g50100, chloroplastic-like, transcript variant X1","gonad"
"LOC115141163",13.6255632592836,0.688481325052915,0.176328866138073,3.89022738285009,0.000100150333591546,0.00627929326674144,"sodium channel subunit beta-1-like","gonad"
"LOC115125694",508.535075891074,0.688009647392397,0.188102216880951,3.66007676786503,0.000252139697152535,0.00980341923117711,"cytochrome b-c1 complex subunit 8-like, transcript variant X1","gonad"
"LOC115111634",185.174144429195,0.687833743036346,0.201562130825106,3.41842373820955,0.000629849655994342,0.0162704000494582,"cyclin-dependent kinase 2-associated protein 1-like","gonad"
"LOC115135272",35.9166595436267,0.686748893798801,0.210876084931845,3.26263329546851,0.00110382249062754,0.02249825496236,"B-cell linker protein-like, transcript variant X1","gonad"
"LOC115109419",91.6894092169405,0.686140856838833,0.184299817934611,3.72445640119153,0.00019573653475872,0.00867612701239487,"proline-serine-threonine phosphatase-interacting protein 1-like, transcript variant X1","gonad"
"LOC115112090",95.3368998018642,0.685970947824304,0.197901669854718,3.47164149949509,0.000517286635495197,0.0142676508972668,"FAS-associated death domain protein-like","gonad"
"LOC115106364",31.0425862707173,0.685737681986392,0.166430096510239,4.11529247183653,3.8668877840106e-05,0.00400106667706233,"pantothenate kinase 1-like, transcript variant X3","gonad"
"lg15h1orf159",50.3054945097077,0.68562322282033,0.210176025809976,3.27170298221447,0.0010690181890726,0.0222927967071472,"linkage group 15 C1orf159 homolog","gonad"
"LOC115130213",255.778520835908,0.685312197965842,0.17154289321602,3.99593701890339,6.44388650387934e-05,0.00494709407307124,"transmembrane protein 14C-like","gonad"
"tmed2",209.456215909933,0.685276812716553,0.176600250333869,3.88128730087155,0.000103905004264656,0.00642954658742245,"transmembrane p24 trafficking protein 2, transcript variant X1","gonad"
"LOC115111965",230.84782578015,0.684748619797932,0.184659454967479,3.7100697531606,0.000207202150593964,0.00885637183182101,"endothelial differentiation-related factor 1 homolog","gonad"
"LOC115119277",291.016745528304,0.684587849983262,0.201203597219753,3.40667624644001,0.000657590786416083,0.0167724784676872,"tumor necrosis factor receptor superfamily member 9-like","gonad"
"LOC115136026",15.5028522119068,0.684109514637179,0.212657130671804,3.23030969330942,0.00123656195109444,0.0241883270082367,"cytotoxic and regulatory T-cell molecule-like, transcript variant X2","gonad"
"LOC115109231",98.1394996892177,0.684043282089763,0.186931001959155,3.66187385760791,0.000250377142926091,0.00977360037541687,"mitochondrial import inner membrane translocase subunit Tim13","gonad"
"LOC115104729",1238.10762839645,0.683570834551589,0.188897975012349,3.62104010621934,0.000293421019753868,0.0106029141393883,"cytochrome b-c1 complex subunit 9-like","gonad"
"LOC115106093",35.3254861266651,0.68336004230965,0.186548519673021,3.66138383085731,0.00025085660324545,0.00977360037541687,"epithelial discoidin domain-containing receptor 1-like","gonad"
"arl2",162.099558242431,0.683137535312399,0.186014493857486,3.67492524288314,0.000237919068171711,0.00946428057947763,"ADP ribosylation factor like GTPase 2","gonad"
"LOC115105136",42.8219840906459,0.68153089917854,0.208097663775996,3.28103503987745,0.00103426894445446,0.0218083323644156,"sialoadhesin-like, transcript variant X2","gonad"
"LOC115119248",11751.6164724651,0.68057618787594,0.201883814250609,3.37602327909424,0.000735416965228596,0.018037720513735,"40S ribosomal protein S29-like","gonad"
"LOC115141987",225.197710535289,0.679908441926133,0.174739531003717,3.89205768055522,9.93976050108858e-05,0.00627364550293708,"rho-related GTP-binding protein RhoG-like","gonad"
"LOC115128325",54.5463957526607,0.679594274112151,0.202715946667105,3.35757158396247,0.000786303803380907,0.0186265164317957,"C-type lectin domain family 17, member A-like, transcript variant X3","gonad"
"LOC115137857",204.858418933411,0.679244028487403,0.173199879566705,4.35576221632406,1.32604667337212e-05,0.00232487905187974,"ladderlectin-like","gonad"
"LOC115146236",216.664561332253,0.678775961219403,0.194500894253938,3.49328596094099,0.000477115291483452,0.0137297538666249,"rRNA-processing protein FCF1 homolog","gonad"
"LOC115102020",346.262545900677,0.678559845930962,0.185634306064272,3.65735570792716,0.000254830627479517,0.00986423623151824,"40S ribosomal protein S23","gonad"
"LOC115130871",3994.57358692696,0.677882015158036,0.197253296197072,3.44017320983416,0.000581342009491657,0.0153738979744756,"60S ribosomal protein L36a-like, transcript variant X2","gonad"
"LOC115145151",12.8094964643324,0.677845536481285,0.202339316022723,3.34846768065496,0.000812597578590007,0.0188991885419595,"DPH3 homolog","gonad"
"LOC115138378",710.315585808644,0.677116399082177,0.173432946486989,3.90531298650441,9.41035095507675e-05,0.00605886697132449,"cytochrome c oxidase subunit 7A2, mitochondrial-like","gonad"
"LOC115142712",111.059222078213,0.676388702315501,0.185443888952485,3.64860780930078,0.000263665254923112,0.00999669187074183,"ninjurin-1-like","gonad"
"pfdn4",211.750284848318,0.67605462640308,0.192667444587775,3.51220506581881,0.00044440495360501,0.013251665821277,"prefoldin subunit 4","gonad"
"LOC115129611",561.058034127748,0.67390096119194,0.182194143237236,3.70046829767416,0.000215201964220076,0.00909564551898916,"ATP synthase-coupling factor 6, mitochondrial-like","gonad"
"lg12h20orf27",13.0189143736484,0.673702008712113,0.214776752912488,3.1582333371231,0.0015872845302706,0.0276242946513546,"linkage group 12 C20orf27 homolog, transcript variant X1","gonad"
"LOC115128708",974.461925489798,0.673546684906081,0.188417825201614,3.5769686972244,0.000347601780469932,0.0115673808667806,"BPTI/Kunitz domain-containing protein-like, transcript variant X1","gonad"
"LOC115106787",48.3977310034625,0.672934791534772,0.210594081922421,3.20486925641403,0.00135123844007536,0.0252944883696686,"stress-associated endoplasmic reticulum protein 1-like","gonad"
"LOC115109420",72.8748294767622,0.672784483463244,0.199974961089284,3.36826367960512,0.000756432141237641,0.018233900154991,"tetraspanin-3-like, transcript variant X1","gonad"
"LOC115110325",214.517193475186,0.672756061408294,0.169412092380201,3.97205661746158,7.12547782168965e-05,0.0051956441898365,"stannin-like, transcript variant X2","gonad"
"LOC115119181",296.464245543894,0.671903886593994,0.204636512459108,3.2897823618357,0.00100264901577376,0.0215985882976976,"D-dopachrome decarboxylase-A-like","gonad"
"LOC115131424",12.3799791349077,0.671310270072309,0.209517573596643,3.19903619612321,0.00137887855610331,0.0255220581229874,"asparagine synthetase [glutamine-hydrolyzing]-like, transcript variant X1","gonad"
"LOC115139701",204.836011692,0.671056948279099,0.182132726173627,3.68592783399005,0.00022787092103313,0.00936558120856544,"transmembrane emp24 domain-containing protein 7-like, transcript variant X3","gonad"
"rps21",3995.61910480873,0.670851647443132,0.200556780643887,3.34925053506338,0.000810304885876906,0.0188954716922158,"ribosomal protein S21","gonad"
"LOC115116915",124.752316144137,0.67047535560967,0.199532918509628,3.36508025872465,0.000765213969210335,0.0182715340567436,"28S ribosomal protein S16, mitochondrial-like","gonad"
"LOC115133487",232.78018113051,0.670292563035233,0.182439031487348,3.67623987894092,0.00023669696765737,0.00946428057947763,"small ubiquitin-related modifier 1","gonad"
"brk1",139.679395903546,0.670274747757293,0.178621221794121,3.75439912541599,0.000173757803170787,0.0081037044409824,"BRICK1 subunit of SCAR/WAVE actin nucleating complex","gonad"
"wdyhv1",33.0021450875166,0.670263116031639,0.201805932253479,3.32689136163086,0.000878206040771547,0.0198139917538992,"WDYHV motif containing 1, transcript variant X2","gonad"
"LOC115107979",46.0323351545256,0.67015233074335,0.161772282965791,4.14324150266723,3.42431007833492e-05,0.00373179675326405,"rho GTPase-activating protein 6-like, transcript variant X1","gonad"
"LOC115136795",34.6658339329249,0.669491014280518,0.203656046437377,3.28906973906754,0.00100519113783129,0.0216041931836953,"phosphoserine phosphatase-like, transcript variant X1","gonad"
"LOC115141593",23.4601232325196,0.668956614325759,0.207192682840749,3.23397235483197,0.00122081272098644,0.0239793453027783,"NLR family CARD domain-containing protein 3-like","gonad"
"LOC115144376",491.773487330609,0.668810427518915,0.175459164811218,3.8130021321341,0.00013728892774335,0.00744861274160554,"cytochrome c oxidase assembly protein COX14 homolog","gonad"
"LOC115147101",107.448480751539,0.668647971338023,0.193386051555254,3.46041737976944,0.000539338710635239,0.0147364768915992,"dolichol phosphate-mannose biosynthesis regulatory protein-like, transcript variant X2","gonad"
"LOC115135308",18.7749812143968,0.668603735897719,0.214671917787326,3.15241136833245,0.00161927971725911,0.0280300318511039,"proto-oncogene tyrosine-protein kinase receptor Ret-like, transcript variant X1","gonad"
"dapl1",3141.5183620506,0.668272986300648,0.193635025326198,3.45393218631061,0.000552476280149654,0.0149403436385717,"death associated protein like 1","gonad"
"mak",12.781621373658,0.668100896299446,0.215062478467121,3.12555455050443,0.00177470151172465,0.0297907563160516,"male germ cell associated kinase, transcript variant X4","gonad"
"LOC115128226",15.4070802549174,0.667859173722758,0.214100213289731,3.13290624770302,0.00173084718090413,0.0294184254756058,"probable C-mannosyltransferase DPY19L1","gonad"
"LOC115141087",136.707802255484,0.667748394739099,0.159657180661817,4.18359510422316,2.8693497048255e-05,0.00346058195292171,"ragulator complex protein LAMTOR2","gonad"
"LOC115105886",159.441313788042,0.66774637886445,0.152244452186572,4.38588764273307,1.15513740119657e-05,0.00227619574542032,"FYN-binding protein 1-like, transcript variant X2","gonad"
"LOC115132347",59.5442884497659,0.666466797766906,0.183915216901006,3.62603493621237,0.00028780643390275,0.0105333855808773,"syntaphilin-like","gonad"
"LOC115130499",3561.81701811922,0.666005054206926,0.187447412282623,3.55496796485664,0.000378025144702054,0.0121023734147255,"C-X-C motif chemokine 14-like, transcript variant X2","gonad"
"smim8",37.6375049233641,0.665419278266396,0.174702901056184,3.81081025093919,0.000138512056825437,0.00747215326492777,"small integral membrane protein 8","gonad"
"LOC115108696",4657.13065445599,0.665247285068017,0.203152207077065,3.27967206279035,0.00103927814491138,0.0218733277774784,"60S ribosomal protein L36","gonad"
"LOC115132837",34.1795527476992,0.665095328438991,0.209129908145084,3.18602514758095,0.00144242058776009,0.0261611435145951,"pancreatic progenitor cell differentiation and proliferation factor-like","gonad"
"igsf6",33.4847874009273,0.6648347506051,0.203386994634521,3.27567670513529,0.00105409149524783,0.0220787859098646,"immunoglobulin superfamily member 6","gonad"
"LOC115120114",30.9567436763732,0.6635256166868,0.210366388162607,3.15860450676319,0.00158526460025589,0.0276145218085053,"C-X-C chemokine receptor type 1-like, transcript variant X2","gonad"
"LOC115121509",98.3320266586433,0.663458331540343,0.19401887101299,3.42236599752772,0.000620786890474294,0.0161242795214414,"adseverin-like","gonad"
"LOC115140355",30.2625596884937,0.663256076689253,0.215136811397215,3.10926075716786,0.00187556110482952,0.0309353218814868,"electroneutral sodium bicarbonate exchanger 1-like, transcript variant X1","gonad"
"LOC115135113",44.2777261474291,0.663007293612249,0.197399007236113,3.36224763511149,0.000773107575920997,0.0184367656801815,"polymeric immunoglobulin receptor-like, transcript variant X7","gonad"
"LOC115102334",696.707732904368,0.662762056786008,0.1764145315441,3.75798996681855,0.000171283747480147,0.00806780536949401,"PRA1 family protein 3-like","gonad"
"LOC115105494",1693.51222108647,0.662641259771472,0.186093229515123,3.5625996311111,0.000367200479153741,0.0118853693551728,"cytochrome c oxidase subunit 7B, mitochondrial-like","gonad"
"LOC115132470",176.2868741013,0.66192480862596,0.184686019860439,3.58606919789533,0.000335699914592096,0.0113961693965803,"SAP domain-containing ribonucleoprotein-like","gonad"
"LOC115124271",97.4857813634827,0.661718330815026,0.171570399255133,3.85685734987985,0.000114854143391938,0.00674350765106042,"prosaposin-like, transcript variant X1","gonad"
"LOC115144855",36.3645597220907,0.661456481577303,0.142387765559865,4.64042396343298,3.47695096029422e-06,0.00159636790019138,"zinc finger and SCAN domain-containing protein 21-like, transcript variant X1","gonad"
"LOC115115324",24.3866452350432,0.661248329464844,0.214419169220217,3.10468836614552,0.00190479597757079,0.0312163255484027,"cyclin-dependent kinase 4 inhibitor B-like","gonad"
"LOC115135604",4182.44837994559,0.661227832573206,0.201486530437291,3.28614290401311,0.00101569466810855,0.0217298426076619,"40S ribosomal protein S23","gonad"
"LOC115133296",2953.758968086,0.661129471797172,0.188538371084263,3.50863568760305,0.000450411414693657,0.0133466981803199,"60S ribosomal protein L34, transcript variant X1","gonad"
"ube2v2",73.973728971371,0.660977066803097,0.184689007635778,3.58175771702551,0.000341290235535457,0.0114580329962125,"ubiquitin conjugating enzyme E2 V2, transcript variant X2","gonad"
"haus2",64.7344933183407,0.660560877120889,0.191442015035391,3.45394969983164,0.000552440403626877,0.0149403436385717,"HAUS augmin like complex subunit 2, transcript variant X1","gonad"
"lrrc6",20.6802871271686,0.660401087160004,0.214605901124777,3.0898724094306,0.00200242495763889,0.0320506479906106,"leucine rich repeat containing 6, transcript variant X1","gonad"
"ttll6",18.9313879048368,0.660171157087567,0.21484248173079,3.08783967607344,0.00201617209951731,0.0321619365664366,"tubulin tyrosine ligase like 6, transcript variant X2","gonad"
"tprkb",51.337676165253,0.659504089217839,0.197117266714733,3.3498613947555,0.000808520073102289,0.0188954716922158,"TP53RK binding protein","gonad"
"LOC115134527",25.9880289627031,0.659256420028959,0.196519357951929,3.3566482777185,0.000788934046913132,0.0186265164317957,"microtubule-associated protein 1B-like, transcript variant X4","gonad"
"LOC115123928",16.2322313789997,0.659103053035574,0.186670857240339,3.52812402119772,0.000418516021160467,0.012875361571888,"translationally-controlled tumor protein homolog, transcript variant X1","gonad"
"nudt12",135.904692818414,0.658548874154031,0.158180597092909,4.16344325211058,3.13483964104945e-05,0.00360309480990174,"nudix hydrolase 12, transcript variant X2","gonad"
"LOC115113373",49.6526509520369,0.658146630688694,0.200682583374054,3.28310199162528,0.00102671512191926,0.0217702696904157,"molybdenum cofactor sulfurase-like, transcript variant X1","gonad"
"LOC115139406",1171.97105885635,0.657880127806645,0.189080398303819,3.48146586255148,0.000498677342320008,0.0140911091282217,"costars family protein ABRACL, transcript variant X2","gonad"
"ost4",709.95011495189,0.656931636502617,0.178796726395624,3.67558983561188,0.000237300517211494,0.00946428057947763,"oligosaccharyltransferase complex subunit 4, non-catalytic","gonad"
"LOC115124139",36.5446778937138,0.656667211047996,0.183106336874693,3.58671520459857,0.00033486971221218,0.0113961693965803,"post-GPI attachment to proteins factor 2-like","gonad"
"LOC115111853",1598.72428055346,0.656663877274446,0.198763908491041,3.30739918974223,0.000941665980506466,0.020781404826212,"60S ribosomal protein L37","gonad"
"LOC115103073",21.7264868345942,0.656644321883728,0.208096617105261,3.16045661366837,0.00157522063091825,0.0275409073374304,"tyrosine-protein kinase Lyn-like","gonad"
"LOC115103912",92.6931947238862,0.655922821005803,0.182843265836537,3.58898932047389,0.000331962438113147,0.0113653619845012,"U2 small nuclear ribonucleoprotein B''-like, transcript variant X3","gonad"
"brd3os",50.2660192681409,0.655892734596476,0.166295419440865,3.94487372860444,7.98420401597618e-05,0.00552679621764255,"BRD3 opposite strand","gonad"
"znhit3",23.6903689787457,0.655144685788756,0.199632427932484,3.2818980823532,0.00103110866182521,0.0217902260174781,"zinc finger HIT-type containing 3, transcript variant X2","gonad"
"LOC115103053",12.1580354937405,0.654219244404176,0.205582754894667,3.18326256609171,0.00145625493113221,0.0263231921802728,"transmembrane protein 70, mitochondrial-like","gonad"
"LOC115105669",82.6267981239991,0.65384337527459,0.215130423341003,3.06863427459675,0.00215039667132804,0.0331308063235121,"ependymin-2","gonad"
"lg14h17orf97",102.74794871297,0.653506211473553,0.164703067535071,3.96890171392785,7.2204653643258e-05,0.00519846051990528,"linkage group 14 C17orf97 homolog","gonad"
"polr2j",173.891550835044,0.652706689824155,0.20011004639061,3.26645831544232,0.00108901839543397,0.022379119605149,"RNA polymerase II subunit J","gonad"
"LOC115131366",198.172617714955,0.65199196375654,0.177412315162432,3.67643438895653,0.000236516649967178,0.00946428057947763,"chromatin modification-related protein MEAF6-like, transcript variant X1","gonad"
"LOC115132693",87.6375573172507,0.651343618143643,0.188939923862374,3.45035364259992,0.000559852640456625,0.0149728951229466,"tissue factor pathway inhibitor 2-like","gonad"
"tomm34",153.398352318417,0.651295887481135,0.166977631020555,3.9015406114287,9.55824216911342e-05,0.00611436876595144,"translocase of outer mitochondrial membrane 34","gonad"
"mns1",19.5296683017025,0.649103698151854,0.214392571931177,3.06162606460187,0.00220138271522595,0.0337515641399218,"meiosis specific nuclear structural 1","gonad"
"LOC115107347",3148.0608061028,0.647810876714805,0.200182704485778,3.2398943359869,0.00119574000902934,0.0235847261155944,"40S ribosomal protein S29","gonad"
"LOC115131257",5100.79181564403,0.647392565231423,0.199189096319595,3.25365607208805,0.00113930122404,0.0229038183866404,"60S ribosomal protein L14-like","gonad"
"LOC115101440",95.1720366240796,0.646905484771195,0.170768463627262,3.78854653665921,0.000151531211023238,0.0077889646317195,"RAS guanyl-releasing protein 2-like, transcript variant X2","gonad"
"LOC115104143",86.6295411162407,0.646450239479758,0.179748719618379,3.59824015446185,0.000320377721732498,0.0110699856952643,"coiled-coil domain-containing protein 43-like","gonad"
"pdrg1",168.730229779914,0.646169260424115,0.193112931193908,3.3488760799001,0.000811400777456453,0.0188977536545362,"p53 and DNA damage regulated 1","gonad"
"LOC115132993",319.419296697465,0.646047277186578,0.193309370646177,3.34485070029438,0.000823268742491992,0.0190802859719533,"NADH dehydrogenase [ubiquinone] 1 beta subcomplex subunit 2, mitochondrial-like, transcript variant X2","gonad"
"LOC115134708",243.596689385669,0.645089616954092,0.203724858072385,3.17176480424844,0.00151515662310143,0.0268628189685632,"ATP synthase F(0) complex subunit C3, mitochondrial-like, transcript variant X1","gonad"
"LOC115102474",284.491669753667,0.645027200593472,0.173453428544322,3.71987737485421,0.000199319527351031,0.00867612701239487,"pituitary tumor-transforming gene 1 protein-interacting protein-like","gonad"
"LOC115101899",21.0072284622084,0.644246891950105,0.178608354333439,3.6044628748938,0.000312799155336197,0.0109682444560942,"THAP domain-containing protein 3-like","gonad"
"LOC115115036",20.5857660144939,0.643872349064419,0.214806578359281,3.01364606756156,0.0025812874876683,0.0373104416633583,"PHD finger protein 20-like protein 1","gonad"
"LOC115101930",413.940985950586,0.643778736943065,0.170566283187778,3.77531861144529,0.000159803275039723,0.00779927105871799,"ragulator complex protein LAMTOR5-like","gonad"
"LOC115146150",22.8018890324697,0.643680331866142,0.211239821038416,3.05159943104424,0.00227625644087357,0.0344531700303285,"protein jagged-2-like","gonad"
"LOC115106933",303.917028980614,0.643625966105349,0.190078407992531,3.38861963034036,0.000702453793734461,0.0175012665583711,"short transmembrane mitochondrial protein 1-like","gonad"
"LOC115140224",141.848567286193,0.643541835077974,0.178189119331987,3.61301365489192,0.000302658758549035,0.0107925491395969,"ran-specific GTPase-activating protein-like, transcript variant X1","gonad"
"hs1bp3",225.246680550714,0.643451317506732,0.166838692268019,3.85771202058484,0.000114453385280602,0.00674350765106042,"HCLS1 binding protein 3, transcript variant X2","gonad"
"LOC115129345",113.410581583502,0.643346358097092,0.193206643129987,3.33160335760331,0.000863472289660418,0.0196749071055596,"T-cell surface antigen CD2-like, transcript variant X1","gonad"
"LOC115111524",56.2257779153444,0.64330304933167,0.194094226616044,3.31449385952907,0.000918091963215786,0.0203924213053915,"refilin-A-like, transcript variant X2","gonad"
"LOC115129780",12.3552128660082,0.643187037254059,0.213680145696438,3.02223789703977,0.00250913269918518,0.0367727768259066,"toll-like receptor 13","gonad"
"LOC115114718",225.398911330271,0.642138989920423,0.192947205992581,3.33089585637372,0.00086566982460708,0.0197012717895854,"apoptosis-associated speck-like protein containing a CARD","gonad"
"LOC115122305",25.1665836133529,0.642137689026395,0.183276234281171,3.50075391187113,0.000463944041045794,0.0135103574633463,"5-demethoxyubiquinone hydroxylase, mitochondrial-like","gonad"
"LOC115120264",25.2826523053677,0.641950900315996,0.181820904801797,3.52581783883323,0.000422177246897253,0.0129142587560573,"tumor necrosis factor receptor superfamily member 11A-like","gonad"
"LOC115128432",10.7029953321439,0.641907833157071,0.210380343133281,3.04995002234724,0.00228879449700468,0.0345325289249272,"BCL2/adenovirus E1B 19 kDa protein-interacting protein 2-like","gonad"
"LOC115109910",165.659094152342,0.64156449955771,0.17960872592363,3.57298122969726,0.000352940068780748,0.0116224699171538,"growth arrest and DNA damage-inducible proteins-interacting protein 1-like","gonad"
"LOC115141051",28.5273995667003,0.641557002073642,0.191077871999627,3.35948206641438,0.000780887193834807,0.0185988666858642,"tumor necrosis factor alpha-induced protein 8-like protein 2","gonad"
"LOC115111375",182.901988363316,0.641446998457572,0.183956056503178,3.48823548443138,0.000486219649482214,0.0138862278475803,"guanine deaminase-like","gonad"
"selenok",62.1103552786179,0.64118258840561,0.2118398749932,3.0365279597933,0.0023931991215507,0.0354301996611122,"selenoprotein K","gonad"
"LOC115113673",218.467938961665,0.640369949827271,0.197730601750553,3.24072950437786,0.00119224256780022,0.0235402638386831,"interferon regulatory factor 8-like, transcript variant X2","gonad"
"LOC115111039",17.7187151672025,0.640038235573176,0.215111510270407,2.99288567323035,0.00276353250747809,0.0388099656197498,"E3 ubiquitin-protein ligase NEURL3-like","gonad"
"LOC115144590",16.7749586364682,0.639618923825268,0.215137040673702,2.98893290915169,0.00279953596607079,0.0390806237964577,"forkhead box protein J1-B-like","gonad"
"LOC115134062",49.3353069985802,0.639094071910751,0.170152006734692,3.7562097135988,0.000172506154236039,0.0081037044409824,"BH3-interacting domain death agonist-like, transcript variant X2","gonad"
"LOC115144554",25.5274181353394,0.638806522859357,0.178977383432548,3.56964999801303,0.000357458495512866,0.0117101671497165,"zinc finger protein 501-like, transcript variant X1","gonad"
"LOC115124886",70.4901681298274,0.638633105144993,0.212741383983765,3.05109313350504,0.00228009837603349,0.0344837561902509,"carbonic anhydrase 4-like","gonad"
"gabarapl2",22.9875515991244,0.638565729603882,0.20369140376084,3.14203755704279,0.00167776513370798,0.0288018883107531,"GABA type A receptor associated protein like 2","gonad"
"LOC115104196",293.957513026731,0.638467374682184,0.183842401053297,3.4747426826238,0.000511343597783371,0.014259633319629,"SUMO-conjugating enzyme UBC9-B, transcript variant X2","gonad"
"znhit2",620.797528321548,0.638366949095459,0.168168855123718,3.79666196244389,0.000146657557699018,0.00766932366030619,"zinc finger HIT-type containing 2, transcript variant X2","gonad"
"LOC115109891",54.0373961467116,0.638342502719958,0.188566076350473,3.38683106870503,0.000707049100627353,0.0175695206304185,"growth arrest and DNA damage-inducible proteins-interacting protein 1-like, transcript variant X3","gonad"
"LOC115143193",54.4477563110853,0.638177723764578,0.137143018200843,4.65169329666406,3.29220477713354e-06,0.00159636790019138,"RNA-binding protein 15-like","gonad"
"LOC115139959",116.723037786463,0.637870416214046,0.196562863114125,3.24573456668648,0.00117148010454094,0.0233077972389136,"refilin-A-like, transcript variant X2","gonad"
"LOC115137195",365.373156250157,0.637815739624585,0.173278136738381,3.68167063855104,0.000231710626291963,0.00940493441031827,"probable signal peptidase complex subunit 2","gonad"
"LOC115120072",90.7248810750588,0.637378350634667,0.172433150394157,3.69781813317266,0.000217460595695653,0.00917063781625211,"vesicle transport protein SEC20-like, transcript variant X1","gonad"
"LOC115142647",39.0205947384373,0.636980420930982,0.19392675006553,3.28475366841583,0.00102071568840374,0.0217404404498592,"cathepsin L1-like, transcript variant X1","gonad"
"LOC115140260",33.5556518720136,0.636744020415768,0.208373932954736,3.06015961098928,0.0022121906349326,0.0338863618365359,"zinc metalloproteinase-disintegrin-like brevilysin H2a, transcript variant X1","gonad"
"LOC115144339",107.22806526887,0.636487074107446,0.187323371859683,3.39990059187408,0.000674103557955523,0.01697360488017,"cytochrome c oxidase assembly protein COX20, mitochondrial","gonad"
"LOC115128209",1996.91816402808,0.63621498518379,0.190132115470697,3.3481742074571,0.000813458603733667,0.0188991885419595,"40S ribosomal protein S27","gonad"
"nenf",271.017214873272,0.636031945228143,0.186267581854503,3.41674601245933,0.00063374375037859,0.0163264461407056,"neudesin neurotrophic factor","gonad"
"LOC115130225",294.529483792641,0.635247631805071,0.180941439909902,3.51238610465625,0.000444102307127776,0.013251665821277,"programmed cell death protein 6-like, transcript variant X1","gonad"
"LOC115129047",5630.64202242552,0.635173387940366,0.194529725082207,3.26765673566874,0.00108441802753159,0.022379119605149,"60S ribosomal protein L14-like","gonad"
"LOC115146856",10.919273943461,0.634957382750065,0.196722775310319,3.2212921361113,0.00127613995474781,0.0246066293718429,"zinc finger protein 135-like","gonad"
"LOC115131524",195.320464652139,0.63494831226466,0.210601671369027,3.02360484192631,0.0024978246363476,0.0367368666110376,"interferon-induced protein 44-like","gonad"
"LOC115122125",195.869408550256,0.634755304489982,0.183946792702603,3.45238421063444,0.000555655902103189,0.0149728951229466,"peptidyl-prolyl cis-trans isomerase A-like","gonad"
"LOC115105710",523.422383278616,0.634241326277221,0.17878850114188,3.54867990808968,0.000387167412819519,0.0122387561965569,"succinate dehydrogenase assembly factor 1, mitochondrial-like, transcript variant X1","gonad"
"LOC115138123",304.798129939859,0.634031151201408,0.194677694134144,3.25943941413711,0.0011163262064148,0.0225829452120345,"histone H2A.Z","gonad"
"LOC115145280",1272.44611127715,0.633568143293958,0.199331933129572,3.18190736950719,0.00146308604408482,0.0263592143146966,"60S ribosomal protein L36","gonad"
"LOC115118917",29.7256626698579,0.633389790671659,0.194321396528698,3.26296802890922,0.00110251956902749,0.02249825496236,"CD209 antigen-like protein E","gonad"
"LOC115126776",28.9052399515359,0.633205951104683,0.19472761432546,3.25137533890481,0.00114848128420074,0.0229844002192237,"uncharacterized LOC115126776","gonad"
"LOC115141662",637.17064651134,0.632856924323209,0.182307234443657,3.47283800529144,0.000514986091511564,0.0142676508972668,"eukaryotic translation initiation factor 3 subunit K","gonad"
"LOC115111594",3641.85671956126,0.63276244233885,0.192707462085449,3.28576885082127,0.00101704432944864,0.0217298426076619,"60S ribosomal protein L31","gonad"
"LOC115128635",27.7489100797789,0.632372378733178,0.191750449429532,3.29846952460634,0.000972134318959987,0.0212041699568533,"gamma-glutamylcyclotransferase-like, transcript variant X1","gonad"
"LOC115105435",48.5084305321558,0.632285502114406,0.1862469023073,3.39520366682161,0.00068577565858388,0.0172217003916257,"c-Myc-binding protein-like, transcript variant X1","gonad"
"hint1",505.47222869706,0.632279383509776,0.171777003585236,3.68178117322864,0.000231610168224041,0.00940493441031827,"histidine triad nucleotide binding protein 1","gonad"
"LOC115139992",200.315764636018,0.632221516533144,0.188844651183146,3.35021247917929,0.000807495924456002,0.0188954716922158,"transmembrane protein 230-like","gonad"
"LOC115112862",3905.26641168664,0.632196731137471,0.199314300461069,3.17518514892526,0.00149740924197032,0.0267233213918078,"60S ribosomal protein L38","gonad"
"LOC115134735",402.03663570607,0.63186193282618,0.193623632803765,3.26602867416166,0.0010906720472556,0.022379119605149,"dynein light chain roadblock-type 2-like, transcript variant X2","gonad"
"naaa",306.478202081728,0.631745007658437,0.168054145549342,3.75979282840079,0.000170054123266455,0.0080499370601258,"N-acylethanolamine acid amidase","gonad"
"LOC115120086",76.005555016374,0.631486790673272,0.175448129298757,3.59963468373198,0.00031866454987613,0.0110699856952643,"complement component 1 Q subcomponent-binding protein, mitochondrial-like","gonad"
"LOC115114434",22.7195778593873,0.631303036625162,0.181860762265419,3.47144821817676,0.00051765915851187,0.0142676508972668,"transmembrane protein 68-like","gonad"
"LOC115144428",879.320797946895,0.631232622351421,0.185569989639507,3.40314815964627,0.000666141473193299,0.0168853932997525,"serglycin-like","gonad"
"LOC115133511",88.5799947356771,0.631089740326199,0.182899015084708,3.45148526845506,0.000557510190497761,0.0149728951229466,"oocyte zinc finger protein XlCOF6-like","gonad"
"LOC115128199",26.6197157257752,0.630442875989541,0.212734778455618,2.97488674812744,0.0029309673353531,0.0400128813950332,"cyclin-dependent kinases regulatory subunit 1, transcript variant X2","gonad"
"LOC115114749",344.874117220019,0.630319402500123,0.167674358848774,3.76008362103286,0.000169856570315527,0.0080499370601258,"cytochrome b-c1 complex subunit 10","gonad"
"slc52a2",54.385649148014,0.630092313015825,0.166101717291537,3.79460176447983,0.00014788061994692,0.00769263609531574,"solute carrier family 52 member 2, transcript variant X2","gonad"
"LOC115131699",12.7250385870851,0.629432738092682,0.201393447802687,3.12587128268709,0.00177279127985452,0.0297850957267482,"claudin-9-like","gonad"
"LOC115121668",3139.80618481302,0.629038645671433,0.193582177984675,3.25177292482252,0.00114687607739563,0.0229844002192237,"60S ribosomal protein L27-like","gonad"
"mrps18c",215.340130034999,0.628013210764524,0.180616676451913,3.47854651300857,0.000504140938262142,0.0141211666656711,"mitochondrial ribosomal protein S18C, transcript variant X3","gonad"
"LOC115114597",365.830700467104,0.627912817548565,0.168094010129274,3.73643688718648,0.000186646268068619,0.00846100465645864,"guanine nucleotide-binding protein G(I)/G(S)/G(O) subunit gamma-5-like","gonad"
"LOC115143721",127.740477207988,0.627613860397919,0.199457035783786,3.14956249244805,0.00163515132947,0.0282472139064164,"MICOS complex subunit MIC10-like","gonad"
"arpin",38.0865941700419,0.627483224888012,0.185571511988079,3.38429498281777,0.000713612903443367,0.0176862046160997,"actin related protein 2/3 complex inhibitor","gonad"
"LOC115109448",1183.14053379699,0.626804945545335,0.177999870092352,3.52245945487182,0.000427562436859715,0.0130133819114402,"small EDRK-rich factor 2-like","gonad"
"LOC115138660",236.731611330891,0.626717623946962,0.201076952459399,3.12035544488327,0.00180632931045413,0.0301647627280967,"NF-kappa-B inhibitor alpha-like","gonad"
"LOC115105239",129.331052825868,0.626104450530937,0.177888672977877,3.52142362517145,0.000429236294754669,0.0130249827583007,"vesicle transport protein SEC20-like","gonad"
"LOC115144063",79.2337717358898,0.625956644298079,0.133401920751244,4.69143584684895,2.71294341766257e-06,0.00146770238895545,"inositol polyphosphate multikinase-like, transcript variant X1","gonad"
"LOC115136526",169.237650608734,0.62593912073054,0.205521612938302,3.05016113141677,0.00228718621896051,0.0345325289249272,"nuclear factor NF-kappa-B p100 subunit-like","gonad"
"LOC115118407",583.791777693047,0.625533443444277,0.194659364744582,3.21612125172958,0.00129935920525058,0.0247849925675317,"c-Myc-binding protein-like","gonad"
"LOC115125647",13.3155490524111,0.625035020859054,0.186872731032463,3.34104061669474,0.000834650118935325,0.0192732926854151,"protein LRATD2-like","gonad"
"LOC115103849",155.28173177387,0.624670704068259,0.171273411975386,3.64844998845328,0.000263827246265107,0.00999669187074183,"COMM domain-containing protein 1-like","gonad"
"LOC115141172",83.3813796033158,0.624615985314462,0.17836734034475,3.50180794806397,0.000462112592588787,0.0135103574633463,"myeloid cell surface antigen CD33-like, transcript variant X1","gonad"
"LOC115144042",99.11423551184,0.624515143024208,0.174783514068769,3.57495426459318,0.000350289124203348,0.0115950269349178,"ribonuclease P protein subunit p30-like","gonad"
"LOC115114573",112.329088280768,0.624033640669206,0.188569749947061,3.31163064950487,0.000927539177983099,0.0205187907581369,"HIG1 domain family member 1A, mitochondrial-like","gonad"
"med10",173.178611757115,0.623714920325547,0.173695115432794,3.59236541447224,0.00032768990444867,0.0112701540910051,"mediator complex subunit 10","gonad"
"LOC115125783",41.5007718895431,0.623656855748734,0.168819345102675,3.69629287058681,0.000218770589024887,0.00918569529431956,"ubiquitin-conjugating enzyme E2 D3-like, transcript variant X1","gonad"
"LOC115145804",231.675012209243,0.623452912247895,0.177855956126231,3.50663954785662,0.000453803416203385,0.0133635578317435,"mRNA turnover protein 4 homolog","gonad"
"LOC115121679",104.649753439049,0.622151111075696,0.204196285522118,3.05207857841949,0.0022726259920107,0.0344289649038324,"uncharacterized protein C1orf189-like, transcript variant X1","gonad"
"LOC115141855",58.161010629074,0.621922823561299,0.169352375151861,3.67384754916145,0.000238925317772083,0.00948438342141381,"protein turtle homolog B-like, transcript variant X2","gonad"
"LOC115137201",93.0496660733994,0.621749672964077,0.203568654437722,3.05731967460309,0.00223325966695716,0.0341573277817721,"endothelin-converting enzyme 2-like, transcript variant X2","gonad"
"LOC115136202",132.836233708337,0.621636357482542,0.161842407862757,3.840589875117,0.000122739024959411,0.00700019107712786,"serine/threonine-protein kinase 10-like","gonad"
"atp6v0b",668.510503869346,0.621120708657057,0.155280243173494,4.00041627459813,6.3231156133931e-05,0.00492554813900107,"ATPase H+ transporting V0 subunit b, transcript variant X1","gonad"
"LOC115103997",11.5963376329155,0.620923139751517,0.208546615865176,2.97939686567848,0.00288816438047498,0.0396897255167697,"LIM homeobox transcription factor 1-alpha-like","gonad"
"LOC115139937",33.0410058269475,0.620875617439817,0.172035752797511,3.60803679547369,0.000308522742338994,0.0109193983667081,"phospholipase A2-like, transcript variant X4","gonad"
"LOC115146608",106.455419494919,0.620693179022334,0.180192253703505,3.44618891018649,0.000568552757043012,0.0151627414853654,"gem-associated protein 2-like, transcript variant X2","gonad"
"atp5me",712.873220709659,0.620669453689912,0.19434231551529,3.19616414264655,0.00139267858858904,0.025603714628469,"ATP synthase membrane subunit e","gonad"
"tmem216",51.5715678984777,0.620661099235378,0.159980037042226,3.88021126125897,0.000104365774571084,0.00643330421971337,"transmembrane protein 216","gonad"
"LOC115110456",245.910295206374,0.620418524492595,0.154484808746935,4.01627987232248,5.91240371810568e-05,0.0047638878469077,"transmembrane protein 205-like, transcript variant X2","gonad"
"nkx3-1",133.100642736506,0.620309951699225,0.211688113259702,2.93918305112198,0.00329078655236971,0.0430211094984973,"NK3 homeobox 1","gonad"
"LOC115108296",78.4846194182187,0.620223100672832,0.181358231165943,3.421979258539,0.000621670558329656,0.0161251123588658,"MICOS complex subunit MIC13-like","gonad"
"med31",266.406353494954,0.619939842163543,0.177213992892399,3.4996550171246,0.000465860642888962,0.0135103574633463,"mediator complex subunit 31","gonad"
"LOC115114153",62.0672214964782,0.619667470698182,0.192969908632508,3.21249628912335,0.0013158684840203,0.0248662372703837,"vesicle-trafficking protein SEC22b-B-like","gonad"
"LOC115105999",42.8906136495307,0.619428804355805,0.214684651726601,2.90095353041533,0.00372029044187951,0.0461018975896522,"programmed cell death 1 ligand 1-like","gonad"
"LOC115125161",1105.54239133002,0.619157715579753,0.188477222560214,3.28682285183948,0.00101324552049299,0.0217033981114646,"60S ribosomal protein L32-like","gonad"
"LOC115131488",158.159865711098,0.618568413532163,0.191998093567517,3.22458616808431,0.00126154884941141,0.0244748232209069,"thioredoxin-like protein 4A, transcript variant X1","gonad"
"ltc4s",12.3387426721875,0.618566457073128,0.215137995667427,2.89007533713771,0.00385149512680098,0.047044566307362,"leukotriene C4 synthase","gonad"
"LOC115103043",21.1910051760001,0.618330716560025,0.214513927566852,2.89553899803694,0.00378507995667258,0.0466301164473619,"contactin-associated protein-like 2","gonad"
"gtf2h3",59.461067877328,0.61760152353479,0.176555369350468,3.49961899016063,0.000465923603040146,0.0135103574633463,"general transcription factor IIH subunit 3","gonad"
"rps7",3038.83387117474,0.617345866034461,0.19599212009526,3.1523752488111,0.00161948005519449,0.0280300318511039,"ribosomal protein S7","gonad"
"LOC115119303",1905.19960023018,0.617119487044878,0.17135252946979,3.60209957663891,0.00031565739841546,0.0110276251642006,"macrophage colony-stimulating factor 1 receptor 1-like","gonad"
"LOC115112431",153.562558419772,0.616932758105529,0.161291076872283,3.82544866793416,0.000130534132697917,0.00731261480069541,"DNA-directed RNA polymerases I, II, and III subunit RPABC5, transcript variant X1","gonad"
"LOC115139890",3676.75551651456,0.616472114115174,0.194813346394489,3.16675998731575,0.00154147486044773,0.0271521554275581,"60S ribosomal protein L35-like","gonad"
"LOC115112854",1235.48263450848,0.616234189187673,0.187825389394731,3.28252000505244,0.00102883685264705,0.0217902260174781,"proteasome subunit beta type-1-B-like","gonad"
"LOC115101340",212.335036626413,0.616197487000198,0.173872379156723,3.54516161197649,0.0003923724314111,0.0123620166202482,"ubiquinol-cytochrome-c reductase complex assembly factor 3","gonad"
"LOC115143141",220.191206152719,0.616091656218429,0.137411769444103,4.48353630051967,7.34161066295633e-06,0.00212252718005581,"guanine nucleotide-binding protein G(i) subunit alpha-2-like","gonad"
"LOC115135297",12.6423603763023,0.615770844697622,0.208619102357961,2.95507696340769,0.00312591060766819,0.0414489617340316,"homeobox protein EMX2-like, transcript variant X2","gonad"
"LOC115140269",10.8318677902114,0.615424746921842,0.214400811404166,2.88419303606962,0.00392418125953395,0.0475578325170046,"leukocyte surface antigen CD53-like, transcript variant X2","gonad"
"LOC115137525",191.292241458462,0.615398202275806,0.170679623863075,3.60577297592334,0.000311225137609272,0.0109627252930427,"catenin alpha-2-like","gonad"
"lsm3",299.635356497019,0.615071972543146,0.193846150546469,3.17568366327805,0.00149483861638259,0.0267026124539663,"LSM3 homolog, U6 small nuclear RNA and mRNA degradation associated","gonad"
"LOC115141371",113.298852427099,0.615005012071601,0.175753209364418,3.50020592695702,0.000464898869782973,0.0135103574633463,"myelin basic protein-like, transcript variant X4","gonad"
"pnkd",72.7819719994597,0.614598387340764,0.145624731339697,4.22009326749893,2.44201267647839e-05,0.0031670897280218,"PNKD metallo-beta-lactamase domain containing","gonad"
"LOC115147174",202.000364428684,0.614044029198086,0.169855921218328,3.61629417410724,0.000298850737733723,0.0107173081799016,"tubulin-specific chaperone A-like, transcript variant X2","gonad"
"LOC115129393",2141.95345436741,0.6139458861697,0.190060091519648,3.23207382612423,0.00122895300781248,0.0240643487103716,"60S ribosomal protein L31","gonad"
"LOC115138735",2573.01399738318,0.613773142473121,0.206223418849167,2.98126891081852,0.00287056604176715,0.0395303040006261,"cysteine-rich protein 1-like","gonad"
"LOC115141710",60.1026101726999,0.61353422004424,0.183031300739792,3.35368139725863,0.000797441249735537,0.0187572050481272,"uncharacterized LOC115141710","gonad"
"LOC115132723",22.2376196972471,0.613505230472772,0.214479938498438,2.89174525992524,0.00383108439166726,0.0468917795450676,"type-4 ice-structuring protein-like","gonad"
"manbal",365.316270442927,0.613178519433597,0.193856570179397,3.16550536231576,0.00154813808266589,0.0271929448935795,"mannosidase beta like, transcript variant X1","gonad"
"LOC115128593",64.6489720467403,0.612842518058256,0.154389012327115,3.96965461036758,7.19768902369153e-05,0.00519846051990528,"terminal nucleotidyltransferase 4A-like, transcript variant X3","gonad"
"LOC115113310",3582.91922308589,0.612724949015154,0.189587764303434,3.23358490697843,0.00122246991837909,0.0239870133725472,"60S ribosomal protein L24","gonad"
"ndufa7",290.019257790204,0.612373701510296,0.175207991218978,3.4963124436439,0.000471735989650327,0.013616342932971,"NADH:ubiquinone oxidoreductase subunit A7","gonad"
"LOC115108234",230.629357110497,0.612146791272595,0.181527342082985,3.37395824800118,0.000740956052468252,0.0180811512189503,"protein FAM32A-like","gonad"
"LOC115113594",23.2067889800232,0.611964971183539,0.214262024705157,2.86859171390727,0.00412303643705743,0.0488546276193257,"methylmalonyl-CoA epimerase, mitochondrial-like","gonad"
"LOC115141484",29.5747307015762,0.611958372857794,0.21295387172765,2.87988393174199,0.00397821597599976,0.0478269965114638,"eukaryotic translation initiation factor 5B-like, transcript variant X3","gonad"
"znrd1",89.2789683354215,0.611798657113003,0.160181407587106,3.8206731453588,0.000133087933919441,0.00739008806089328,"zinc ribbon domain containing 1","gonad"
"dnajc12",167.425235292149,0.611624931025891,0.158703900274686,3.85462774580639,0.000115905851408629,0.00675285321976121,"DnaJ heat shock protein family (Hsp40) member C12, transcript variant X1","gonad"
"LOC115130482",50.6600732875079,0.611504783786965,0.163673886816311,3.73568858777141,0.000187202221772779,0.00846100465645864,"mitogen-activated protein kinase kinase kinase kinase 4-like","gonad"
"LOC115108063",72.1072666009884,0.61086277644079,0.17551654907948,3.482165348144,0.000497376471220812,0.0140911091282217,"39S ribosomal protein L47, mitochondrial-like","gonad"
"LOC115141387",95.575210423339,0.610811559980887,0.149767846268338,4.07811153690963,4.54029853191204e-05,0.00423048542101191,"receptor-binding cancer antigen expressed on SiSo cells-like","gonad"
"LOC115106396",56.69976475906,0.610782371940054,0.201506829590728,3.17610934210524,0.00149264679133204,0.0267026124539663,"arginase-1-like, transcript variant X1","gonad"
"LOC115140317",13.624102311213,0.610553836696808,0.180948910017444,3.36626403098826,0.000761937402272163,0.0182392979924443,"UDP-N-acetylglucosamine/UDP-glucose/GDP-mannose transporter-like","gonad"
"LOC115106728",42.2960532941108,0.610460094620938,0.208121986779075,2.93905105155747,0.00329218841633602,0.0430211094984973,"proline-rich transmembrane protein 2-like","gonad"
"atp5pf",258.564816628925,0.610269230375582,0.183008928780885,3.33614577946415,0.000849486061784955,0.01952608784668,"ATP synthase peripheral stalk subunit F6, transcript variant X2","gonad"
"LOC115129344",34.9051013188249,0.60965020206132,0.202096256746052,3.02079068214921,0.00252115581697454,0.0367837182686197,"uncharacterized LOC115129344","gonad"
"LOC115142982",365.700282152112,0.609536114186587,0.183646187135971,3.32065889460228,0.000898052227473231,0.0201238093813084,"translocator protein-like, transcript variant X1","gonad"
"isoc2",70.7835884631234,0.608338629816404,0.192692959369542,3.15930141805739,0.00158147835415193,0.0275993480514901,"isochorismatase domain containing 2","gonad"
"LOC115113567",540.309477878357,0.607860888737295,0.169427346978992,3.58854576852178,0.000332527622889551,0.0113653619845012,"cytosolic iron-sulfur assembly component 2B-like","gonad"
"dync2li1",22.3119407758673,0.607713549513483,0.203019924189286,2.99418749936857,0.00275176782724576,0.0387268092100837,"dynein cytoplasmic 2 light intermediate chain 1, transcript variant X2","gonad"
"LOC115147133",23.8090068712344,0.607697240404841,0.211622767556852,2.87639166527333,0.00402250247986233,0.0480877155603268,"transmembrane channel-like protein 7","gonad"
"LOC115110111",63.3021029835888,0.607674800154804,0.212266294967472,2.87216121896103,0.00407674929627084,0.0485492125313763,"cytokine receptor common subunit beta-like, transcript variant X2","gonad"
"LOC115139178",210.973822544958,0.607632056260729,0.180554085550176,3.36704388540631,0.000759785963680374,0.018233900154991,"SAYSvFN domain-containing protein 1-like","gonad"
"LOC115146864",45.8344280301131,0.607330340272714,0.170218825280365,3.56749973479185,0.000360403743917841,0.0117255066857119,"arachidonate 5-lipoxygenase-activating protein-like, transcript variant X1","gonad"
"pno1",403.920307857109,0.60603770650747,0.179706040547633,3.37358468018596,0.000741962212681509,0.0180811512189503,"partner of NOB1 homolog","gonad"
"LOC115141178",58.3709065709929,0.60590134236486,0.176857972132094,3.42653722630092,0.000611329959170175,0.0160548304811197,"HIG1 domain family member 1A, mitochondrial-like","gonad"
"LOC115129342",83.1938964079144,0.605662955600888,0.126046910198775,4.80345411036349,1.55951643718106e-06,0.00109368310140827,"SLAM family member 7-like, transcript variant X1","gonad"
"LOC115114472",24.533765306733,0.605606123849155,0.170287519607655,3.55497145310856,0.000378020129569576,0.0121023734147255,"cytochrome c oxidase assembly factor 1 homolog","gonad"
"LOC115129963",845.093876435257,0.605343265858747,0.203091170289491,3.10865658115102,0.00187940029845039,0.0309716663630619,"protein S100-B-like","gonad"
"LOC115107006",279.700915213813,0.605067079470824,0.173183702065814,3.49491131641945,0.000474219295581213,0.0136671877653429,"calphotin-like","gonad"
"LOC115119756",16.5303887125021,0.604985599970866,0.210024104026311,2.88760319522041,0.00388189245121231,0.0472084993986545,"charged multivesicular body protein 5-like","gonad"
"LOC115135976",47.0404158995611,0.603906299850765,0.188559651448854,3.20487376636443,0.00135121726871421,0.0252944883696686,"cell surface glycoprotein MUC18-like, transcript variant X1","gonad"
"tsr2",52.3665203356977,0.60376675175293,0.187815280298608,3.2161531094014,0.00129921496605948,0.0247849925675317,"TSR2 ribosome maturation factor","gonad"
"meig1",81.2623592758142,0.603667529287026,0.17688834977561,3.41416304008469,0.000639782777338742,0.0164150228847006,"meiosis/spermiogenesis associated 1","gonad"
"trappc4",103.263927223844,0.603327641098509,0.137815829654737,4.37805953709807,1.19740643931859e-05,0.00227619574542032,"trafficking protein particle complex 4","gonad"
"LOC115134596",12.583708316198,0.603226826236266,0.211277146558809,2.85885531164643,0.00425172662369071,0.0496419452838269,"diamine acetyltransferase 2-like, transcript variant X1","gonad"
"LOC115127575",86.5112490489544,0.603174209629561,0.186545508699918,3.23536001295216,0.00121489441921018,0.0239127087606495,"protein transport protein Sec61 subunit gamma, transcript variant X2","gonad"
"LOC115132292",376.997552434784,0.602945819297078,0.190554627961456,3.16621200368893,0.00154438190628361,0.0271521554275581,"transcription initiation factor TFIID subunit 11-like","gonad"
"slc66a3",60.1928624895152,0.602758963817322,0.187918397261544,3.20944864497352,0.00132989801297896,0.0249866992447808,"solute carrier family 66 member 3","gonad"
"LOC115113147",4141.10617531681,0.602579273433947,0.194940702466445,3.09327838210163,0.00197958344963192,0.0318736501860377,"ubiquitin-40S ribosomal protein S27a-like","gonad"
"LOC115129593",254.870710243167,0.602543586908667,0.179704042514138,3.35459217212774,0.000794820689938054,0.0187188181143993,"ubiquitin-conjugating enzyme E2 A","gonad"
"LOC115129598",3171.70057017099,0.602522296834472,0.196153792045797,3.07405198725499,0.0021117263028807,0.0328289567057646,"60S ribosomal protein L36a-like","gonad"
"commd4",201.9519543578,0.602418642227859,0.159790990421252,3.77091900313349,0.000162647462294287,0.00787654654358648,"COMM domain containing 4, transcript variant X2","gonad"
"LOC115107587",36.4363371721452,0.602360993505703,0.174735236786285,3.4461902364575,0.000568549966534359,0.0151627414853654,"ezrin-like, transcript variant X1","gonad"
"LOC115137289",138.390924712664,0.602334191710166,0.176320046796155,3.41719893783752,0.000632690284384772,0.0163215129902257,"transmembrane protein 134-like, transcript variant X1","gonad"
"LOC115133135",451.981734308679,0.602251123808276,0.195585905858161,3.08187222633529,0.00205703113972415,0.0324206746094933,"electron transfer flavoprotein regulatory factor 1-like, transcript variant X1","gonad"
"me2",273.063942560627,0.60196736192397,0.161737181461242,3.72236346305689,0.00019736663970614,0.00867612701239487,"malic enzyme 2","gonad"
"LOC115121326",368.997496818893,0.6019475210429,0.165864662947515,3.62987393734447,0.000283559671487261,0.010467275496923,"splicing factor 3B subunit 6","gonad"
"LOC115101820",81.4538901003908,0.601842146855006,0.188228401741505,3.19918239157908,0.00137817948094243,0.0255220581229874,"cytochrome b-c1 complex subunit 6, mitochondrial-like, transcript variant X2","gonad"
"LOC115107556",444.946854461433,0.601521198781791,0.19023490651929,3.16331262234934,0.00155984729000927,0.0273326649771722,"apolipoprotein B-100-like","gonad"
"LOC115128333",58.218045031877,0.601377754341975,0.189265504911397,3.17760893958713,0.00148494891488601,0.0266264277494001,"sialoadhesin-like, transcript variant X1","gonad"
"LOC115122032",18016.2033041015,0.601176873630248,0.197976175326862,3.03919485390257,0.00237211374087026,0.0352835614166366,"protein S100-A1-like","gonad"
"cdpf1",64.129634557105,0.600751899552768,0.180835572531468,3.32321684988574,0.000889857104068007,0.0199874783695465,"cysteine rich DPF motif domain containing 1, transcript variant X2","gonad"
"marco",666.047948128335,0.599511142252975,0.169330387525295,3.54106652730072,0.000398513082266184,0.0125138394903983,"macrophage receptor with collagenous structure","gonad"
"LOC115144273",8105.19265057101,0.599189509471714,0.19396941056126,3.09110480622828,0.0019941323419795,0.0319719694287737,"60S ribosomal protein L38-like, transcript variant X2","gonad"
"LOC115144610",575.228644900092,0.599016125212541,0.189025350654191,3.17078417780228,0.0015202804912919,0.0269032814043104,"proteasome subunit beta type-1-B","gonad"
"LOC115138665",258.895975046449,0.598702594460748,0.164486085215558,3.64077732662591,0.000271816148024293,0.0102119816723016,"gem-associated protein 2-like","gonad"
"LOC115121827",224.485461203491,0.598536440660117,0.18757816143138,3.1922985237826,0.0014114537452292,0.0257474727031935,"small nuclear ribonucleoprotein Sm D3-like","gonad"
"LOC115119474",176.733186194222,0.598359668081223,0.183369235179509,3.26350097197784,0.00110044806761486,0.02249825496236,"neuferricin, transcript variant X1","gonad"
"LOC115107676",35.803985039152,0.598354681351321,0.157950085318291,3.78564513490267,0.000153310324433299,0.0077889646317195,"monocarboxylate transporter 10-like, transcript variant X1","gonad"
"LOC115145447",115.343094970515,0.596954552737595,0.186130057821594,3.20939186490376,0.00133016069916763,0.0249866992447808,"MICOS complex subunit MIC13-like","gonad"
"pfdn6",386.014138842056,0.59684172690505,0.187604092812699,3.18310621205318,0.0014570415591057,0.0263231921802728,"prefoldin subunit 6","gonad"
"LOC115133392",31.7472976734682,0.596450524838262,0.169207849495008,3.52332121594169,0.000426174513153465,0.0129945481587131,"uncharacterized LOC115133392","gonad"
"LOC115126869",91.8927311892154,0.596318803726353,0.133134322849269,4.477971120614,7.53557925097033e-06,0.00212252718005581,"extensin-like","gonad"
"LOC115104365",154.484257352886,0.595893317797798,0.153949925676327,3.87122865552222,0.000108288154043601,0.00650932125973202,"guanine nucleotide-binding protein G(I)/G(S)/G(O) subunit gamma-5-like","gonad"
"LOC115145802",31.5121171122541,0.595887042314715,0.204927444157934,2.91140356055957,0.00359808961668858,0.0453784603009112,"TNFAIP3-interacting protein 2-like, transcript variant X1","gonad"
"LOC115143303",470.815245234047,0.59567668882659,0.166178547104522,3.58524017709543,0.000336768135394597,0.0114073428330889,"signal peptidase complex subunit 1-like","gonad"
"LOC115130765",228.556864323333,0.595558774153277,0.169334795241296,3.51683935924797,0.000436717999357737,0.0131995254613349,"protocadherin-12-like","gonad"
"LOC115123537",164.41792907105,0.595523920614902,0.186579088156793,3.19387943199821,0.00140374730960219,0.0256563275167157,"NADH dehydrogenase [ubiquinone] 1 beta subcomplex subunit 4-like","gonad"
"mrpl58",53.3162102750301,0.595240246189999,0.183994663616905,3.23729922239758,0.00120666816229569,0.0237755064027773,"mitochondrial ribosomal protein L58","gonad"
"LOC115102776",759.8021211315,0.594759637699651,0.167542907518761,3.55052696019605,0.000384460756026604,0.0122143698244358,"NEDD8-like","gonad"
"LOC115127543",495.243971282821,0.594506410384945,0.193645607146235,3.0722564282832,0.00212447135397378,0.032918874867016,"phospholipase A and acyltransferase 4-like","gonad"
"slc25a47",16.7505985549647,0.594416574921622,0.192762839276802,3.08424112795165,0.00204072122688666,0.0324169936502507,"solute carrier family 25 member 47, transcript variant X4","gonad"
"rpl39",5428.80656130749,0.594334510878694,0.192891003003475,3.08305008400051,0.00204890668770893,0.0324206746094933,"ribosomal protein L39","gonad"
"LOC115130164",63.1211391475438,0.5939772509778,0.145760378538154,4.07513193128621,4.59882671843971e-05,0.0042477455567637,"neutrophil cytosol factor 2-like, transcript variant X2","gonad"
"LOC115110462",28.517230938962,0.59310182761916,0.206260643463094,2.88358094777445,0.00393181580356305,0.0475783593148992,"myosin-10-like, transcript variant X2","gonad"
"LOC115115916",14.4298262158119,0.592609370550947,0.203199298650624,2.91527807622768,0.00355371747141719,0.0451802736463827,"tumor necrosis factor alpha-induced protein 3-like, transcript variant X2","gonad"
"lyrm1",52.3509058129357,0.592343681051925,0.190213131612735,3.11732081463662,0.00182502851943551,0.0303130833469399,"LYR motif containing 1, transcript variant X2","gonad"
"dusp23",81.6701516909503,0.59233350147872,0.158256094899327,3.74367501362574,0.000181348183167564,0.00833453361232484,"dual specificity phosphatase 23","gonad"
"LOC115115068",181.179961303755,0.59221586218218,0.189016446127661,3.13549500159012,0.00171564352000349,0.0292137680317142,"transcription and mRNA export factor ENY2-2, transcript variant X2","gonad"
"LOC115107078",68.8016988132715,0.592155169679249,0.204758847573397,2.89672072093714,0.00377085278359268,0.046501808539685,"small nuclear ribonucleoprotein F","gonad"
"LOC115131384",80.956769876049,0.591982377842278,0.165572216045939,3.5745118010889,0.000350881987520883,0.0115950269349178,"unconventional myosin-Ig-like, transcript variant X2","gonad"
"mpc2",377.130967868947,0.591977375379421,0.185651987235572,3.1902348033152,0.00142157243820749,0.0258573238400181,"mitochondrial pyruvate carrier 2","gonad"
"LOC115141885",454.540664828663,0.591553043036852,0.159005090073771,3.72058647543977,0.000198760667463679,0.00867612701239487,"high mobility group nucleosome-binding domain-containing protein 3-like","gonad"
"LOC115111849",94.3950577160073,0.591368284670912,0.197709808120471,2.99406127338472,0.00275290653270518,0.0387268092100837,"phospholipid phosphatase 1-like","gonad"
"LOC115104214",107.848962572051,0.591222865681299,0.207488165593258,2.85629459703146,0.00428617235018755,0.04982116233935,"hemoglobin subunit beta-1-like","gonad"
"LOC115110380",58.6025097069905,0.591015503890671,0.20693797203316,2.86161138070167,0.00421493374874,0.0493566917330809,"transmembrane protein 106B-like, transcript variant X3","gonad"
"LOC115119996",12.814287177734,0.590859639107406,0.203501784454791,2.90242971159822,0.00370280242424865,0.0460056193590211,"gastrula zinc finger protein XlCGF57.1-like","gonad"
"ska2",110.384531920403,0.590772541841431,0.176046625569144,3.35722392539417,0.000787293229412658,0.0186265164317957,"spindle and kinetochore associated complex subunit 2","gonad"
"LOC115139186",54.0908845562286,0.590606130133444,0.191265799049718,3.08884555968724,0.00200935863591286,0.0320802746804469,"platelet-activating factor acetylhydrolase-like, transcript variant X1","gonad"
"LOC115110327",294.210694757643,0.589454383039003,0.182928736092547,3.22378985171084,0.00126506199317233,0.024492790225683,"ubiquitin domain-containing protein UBFD1-like, transcript variant X3","gonad"
"LOC115137560",14.525614323646,0.589330266187124,0.153916981464294,3.81894932589339,0.000134021287777932,0.0074052374013606,"gastrula zinc finger protein XlCGF71.1-like","gonad"
"btf3",1433.49408794571,0.589246094065022,0.179771319727388,3.27871194500119,0.00104282022764416,0.0218911319406231,"basic transcription factor 3, transcript variant X1","gonad"
"LOC115104186",231.544115481312,0.588829157313388,0.180142872785124,3.27004128988177,0.00107531787221681,0.0223503226239574,"ubiquitin domain-containing protein UBFD1-like, transcript variant X1","gonad"
"LOC115134118",191.247084301346,0.588446500312034,0.154850634812641,3.80018221458674,0.00014458973069988,0.00762943515872412,"class E basic helix-loop-helix protein 41-like, transcript variant X2","gonad"
"ndufc1",617.319977582854,0.588251507068842,0.166787785814117,3.52764504584329,0.000419273979587685,0.012875361571888,"NADH:ubiquinone oxidoreductase subunit C1","gonad"
"ap4s1",141.268771558796,0.587560580962927,0.168404342374492,3.49035504118485,0.000482379227349533,0.0138601679360598,"adaptor related protein complex 4 subunit sigma 1","gonad"
"lmtk2",28.788863867532,0.587274315336571,0.16755990267468,3.50322815552649,0.000459655567061717,0.013493919631494,"lemur tyrosine kinase 2","gonad"
"LOC115104268",658.663350933957,0.586702672446218,0.160558034317318,3.65467963621314,0.000257503316122095,0.00989011215166707,"RING-box protein 1","gonad"
"LOC115143164",303.708030681256,0.585726589701826,0.174529668536898,3.35682709012504,0.000788424023185798,0.0186265164317957,"peptidyl-prolyl cis-trans isomerase FKBP11-like","gonad"
"LOC115112918",63.3178405298362,0.585269727339871,0.189338198136213,3.09409419966858,0.00197414794583127,0.03184028224388,"PHD finger-like domain-containing protein 5A, transcript variant X1","gonad"
"rpl29",11115.9573775917,0.585135207803089,0.193839224462377,3.02051192749675,0.0025234776884572,0.0367837182686197,"ribosomal protein L29","gonad"
"LOC115139012",399.946482893736,0.585102226376879,0.192120359036233,3.04756791989837,0.00230701383824176,0.0347244094015164,"proteasome subunit alpha type-6-like","gonad"
"pop5",47.7638116387446,0.584643693163814,0.201229708729055,2.90751503001812,0.00364312836835832,0.0455932819926403,"POP5 homolog, ribonuclease P/MRP subunit","gonad"
"LOC115132503",1485.56196628864,0.58425253044527,0.177713800580568,3.28844547159523,0.00100742297353306,0.0216276122492612,"myosin light polypeptide 6-like","gonad"
"LOC115146573",59.3331697054982,0.584143530120408,0.153593848143886,3.80400573200091,0.000142374883050221,0.00757266407459533,"transmembrane protein 134-like","gonad"
"chchd7",108.910979877115,0.584142368279176,0.195183101492205,2.99574952813012,0.00273771207110047,0.0386278525084108,"coiled-coil-helix-coiled-coil-helix domain containing 7, transcript variant X1","gonad"
"LOC115146393",806.925970843833,0.583333751720557,0.17524726373915,3.32942495382208,0.000870255130718617,0.0197818498201165,"DNA-binding protein inhibitor ID-2-like","gonad"
"LOC115140548",18.667223611334,0.583230628362201,0.199601462471464,2.9279435042591,0.00341212039018501,0.0440712821201591,"immediate early response 3-interacting protein 1-like","gonad"
"LOC115131902",96.1874033839821,0.583158054795103,0.197122956261365,2.96212978912176,0.003055189691452,0.0409123174028597,"proteasome subunit alpha type-7-like","gonad"
"LOC115102191",23.998542130997,0.58308757240981,0.165781748380734,3.51619658628544,0.000437776709253675,0.0131995254613349,"protein bassoon-like, transcript variant X1","gonad"
"LOC115112239",22.9234760724145,0.58223483659138,0.208014546233993,2.86595644104242,0.00415751447116962,0.0490177686871711,"glycine cleavage system H protein, mitochondrial-like","gonad"
"LOC115131603",4126.25029579437,0.581967973256153,0.194167381776123,2.99913405052036,0.00270748155450102,0.038344175942017,"40S ribosomal protein S18","gonad"
"LOC115129435",62.7991457875518,0.581941516728458,0.179191506068415,3.24977063904241,0.00115498120057871,0.0230691656465801,"coiled-coil domain-containing protein 85B-like","gonad"
"LOC115103907",82.0794768440562,0.581875830065901,0.165854115608966,3.5089598138168,0.000449862871438887,0.0133466981803199,"tumor necrosis factor alpha-induced protein 8-like protein 2, transcript variant X7","gonad"
"mettl5",73.3631620191037,0.58178425414782,0.172196320749127,3.3800761869564,0.000724657394415202,0.0178663903167342,"methyltransferase like 5","gonad"
"LOC115123845",342.031152308674,0.581168851286655,0.181091348726072,3.21045497723755,0.0013252502719395,0.0249866992447808,"histone deacetylase complex subunit SAP18-like","gonad"
"LOC115131673",419.850588424692,0.580542229044807,0.164184963871424,3.5364957402475,0.000405473040075926,0.0126631467234353,"NADH dehydrogenase [ubiquinone] iron-sulfur protein 5-like","gonad"
"mcts1",436.930554377664,0.580490394597922,0.189583834483107,3.06353092952853,0.0021874159196321,0.033591825172939,"MCTS1 re-initiation and release factor","gonad"
"LOC115122704",297.874384822385,0.580003931794747,0.175069058688697,3.31399481558569,0.000919732125418765,0.0203924213053915,"small nuclear ribonucleoprotein G","gonad"
"LOC115140116",329.06281339531,0.579876568347661,0.156075095521138,3.71600624388216,0.000202396582408316,0.00874113019674822,"ER membrane protein complex subunit 3","gonad"
"LOC115142205",54.8970645872301,0.57983440222227,0.206149532500025,2.89447205668088,0.00379796712075993,0.0467500504687459,"glutamine amidotransferase-like class 1 domain-containing protein 3A, mitochondrial, transcript variant X1","gonad"
"LOC115105741",89.6219156976979,0.579513216237024,0.156074315307311,3.71307635994695,0.000204755075210024,0.00879146791179549,"protein YIPF6-like","gonad"
"LOC115108382",485.133554825981,0.57901138374864,0.18044308406999,3.21007367740571,0.00132700953710796,0.0249866992447808,"uncharacterized protein C7orf57 homolog, transcript variant X1","gonad"
"LOC115114358",112.983336098077,0.578628594517639,0.130859483818045,4.42178470288424,9.78889712601463e-06,0.00227619574542032,"la-related protein 4B-like, transcript variant X1","gonad"
"ppil3",38.4771274305947,0.578355752678009,0.183894635276086,3.14767721219033,0.00164573315806863,0.0283432842832635,"peptidylprolyl isomerase like 3, transcript variant X1","gonad"
"LOC115145202",1800.21866434021,0.578171485590436,0.184952496431333,3.12717757406014,0.00176493291022211,0.0297747289703582,"proteasome subunit alpha type-7-like","gonad"
"LOC115143769",89.155382073381,0.578106307779512,0.201090678347436,2.87821508497058,0.00399932360561438,0.0480197796273357,"epithelial membrane protein 3-like, transcript variant X1","gonad"
"LOC115142103",342.58247203103,0.577757536842541,0.175661927339278,3.28937664803345,0.00100409557826406,0.0216041931836953,"tetranectin-like","gonad"
"LOC115102538",113.554979025916,0.577519409866639,0.171163828763959,3.37427925308051,0.000740092476176005,0.0180811512189503,"homeobox protein Hox-C3a-like, transcript variant X4","gonad"
"LOC115130843",40.5067320457091,0.577345909579667,0.149068944895761,3.87281167478883,0.000107586960084146,0.00650932125973202,"SAM and SH3 domain-containing protein 3-like","gonad"
"LOC115138938",1325.61061647725,0.57695587222233,0.187434424591341,3.07951677673623,0.00207336692643667,0.0324724588520085,"60S ribosomal protein L22-like","gonad"
"LOC115106434",52.4731830405201,0.576266426483969,0.187638031896658,3.07356150677418,0.00211520080174454,0.0328289567057646,"uncharacterized LOC115106434, transcript variant X2","gonad"
"rbp4",9470.12515236592,0.576149048667764,0.187766629122262,3.06966658746062,0.00214297856435403,0.0330434031889606,"retinol binding protein 4","gonad"
"LOC115102157",62.4471400534524,0.575907138674537,0.185668647728837,3.10359887066356,0.00191182343720711,0.0312611198475963,"NADH dehydrogenase [ubiquinone] 1 alpha subcomplex subunit 4-like 2","gonad"
"LOC115101699",76.868388931373,0.575283893254194,0.170405752329239,3.37688163949552,0.000733125898748229,0.0180282323283087,"uncharacterized LOC115101699, transcript variant X1","gonad"
"LOC115136166",79.1966260506069,0.574821253215298,0.178695987609878,3.21833298038927,0.00128938038289658,0.0247359853598244,"T-cell immunoglobulin and mucin domain-containing protein 4-like, transcript variant X2","gonad"
"pigp",276.52999897714,0.574626259495161,0.180518904098989,3.18461483935793,0.00144946786427549,0.0262386940822719,"phosphatidylinositol glycan anchor biosynthesis class P","gonad"
"LOC115139502",296.029662826431,0.57411232507303,0.110533664453514,5.19388803871761,2.05947023674066e-07,0.000324967241105704,"serine/arginine-rich splicing factor 3, transcript variant X1","gonad"
"LOC115143072",281.721044944546,0.574045841959756,0.148273450328028,3.8716682928029,0.00010809298668889,0.00650932125973202,"SAP domain-containing ribonucleoprotein-like, transcript variant X2","gonad"
"LOC115142567",13.0679641267846,0.572873257566783,0.192544854815729,2.97125394568128,0.00296586426910721,0.0402684196980539,"integrin alpha-X-like","gonad"
"LOC115139656",24.5190403834213,0.572869886075703,0.197841822122261,2.89691876960215,0.00376847316760604,0.046501808539685,"NF-kappa-B inhibitor epsilon-like, transcript variant X1","gonad"
"LOC115129573",83.0139026659001,0.57231398450252,0.192694894710375,2.97216906524449,0.00295703802991206,0.0401949139241815,"glutathione S-transferase P-like","gonad"
"LOC115128587",601.261008252251,0.571834672756115,0.167066722671542,3.42345031245498,0.000618315545029831,0.0161242795214414,"NADH dehydrogenase [ubiquinone] iron-sulfur protein 6, mitochondrial-like","gonad"
"lg24h1orf131",58.7949316664895,0.571562711237876,0.178479766332432,3.20277075848852,0.00136112282391098,0.0253975290950378,"linkage group 24 C1orf131 homolog, transcript variant X2","gonad"
"LOC115136671",157.329369828374,0.57132342484182,0.161672635096497,3.53439302814377,0.000408712836634897,0.0126868484617734,"small nuclear ribonucleoprotein Sm D2","gonad"
"LOC115106857",300.34524438953,0.570724356524852,0.185854940253616,3.07168820699376,0.00212851931270724,0.0329224706254632,"cysteine-rich with EGF-like domain protein 2, transcript variant X1","gonad"
"polr2c",263.364202037459,0.570154113230369,0.132726995917037,4.29592915787095,1.73963135236065e-05,0.00263544394540085,"RNA polymerase II subunit C","gonad"
"prxl2c",54.7988029606785,0.568872482134189,0.178173586674705,3.19410982005118,0.00140262748406121,0.0256563275167157,"peroxiredoxin like 2C","gonad"
"LOC115105916",83.1974431126968,0.568601086084719,0.173115493062966,3.2850820236827,0.00101952686721722,0.0217395734580609,"density-regulated protein-like, transcript variant X3","gonad"
"LOC115102245",155.152615598662,0.568551427766073,0.176359031991037,3.22485243994801,0.00126037613718169,0.0244748232209069,"pre-mRNA-splicing factor SPF27","gonad"
"tex15",56.4549312579967,0.568422607816036,0.138511105403419,4.10201116044605,4.09574512512648e-05,0.00405875972915083,"testis expressed 15, meiosis and synapsis associated, transcript variant X3","gonad"
"LOC115131311",1349.14136362968,0.568039633543187,0.187005725298491,3.03881149807133,0.00237513417981608,0.0352954436611943,"26S proteasome complex subunit SEM1-like","gonad"
"LOC115115072",579.159271480737,0.567856604245792,0.188960958677292,3.00664074295796,0.0026415174093378,0.0378058444034855,"signal peptidase complex subunit 3","gonad"
"LOC115110282",85.3326806669088,0.567598047402384,0.178819012046289,3.17425354627554,0.0015022240389967,0.0267309061189289,"uncharacterized LOC115110282, transcript variant X2","gonad"
"metrn",338.579918094741,0.565898283393367,0.153755714989676,3.68053475025943,0.000232745336151311,0.00941673705133563,"meteorin, glial cell differentiation regulator","gonad"
"LOC115135898",35.3830075029077,0.565891995347008,0.16152558930287,3.50185583418934,0.000462029548103224,0.0135103574633463,"zinc finger and BTB domain-containing protein 21-like","gonad"
"LOC115128180",185.032890746929,0.565675158837399,0.168921347873382,3.34954353764069,0.00080944833380286,0.0188954716922158,"density-regulated protein-like, transcript variant X4","gonad"
"rpl7l1",201.64291008938,0.565666452009648,0.147420851085843,3.83709818825416,0.000124496703831454,0.00707911437552124,"ribosomal protein L7 like 1","gonad"
"LOC115141948",88.3132562165307,0.564971280243197,0.174053626784303,3.24539845588675,0.00117286385642879,0.0233077972389136,"SAM domain-containing protein SAMSN-1-like, transcript variant X1","gonad"
"LOC115123406",157.144388771217,0.564613235645211,0.190409243104795,2.96776867704878,0.00299969989584338,0.0404265605180031,"14 kDa phosphohistidine phosphatase-like","gonad"
"LOC115121873",109.795865723898,0.564575114122225,0.193189743295059,2.92294808754086,0.00346734319884865,0.044541481323066,"sarcoplasmic/endoplasmic reticulum calcium ATPase 2-like, transcript variant X2","gonad"
"acp1",176.468767891195,0.564334076668533,0.177662067818368,3.17797372854758,0.00148308188511154,0.0266181568669071,"acid phosphatase 1, transcript variant X1","gonad"
"LOC115116310",477.639074753577,0.563915500753213,0.196578284661483,2.87080708970405,0.00409425299979703,0.0486834740507644,"60S ribosomal protein L32","gonad"
"LOC115138930",868.720210953482,0.563730627223902,0.157471798027391,3.58021189457629,0.000343315692045404,0.0114842367967974,"ATPase inhibitor B, mitochondrial-like, transcript variant X2","gonad"
"LOC115135299",119.396703472744,0.563341116771841,0.169394830611994,3.32697301535187,0.000877948748565687,0.0198139917538992,"protein FAM204A-like","gonad"
"LOC115130323",1116.32980692107,0.563104142490348,0.164698622460009,3.41941345609089,0.000627562916890063,0.0162334751793898,"MOB-like protein phocein, transcript variant X5","gonad"
"ddx49",116.427202757873,0.561854329121446,0.16826082857318,3.33914519370582,0.000840366278446385,0.019381651013864,"DEAD-box helicase 49","gonad"
"LOC115123974",114.868988850096,0.561407472481617,0.134855725617439,4.16212742826697,3.15296310342265e-05,0.00360309480990174,"cell growth regulator with RING finger domain protein 1-like, transcript variant X3","gonad"
"LOC115143420",990.450572826454,0.56140645024012,0.182187199845949,3.08249784388745,0.00205271217495833,0.0324206746094933,"prothymosin alpha-like, transcript variant X1","gonad"
"LOC115131667",482.887744737117,0.561366627439469,0.164782563118335,3.40731865947394,0.000656044858289131,0.0167724784676872,"zinc finger protein 706-like, transcript variant X1","gonad"
"lg9ah12orf73",102.486728211932,0.561315764197158,0.18126090725281,3.09845201124676,0.0019453447269142,0.0315642512230437,"linkage group 9a C12orf73 homolog","gonad"
"LOC115114467",191.387048848185,0.560890892539682,0.170396487785884,3.29205332904342,0.00099458749895738,0.0214737905276602,"C-C chemokine receptor type 8-like","gonad"
"LOC115105718",273.727829026409,0.560842621272313,0.164054936920054,3.41943104471147,0.000627522348394346,0.0162334751793898,"charged multivesicular body protein 1b-like","gonad"
"LOC115124462",114.743587320174,0.560683150295263,0.1426685645017,3.92901163696861,8.52957123139966e-05,0.00576579357836482,"EMILIN-1-like","gonad"
"LOC115124500",37.0729111806585,0.560424657259961,0.176390269042905,3.17680871666321,0.00148905213174161,0.0266747418302056,"sialoadhesin-like","gonad"
"polr2h",82.6712592868521,0.560339835499457,0.186117698505053,3.01300018051141,0.00258678763734831,0.0373614217491917,"RNA polymerase II subunit H","gonad"
"LOC115106549",94.5527275892161,0.55986452640353,0.181196845979764,3.09130135970299,0.00199281268090583,0.0319719694287737,"phosphorylase b kinase gamma catalytic chain, liver/testis isoform-like, transcript variant X3","gonad"
"LOC115139912",50.3131876750984,0.559834133782608,0.178675904813144,3.13271910404999,0.00173195105682292,0.0294184254756058,"breakpoint cluster region protein-like, transcript variant X2","gonad"
"LOC115114914",3788.56878937239,0.559794779531315,0.1880899383902,2.97741414017936,0.00290691052223682,0.0397992413149343,"60S ribosomal protein L24-like","gonad"
"LOC115112360",109.429487071276,0.559639531806059,0.159365715382215,3.51237414794787,0.00044412228947695,0.013251665821277,"cytochrome b-245 light chain-like","gonad"
"LOC115103537",138.891987978018,0.559627517554667,0.178405453154,3.1386937584549,0.00169702699968452,0.0289542920237502,"small ubiquitin-related modifier 2","gonad"
"tmco1",218.409512122959,0.559020238479851,0.171493136730279,3.26072789820935,0.00111126624802809,0.0225287220625396,"transmembrane and coiled-coil domains 1","gonad"
"LOC115106146",84.9295561746498,0.559015386863668,0.15426178352939,3.62497132574443,0.000288993514774753,0.0105333855808773,"C-factor-like","gonad"
"LOC115113500",19911.6882513168,0.558685859016956,0.193320886117491,2.89149087306505,0.00383418729218806,0.0468994421043804,"synaptotagmin-13-like, transcript variant X2","gonad"
"LOC115136198",212.076328685338,0.557733744439009,0.189773896227334,2.93948360395991,0.00328759664447636,0.0430211094984973,"prolyl 4-hydroxylase subunit alpha-2-like, transcript variant X2","gonad"
"pold3",65.9278497565508,0.557089344132206,0.15471948230246,3.60066362357087,0.000317406004640226,0.0110682922612572,"DNA polymerase delta 3, accessory subunit","gonad"
"LOC115106897",360.383176946654,0.555575158209114,0.159247649562222,3.48930610804915,0.000484276238000273,0.0138607648245877,"V-type proton ATPase subunit F-like","gonad"
"LOC115105479",128.70360466706,0.555106530571904,0.172178583383677,3.22484470210121,0.00126041020193531,0.0244748232209069,"spindle and kinetochore-associated protein 2","gonad"
"LOC115133106",61.2304114727794,0.554807706701814,0.153892864505047,3.60507500295184,0.000312062790227094,0.0109627252930427,"death domain-containing protein CRADD-like","gonad"
"LOC115106928",371.852098921355,0.554140942869075,0.16340611342234,3.39184989747068,0.000694224604896362,0.0173418771684863,"aldo-keto reductase family 1 member B1-like","gonad"
"LOC115108186",149.329842569566,0.554010195783863,0.163914299484611,3.38011789260259,0.000724547439277008,0.0178663903167342,"solute carrier family 35 member E1-like","gonad"
"LOC115140820",24.5499188534505,0.55398934349377,0.155610718255497,3.55472199943263,0.000378378931160152,0.0121023734147255,"zinc finger MYM-type protein 1-like, transcript variant X1","gonad"
"ripor2",47.2308406037081,0.553448886088976,0.148684490120302,3.72259409649824,0.000197186385260777,0.00867612701239487,"RHO family interacting cell polarization regulator 2, transcript variant X1","gonad"
"lypd6",27.5823261441289,0.553225403770216,0.181389107043885,3.04714354965573,0.00231027351002515,0.0347458529883449,"LY6/PLAUR domain containing 6","gonad"
"LOC115113037",192.146814390729,0.552859918320026,0.158769881355931,3.48258112215663,0.000496604733921841,0.0140911091282217,"F-box only protein 9-like","gonad"
"mmab",99.6984132118718,0.552722106524959,0.179672846616658,3.07814040549115,0.00208296749528949,0.0325689426286593,"metabolism of cobalamin associated B","gonad"
"LOC115119004",1570.76050099733,0.552389807843558,0.191369371563494,2.8879711400362,0.00387735446069914,0.0471836161396775,"60S ribosomal protein L35","gonad"
"LOC115111267",633.415857582816,0.552311554900161,0.177322963418679,3.11557021290014,0.00183589636299569,0.030440190572087,"transmembrane emp24 domain-containing protein 7-like","gonad"
"LOC115106660",260.935002167815,0.552103623713371,0.157713607138422,3.50054888035875,0.000464301080943468,0.0135103574633463,"endonuclease domain-containing 1 protein-like","gonad"
"LOC115121194",217.879672674046,0.551399249345671,0.176784220929642,3.12036645701335,0.00180626177618944,0.0301647627280967,"anaphase-promoting complex subunit CDC26-like, transcript variant X1","gonad"
"LOC115117582",125.151802524527,0.551259046642157,0.152805726676433,3.60809938283602,0.00030844834280797,0.0109193983667081,"NADH dehydrogenase [ubiquinone] 1 alpha subcomplex subunit 3-like","gonad"
"LOC115107027",219.913528072987,0.551258403970395,0.126317447141392,4.36360922908743,1.27934016921226e-05,0.00227619574542032,"neuroepithelial cell-transforming gene 1 protein-like","gonad"
"LOC115137492",784.327557314732,0.551117868034698,0.152935320589019,3.6039243711145,0.000313448298153471,0.0109706904353715,"high mobility group protein B2-like","gonad"
"ociad1",236.008883782551,0.55098700629529,0.169957391362506,3.24271178541226,0.00118397915782227,0.0234045024246512,"OCIA domain containing 1, transcript variant X2","gonad"
"pxdc1",58.1816754400867,0.550854859121711,0.161741403142704,3.40675281834406,0.000657406343097853,0.0167724784676872,"PX domain containing 1, transcript variant X2","gonad"
"mrps17",141.564069875145,0.550334596907485,0.182146159142893,3.02286076108636,0.00250397425599442,0.0367368666110376,"mitochondrial ribosomal protein S17, transcript variant X1","gonad"
"rpl22l1",498.866126385632,0.550240388828015,0.18030974276021,3.05261175763336,0.00226859238571895,0.0344289649038324,"ribosomal protein L22 like 1","gonad"
"LOC115141799",114.02253307099,0.549964635025405,0.160715094890474,3.42244272458652,0.00062061171423352,0.0161242795214414,"ribosome maturation protein SBDS-like","gonad"
"LOC115102506",168.513436236498,0.549665369166075,0.156836378970876,3.50469878591367,0.000457124158012285,0.0134404439937308,"adenosine deaminase-like","gonad"
"LOC115128691",362.14690096755,0.549659520177807,0.185988877696934,2.9566382879289,0.00311012731311905,0.041389257768089,"cytochrome c oxidase copper chaperone-like, transcript variant X2","gonad"
"lg27h12orf49",31.6008303918863,0.549560948173078,0.16944983336892,3.24504657355748,0.00117431415716523,0.0233077972389136,"linkage group 27 C12orf49 homolog","gonad"
"LOC115117859",136.424131940618,0.54934567626288,0.161532019397025,3.40192492544258,0.000669130164082472,0.0169371473898453,"protein kish-A-like","gonad"
"LOC115109887",527.913823016279,0.548856992747435,0.159085851808476,3.45053301200758,0.000559480737938191,0.0149728951229466,"RING-box protein 1","gonad"
"LOC115111788",118.416020454865,0.548683781660737,0.171664866367097,3.19780490292866,0.00138477932402307,0.0255489669964341,"caspase-3-like","gonad"
"LOC115131889",70.8237652548134,0.548681546475048,0.168237335344125,3.26184824428984,0.00110688382345615,0.0225052893209795,"dual specificity protein phosphatase 7-like","gonad"
"LOC115142412",3465.95955880831,0.548359149415876,0.187284889122594,2.92903448741017,0.00340016694345753,0.0439468676275552,"40S ribosomal protein S15a","gonad"
"LOC115117696",212.916986408852,0.548128420587593,0.16473664742295,3.32807394574295,0.000874486515378839,0.0198139917538992,"splicing factor U2AF 35 kDa subunit-like","gonad"
"LOC115138705",1935.11347638737,0.548027156355467,0.184107403224978,2.97762217672301,0.00290493839017085,0.0397992413149343,"proteasome subunit alpha type-3","gonad"
"LOC115113513",103.111134939692,0.547758372938613,0.164386760885661,3.3333422052662,0.000858093300806877,0.0195995134508784,"trafficking protein particle complex subunit 2, transcript variant X2","gonad"
"LOC115135915",134.282607662441,0.547386234033122,0.154691092121273,3.53830415967888,0.0004027058856375,0.0126036957761092,"uncharacterized LOC115135915, transcript variant X4","gonad"
"LOC115129347",48.0419400847096,0.546664862102625,0.18577223001444,2.94444717916267,0.00323532166304013,0.0424832286336095,"putative pregnancy-specific beta-1-glycoprotein 7, transcript variant X3","gonad"
"itprip",49.6366690445666,0.546437913030669,0.123569196709309,4.42121303055143,9.81483499560733e-06,0.00227619574542032,"inositol 1,4,5-trisphosphate receptor interacting protein, transcript variant X2","gonad"
"LOC115113712",9815.36617351143,0.546348640025412,0.177361030382996,3.08106236412984,0.00206263442257971,0.0324263221108153,"ferritin, heavy subunit-like","gonad"
"zcrb1",114.629350483599,0.546258409848866,0.182088507702132,3.00151471194761,0.00268640057940882,0.0381884346629926,"zinc finger CCHC-type and RNA binding motif containing 1","gonad"
"LOC115122809",346.092967747345,0.546194565292232,0.166398242438873,3.28318576784626,0.00102641003513652,0.0217702696904157,"coatomer subunit zeta-1-like, transcript variant X3","gonad"
"lzic",46.3441324651086,0.545927611853744,0.176340327726722,3.09922783497818,0.00194025751576435,0.0315354300952772,"leucine zipper and CTNNBIP1 domain containing, transcript variant X3","gonad"
"LOC115134145",27.4959208156278,0.545872253037743,0.183899249550106,2.96918487096251,0.00298590897686018,0.0404020983251206,"zinc finger and SCAN domain-containing protein 2-like","gonad"
"LOC115144348",246.404214921749,0.545812278017055,0.169867800712498,3.2139111769197,0.00130940172006924,0.0247935215695111,"translation machinery-associated protein 7-like","gonad"
"LOC115115108",221.200908845259,0.545786807418238,0.169701934876607,3.21688677368658,0.00129589730466113,0.0247849925675317,"thiosulfate sulfurtransferase/rhodanese-like domain-containing protein 3","gonad"
"LOC115101612",93.0417972184648,0.545306867588821,0.17031844714489,3.202267243434,0.00136350439021184,0.0253975290950378,"dolichol-phosphate mannosyltransferase subunit 1-like, transcript variant X2","gonad"
"LOC115143686",38.2853358266324,0.545186006864628,0.165840646301251,3.28786570609608,0.00100949981643807,0.0216476546141053,"guanine nucleotide exchange factor MSS4-like","gonad"
"LOC115134211",177.703194110791,0.544408464345348,0.145370702313888,3.74517507656932,0.000180268019301389,0.00832530474505317,"serine/threonine-protein kinase 17B-like","gonad"
"LOC115113733",328.644205595564,0.544230915408283,0.155082099561713,3.50989797125718,0.000448278668713712,0.01334615816367,"transmembrane protein 9B-like","gonad"
"LOC115104171",15.0229074174909,0.543743307478779,0.187610938228255,2.89321436386414,0.0038132094914336,0.0468243331519424,"transmembrane protein 184B-like, transcript variant X2","gonad"
"LOC115140061",379.492056389103,0.543629812076015,0.160598190224024,3.3855618495237,0.000710327001673291,0.0176278398121675,"transmembrane emp24 domain-containing protein 2-like, transcript variant X1","gonad"
"LOC115112430",113.244712787178,0.543566973296892,0.15327439503912,3.54685318592091,0.000389861784400294,0.0123033881460326,"succinate dehydrogenase assembly factor 2, mitochondrial-like","gonad"
"dpp7",381.130060202328,0.543522406509396,0.148638102140579,3.65691725007367,0.000255266741665906,0.00986423623151824,"dipeptidyl peptidase 7","gonad"
"LOC115121568",858.881019527912,0.543508146574665,0.168800617474809,3.22038896229602,0.00128016774163502,0.0246091128810753,"V-type proton ATPase subunit e 1-like","gonad"
"LOC115114693",56.4598973010929,0.543272691085564,0.132623948021161,4.0959993623809,4.20351085727985e-05,0.00405875972915083,"caspase-8-like, transcript variant X2","gonad"
"LOC115128329",283.179038899983,0.542879787224098,0.170148194348035,3.19126401056502,0.00141651776962434,0.0258149797573021,"NADH dehydrogenase [ubiquinone] iron-sulfur protein 5-like, transcript variant X1","gonad"
"LOC115139674",726.774519868615,0.542660234309875,0.176395734564068,3.0771760288277,0.00208971856435791,0.032619103215139,"ADP-ribosylation factor-like protein 6-interacting protein 4","gonad"
"LOC115138225",753.200000520577,0.542593558894507,0.175374740240312,3.0946814453033,0.0019702438197529,0.031804404711868,"oligosaccharyltransferase complex subunit ostc-like","gonad"
"LOC115142187",143.936131509649,0.541767169779505,0.181109903527005,2.9925974011813,0.00276614384452765,0.0388099656197498,"small nuclear ribonucleoprotein Sm D2-like","gonad"
"LOC115102480",47.7853862803868,0.54145063037809,0.179879168009531,3.0096910724744,0.00261513531314307,0.0375987753639818,"pleckstrin homology domain-containing family G member 5-like, transcript variant X4","gonad"
"LOC115114130",117.60509273899,0.54120780527306,0.189099828760341,2.86389399820598,0.00418468025054388,0.0491544172109481,"beta-1,3-galactosyltransferase 2-like, transcript variant X1","gonad"
"LOC115133189",451.954536080717,0.540790393264488,0.176970263270143,3.05659313694144,0.0022386791905794,0.0341849923174362,"short transmembrane mitochondrial protein 1","gonad"
"LOC115143093",118.808330632224,0.540705730600187,0.17698934363145,3.05619933168788,0.00224162176907855,0.034202343430703,"coatomer subunit zeta-1","gonad"
"LOC115104862",93.9744923020003,0.538993378839902,0.167876818167838,3.21178750920547,0.00131911904021506,0.0249028105946881,"programmed cell death protein 6, transcript variant X1","gonad"
"LOC115110805",50.3698277850629,0.538751295657406,0.185185480769352,2.90999289743298,0.00361436969795134,0.0454235599050355,"solute carrier family 35 member B1-like","gonad"
"LOC115126144",134.963070526943,0.538651036302036,0.187127680632543,2.88052900342836,0.00397008423067057,0.0477899204753638,"enhancer of rudimentary homolog","gonad"
"ppt1",326.954015666644,0.53859150111249,0.142035139065393,3.79222918420046,0.000149301028686305,0.00770356738239602,"palmitoyl-protein thioesterase 1","gonad"
"LOC115111015",677.715952300284,0.538534107184098,0.181212464133133,2.97280767036184,0.0029508929513615,0.0401690568181381,"cytochrome c oxidase subunit 6A, mitochondrial-like","gonad"
"rdm1",31.5735347633708,0.538459688835026,0.18525592795984,2.90496324201451,0.00367296232651277,0.0458152448303816,"RAD52 motif containing 1","gonad"
"LOC115135106",43.6142618522253,0.538248985807798,0.183311846654432,2.93761771401002,0.00330744583388398,0.0431906805962712,"pleckstrin-like","gonad"
"supt4h1",108.836601810475,0.538140138255887,0.157266118893179,3.42269636429696,0.000620032954392602,0.0161242795214414,"SPT4 homolog, DSIF elongation factor subunit","gonad"
"LOC115122307",3306.03276441652,0.537655229298961,0.185836708691692,2.89412049516895,0.00380222221926954,0.0467500504687459,"40S ribosomal protein S15a","gonad"
"atg12",256.207857556005,0.537380916015136,0.170172328392435,3.15871997743154,0.00158463668394446,0.0276145218085053,"autophagy related 12","gonad"
"utp11",123.73261633573,0.53737818865529,0.174921099947261,3.07296355267812,0.00211944372073457,0.0328678680197454,"UTP11 small subunit processome component","gonad"
"commd1",79.9831023993373,0.537197906635405,0.174132665020538,3.08611909846411,0.00202787578936352,0.0322880439341979,"copper metabolism domain containing 1, transcript variant X1","gonad"
"ap3s1",156.725893062292,0.537177453575444,0.168999897750344,3.17962359359201,0.00147466467873878,0.0265173558327814,"adaptor related protein complex 3 subunit sigma 1","gonad"
"LOC115101900",888.204695398302,0.536510435008173,0.16534882101329,3.24521671014719,0.00117361272385005,0.0233077972389136,"gamma-secretase subunit PEN-2","gonad"
"LOC115101984",94.6583348881715,0.536340106147659,0.159340207286514,3.36710376680944,0.000759620998100658,0.018233900154991,"zinc-binding protein A33-like","gonad"
"cdkn2c",35.1142907614979,0.535629306149522,0.166519832529431,3.21747290576725,0.00129325241095327,0.0247849925675317,"cyclin dependent kinase inhibitor 2C, transcript variant X3","gonad"
"LOC115119282",35.4309157828928,0.534531942140181,0.157001043811905,3.40158121231908,0.000669972188803493,0.0169371473898453,"coiled-coil domain-containing protein 50-like, transcript variant X1","gonad"
"LOC115128961",29.8301445905075,0.533869822886124,0.183332129736303,2.91339254512077,0.00357524859335331,0.0452681266534644,"nucleoredoxin-like protein 2","gonad"
"LOC115129756",224.870415882167,0.533080025351188,0.164439643493759,3.2426753364012,0.00118413062174892,0.0234045024246512,"grancalcin-like","gonad"
"eif3j",404.539540964009,0.53293445416009,0.15275458529406,3.4891296456588,0.000484596055657622,0.0138607648245877,"eukaryotic translation initiation factor 3 subunit J","gonad"
"LOC115132769",27216.8609390301,0.532899071384827,0.170474847852066,3.1263804763948,0.00176972426188483,0.0297747289703582,"extracellular matrix protein 1-like","gonad"
"LOC115133712",30.0928768735072,0.532733124490154,0.176842048445937,3.01256355456377,0.00259051186055263,0.0373866936582042,"pseudouridine-5'-phosphatase-like","gonad"
"LOC115101471",139.405227141234,0.532720884362162,0.16715363842512,3.18751672784745,0.00143500157193833,0.0260765400812402,"protein CXorf40A-like","gonad"
"LOC115131238",130.432729253297,0.532580281342045,0.160488794576705,3.31925417409437,0.000902582342863329,0.020177563945829,"alpha-taxilin-like","gonad"
"LOC115145617",1888.46947619095,0.532133045938192,0.154908974104789,3.43538412485307,0.000591714452183019,0.0155689431335516,"high mobility group protein B2-like, transcript variant X2","gonad"
"LOC115118723",326.665635302896,0.531291215080783,0.140336779571911,3.7861607734193,0.000152992709592669,0.0077889646317195,"eukaryotic translation initiation factor 3 subunit J-A-like","gonad"
"LOC115107129",134.142464520553,0.530719544296511,0.14949611608286,3.55064790276216,0.000384284145984201,0.0122143698244358,"diphosphoinositol polyphosphate phosphohydrolase 3-beta-like","gonad"
"mrpl35",94.8991988368335,0.530550804641951,0.172900428821192,3.06967521146599,0.00214291669197581,0.0330434031889606,"mitochondrial ribosomal protein L35","gonad"
"psmg1",138.621314019358,0.530276421287932,0.17927311580181,2.95954474432905,0.00308093957911634,0.0411224567145179,"proteasome assembly chaperone 1, transcript variant X2","gonad"
"LOC115103264",102.728863659586,0.530057348651624,0.176442161300673,3.00550558833477,0.0026513972392155,0.0378613927032771,"DET1- and DDB1-associated protein 1-like","gonad"
"LOC115117972",65.1473661101399,0.529969593240247,0.146804229647289,3.6099265117416,0.000306283767449502,0.0109012840914592,"uncharacterized LOC115117972","gonad"
"LOC115115370",115.023092074993,0.529506808482986,0.169879935392638,3.11738527482511,0.00182462947741508,0.0303130833469399,"retinol dehydrogenase 7-like, transcript variant X1","gonad"
"LOC115139194",269.111851400571,0.529464637400335,0.164712508533964,3.2149620346094,0.00130461775513138,0.0247849925675317,"peptidyl-prolyl cis-trans isomerase FKBP3-like, transcript variant X1","gonad"
"LOC115144978",469.323472485082,0.529276162330864,0.133293118516496,3.97093272267423,7.15917958211613e-05,0.0051956441898365,"inhibitor of growth protein 5-like","gonad"
"ppie",71.3729138827749,0.529061335655072,0.177460676577572,2.98235815409685,0.00286037161107749,0.0394869952486772,"peptidylprolyl isomerase E","gonad"
"LOC115132932",226.926716896936,0.528608996933222,0.16376263372123,3.22875357953664,0.00124330976862821,0.0242556763977583,"grancalcin-like","gonad"
"LOC115130773",319.107168278711,0.528431086549746,0.151008709725624,3.49974119606517,0.000465710070139862,0.0135103574633463,"nucleophosmin-like","gonad"
"mrpl28",153.052443528947,0.527632969964049,0.139736113308198,3.77619108601669,0.000159244841553927,0.00779927105871799,"mitochondrial ribosomal protein L28","gonad"
"LOC115146407",224.129220421053,0.527352504228148,0.15786670625042,3.3412068368752,0.000834150561110403,0.0192732926854151,"akirin-2-like, transcript variant X1","gonad"
"LOC115122703",139.097348309099,0.527098259935458,0.183315169459957,2.87643194308847,0.00402198916351449,0.0480877155603268,"pyridoxal phosphate homeostasis protein-like, transcript variant X1","gonad"
"LOC115144421",440.004920306092,0.526059401693795,0.180684676650591,2.91249386529781,0.00358555243358628,0.0453523282097236,"mitochondrial pyruvate carrier 1-like","gonad"
"LOC115111903",42.9802955566912,0.526020405030579,0.142251349842098,3.69577729381565,0.000219215072385417,0.00918569529431956,"scavenger receptor class F member 2-like, transcript variant X2","gonad"
"LOC115131303",499.936091045872,0.525395838232088,0.17796520235372,2.95315986206564,0.0031453902831484,0.0416489265814091,"cytochrome b-c1 complex subunit 7-like","gonad"
"cmpk2",89.8061283347141,0.52507331165101,0.213583446289785,-4.61561470932662,3.9193348475521e-06,0.00164702205984549,"cytidine/uridine monophosphate kinase 2","gonad"
"LOC115118661",22.1594651277217,0.525021444539664,0.17501236495719,2.99941256422747,0.00270500750628509,0.038344175942017,"zinc finger protein OZF-like","gonad"
"LOC115139203",34.7833414889026,0.524572322049569,0.137609400376168,3.80953465074823,0.000139228593817697,0.00748946995436956,"CLOCK-interacting pacemaker-like","gonad"
"LOC115128712",114.001970129582,0.524400259733878,0.129731491711081,4.04210255706212,5.29740525569513e-05,0.00453272018678246,"src-like-adapter","gonad"
"LOC115135747",23.1646835998368,0.524281746574457,0.175955330967315,2.97930541387576,0.00288902659957036,0.0396897255167697,"adrenodoxin-like","gonad"
"LOC115110339",214.471275469564,0.524150459868571,0.156491069365826,3.35011597317669,0.000807777322155253,0.0188954716922158,"SUMO-conjugating enzyme UBC9-B, transcript variant X3","gonad"
"LOC115142016",596.267730742837,0.523005875293435,0.171282269226695,3.05413347062956,0.00225711637031371,0.0343557061671142,"cytochrome c oxidase subunit 6B1-like","gonad"
"LOC115141460",291.563516471009,0.522949572530581,0.150485912722924,3.47525576786443,0.000510366490717356,0.0142572586450007,"probable signal peptidase complex subunit 2","gonad"
"LOC115112261",83.8605856112526,0.522843963256366,0.119435068171813,4.37626620061252,1.20729557747346e-05,0.00227619574542032,"myotubularin-related protein 10-like","gonad"
"LOC115136381",195.956760705901,0.522470158081734,0.173357256216319,3.01493210615651,0.00257036786111879,0.0372663977414121,"mitochondrial fission 1 protein-like","gonad"
"LOC115113383",122.356973740666,0.522180872703237,0.134213173468474,3.89074195774954,9.99381674362234e-05,0.00627929326674144,"protein FAM204A-like, transcript variant X2","gonad"
"LOC115106194",32.3311491274017,0.521850451751625,0.159239709511442,3.27529033688664,0.00105553432095349,0.0220845772013859,"putative nuclease HARBI1","gonad"
"cope",425.985933408795,0.521731384619456,0.159765312109593,3.26605120714999,0.00109058526207617,0.022379119605149,"coatomer protein complex subunit epsilon","gonad"
"lg22hxorf56",177.693746106978,0.521642369656908,0.15646254603818,3.33436152430856,0.000854954580928157,0.0195750483553503,"linkage group 22 CXorf56 homolog","gonad"
"LOC115133216",582.613670627003,0.521024001959345,0.139630693987627,3.73163170438353,0.000190243502739822,0.00853509635083688,"ADP-ribosylation factor 4","gonad"
"LOC115137909",100.401901027512,0.520357330286155,0.172866197883127,3.01083807076171,0.00260527748063541,0.0374855084314829,"ER membrane protein complex subunit 4-like, transcript variant X2","gonad"
"LOC115104137",65.0736915544693,0.520174990340588,0.176587828079066,2.94645849010888,0.00321435558623971,0.0422665437676729,"coiled-coil domain-containing protein 43-like","gonad"
"LOC115124141",27.1212771831125,0.5201062168787,0.177953302685821,2.92356477469944,0.00346048217592495,0.0444835234223618,"rho-related GTP-binding protein RhoG-like","gonad"
"LOC115113538",162.919160229971,0.52009224672069,0.156975484677133,3.31411355592043,0.000919341626419295,0.0203924213053915,"origin recognition complex subunit 6-like","gonad"
"LOC115131912",789.073093555577,0.51992719347026,0.161857416781319,3.21258008334104,0.00131548468189013,0.0248662372703837,"prostaglandin E synthase 3-like, transcript variant X1","gonad"
"LOC115143168",196.634761756021,0.519559938000734,0.146037787704862,3.55831623466664,0.000373239783094838,0.011998803553312,"5'-AMP-activated protein kinase subunit gamma-1-like","gonad"
"LOC115111622",630.015290839336,0.518459790378129,0.159334845145787,3.25436919170714,0.00113644483309302,0.0229038183866404,"26S proteasome non-ATPase regulatory subunit 9-like","gonad"
"trappc6b",61.4953508771111,0.518371837333852,0.154492302262316,3.35670319646253,0.000788777370496619,0.0186265164317957,"trafficking protein particle complex 6B, transcript variant X1","gonad"
"LOC115132376",15.9246808488947,0.51785317723547,0.179269703225148,2.88820909610272,0.003874422232939,0.0471782540068811,"solute carrier family 52, riboflavin transporter, member 3-A-like, transcript variant X1","gonad"
"LOC115141104",321.776400214723,0.517793328550183,0.135760489369543,3.81438143502002,0.000136524462940163,0.00744861274160554,"RNA-binding protein 8A, transcript variant X2","gonad"
"LOC115109157",36.6785497353902,0.517305772138238,0.167093024526601,3.09638174186407,0.0019589798431746,0.0317036609662488,"solute carrier family 35 member E1-like","gonad"
"LOC115108938",594.31323758735,0.517023624754567,0.108395839202912,4.76971620665234,1.84485640069461e-06,0.00112685019184363,"eukaryotic translation initiation factor 4 gamma 2-like","gonad"
"LOC115103064",113.675077326726,0.516983737658676,0.138452466953295,3.7330749198262,0.000189156300117441,0.00852779653029464,"DENN domain-containing protein 4B-like, transcript variant X1","gonad"
"LOC115111831",695.918832556874,0.516692608292559,0.174664517765483,2.95884275774912,0.00308796622351175,0.0411475302197009,"small integral membrane protein 15, transcript variant X1","gonad"
"LOC115142238",14.067681512363,0.516575613815419,0.171642357530807,3.00557064983171,0.00265083006463153,0.0378613927032771,"PHD finger protein 1-like","gonad"
"lg18h15orf41",28.1819265475094,0.516478159710075,0.162795968997924,3.16957865758544,0.00152660132144455,0.0269755122778694,"linkage group 18 C15orf41 homolog, transcript variant X1","gonad"
"cops6",233.626289442369,0.515635384642899,0.153865630030392,3.3518894636139,0.000802620578731994,0.0188322436905704,"COP9 signalosome subunit 6","gonad"
"LOC115112951",238.533567652192,0.515311048707787,0.145770652999445,3.53509239973565,0.00040763259142595,0.0126740937908873,"glycine N-acyltransferase-like, transcript variant X4","gonad"
"LOC115133217",311.517590083572,0.515167626665584,0.157514307087298,3.27110548014101,0.00107127945256347,0.0223153756152797,"V-type proton ATPase subunit F","gonad"
"LOC115105473",48.4253341159984,0.515051519224638,0.145846720256454,3.53019630347044,0.000415251442205067,0.01282673092684,"E3 ubiquitin-protein ligase CBL-like","gonad"
"LOC115102929",190.220671100234,0.514505310950427,0.137707563998728,3.7356540288604,0.000187227935096708,0.00846100465645864,"NPC intracellular cholesterol transporter 1-like","gonad"
"LOC115147170",555.290132401047,0.514309224959572,0.157371668307403,3.26848867079986,0.0010812350604698,0.022379119605149,"V-type proton ATPase subunit G 1-like","gonad"
"LOC115109934",19.6294183409904,0.514226546881303,0.159459916691885,3.22235192079245,0.00127142866581058,0.0245658181501258,"rho GTPase-activating protein 15-like, transcript variant X3","gonad"
"plp2",321.161522416891,0.514013212109874,0.173986834626251,2.95517824501742,0.00312488455002853,0.0414489617340316,"proteolipid protein 2","gonad"
"LOC115144144",108.685120175687,0.513937601637882,0.143377049422286,3.58410051071649,0.000338241825306685,0.0114164152623567,"growth arrest-specific protein 7-like, transcript variant X2","gonad"
"LOC115128481",469.426743734466,0.513417946375264,0.171216706330672,2.99913822743276,0.00270744443555733,0.038344175942017,"cytosolic non-specific dipeptidase-like","gonad"
"LOC115110442",109.357777645819,0.513302751364007,0.16895602099569,3.03975837074849,0.00236768020714769,0.0352819155136609,"trafficking protein particle complex subunit 5-like, transcript variant X1","gonad"
"LOC115135474",214.962198482666,0.513271127818443,0.155577242828857,3.29954774507253,0.000968407528546076,0.0211497076736101,"protein CXorf40A-like","gonad"
"LOC115133349",472.915658566119,0.512188413570223,0.138294731356473,3.70383242852542,0.000212366570229505,0.00901605607016967,"ER membrane protein complex subunit 4, transcript variant X2","gonad"
"LOC115103322",1446.11169425595,0.511743495791345,0.175324886091032,2.91941982550367,0.00350683588084608,0.0448965094008252,"profilin-2-like, transcript variant X2","gonad"
"LOC115111026",88.428837778894,0.511076978389469,0.172786211245548,2.95946460455434,0.00308174101282814,0.0411224567145179,"transmembrane protein 230-like","gonad"
"LOC115146198",83.3895624274876,0.510626883584178,0.15141597043498,3.37255283425372,0.000744747963224045,0.0181024424693804,"ADP-ribosylation factor 6-like","gonad"
"LOC115116375",497.929295796466,0.510472303175932,0.15149455236265,3.3698335994846,0.000752135879817523,0.0182092794788273,"NADH dehydrogenase [ubiquinone] 1 alpha subcomplex subunit 13-like","gonad"
"LOC115102521",123.797434216589,0.510347996275005,0.150202585385911,3.39774247155254,0.000679443472730911,0.0170853415088444,"probable Bax inhibitor 1, transcript variant X2","gonad"
"LOC115113789",277.118975205808,0.509609431346339,0.171850622062859,2.96606097839496,0.00301640676103989,0.0405363108731656,"signal peptidase complex catalytic subunit SEC11A-like","gonad"
"LOC115139151",204.753865808168,0.509224073248446,0.176251967699167,2.89019160681548,0.00385007082004279,0.047044566307362,"calmodulin","gonad"
"plekhj1",183.174048747024,0.50888636314373,0.169915627970568,2.99604623781999,0.00273504958369791,0.038619063286592,"pleckstrin homology domain containing J1","gonad"
"nrm",26.1110985401794,0.508379730045106,0.177410669691436,2.86500748010027,0.00416999391910047,0.0490888803620421,"nurim","gonad"
"LOC115145306",373.989924813289,0.508305620628444,0.136224314467241,3.73106701399622,0.000190670491492157,0.00853509635083688,"influenza virus NS1A-binding protein homolog A-like, transcript variant X1","gonad"
"LOC115146028",125.976235557051,0.507971952497617,0.162467851563642,3.12698328782644,0.00176609966377796,0.0297747289703582,"EH domain-containing protein 4-like","gonad"
"LOC115112349",34.4128484630244,0.507554282858781,0.15958334315559,3.17834663652419,0.00148117553723549,0.0266091639445483,"tyrosine-protein kinase Fes/Fps-like, transcript variant X1","gonad"
"LOC115102029",2452.08136173695,0.506724008693513,0.173963776437728,2.91328285955592,0.00357650475170757,0.0452681266534644,"60S ribosomal protein L32-like","gonad"
"LOC115106983",110.678559738431,0.506219521686701,0.171005372412199,2.96165946589262,0.00305985997135676,0.0409169834446612,"electron transfer flavoprotein regulatory factor 1, transcript variant X2","gonad"
"LOC115124087",69.6759231266077,0.505757696346999,0.15199454075172,3.32856626181819,0.000872942367332264,0.0198139917538992,"programmed cell death protein 10-B, transcript variant X2","gonad"
"mtres1",77.2181227276283,0.505678262386449,0.177096352682605,2.85702506478913,0.00427632067801343,0.049783116868518,"mitochondrial transcription rescue factor 1, transcript variant X1","gonad"
"LOC115146256",279.15431567147,0.505667581555771,0.174612061859529,2.89660789551112,0.00377220902650943,0.046501808539685,"GTP cyclohydrolase 1 feedback regulatory protein","gonad"
"LOC115138312",65.5042075354281,0.505627425118521,0.152218400879755,3.32286431758085,0.000890982406245635,0.0199890424908307,"akirin-2-like","gonad"
"LOC115143008",159.077408798814,0.505096656401335,0.141469490779011,3.5709689452074,0.000355663066936545,0.0116715427598674,"golgin subfamily A member 7-like, transcript variant X2","gonad"
"LOC115129375",222.152287009028,0.505034570320119,0.151544357522558,3.33278187480561,0.000859823236465257,0.01961536503912,"plastin-2-like","gonad"
"LOC115141601",35.4517647175917,0.505005472627782,0.153976151062041,3.27930239254628,0.00104064061846978,0.0218733277774784,"uncharacterized LOC115141601","gonad"
"LOC115107577",204.179746954913,0.504935371460029,0.166278217611278,3.03765156684861,0.00238429466988233,0.0353536566751934,"uncharacterized protein DDB_G0271670-like, transcript variant X1","gonad"
"LOC115133160",53.5157805224811,0.504916661125506,0.15799421542921,3.19353298955412,0.00140543278171688,0.0256623623161129,"phosphatidylinositol 4,5-bisphosphate 3-kinase catalytic subunit gamma isoform-like, transcript variant X1","gonad"
"LOC115145795",43.9234669935409,0.504600097510674,0.152821504469411,3.30203416322734,0.000959863785593697,0.0210275218907099,"melatonin receptor type 1A-A","gonad"
"LOC115119110",53.7353019868793,0.503888051737922,0.16921851484908,2.98002143797828,0.00288228211156914,0.0396627992605826,"mitochondrial inner membrane protease ATP23 homolog","gonad"
"LOC115117362",44.635338305569,0.503309587403704,0.163800428620277,3.07359012205672,0.00211499795094874,0.0328289567057646,"tyrosine-protein phosphatase non-receptor type 18-like, transcript variant X2","gonad"
"LOC115128415",67.0296881643906,0.503174306428809,0.167463757777271,3.00328498976394,0.00267082196607866,0.0380240706223304,"ectonucleotide pyrophosphatase/phosphodiesterase family member 2-like, transcript variant X2","gonad"
"LOC115145942",265.957215992265,0.50300049583771,0.136241662226039,3.69229995556829,0.000222235132531217,0.00926877144158281,"trifunctional enzyme subunit alpha, mitochondrial-like","gonad"
"LOC115137482",412.769482414688,0.502852177625365,0.172872246991819,2.90949053289634,0.00362018350913908,0.0454556730022503,"signal peptidase complex subunit 3","gonad"
"LOC115113101",37.7720924042238,0.502548056829421,0.212617843225837,-4.04185240092788,5.30306100816154e-05,0.00453272018678246,"interferon-induced protein with tetratricopeptide repeats 5-like, transcript variant X2","gonad"
"LOC115117273",337.874395917104,0.50200342944911,0.150548796605376,3.33504593024632,0.000852853114104495,0.0195742711703862,"eukaryotic translation initiation factor 3 subunit J-A-like","gonad"
"LOC115118597",814.963143705283,0.501796597212485,0.146947773528936,3.41498399049088,0.00063785760497745,0.0164101002041413,"nascent polypeptide-associated complex subunit alpha-like, transcript variant X1","gonad"
"LOC115141548",95.9151094586987,0.501729812696172,0.163825096866585,3.06232662857265,0.00219623658547071,0.0336999511717082,"flavin reductase (NADPH)-like, transcript variant X2","gonad"
"psmg4",106.087572566353,0.501270503768247,0.138033224023361,3.63212634558118,0.000281095426519318,0.0104159332703391,"proteasome assembly chaperone 4","gonad"
"LOC115102138",143.181263161796,0.500924168322028,0.161713765061286,3.09822373225317,0.00194684392209694,0.0315642512230437,"prostaglandin E synthase 3-like","gonad"
"LOC115119134",577.403818269178,0.50066419229103,0.149796964720338,3.34229115266663,0.000830898560324031,0.0192335748652024,"glutathione-specific gamma-glutamylcyclotransferase 1-like","gonad"
"LOC115143101",324.479353406777,0.500533421824383,0.121188888468291,4.12979539992858,3.63086210597351e-05,0.00389088608402966,"extended synaptotagmin-1-like","gonad"
"LOC115135950",143.900406937276,0.500507604751314,0.165949264096737,3.016976401693,0.00255309686526273,0.0371582545301689,"membrane-associated progesterone receptor component 1-like","gonad"
"LOC115109576",34.272539322933,0.500101364892442,0.155295507477242,3.2198942069792,0.00128237912032196,0.0246266213420854,"thromboxane-A synthase-like","gonad"
"LOC115145288",972.627559059077,0.49974926924096,0.170430602384221,2.93278098731203,0.00335940779454852,0.0435518148257984,"cytochrome c oxidase subunit 6C-1-like","gonad"
"LOC115105106",81.7254215412378,0.499009441458219,0.151453107030901,3.29428530679369,0.000986722896671912,0.0213569996161128,"B-cell receptor CD22-like, transcript variant X2","gonad"
"LOC115139615",894.07975541194,0.498239276526392,0.143152795215877,3.48070722421163,0.000500091808668325,0.0140911091282217,"guanine nucleotide-binding protein G(k) subunit alpha-like","gonad"
"LOC115140778",1177.1638803045,0.497565994803727,0.144578091279246,3.44161500956461,0.000578252597205427,0.0153565398710866,"retinol-binding protein 1-like, transcript variant X2","gonad"
"LOC115143330",22.4522464443781,0.497507696892034,0.159915453713112,3.10935510285864,0.0018749622425671,0.0309353218814868,"scm-like with four MBT domains protein 1, transcript variant X1","gonad"
"LOC115118739",23.3609642198371,0.497464807727559,0.200833997014248,-2.94906877131455,0.00318733041080132,0.0420279257162416,"uncharacterized LOC115118739","gonad"
"LOC115120542",46.0392153272745,0.497001151373417,0.142101371608557,3.49779605639386,0.000469119716344197,0.0135812232837657,"MFS-type transporter SLC18B1-like, transcript variant X1","gonad"
"ech1",89.6894869032581,0.496719869839819,0.153859093402613,3.22929265579617,0.00124096831801249,0.0242494686290676,"enoyl-CoA hydratase 1","gonad"
"LOC115134815",1272.03507002505,0.496598804917939,0.152253896780549,3.26183522402538,0.00110693466252474,0.0225052893209795,"zinc finger CCCH domain-containing protein 15-like","gonad"
"LOC115143118",137.489142373756,0.495639742507598,0.146129111052149,3.39203012976908,0.000693768107964931,0.0173418771684863,"la-related protein 4-like, transcript variant X1","gonad"
"LOC115102094",1795.7619289095,0.49563517237148,0.163213964808166,3.03702189708878,0.00238928098439748,0.0353998712359673,"phospholemman-like, transcript variant X2","gonad"
"tmem141",74.4585263063367,0.4955597534236,0.164891118420929,3.00677814687389,0.002640323798906,0.0378058444034855,"transmembrane protein 141","gonad"
"LOC115113182",135.489553140344,0.495146093802771,0.172190359708423,2.87693700536555,0.00401555749698374,0.0480877155603268,"ubiquitin-conjugating enzyme E2 D4-like","gonad"
"LOC115130168",106.378157462284,0.494341412689293,0.159810111957522,3.09380944739625,0.001976043591145,0.0318437322538984,"gamma-glutamyl hydrolase-like, transcript variant X1","gonad"
"LOC115105589",600.201604453797,0.494173046410478,0.16947107059894,2.91650650612252,0.00353975340540019,0.0451136703047182,"non-histone chromosomal protein HMG-14-like","gonad"
"LOC115143180",46.5867127495416,0.494011333225165,0.169412360541275,2.91578411069928,0.00354795911124668,0.0451482565668387,"integrin beta-7-like, transcript variant X2","gonad"
"LOC115141342",101.876960785865,0.493732835634205,0.157234647188692,3.13874508847457,0.00169672978346746,0.0289542920237502,"uncharacterized LOC115141342, transcript variant X1","gonad"
"LOC115144299",41.9868603791725,0.49284027651659,0.165815298263236,2.97228406867538,0.0029559305299034,0.0401949139241815,"rho GTPase-activating protein 27-like, transcript variant X2","gonad"
"LOC115103260",110.651783311825,0.49253364587726,0.150209320863684,3.27925459139276,0.00104081691721722,0.0218733277774784,"MARVEL domain-containing protein 2-like","gonad"
"LOC115108013",190.103638599458,0.49233537592156,0.169886616315519,2.89876379782769,0.00374637007582008,0.0463341067182581,"peptidyl-prolyl cis-trans isomerase FKBP1B, transcript variant X1","gonad"
"rai14",44.1524368066379,0.491997141619417,0.165570055258383,2.97302829935143,0.00294877262398089,0.0401690568181381,"retinoic acid induced 14, transcript variant X2","gonad"
"gnmt",613.06092789957,0.491670802697708,0.157584717642807,3.12032104034682,0.00180654031865126,0.0301647627280967,"glycine N-methyltransferase","gonad"
"mrpl51",114.081287344241,0.49080164741868,0.161272319628136,3.0441696739575,0.00233323505659546,0.0349067014587401,"mitochondrial ribosomal protein L51","gonad"
"LOC115129527",72.0355151340398,0.490054642613505,0.154459356557105,3.17346616798939,0.00150630455922351,0.0267309061189289,"AP-1 complex-associated regulatory protein-like, transcript variant X3","gonad"
"LOC115146245",152.973995773056,0.489501139915285,0.158811815169912,3.08316430776041,0.00204812037994646,0.0324206746094933,"protein max-like, transcript variant X4","gonad"
"LOC115103209",1221.77140668235,0.488292991032634,0.156405779350932,3.12223406727121,0.00179484176469992,0.0301021512972479,"actin-related protein 2/3 complex subunit 5-like","gonad"
"LOC115143313",87.2682781501327,0.487977995831626,0.215095833095294,-4.557727252451,5.1710127510341e-06,0.00184741748001567,"interferon-induced GTP-binding protein Mx1","gonad"
"timm10",51.4493835813772,0.487893849008239,0.1647514216922,2.96119865928335,0.00306444206546289,0.0409493369862666,"translocase of inner mitochondrial membrane 10","gonad"
"LOC115110677",133.763088762722,0.487509714894026,0.123514914082811,3.94749743218354,7.89723648220017e-05,0.00551786615462953,"UNC93-like protein MFSD11","gonad"
"LOC115135666",59.7110705878341,0.48719368663484,0.153799621668583,3.1685646493515,0.00153193674229658,0.0270337578894555,"FUN14 domain-containing protein 1A-like","gonad"
"hypk",302.754237533168,0.487174112136366,0.165914697943341,2.93691313805559,0.00331496940458412,0.0432293014296146,"huntingtin interacting protein K","gonad"
"LOC115122468",188.067461429958,0.486806330152323,0.133340412578431,3.65087671905959,0.000261346670805441,0.00999669187074183,"muscleblind-like protein 3, transcript variant X1","gonad"
"LOC115102380",1029.54807341676,0.48609284421863,0.153528061413857,3.16642865570709,0.00154323196726542,0.0271521554275581,"peptidyl-prolyl cis-trans isomerase FKBP1A-like","gonad"
"LOC115131613",4593.12712100703,0.486080214397146,0.151662770139684,3.20515827351062,0.00134988230620794,0.0252944883696686,"BOLA class I histocompatibility antigen, alpha chain BL3-7-like, transcript variant X2","gonad"
"LOC115106408",24.0432606279222,0.485905567367081,0.168645662101741,2.88338718953101,0.00393423534899824,0.0475783593148992,"rho GTPase-activating protein 22-like, transcript variant X1","gonad"
"LOC115126483",18.6705226937956,0.485888532504065,0.166589208587811,2.91137450190355,0.00359842430085146,0.0453784603009112,"transcription factor 7-like 2, transcript variant X1","gonad"
"LOC115113653",395.597415590791,0.485642550305414,0.141373455936801,3.43525051437411,0.000592006287623825,0.0155689431335516,"disintegrin and metalloproteinase domain-containing protein 10-like, transcript variant X1","gonad"
"LOC115101971",96.0368109259668,0.485629843950998,0.10833295893068,4.48240775340973,7.3805549537406e-06,0.00212252718005581,"ETS domain-containing protein Elk-3-like, transcript variant X2","gonad"
"LOC115141857",147.394200520972,0.484544018926147,0.151632117071353,3.19614820218331,0.00139275553563893,0.025603714628469,"vacuolar protein sorting-associated protein 26B-like","gonad"
"LOC115110565",132.763211909037,0.483932137433981,0.161440160369967,2.99832842196256,0.00271464962950809,0.038416958695617,"transmembrane protein 205-like","gonad"
"LOC115120482",46.6664341984896,0.483624480654841,0.162207919162205,2.98205021623345,0.00286325030242587,0.0394869952486772,"cleavage stimulation factor subunit 3-like","gonad"
"LOC115112404",142.482011629431,0.483581473653369,0.146682003060662,3.29768362882703,0.000974859074014795,0.0212041699568533,"toll-interacting protein-like","gonad"
"LOC115105320",12.6580881985852,0.483421720785124,0.167464216423937,2.88106679092902,0.00396331644485557,0.0477899204753638,"tripartite motif-containing protein 16-like","gonad"
"LOC115102897",23.1150440118192,0.483310990060228,0.168854926149229,2.86272315605582,0.00420017373549661,0.0492752724173658,"zinc finger protein 263-like, transcript variant X1","gonad"
"LOC115134268",50.5795463673371,0.482938205771529,0.147767282314208,3.26945395984656,0.00107755271509251,0.0223722156362683,"aminopeptidase N-like","gonad"
"LOC115111930",820.151706543362,0.482056051729205,0.166314902471948,2.89887471891808,0.00374504502454624,0.0463341067182581,"histone H2A.V","gonad"
"LOC115137038",102.617184087446,0.48173116058977,0.165364357704844,2.91343143297966,0.00357480333204976,0.0452681266534644,"phospholipase D3-like, transcript variant X2","gonad"
"LOC115130875",56.624686363204,0.481643826997642,0.161263866628828,2.98619792959361,0.00282469750990571,0.0392411205796513,"multidrug resistance-associated protein 5-like","gonad"
"LOC115101940",398.67772979305,0.481342548379843,0.163298057812063,2.94823150517831,0.00319597628328553,0.0421126032874123,"transmembrane emp24 domain-containing protein 4-like, transcript variant X1","gonad"
"ndufb3",672.817894690584,0.480946805888424,0.159106188113651,3.0231947358878,0.00250121233666722,0.0367368666110376,"NADH:ubiquinone oxidoreductase subunit B3","gonad"
"LOC115101354",71.1844935408339,0.480808696568293,0.153149757379157,3.1401258241271,0.0016887528538608,0.0289542920237502,"fermitin family homolog 3-like, transcript variant X2","gonad"
"LOC115132466",99.9502255381696,0.480531669080418,0.166800149652683,2.88218194870441,0.0039493161176956,0.0476915182962794,"fat storage-inducing transmembrane protein 2-like","gonad"
"LOC115108220",237.979122785712,0.480486452477995,0.16348563769128,2.93935803165681,0.00328892905935398,0.0430211094984973,"myeloid-derived growth factor-like","gonad"
"LOC115135777",123.717411197848,0.479972672677442,0.158834882659636,3.02310363038628,0.00250196548833815,0.0367368666110376,"diablo homolog, mitochondrial-like","gonad"
"LOC115105495",742.238709191845,0.479835960858936,0.165625507854726,2.89748068841348,0.00376172896687002,0.0464633646364539,"membrane-associated progesterone receptor component 1-like","gonad"
"LOC115103125",92.6070982675694,0.478023923634621,0.124231721894916,3.84821593486825,0.000118981156998222,0.00681488737717606,"deubiquitinating protein VCIP135-like","gonad"
"LOC115105370",105.990084410744,0.476629974906846,0.165799897655138,2.87522605431648,0.00403738327425982,0.0482320834688389,"zinc finger protein ZPR1-like","gonad"
"id2",1454.65927844656,0.475004988676682,0.151844254946727,3.12845040463969,0.00175730665013304,0.0297360155677114,"inhibitor of DNA binding 2, transcript variant X2","gonad"
"pdk3",85.8826386422678,0.47447081585992,0.146332435053934,3.24329312861284,0.00118156580352986,0.0234045024246512,"pyruvate dehydrogenase kinase 3, transcript variant X1","gonad"
"LOC115125274",241.718890403228,0.474384457440302,0.150368739568837,3.15539850979332,0.00160279018176159,0.0278429652217025,"ER membrane protein complex subunit 3-like","gonad"
"LOC115140025",169.733319004957,0.473937644240996,0.157055666673232,3.01835605200527,0.00254150110065902,0.0370179410315219,"ubiquitin-like protein 4A-B, transcript variant X3","gonad"
"LOC115143250",77.6570024837749,0.473878625254335,0.161726993253789,2.93152619455924,0.0033730091915217,0.043655453890269,"aflatoxin B1 aldehyde reductase member 4-like","gonad"
"cop1",104.901165579781,0.473827335413714,0.136869727804043,3.46244488994386,0.00053529152561869,0.0146682272613457,"COP1 E3 ubiquitin ligase, transcript variant X2","gonad"
"LOC115131583",858.430312221205,0.472850589518294,0.163434265454411,2.89331949786685,0.00381193321393468,0.0468243331519424,"tumor necrosis factor receptor superfamily member 11B-like","gonad"
"LOC115114485",131.756467113628,0.472592960568634,0.134580049224898,3.51223626299818,0.000444352786891728,0.013251665821277,"pre-B-cell leukemia transcription factor 1-like, transcript variant X1","gonad"
"LOC115117581",68.4863331338907,0.472522000228412,0.161102549833722,2.93452216309334,0.00334061695061797,0.0433844869409817,"TCF3 fusion partner homolog, transcript variant X1","gonad"
"LOC115107806",50.8792664926671,0.472351072735125,0.161461584082344,2.92678049588797,0.00342490510477383,0.0442062564136964,"epoxide hydrolase 1-like","gonad"
"LOC115132384",61.5633005259821,0.471384978453471,0.156829204405967,3.00742160867007,0.00263474068535336,0.0378058444034855,"partner of Y14 and mago A","gonad"
"LOC115134057",644.006160369947,0.470643636844615,0.151725595845521,3.10226069735499,0.00192048749715839,0.0313486472057707,"V-type proton ATPase subunit E 1-like","gonad"
"LOC115130449",535.054580825371,0.470013543411685,0.135536175837626,3.46799980835136,0.000524347662542885,0.0144100478813491,"zinc finger CCCH domain-containing protein 15-like","gonad"
"LOC115141644",906.158041217224,0.468624671233752,0.149684482795571,3.13099430184648,0.00174215540777822,0.0295060041558861,"histone H3.3","gonad"
"LOC115103901",27.0767495002264,0.468493992507457,0.155013590787813,3.02057731184958,0.00252293289758265,0.0367837182686197,"SERTA domain-containing protein 2-like","gonad"
"LOC115113131",21.2370297231947,0.468294056027646,0.160919267232801,2.9081392752347,0.00363586369990303,0.0455625937509357,"heterogeneous nuclear ribonucleoprotein L-like, transcript variant X1","gonad"
"LOC115111637",503.304058600701,0.468208168147841,0.13039775416315,3.59075422997181,0.000329722439602502,0.01131031593093,"MOB kinase activator 1A","gonad"
"LOC115112278",99.2504601930631,0.468073844067385,0.124986800452526,3.74418251981973,0.00018098205931299,0.00833453361232484,"transcription factor 12-like, transcript variant X6","gonad"
"LOC115103252",1556.95210648733,0.467852990137865,0.1517289190502,3.0836502506878,0.00204477827881683,0.0324206746094933,"calponin-2-like","gonad"
"LOC115141909",85.8271155626937,0.467480382902735,0.133259536999695,3.50780437990073,0.000451821154391991,0.013346698219052,"Friend leukemia integration 1 transcription factor-like, transcript variant X2","gonad"
"LOC115101461",53.1523576365172,0.467436782111751,0.144794347401258,3.22833538339227,0.00124512899174128,0.0242556763977583,"phosphatidylinositol-binding clathrin assembly protein-like, transcript variant X1","gonad"
"LOC115105819",94.9012500354852,0.467377116115595,0.142422170689142,3.28218221528312,0.00103007018286665,0.0217902260174781,"transmembrane protein 120B, transcript variant X1","gonad"
"LOC115135087",386.674049249718,0.466610054544747,0.156016441417828,2.99119569281817,0.00277887349372975,0.0389186165708378,"survival of motor neuron-related-splicing factor 30-like","gonad"
"nol7",166.359793590252,0.465436863435669,0.148424029849528,3.13612699349295,0.0017119505534825,0.0291771230694789,"nucleolar protein 7","gonad"
"LOC115125583",21.1296078421369,0.465220134209562,0.144306560937486,3.2215461631216,0.00127500920760232,0.0246066293718429,"zinc finger protein 501-like","gonad"
"LOC115107437",123.018819719889,0.465032509999548,0.161650584704584,2.87772221231147,0.00400557689603503,0.0480643843640198,"membrane magnesium transporter 1-like","gonad"
"LOC115102162",541.757260952146,0.464775831892705,0.141998057719472,3.27336933888877,0.00106273512230737,0.0222106948574946,"charged multivesicular body protein 4b-like","gonad"
"LOC115126333",378.040028408186,0.464458287012118,0.154258771373333,3.01120180743482,0.00260215846224054,0.0374691030285358,"transmembrane emp24 domain-containing protein 2, transcript variant X1","gonad"
"olah",38.2039249101299,0.464438200781764,0.150757978275757,3.08138215427781,0.00206042018447992,0.0324263221108153,"oleoyl-ACP hydrolase, transcript variant X1","gonad"
"LOC115105533",77.317587433933,0.462813345357662,0.152244966069678,3.03968252985635,0.00236827645196002,0.0352819155136609,"cytospin-B-like, transcript variant X3","gonad"
"LOC115138107",228.511518673002,0.462389294471714,0.150825708228014,3.06545631417704,0.00217338125368027,0.0334201891404389,"nuclear factor 1 B-type-like, transcript variant X3","gonad"
"naxe",91.2771325722268,0.462009987653553,0.125170625673647,3.69112198912184,0.000223267019676939,0.00929134289578646,"NAD(P)HX epimerase","gonad"
"LOC115132348",1942.60175292731,0.461186086154759,0.156000763752387,2.95652310953139,0.00311128915450312,0.041389257768089,"peptidyl-prolyl cis-trans isomerase FKBP1A-like","gonad"
"LOC115128647",157.806537844071,0.461029244286834,0.122526220783887,3.76309808311826,0.000167821343159344,0.00800427489350674,"zinc finger and BTB domain-containing protein 10-like","gonad"
"LOC115101848",36.324414103006,0.460495702428959,0.149162437161699,3.08605907251754,0.00202828522016966,0.0322880439341979,"plexin A3-like","gonad"
"LOC115140758",275.544396443374,0.460468142182342,0.151554280178643,3.03862046307455,0.00237664064790191,0.0352954436611943,"tumor necrosis factor receptor superfamily member 1A-like, transcript variant X3","gonad"
"LOC115105469",203.605063461842,0.460059912459498,0.144362042612789,3.18712253031919,0.00143695885559412,0.0260870718414905,"derlin-2","gonad"
"LOC115105209",83.7655376133424,0.459708964852126,0.114346390650935,4.01954425403106,5.83108286025478e-05,0.00473869330295812,"RING finger protein 145-like","gonad"
"LOC115106384",52.7300241946681,0.45810936119425,0.153478851376867,2.98580052191753,0.0028283707556016,0.0392633432971527,"zinc finger protein 501-like","gonad"
"LOC115118002",43.9438070991265,0.457943370766731,0.154509796647625,2.96374063300973,0.0030392433339943,0.0407853100844664,"RNA-binding protein 12B-A-like","gonad"
"tmlhe",80.7550571168327,0.457733313133496,0.145850501210591,3.13867535906795,0.00169713354931526,0.0289542920237502,"trimethyllysine hydroxylase, epsilon, transcript variant X1","gonad"
"LOC115146928",64.5338094283408,0.457208497986479,0.212930982707832,-3.12641610280852,0.00176950985659206,0.0297747289703582,"protein mono-ADP-ribosyltransferase PARP14-like","gonad"
"LOC115139988",66.4916876644219,0.457023906478572,0.13166454928721,3.47087454806403,0.000518766301308476,0.0142773835977849,"U5 small nuclear ribonucleoprotein 200 kDa helicase-like","gonad"
"LOC115109216",261.802984305667,0.456037801375526,0.158194882603699,2.88333237996755,0.00393492002572655,0.0475783593148992,"ras-related protein Rab-8A-like","gonad"
"LOC115141006",119.865183072072,0.456002344157254,0.154642287487897,2.94920661494556,0.00318590903962756,0.0420279257162416,"protein DEK-like, transcript variant X2","gonad"
"LOC115132318",133.4382676159,0.455808695979699,0.144797703604552,3.14885400609085,0.00163912060399334,0.0282666198876264,"cell division control protein 42 homolog, transcript variant X3","gonad"
"LOC115128279",293.275602355455,0.455683861586962,0.127207914886603,3.58237447958714,0.000340485229745251,0.0114513105243807,"sialidase-1-like","gonad"
"vamp8",108.339996459367,0.455254793749375,0.143900840833704,3.16366018904307,0.00155798586534294,0.0273326649771722,"vesicle associated membrane protein 8","gonad"
"LOC115144937",81.3936190599564,0.455086910433,0.14684316227021,3.0995111275229,0.00193840296372975,0.0315323540534561,"AN1-type zinc finger protein 5-like","gonad"
"LOC115106138",53.3962247969041,0.454663358837971,0.129518538835931,3.509341121096,0.000449218354534701,0.0133466981803199,"SCY1-like protein 2","gonad"
"LOC115132071",538.814357855917,0.45314916635822,0.152672383110733,2.96846149825403,0.00299294594812163,0.0404020983251206,"dynein light chain Tctex-type 3-like","gonad"
"LOC115141831",86.2848773408588,0.452965298301388,0.151567344415489,2.98966022121315,0.00279287930860952,0.0390569938763081,"glyoxalase domain-containing protein 4-like","gonad"
"LOC115104166",136.076166649077,0.452880661315135,0.11966807019026,3.78458392713937,0.000153965944518679,0.0077889646317195,"protein tweety homolog 3-like, transcript variant X1","gonad"
"srp19",235.498722124839,0.452318245107352,0.15081908150583,2.99963147798583,0.00270306433690609,0.038344175942017,"signal recognition particle 19","gonad"
"LOC115132157",59.6527951107141,0.452215275934861,0.152476700912338,2.96716457964518,0.00300560026619294,0.0404772695877406,"ADP-ribosylation factor-like protein 8A","gonad"
"LOC115103317",53.9303490633662,0.449432939295593,0.155691021455327,2.88666904048308,0.00389343538583431,0.047278686142634,"ephrin type-B receptor 3-like","gonad"
"LOC115109490",43.0621353470655,0.448878245044345,0.144150764959257,3.11393054074877,0.00184612944965114,0.0305296603747985,"nuclear factor of activated T-cells 5-like, transcript variant X2","gonad"
"LOC115135940",240.274487741284,0.447705825002565,0.149916223584289,2.98670433665923,0.00282002309327501,0.0392049466014407,"nucleolar protein 16-like","gonad"
"LOC115145368",571.415887918826,0.447606523868445,0.152616902126033,2.93312996062937,0.00335563396513888,0.0435496429951369,"non-specific lipid-transfer protein-like, transcript variant X2","gonad"
"nudt7",52.0279260364709,0.447425973899027,0.153894379401044,2.90834039424875,0.00363352598004592,0.0455625937509357,"nudix hydrolase 7, transcript variant X1","gonad"
"LOC115138465",263.79109677024,0.44622468084163,0.139549694216884,3.19739376115806,0.00138675483297798,0.0255489669964341,"bcl-2-modifying factor-like","gonad"
"LOC115102537",525.055393209571,0.446109898931493,0.111258570071377,4.00969514934713,6.07971888879697e-05,0.00481671452549668,"chromobox protein homolog 5-like","gonad"
"bcap29",189.588051643235,0.445987787705499,0.132367701904491,3.36952082530767,0.000752990009607699,0.0182092794788273,"B cell receptor associated protein 29","gonad"
"LOC115105673",112.291883565669,0.444693056879533,0.154375416095736,2.88080146410861,0.00396665413934462,0.0477899204753638,"sodium channel subunit beta-4-like, transcript variant X1","gonad"
"LOC115127937",288.809654632536,0.444583951708951,0.154557338945238,2.87700370399804,0.00401470882804546,0.0480877155603268,"60S ribosomal protein L30-like","gonad"
"LOC115101039",56.9071688948424,0.442691274307788,0.130567836254504,3.39037416536697,0.000697972890947313,0.0174125384586131,"centrin-3","gonad"
"LOC115102427",239.676587780315,0.441743047817502,0.135169444270264,3.26810513393601,0.00108270138965775,0.022379119605149,"citrate synthase, mitochondrial-like","gonad"
"LOC115119017",137.712656709174,0.441715252934563,0.143545717391816,3.07738860769523,0.0020882286949193,0.032619103215139,"vesicular integral-membrane protein VIP36-like, transcript variant X2","gonad"
"LOC115142364",660.658910116742,0.441073490399779,0.138951735126125,3.17444081661313,0.00150125502684343,0.0267309061189289,"rho guanine nucleotide exchange factor 3-like","gonad"
"LOC115103687",251.372954532041,0.440644822832163,0.138332939240297,3.18545250911216,0.00144527823146028,0.0261878883375124,"ras and Rab interactor 2-like, transcript variant X1","gonad"
"LOC115144429",303.82694255905,0.440358793620578,0.133243937195778,3.30516920279544,0.000949190779684048,0.0208987528061831,"vacuolar protein sorting-associated protein 26A-like","gonad"
"LOC115107474",265.788512249308,0.439773384288307,0.150820950379669,2.91601898326131,0.00354528929185494,0.0451446218838421,"protein FAM89A-like","gonad"
"LOC115135866",1216.42094196594,0.438593503950977,0.153273545209106,2.86173290404022,0.00421331810858691,0.0493566917330809,"non-histone chromosomal protein HMG-14-like","gonad"
"LOC115147158",63.0173520550457,0.436330287972757,0.146994736855626,2.96829735434986,0.00299454484502235,0.0404020983251206,"microtubule-associated serine/threonine-protein kinase 3-like, transcript variant X1","gonad"
"LOC115136712",99.2595681361377,0.436101553630614,0.151644383156465,2.87640353547736,0.00402235119512404,0.0480877155603268,"vacuolar protein sorting-associated protein 26B-like","gonad"
"mrpl48",152.507550579698,0.435616376751858,0.132916949162161,3.2777588151637,0.00104634757646974,0.0219408542197724,"mitochondrial ribosomal protein L48","gonad"
"LOC115137643",112.050501586515,0.43531603111588,0.150690760325873,2.88991131039743,0.00385350527291885,0.047044566307362,"transmembrane protein 199-like","gonad"
"LOC115138057",117.677903184256,0.434739868869732,0.152222337187178,2.85672879885446,0.00428031387935591,0.0497836261090934,"mitochondrial fission 1 protein-like","gonad"
"LOC115144868",54.2077770737976,0.434598159486865,0.150262137286857,2.89242037719709,0.00382286066325515,0.0468820379914095,"NUAK family SNF1-like kinase 1","gonad"
"cops3",278.910106540116,0.434348377184165,0.129560115856569,3.35288239142043,0.00079974681859809,0.0187880967867926,"COP9 signalosome subunit 3","gonad"
"LOC115142908",373.982151745154,0.434343429690698,0.110235183156937,3.94038676781554,8.1350343009474e-05,0.00558185364993893,"synaptophysin-like protein 1","gonad"
"LOC115126126",56.4148754204787,0.43419955153652,0.142529927116626,3.04569066259373,0.00232146539227641,0.0348588003193924,"nck-associated protein 1-like","gonad"
"LOC115110513",382.186540562373,0.433597871086035,0.134919709153182,3.21408400943839,0.00130861379996119,0.0247935215695111,"DNA-directed RNA polymerases I, II, and III subunit RPABC2","gonad"
"LOC115113497",176.795879028116,0.433466485453228,0.119605255941547,3.62422701436289,0.000289826956768009,0.0105333855808773,"autophagy-related protein 13-like, transcript variant X2","gonad"
"LOC115143302",35.9084337105263,0.432840250845986,0.150339435281114,2.87890966512657,0.00399052621029518,0.0479445518984386,"serine/threonine-protein kinase Nek4-like, transcript variant X3","gonad"
"LOC115141755",300.597199536745,0.432821874999827,0.103829527705509,4.16828550214518,3.06899377936175e-05,0.00360309480990174,"tripartite motif-containing protein 3-like","gonad"
"isca2",242.07943140601,0.432763423039106,0.140097920086785,3.08959844588387,0.00200427271233472,0.0320531282162652,"iron-sulfur cluster assembly 2, transcript variant X1","gonad"
"LOC115111291",102.44144916003,0.432319543092135,0.143893345765254,3.00443898349335,0.00266071121128419,0.0379086281306743,"nucleolar protein 6-like","gonad"
"LOC115113376",336.025027557,0.431477590439496,0.11626020861918,3.71143772085301,0.000206085376254493,0.00882856696692042,"transmembrane 9 superfamily member 3-like","gonad"
"wdr61",131.320061817123,0.429969353534141,0.139361040958276,3.08567622724076,0.00203089835361129,0.0322880439341979,"WD repeat domain 61, transcript variant X1","gonad"
"LOC115129293",155.751193212928,0.429659763315651,0.143725548294586,2.99005585256275,0.0027892644020725,0.0390352708449688,"COMM domain-containing protein 5-like","gonad"
"znf319",70.1862378297674,0.429307844437978,0.13778376040837,3.11615836380606,0.00183223847036049,0.0304061660265345,"zinc finger protein 319, transcript variant X2","gonad"
"ldah",73.5124443664558,0.429210861902736,0.13809388145629,3.10790463915746,0.00188418854299286,0.0310235739665824,"lipid droplet associated hydrolase","gonad"
"fosl2",189.558783604615,0.428844275788398,0.14911482239064,2.87637153984638,0.00402275898851638,0.0480877155603268,"FOS like 2, AP-1 transcription factor subunit, transcript variant X1","gonad"
"LOC115113214",86.0375906305604,0.428759128913303,0.135313908753809,3.169462532611,0.00152721146880782,0.0269755122778694,"survival of motor neuron-related-splicing factor 30-like, transcript variant X1","gonad"
"LOC115110101",103.515935544991,0.42731737124268,0.134582180760776,3.17588865760314,0.00149378272841209,0.0267026124539663,"protein PET100 homolog, mitochondrial","gonad"
"LOC115146682",512.051824492005,0.42699346836253,0.14528075106894,2.93935131875288,0.00328900030207176,0.0430211094984973,"ATPase inhibitor B, mitochondrial-like","gonad"
"LOC115111647",375.49448911101,0.425832909557393,0.141388221099212,3.01173043044497,0.00259763164009524,0.0374323859248123,"transcobalamin-2-like","gonad"
"LOC115140452",171.602168497535,0.424614521034285,0.140587527636292,3.0205957556811,0.00252277924065083,0.0367837182686197,"glutaredoxin-related protein 5, mitochondrial-like","gonad"
"LOC115133836",304.75382870493,0.424557582676337,0.128776059551761,3.29721118837271,0.00097650045959208,0.0212041699568533,"arrestin red cell-like","gonad"
"LOC115138553",121.928502955369,0.42416816072347,0.128845296705071,3.29270098618343,0.00099229945657584,0.0214488472719903,"charged multivesicular body protein 3, transcript variant X2","gonad"
"LOC115125262",285.075606052053,0.422832885323257,0.132380593703761,3.19413788758509,0.00140249111514103,0.0256563275167157,"zyxin-like, transcript variant X1","gonad"
"LOC115109223",491.199910161169,0.421812806902798,0.135962965299334,3.10260720235835,0.0019182405831069,0.0313389865756075,"cystinosin-like","gonad"
"LOC115136789",2181.14811408448,0.421486554370162,0.12640494928471,3.33444046337064,0.00085471195396716,0.0195750483553503,"claudin-3-like","gonad"
"LOC115144424",301.778137276992,0.42039951468871,0.131358032722996,3.20014874317245,0.00137356681091243,0.0255176091696103,"membrane-spanning 4-domains subfamily A member 15-like","gonad"
"LOC115136948",493.563243594442,0.420340908635936,0.145371100387566,2.89177389915029,0.00383073520575612,0.0468917795450676,"histone H3.3","gonad"
"LOC115105094",88.9458720220721,0.419643854303333,0.139151802173287,3.01550907214526,0.00256548264034474,0.0372240718735078,"neuropilin-1a, transcript variant X3","gonad"
"LOC115140753",212.411928725932,0.41961985506559,0.146961203618053,2.85569451729463,0.00429428089840408,0.0498847906817676,"zyxin-like, transcript variant X2","gonad"
"LOC115110486",109.333923202641,0.419539037897704,0.11708149797606,3.58280147133078,0.000339928956071238,0.0114513105243807,"sterol regulatory element-binding protein 2-like, transcript variant X2","gonad"
"LOC115118440",138.202784565337,0.418447933252652,0.133803361719373,3.12796846463224,0.0017601906588425,0.029758223326056,"activated RNA polymerase II transcriptional coactivator p15-like","gonad"
"LOC115112389",31.3503400468831,0.418088908538603,0.136025925542052,3.07149188431799,0.00212991954138856,0.0329224706254632,"forkhead box protein F1-like","gonad"
"LOC115125732",595.073113889422,0.417317878331243,0.143638971030626,2.90556687951761,0.00366588497271114,0.0457571074214142,"actin-related protein 2/3 complex subunit 3-B-like","gonad"
"LOC115132474",249.226478471555,0.415909405093081,0.144766148654818,2.87329872735088,0.00406209819044618,0.0484051788773432,"probable Bax inhibitor 1","gonad"
"plcg2",100.450908207864,0.415225662141625,0.144078942569705,2.88250819990183,0.00394522867406686,0.0476725621847198,"phospholipase C gamma 2","gonad"
"LOC115138487",39.4149459796505,0.415013656928656,0.144649836766136,2.86827470289058,0.00412717021054966,0.0488730256014745,"protein-arginine deiminase type-2-like, transcript variant X2","gonad"
"LOC115144010",184.813339690795,0.414072011921306,0.119250446410549,3.47169406797401,0.000517185360250278,0.0142676508972668,"anthrax toxin receptor 1-like","gonad"
"LOC115102447",690.699366693635,0.412267491334777,0.134472879995159,3.06589580476933,0.00217018927763308,0.0334085642048637,"C4b-binding protein alpha chain-like, transcript variant X2","gonad"
"LOC115139828",286.36847634299,0.412226792011789,0.126213751299898,3.26641581677321,0.00108918186570319,0.022379119605149,"mothers against decapentaplegic homolog 2-like, transcript variant X2","gonad"
"LOC115144303",87.0954989799047,0.411712692685035,0.13819202607881,2.97892420158106,0.00289262324864759,0.0396897255167697,"protein phosphatase 1G-like, transcript variant X1","gonad"
"LOC115133984",24.4519260798967,0.410597381386684,0.143139034429719,2.8674305508857,0.00413819616617974,0.0489085948034562,"transcription initiation factor TFIID subunit 4-like, transcript variant X2","gonad"
"LOC115141877",44.5496130530497,0.410158227692951,0.140555101578788,2.9180082311846,0.00352275050666622,0.045039352359031,"vacuole membrane protein 1-like, transcript variant X1","gonad"
"pcyox1",223.45878117318,0.409790651600723,0.13012566154412,3.14932096347064,0.00163650349381245,0.0282472139064164,"prenylcysteine oxidase 1","gonad"
"LOC115135971",161.394778642173,0.408844776911774,0.126945799024528,3.22040974522392,0.00128007492649221,0.0246091128810753,"3-methyl-2-oxobutanoate dehydrogenase [lipoamide] kinase, mitochondrial-like","gonad"
"srd5a3",72.97041876015,0.408225716517845,0.140009986862121,2.91644282611386,0.00354047605348885,0.0451136703047182,"steroid 5 alpha-reductase 3, transcript variant X1","gonad"
"LOC115139357",820.712402511421,0.407644898066842,0.12475741706489,3.26744988743185,0.00108521076887285,0.022379119605149,"tumor necrosis factor receptor superfamily member 21-like","gonad"
"LOC115134982",84.9807014607231,0.40746383159568,0.140210720448729,2.90685494932845,0.00365082442893998,0.0456594191294442,"GTP-binding protein SAR1b-like, transcript variant X1","gonad"
"LOC115102875",216.147030166015,0.407448653102182,0.121443409769007,3.35504471933548,0.000793521556550566,0.0187114952344769,"far upstream element-binding protein 3-like, transcript variant X3","gonad"
"LOC115118033",497.539987639009,0.407265193446011,0.139960755144328,2.9101236650564,0.00361285773173538,0.0454235599050355,"small ubiquitin-related modifier 3-like","gonad"
"LOC115109066",71.7531570509418,0.406444008491346,0.141665763883979,2.86960036929753,0.00410990871302799,0.0487601011786873,"cytochrome b reductase 1","gonad"
"LOC115110749",267.682954275382,0.404295022136267,0.095227918933353,4.24552459312275,2.18082586281599e-05,0.00294956697945863,"signal transducing adapter molecule 2-like","gonad"
"LOC115113146",237.648869091988,0.404209868460529,0.126226742181837,3.20247635222925,0.00136251486420709,0.0253975290950378,"bcl-2-like protein 11","gonad"
"LOC115112141",255.289682746237,0.40376961942265,0.134943745089342,2.99250114434426,0.0027670162971567,0.0388099656197498,"CKLF-like MARVEL transmembrane domain-containing protein 3","gonad"
"LOC115107198",47.5760691457714,0.403191332511799,0.138953619596779,2.90314087542673,0.00369440411507416,0.0459615912739351,"kelch-like protein 10","gonad"
"LOC115138513",92.2978919500054,0.402248610469968,0.183593366903795,-4.10216936675294,4.09294488126838e-05,0.00405875972915083,"signal transducer and activator of transcription 1-alpha/beta-like, transcript variant X1","gonad"
"LOC115106900",311.572700781373,0.402143811990107,0.119462255299342,3.3663743008225,0.00076163285023427,0.0182392979924443,"ADP-ribosylation factor 4","gonad"
"nfs1",455.579438872904,0.401066476948505,0.105085178643469,3.81642345504364,0.000135400053564224,0.00740982663074732,"NFS1 cysteine desulfurase, transcript variant X1","gonad"
"LOC115106839",215.991709757643,0.399453182515341,0.120631698004031,3.31161263988774,0.000927598885078699,0.0205187907581369,"uncharacterized LOC115106839, transcript variant X2","gonad"
"LOC115129370",222.940865748946,0.398646665920913,0.136040112588681,2.93055187930839,0.00338360489881789,0.0437626767480305,"V-type proton ATPase 116 kDa subunit a-like, transcript variant X2","gonad"
"LOC115127474",127.722305488615,0.397650327803361,0.1306076270674,3.04503478455983,0.00232653400210426,0.0348795893347934,"protein ABHD13","gonad"
"LOC115133353",81.0761928257226,0.397473068142919,0.12629649877634,3.14753037892582,0.00164655995308106,0.0283432842832635,"E3 ubiquitin/ISG15 ligase TRIM25-like, transcript variant X3","gonad"
"LOC115103371",110.545319681664,0.396429388867771,0.138782644519106,2.85692708359803,0.00427764093715758,0.049783116868518,"nuclear receptor-binding protein 2-like, transcript variant X2","gonad"
"LOC115137894",222.338308025101,0.394342590162461,0.128301809314575,3.07387827192325,0.00211295628026687,0.0328289567057646,"ankyrin repeat domain-containing protein 46-like, transcript variant X2","gonad"
"LOC115130820",86.954337279447,0.393653689820706,0.12951764270047,3.04008149241838,0.00236514143380803,0.0352819155136609,"peptidyl-prolyl cis-trans isomerase D-like","gonad"
"LOC115129300",83.8682940075112,0.392816158443276,0.130296325249433,3.01394840919023,0.00257871652764287,0.0373104416633583,"stress-70 protein, mitochondrial-like","gonad"
"LOC115125845",55.2027311948211,0.392176725485049,0.135030622422816,2.90421653766052,0.00368173425725364,0.0458556954810996,"T-cell acute lymphocytic leukemia protein 1 homolog","gonad"
"LOC115137949",132.260067763805,0.391158782506407,0.131908449420444,2.9660882393064,0.00301613939504298,0.0405363108731656,"prefoldin subunit 2-like, transcript variant X1","gonad"
"LOC115138675",30.6730828877168,0.390261614132617,0.12225294279706,3.19024559275353,0.00142151936270955,0.0258573238400181,"zinc finger MYM-type protein 4-like","gonad"
"fuom",189.931286421535,0.390246985702947,0.112140790086211,3.47999820922663,0.000501417134083233,0.0140911091282217,"fucose mutarotase, transcript variant X1","gonad"
"LOC115141933",67.9977410212575,0.389138717161494,0.121671358780316,3.19813133406851,0.00138321269268857,0.0255489669964341,"vascular endothelial zinc finger 1-like, transcript variant X7","gonad"
"LOC115140940",299.321811843275,0.389000603908316,0.124908232855199,3.11451516032889,0.00184247488076246,0.030495858275557,"epithelial discoidin domain-containing receptor 1-like","gonad"
"LOC115109226",82.089922385711,0.38854288350058,0.135954020651917,2.85880490993135,0.00425240217852481,0.0496419452838269,"vimentin-type intermediate filament-associated coiled-coil protein-like","gonad"
"LOC115104202",141.24565993039,0.388167289486892,0.133095265467486,2.91709556911773,0.00353307501006024,0.0451104351419356,"putative E3 ubiquitin-protein ligase UNKL, transcript variant X1","gonad"
"LOC115101426",213.743618165297,0.387747554168087,0.120124373155882,3.22833826638433,0.00124511644183419,0.0242556763977583,"zinc finger and BTB domain-containing protein 20-like","gonad"
"LOC115129790",47.5161001120277,0.385509941079295,0.132391395848666,2.91127234438285,0.0035996011287018,0.0453784603009112,"transcription factor Sp3-like","gonad"
"glis2",151.474209132527,0.385136420822527,0.134426661569718,2.8652520964447,0.0041667738096314,0.0490888803620421,"GLIS family zinc finger 2","gonad"
"LOC115113685",203.535513664131,0.384990739449604,0.123618063418824,3.11481916650473,0.00184057710807665,0.030491100211226,"toll-interacting protein","gonad"
"LOC115130376",2894.42033822585,0.384839659945905,0.126821469888192,3.03455625037359,0.00240889829733769,0.0356347572344447,"myosin regulatory light polypeptide 9","gonad"
"LOC115103203",141.94482122054,0.384801914386466,0.102919159422363,3.73846682111202,0.000185145921367574,0.00842725485840147,"cyclic AMP-dependent transcription factor ATF-6 alpha-like, transcript variant X7","gonad"
"LOC115105247",173.677457119164,0.384446829466896,0.126546593469975,3.03816396128788,0.00238024408347118,0.0353212552668705,"protein YIPF5, transcript variant X2","gonad"
"LOC115122343",481.301995422675,0.383802689578567,0.130715021319032,2.93648182042258,0.00331958276923685,0.0432299172871387,"cell division control protein 42 homolog","gonad"
"LOC115143034",178.273642094167,0.382714606243719,0.128913434988817,2.96879741111904,0.00298967630755473,0.0404020983251206,"protein SYS1 homolog, transcript variant X2","gonad"
"LOC115102419",1897.92854077549,0.382657957966733,0.125506882986875,3.04894368835376,0.00229647523190536,0.034620826844051,"CD63 antigen-like","gonad"
"LOC115141144",210.637488772134,0.382351399712382,0.130722977994973,2.92523681134666,0.00344194186668581,0.0443053495891882,"probable Bax inhibitor 1, transcript variant X2","gonad"
"LOC115135827",66.8973724462044,0.381370621950476,0.111972377679032,3.4054813564018,0.000660475230874023,0.0167815632728291,"NLR family CARD domain-containing protein 3-like","gonad"
"hif1a",121.984211421872,0.379733641463706,0.122544935277458,3.09815984896593,0.00194726365792127,0.0315642512230437,"hypoxia inducible factor 1 subunit alpha, transcript variant X1","gonad"
"LOC115146927",99.8143316780301,0.37972989416823,0.190914709847244,-2.8733920686272,0.00406089807929771,0.0484051788773432,"protein mono-ADP-ribosyltransferase PARP14-like","gonad"
"LOC115105867",71.2557963965577,0.379018404081757,0.127615772459351,2.96971779784021,0.0029807343235129,0.0404010053083155,"rapamycin-insensitive companion of mTOR-like, transcript variant X3","gonad"
"LOC115117262",59.7651174051231,0.377875462041837,0.12481978593788,3.02704434392989,0.00246957727094512,0.0364469568397084,"beta-adrenergic receptor kinase 2-like","gonad"
"LOC115138841",67.2015266538134,0.377340497369347,0.128061380396978,2.94684668541557,0.00321032328782412,0.0422428571611881,"putative Polycomb group protein ASXL2","gonad"
"pheta1",223.281122929798,0.376527166271341,0.121262946403423,3.10511136709548,0.00190207393771635,0.0312095060750946,"PH domain containing endocytic trafficking adaptor 1, transcript variant X2","gonad"
"LOC115139948",133.461153967799,0.375975710470908,0.126102040052087,2.98211939944791,0.00286260332765813,0.0394869952486772,"E3 ubiquitin-protein ligase RNF34-like, transcript variant X1","gonad"
"LOC115102702",198.385945618986,0.374927378342722,0.112987300692829,3.31854455391007,0.000904878856673906,0.0202050485272646,"protein RER1-like, transcript variant X2","gonad"
"slc39a10",122.447765682169,0.373515889105204,0.112350989819974,3.3239854942356,0.000887408116019517,0.019979872386242,"solute carrier family 39 member 10, transcript variant X2","gonad"
"LOC115140246",282.548476846785,0.373340374515759,0.116318315745377,3.20985651311907,0.00132801246624715,0.0249866992447808,"erlin-2, transcript variant X2","gonad"
"LOC115110121",298.289934318495,0.368247496205338,0.11705666532865,3.14617754063723,0.00165419557586197,0.0284488585185707,"SUMO-conjugating enzyme UBC9-like, transcript variant X1","gonad"
"wdr81",126.73344304799,0.367816919682572,0.11693256923885,3.14568389292212,0.00165698990159134,0.0284710560677242,"WD repeat domain 81, transcript variant X1","gonad"
"LOC115105880",115.574287783334,0.365916616924056,0.12463928880276,2.93651676197485,0.00331920881754851,0.0432299172871387,"BRCA1-A complex subunit Abraxas 1","gonad"
"LOC115103833",384.224962134711,0.365000941736136,0.106082463840585,3.44068830390861,0.000580236533036075,0.0153697338593613,"probable helicase with zinc finger domain, transcript variant X5","gonad"
"LOC115141932",96.721120871744,0.364472343455008,0.11836432559129,3.0790154983529,0.00207685877184007,0.0325002651609849,"CUE domain-containing protein 1-like, transcript variant X2","gonad"
"LOC115143363",370.636523130317,0.364051287087455,0.123846992571987,2.93968425621533,0.00328546859641514,0.0430211094984973,"protein NDRG3-like, transcript variant X1","gonad"
"LOC115136639",84.2295557802564,0.363867797164311,0.102393418530129,3.55349172570154,0.00038015315588866,0.0121386172120603,"vascular endothelial zinc finger 1-like, transcript variant X1","gonad"
"LOC115103091",103.9750402076,0.362430529721624,0.121328530431493,2.9867553869266,0.00281955226328403,0.0392049466014407,"translation initiation factor eIF-2B subunit gamma-like","gonad"
"LOC115108370",319.463193147868,0.361693891253175,0.110834895852904,3.26348160688895,0.00110052327490214,0.02249825496236,"neurogenic locus notch homolog protein 2-like","gonad"
"LOC115107921",72.578301487969,0.360963185811016,0.12134746151185,2.97413916657101,0.00293811788028675,0.0400816009101077,"phospholipase DDHD1-like","gonad"
"LOC115112254",231.283197781932,0.360596325715294,0.117044691987542,3.08092718461703,0.00206357106646593,0.0324263221108153,"ubiquitin carboxyl-terminal hydrolase 10-like, transcript variant X1","gonad"
"LOC115102233",227.559678452017,0.360290165316381,0.102543688777467,3.51370358682863,0.000441905631427123,0.013251665821277,"rho-related GTP-binding protein RhoA-C, transcript variant X1","gonad"
"LOC115136594",333.236557029903,0.359206342186044,0.11845495188901,3.03259387156926,0.00242461672609566,0.0358113242656953,"integrin-linked protein kinase","gonad"
"znf622",83.7800952073769,0.359174646130742,0.121382063953927,2.95917678208737,0.00308462093435772,0.0411318995718757,"zinc finger protein 622, transcript variant X2","gonad"
"LOC115103167",35.9029851275154,0.357243331374588,0.119950427825637,2.97674667822154,0.00291324613989612,0.0398571644934488,"protein phosphatase 1 regulatory subunit 7-like, transcript variant X1","gonad"
"LOC115127881",163.39756020528,0.356927059889625,0.104805851408147,3.40519880278349,0.000661159028335383,0.0167815632728291,"docking protein 3-like","gonad"
"LOC115143304",119.13548846892,0.355772012555776,0.108790116691606,3.27006482371288,0.00107522841330472,0.0223503226239574,"calcium/calmodulin-dependent protein kinase type 1-like, transcript variant X2","gonad"
"LOC115142911",119.30745262163,0.355596577754609,0.120329422075881,2.95562827801134,0.00312032909513114,0.0414329813578599,"cytochrome b561 domain-containing protein 1, transcript variant X1","gonad"
"LOC115102279",187.130252494245,0.354777779713357,0.119152782016309,2.97763811926453,0.00290478730943317,0.0397992413149343,"UPF0688 protein C1orf174 homolog, transcript variant X2","gonad"
"LOC115140816",98.7341738999156,0.353805067079306,0.113711912661404,3.11129134075023,0.00186271063855165,0.0307769859868896,"multiple epidermal growth factor-like domains protein 8, transcript variant X2","gonad"
"LOC115136212",88.9335347089286,0.353784304313975,0.112169708776893,3.15413037251137,0.00160977154569294,0.0279130258403808,"RNA-binding protein 27-like, transcript variant X2","gonad"
"LOC115102549",53.8267617784338,0.353264934301104,0.117446705177213,3.00704401573077,0.00263801562957355,0.0378058444034855,"molybdate-anion transporter-like","gonad"
"LOC115133612",75.2047414468893,0.352857648523757,0.114792816148077,3.07408293528535,0.00211150724677089,0.0328289567057646,"PHD finger protein 23B-like, transcript variant X1","gonad"
"oip5",666.831128810346,0.352598270728919,0.0984571540692577,3.58125062920218,0.000341953425977733,0.0114599789750237,"Opa interacting protein 5, transcript variant X2","gonad"
"lg1h2orf69",52.2007269655882,0.351171848365024,0.113241832707373,3.10113451721748,0.00192780692276112,0.0314139622052338,"linkage group 1 C2orf69 homolog, transcript variant X3","gonad"
"LOC115134396",277.983171101494,0.351061035389433,0.0942677613824787,3.72413399108819,0.000195986819935811,0.00867612701239487,"muscleblind-like protein 2a, transcript variant X2","gonad"
"LOC115115496",99.1733244596014,0.350811825802518,0.11317223706468,3.09994481551087,0.00193556701276012,0.0315132943994952,"transmembrane protein 109-like","gonad"
"LOC115104167",48.8552163388325,0.350219144167322,0.122558183136378,2.85832818056671,0.00425879679415578,0.0496859625984841,"sorting nexin-8-like, transcript variant X1","gonad"
"LOC115143449",306.99424327023,0.348472150037847,0.114189048663112,3.05205044856273,0.00227283898229683,0.0344289649038324,"guanine nucleotide-binding protein G(I)/G(S)/G(T) subunit beta-1-like","gonad"
"LOC115138595",117.695548697967,0.347955159334694,0.0876182282203396,3.97084970884103,7.16167485369594e-05,0.0051956441898365,"thioredoxin-related transmembrane protein 1-like, transcript variant X2","gonad"
"LOC115111553",252.474459845156,0.347666925487004,0.106949319591779,3.25111747849374,0.00114952347544784,0.0229844002192237,"transmembrane protein 127","gonad"
"ccpg1",177.527504857293,0.345522233267023,0.0982703360401733,3.51638408164218,0.000437467638827416,0.0131995254613349,"cell cycle progression 1, transcript variant X6","gonad"
"LOC115116342",1116.20287622547,0.345236896991523,0.118011753054696,2.92551006123604,0.00343892055665545,0.0442965719321571,"high mobility group-T protein-like","gonad"
"LOC115132953",49.4026765824281,0.342656816819494,0.117422930220752,2.91809250449996,0.00352179854932418,0.045039352359031,"zinc finger protein 397-like, transcript variant X1","gonad"
"LOC115114670",167.11763485915,0.341991773285524,0.114134874679257,2.99631883577545,0.00273260554519743,0.0386133477599354,"TOX high mobility group box family member 4-A-like, transcript variant X6","gonad"
"LOC115143065",521.887422163617,0.341285830623486,0.106748108492719,3.19732637796764,0.00138707885251303,0.0255489669964341,"carboxy-terminal domain RNA polymerase II polypeptide A small phosphatase 2-like","gonad"
"LOC115103860",494.089985876556,0.337789156609451,0.112429361771957,3.00454418745258,0.00265979120544101,0.0379086281306743,"actin-related protein 2-A","gonad"
"LOC115143209",237.009146528916,0.337313478012638,0.115908519749361,2.91037279150801,0.00360997886449657,0.0454235599050355,"RNA-binding motif, single-stranded-interacting protein 1-like, transcript variant X6","gonad"
"LOC115138711",90.8230812643537,0.336795021885968,0.116392170836465,2.89295903332302,0.00381631070122309,0.0468320435046398,"F-box only protein 34-like, transcript variant X1","gonad"
"LOC115106403",337.115799783163,0.336539758709254,0.0926315666935474,3.63294408754313,0.000280205752564014,0.0104159332703391,"anthrax toxin receptor 1-like","gonad"
"LOC115112145",81.6023849355684,0.335515517180049,0.103112151186468,3.25416408161006,0.00113726571984908,0.0229038183866404,"NEDD8-activating enzyme E1 regulatory subunit-like, transcript variant X2","gonad"
"LOC115130589",132.704210614988,0.334591023398222,0.112117082007637,2.98465360497381,0.00283899619929772,0.0392956089427648,"solute carrier family 25 member 51-like, transcript variant X1","gonad"
"LOC115126112",94.3748887817377,0.333226895289402,0.100917299995253,3.30182148687655,0.000960591837098708,0.0210275218907099,"GTP-binding protein 1-like, transcript variant X2","gonad"
"LOC115140086",184.151800373545,0.33199971519225,0.111326183737195,2.98243855503464,0.00285962043521458,0.0394869952486772,"MOB kinase activator 1A","gonad"
"gabpa",96.7641962888539,0.331758885787715,0.10316325655232,3.21541887485389,0.00130254305287223,0.0247849925675317,"GA binding protein transcription factor subunit alpha, transcript variant X2","gonad"
"LOC115117203",181.889594818819,0.331730800436777,0.0929646587460723,3.56824676597694,0.000359377961058728,0.0117122576465525,"mitotic-spindle organizing protein 2-like, transcript variant X1","gonad"
"LOC115123231",82.0180210833608,0.327575513660832,0.207777755990448,-4.63469696589481,3.57460735116276e-06,0.00159636790019138,"uncharacterized LOC115123231","gonad"
"LOC115102098",532.633481562341,0.326327826611817,0.100331458789654,3.25250011524215,0.00114394549476194,0.0229698917744617,"transcription cofactor vestigial-like protein 4, transcript variant X1","gonad"
"LOC115101334",192.215152790343,0.325040156260213,0.105025011190151,3.09469752224302,0.00197013703679372,0.031804404711868,"adenylosuccinate synthetase isozyme 2-like","gonad"
"LOC115103136",177.081570125599,0.322538454670815,0.0952372663981141,3.38689348618612,0.000706888263653586,0.0175695206304185,"la-related protein 4B-like, transcript variant X1","gonad"
"LOC115144952",198.803639464549,0.321498689523864,0.0954464681127526,3.36846525426781,0.000755879237341516,0.018233900154991,"long-chain-fatty-acid--CoA ligase ACSBG2-like, transcript variant X2","gonad"
"LOC115144704",279.551684947247,0.320542632200033,0.103771815316988,3.08897166229902,0.00200850595817023,0.0320802746804469,"apoptosis inhibitor 5-like, transcript variant X1","gonad"
"LOC115141881",132.783766408627,0.319872145971335,0.108917474857781,2.93708673639444,0.00331311424898286,0.0432293014296146,"beta-secretase 2-like","gonad"
"LOC115105622",119.039324881338,0.317525547945864,0.10710683318802,2.9643421468291,0.00303330821193338,0.0407345326191195,"misshapen-like kinase 1, transcript variant X5","gonad"
"LOC115110639",166.327350221612,0.316300135638999,0.106556846407069,2.96860434118084,0.00299155517413247,0.0404020983251206,"growth factor receptor-bound protein 2","gonad"
"fam133b",945.221890972829,0.314894083427153,0.0979177279095162,3.2159637261704,0.0013000726371712,0.0247849925675317,"family with sequence similarity 133 member B","gonad"
"LOC115143468",27.689705949468,0.311658618148931,0.187023508133015,-3.21448343984563,0.00130679452449102,0.0247935215695111,"ubiquitin-like modifier-activating enzyme 1","gonad"
"LOC115106619",124.400555527967,0.310467600259204,0.107551950281596,2.88653013041041,0.00389515449603956,0.047278686142634,"carnitine O-palmitoyltransferase 1, liver isoform-like, transcript variant X2","gonad"
"LOC115132174",890.848516645078,0.310181520045244,0.0933273699846538,3.32361978123297,0.000888572538915487,0.0199823290075591,"serine/threonine-protein kinase pim-1-like, transcript variant X2","gonad"
"LOC115103911",113.573096822175,0.309377968655326,0.0968414950701124,3.19472777896936,0.00139962789577808,0.0256553283703368,"kinesin-like protein KIF16B, transcript variant X1","gonad"
"LOC115145826",259.37847780461,0.308876139427213,0.0970497311647062,3.18285500147595,0.00145830623697418,0.0263231921802728,"succinate--CoA ligase [ADP/GDP-forming] subunit alpha, mitochondrial-like","gonad"
"LOC115103923",209.954317739091,0.307830648951055,0.083612960884626,3.68162586915113,0.000231751326038432,0.00940493441031827,"striatin-like, transcript variant X1","gonad"
"LOC115129470",359.922190845513,0.306480496364315,0.0847381172352011,3.61683953838343,0.000298222046575783,0.0107150558859819,"GTP-binding nuclear protein Ran-like","gonad"
"LOC115141103",108.235904856892,0.30645782005152,0.0991110382359352,3.09232490971089,0.00198595350671173,0.0319219266974419,"OTU domain-containing protein 7B-like, transcript variant X3","gonad"
"LOC115139983",213.10814456596,0.305113530385054,0.0902788537496889,3.37970655824915,0.000725632582293615,0.0178671689801425,"GTPase-activating protein and VPS9 domain-containing protein 1-like, transcript variant X4","gonad"
"LOC115146143",153.21910907777,0.303654522513209,0.0786918950415268,3.85860914904854,0.000114034137582784,0.00674350765106042,"kinesin light chain 1-like, transcript variant X4","gonad"
"LOC115118184",502.879509204321,0.30163333822047,0.0855838408427922,3.52442817539715,0.00042439785332367,0.0129612473430382,"interleukin-6 receptor subunit beta-like","gonad"
"LOC115138439",46.4874850803179,0.300024373817619,0.0998299171048297,3.00510509328951,0.00265489100438682,0.0378827137664389,"kelch-like protein 28, transcript variant X2","gonad"
"LOC115117022",111.47867915945,0.299649464124861,0.0984284130404419,3.04440325610616,0.00233142401444156,0.0349067014587401,"phosphatidylinositide phosphatase SAC1-A-like","gonad"
"sarnp",193.2012908428,0.299467692479315,0.10290996277924,2.91021254233198,0.00361183044001054,0.0454235599050355,"SAP domain containing ribonucleoprotein, transcript variant X1","gonad"
"LOC115111809",145.989614168272,0.299013910176622,0.0918648844022067,3.2549417214052,0.00113415636573769,0.0228947236516451,"serine/threonine-protein kinase A-Raf-like","gonad"
"LOC115105605",124.899593358044,0.298328839503647,0.103078095650305,2.89418556774472,0.00380143429164369,0.0467500504687459,"arrestin red cell, transcript variant X4","gonad"
"LOC115112080",173.773692204188,0.293565604031787,0.101913873875164,2.88053644754722,0.00396999047859151,0.0477899204753638,"rho GTPase-activating protein 1-like","gonad"
"LOC115143445",166.095120963143,0.288925837082891,0.0776563880688466,3.72076345101225,0.000198621418342657,0.00867612701239487,"hyaluronidase-1-like","gonad"
"LOC115122674",174.731863230456,0.287855472733411,0.0804207010989036,3.57931442625473,0.000344496778483281,0.0114842367967974,"far upstream element-binding protein 3-like, transcript variant X2","gonad"
"LOC115107644",103.849976633391,0.283770389429057,0.0930971255147959,3.04775812900848,0.00230555417208324,0.0347244094015164,"zinc finger protein 292-like","gonad"
"LOC115126437",55.1911737008112,0.273715180010311,0.201794573459345,-3.11928303730943,0.00181291720948606,0.0302445703626596,"uncharacterized LOC115126437, transcript variant X1","gonad"
"LOC115101926",462.528393247428,0.27204907829934,0.0950762263762622,2.86133287677346,0.00421863854943196,0.0493695432221843,"para-nitrobenzyl esterase-like, transcript variant X2","gonad"
"gak",92.8137796406752,0.270429070690885,0.0836424064461507,3.23288889136144,0.00122545214590558,0.024020638077352,"cyclin G associated kinase","gonad"
"LOC115138574",374.691561741808,0.270321641852774,0.212608738282803,-4.2796805840131,1.87161726425064e-05,0.0026447069327303,"sacsin-like, transcript variant X3","gonad"
"LOC115113644",288.821058377548,0.262636692520472,0.0879363724028679,2.98671951388725,0.00281988310817175,0.0392049466014407,"AP-1 complex subunit gamma-1, transcript variant X3","gonad"
"LOC115140088",272.487546043463,0.262429652425138,0.0915496077971206,2.86672016153709,0.00414749567373884,0.0489301125123021,"guanine nucleotide-binding protein G(i) subunit alpha-2-like","gonad"
"LOC115109133",43.6348625807954,0.26204206126613,0.212852601304335,-3.20268943248838,0.00136150722621346,0.0253975290950378,"interferon-induced protein 44-like, transcript variant X1","gonad"
"LOC115121826",238.745291264771,0.261938288139388,0.0830072375893054,3.15582636856675,0.00160044102378754,0.027827686671641,"sin3 histone deacetylase corepressor complex component SDS3-like, transcript variant X1","gonad"
"LOC115116225",45.6032017243979,0.223915966600874,0.194986637433592,-3.71511390046124,0.000203112182933653,0.00874113019674822,"nicotinamide phosphoribosyltransferase-like","gonad"
"LOC115119677",42.1951229730956,0.220560485394237,0.193509193451203,-3.59215361266331,0.000327956424829353,0.0112701540910051,"uncharacterized LOC115119677","gonad"
"LOC115129232",506.014878347316,0.217906285146703,0.0746163552106879,2.92033748113486,0.00349652514747847,0.0448251209664893,"neutral alpha-glucosidase AB-like, transcript variant X3","gonad"
"LOC115107050",101.637067700651,0.182687902320576,0.154994814782602,-3.02154737208379,0.0025148628587386,0.0367837182686197,"protein mono-ADP-ribosyltransferase PARP12-like, transcript variant X1","gonad"
"LOC115101604",324.778521115404,0.181482880863616,0.15216798689208,-2.96867919662033,0.00299082658808666,0.0404020983251206,"E3 ubiquitin-protein ligase rnf213-alpha-like","gonad"
"LOC115112978",147.215549047435,0.170863811450184,0.192696187700317,-3.63282606473582,0.000280333994016343,0.0104159332703391,"E3 ubiquitin-protein ligase rnf213-beta-like, transcript variant X1","gonad"
"LOC115106629",34.5329889941892,0.157983760849653,0.1954888300442,-3.68579802175307,0.00022798711492172,0.00936558120856544,"uncharacterized LOC115106629","gonad"
"LOC115137871",85.4507835124458,0.116335103246914,0.16293994721867,-3.40028769638036,0.000673149868026666,0.01697360488017,"opioid growth factor receptor-like protein 1","gonad"
"psmf1",114.693218597887,0.103955828492548,0.116589981448038,-2.90446496926973,0.00367881368768925,0.0458556954810996,"proteasome inhibitor subunit 1","gonad"
"LOC115144070",131.763843585811,0.083362182050324,0.169402335948335,-3.25152290664475,0.00114788525446369,0.0229844002192237,"E3 ubiquitin-protein ligase rnf213-alpha-like","gonad"
"LOC115143311",146.857433286201,0.0713886578864575,0.213302708114522,-5.0945227749414,3.49620806031272e-07,0.000409370350082423,"interferon-induced GTP-binding protein Mx2","gonad"
"LOC115107051",120.010039198622,0.0687335236011295,0.205784024755225,-3.30324303596148,0.000955735170713831,0.0209696934617224,"ubl carboxyl-terminal hydrolase 18-like","gonad"
"LOC115112979",47.4610558471281,0.0593942320153466,0.183494793351109,-4.02718721673033,5.64480853146747e-05,0.00466654833338974,"E3 ubiquitin-protein ligase rnf213-beta-like","gonad"
"LOC115143312",679.605906525176,0.0484403392169878,0.202757490870401,-5.00603627594395,5.55622902565806e-07,0.000584484425560197,"interferon-induced GTP-binding protein Mx3, transcript variant X2","gonad"
"LOC115133054",180.44106495931,0.0398865389408947,0.205624109011564,-3.36584492673668,0.000763095949748671,0.018243966929913,"ubl carboxyl-terminal hydrolase 18-like, transcript variant X2","gonad"
"LOC115128356",22.406240136592,0.0365172614247352,0.188367142765284,-3.08004569157811,0.00206968840841123,0.0324685584202706,"MORC family CW-type zinc finger protein 3-like, transcript variant X3","gonad"
"epsti1",167.954028013821,0.0351504385860569,0.194106180310282,-3.40019637859708,0.000673374729945668,0.01697360488017,"epithelial stromal interaction 1, transcript variant X2","gonad"
"LOC115137998",40.1522650996938,-0.00234699707490827,0.2117841812738,-4.12810449797084,3.65765895409178e-05,0.00389088608402966,"interferon-induced very large GTPase 1-like","gonad"
"LOC115107184",16.7055776591439,-0.0107371665688722,0.19010513290588,-3.32796240523594,0.000874836713571811,0.0198139917538992,"monocarboxylate transporter 12-B-like","gonad"
"LOC115108622",84.7417198122722,-0.0176518629006568,0.0999548199620332,-3.24322884234088,0.0011818324541137,0.0234045024246512,"terminal uridylyltransferase 4-like, transcript variant X2","gonad"
"LOC115110468",557.907931189885,-0.0243021774207988,0.212309067525517,-3.04340818325599,0.00233914810372665,0.0349579868540364,"CD9 antigen-like, transcript variant X2","gonad"
"LOC115115300",49.0118015336005,-0.0395967092543139,0.168356196048995,-2.90605683217515,0.00366014963737814,0.0457362463400937,"receptor-type tyrosine-protein phosphatase S-like","gonad"
"LOC115117674",16.7474011337174,-0.043119929212642,0.178350208788949,-3.34527570660886,0.000822008141187495,0.0190744168546387,"macrosialin-like","gonad"
"LOC115138443",66.7505231569315,-0.125523408528636,0.192508607570598,-4.11789501890787,3.82348788176187e-05,0.00397789796929456,"interferon alpha-inducible protein 27-like protein 2B","gonad"
"LOC115104276",838.797192141147,-0.130642075395951,0.169645272594451,-3.29422849909652,0.000986922348249207,0.0213569996161128,"CD9 antigen-like","gonad"
"LOC115129673",374.806817096577,-0.131109715355458,0.149623636761074,-4.087748490402,4.35580008748121e-05,0.0041343899316913,"signal transducer and activator of transcription 1-alpha/beta-like, transcript variant X1","gonad"
"LOC115125109",60.6948763818821,-0.203948916209752,0.196488084846896,-3.75445471595588,0.000173719246997761,0.0081037044409824,"E3 ubiquitin/ISG15 ligase TRIM25-like","gonad"
"LOC115108102",43.9076212409526,-0.210661155810854,0.161786091737767,-3.48135050194225,0.000498892189164133,0.0140911091282217,"RANBP2-like and GRIP domain-containing protein 5/6","gonad"
"LOC115114687",370.617553927611,-0.26363948934192,0.0902261323501967,-2.92186540528436,0.00347941865809802,0.0446662998583635,"proteasome subunit beta type-5-like","gonad"
"LOC115123393",122.357899343145,-0.269052726170952,0.0898057276874353,-2.99548813547162,0.00274005960716001,0.0386321881322225,"COP9 signalosome complex subunit 1-like","gonad"
"LOC115141747",215.332345351357,-0.270484442306511,0.0838933773701564,-3.22387967547898,0.00126466526225654,0.024492790225683,"calpain-5-like","gonad"
"LOC115132968",94.5269681846425,-0.273614747336944,0.0911208088592328,-3.00224397034047,0.00267997300553782,0.0381256865964378,"protein SCAF11-like, transcript variant X1","gonad"
"LOC115105089",105.909667709615,-0.276083871601799,0.0783716260362685,-3.52208506882641,0.000428166724627793,0.0130133819114402,"ATP-dependent 6-phosphofructokinase, platelet type-like, transcript variant X3","gonad"
"LOC115124347",249.672318543415,-0.278640420288124,0.0923622281707178,-3.01670851779416,0.00255535399308848,0.0371625405984105,"caprin-1-like","gonad"
"LOC115134523",215.424240012565,-0.295592491639555,0.102309590608153,-2.88884665445745,0.00386657580853371,0.047113007036413,"apoptosis inhibitor 5-like, transcript variant X2","gonad"
"LOC115129874",112.984837297578,-0.295597512064596,0.101309470683674,-2.91728104130904,0.00353097462684222,0.0451104351419356,"mitogen-activated protein kinase kinase kinase kinase 4-like","gonad"
"LOC115130751",267.490739359254,-0.295755519673569,0.10336794346122,-2.86088886110468,0.0042245511801129,0.0494082004913142,"polycomb group RING finger protein 3, transcript variant X1","gonad"
"LOC115124959",577.7124935654,-0.301374055770592,0.09794454250824,-3.07694432071364,0.00209134361252595,0.032619103215139,"eukaryotic translation initiation factor 5A-1-like, transcript variant X1","gonad"
"LOC115128846",228.300377171583,-0.301703010414754,0.099795437299248,-3.02276795229834,0.00250474226537362,0.0367368666110376,"M-phase phosphoprotein 8-like, transcript variant X4","gonad"
"LOC115118659",355.152792271341,-0.302351587856989,0.104531473340112,-2.89219466776118,0.00382560828509205,0.0468853675587171,"ubiquitin-conjugating enzyme E2 D2","gonad"
"LOC115129392",152.698041603513,-0.309719586246962,0.0975680126420389,-3.17401321990781,0.00150346842864508,0.0267309061189289,"MAP7 domain-containing protein 1-like, transcript variant X12","gonad"
"LOC115104955",96.192461121901,-0.309877305021605,0.106096917532389,-2.91986558137598,0.00350182393925861,0.044862676786104,"cyclin-dependent kinase 8","gonad"
"LOC115112405",114.08456693124,-0.313214037549512,0.100864267848228,-3.10453453755407,0.00190578676176147,0.0312163255484027,"AP-2 complex subunit alpha-2, transcript variant X2","gonad"
"cops7a",257.393356475037,-0.32051275097536,0.108206266413306,-2.9616801907333,0.00305965403794878,0.0409169834446612,"COP9 signalosome subunit 7A, transcript variant X2","gonad"
"LOC115140123",166.996572313067,-0.322034361247723,0.0866095112710741,-3.71755779116495,0.000201157980055914,0.00871607860951657,"ubiquitin carboxyl-terminal hydrolase 4-like","gonad"
"LOC115130833",151.99611160462,-0.323641627271291,0.0986066827309843,-3.28154417582721,0.0010324035116735,0.0217932669939106,"transmembrane protein 33-like","gonad"
"LOC115108503",1152.23814545934,-0.326269602811622,0.112398644445326,-2.90278927186216,0.00369855412148952,0.0459830087264636,"proteasome subunit beta type-5-like","gonad"
"LOC115106399",202.600257342782,-0.326750982611868,0.093136842684555,-3.50810118285292,0.000451317361090606,0.013346698219052,"Golgi to ER traffic protein 4 homolog","gonad"
"LOC115107148",95.657111758286,-0.327768330656612,0.0990361911932894,-3.3087954087558,0.000936982794064538,0.0207021811033979,"uncharacterized LOC115107148","gonad"
"LOC115102713",100.334383507781,-0.332669415223927,0.103935377472877,-3.2006495687973,0.0013711818342207,0.0255042515038987,"spindlin-1-like, transcript variant X1","gonad"
"LOC115137103",59.3585199575914,-0.334151264832952,0.113218065543568,-2.94909599631746,0.00318704963506784,0.0420279257162416,"CLK4-associating serine/arginine rich protein-like, transcript variant X2","gonad"
"LOC115134172",164.550856451664,-0.336695598177403,0.105776460071105,-3.18238515907991,0.00146067429626376,0.0263408264759565,"ELKS/Rab6-interacting/CAST family member 1-like, transcript variant X2","gonad"
"LOC115124648",757.364344575851,-0.337136145346715,0.112147597716402,-3.00599366699685,0.00264714510978191,0.0378577739076438,"receptor-type tyrosine-protein phosphatase F-like","gonad"
"LOC115121012",229.312817697087,-0.338051965639397,0.108909421682709,-3.10381014170379,0.00191045883946258,0.0312611198475963,"COP9 signalosome complex subunit 9-like","gonad"
"LOC115102565",1376.72327818901,-0.342795357171027,0.119249209082632,-2.87459015026128,0.00404552260669981,0.048278171732998,"40S ribosomal protein S26-like","gonad"
"LOC115130705",571.062283383795,-0.343731957910027,0.108787764260262,-3.15954798282521,0.00158014078866608,0.0275993480514901,"GTP-binding nuclear protein Ran, transcript variant X1","gonad"
"LOC115110233",232.851822496622,-0.344269733167986,0.103143085785302,-3.33717100239154,0.000846358574679705,0.0194961065834066,"glycylpeptide N-tetradecanoyltransferase 1-like, transcript variant X4","gonad"
"LOC115134164",186.928458145979,-0.34441079297565,0.118570995373499,-2.90406893792423,0.00368347044239516,0.0458556954810996,"ras association domain-containing protein 7-like, transcript variant X4","gonad"
"LOC115146295",76.6083955742462,-0.34720600141769,0.113786087012368,-3.05047045064355,0.00228483162261882,0.0345277627887369,"low density lipoprotein receptor adapter protein 1-B-like, transcript variant X1","gonad"
"LOC115136211",143.413343148624,-0.347378811602299,0.116178038194116,-2.98910593348949,0.00279795106439336,0.0390806237964577,"transcription elongation regulator 1-like","gonad"
"LOC115123298",202.056484979334,-0.348284705052272,0.11258968782858,-3.09279561936461,0.00198280639319449,0.0318984189083582,"coiled-coil domain-containing protein 106-like, transcript variant X1","gonad"
"tmem43",67.5429360189035,-0.349166880751426,0.121423776676929,-2.87452630986288,0.00404634056193651,0.048278171732998,"transmembrane protein 43","gonad"
"LOC115145223",59.7601587648989,-0.35258704809989,0.109655062934029,-3.21514011641661,0.00130380864886361,0.0247849925675317,"transmembrane protein 11, mitochondrial-like, transcript variant X1","gonad"
"ik",283.179663306565,-0.355033738576421,0.120465548145149,-2.94702521364394,0.00320847041068175,0.0422428571611881,"IK cytokine","gonad"
"LOC115128561",113.20219279029,-0.357845413345378,0.120731293203755,-2.96284814749481,0.00304806898499333,0.0408458501279891,"DNA topoisomerase 2-beta-like, transcript variant X5","gonad"
"LOC115135886",516.15160842268,-0.359963490475866,0.116058131027309,-3.10145029095639,0.00192575202244997,0.0314075060681225,"etoposide-induced protein 2.4 homolog, transcript variant X1","gonad"
"LOC115109369",154.62248870433,-0.361717281110352,0.124325364281541,-2.90928796037394,0.00362253026461028,0.0454556730022503,"UPF0183 protein C16orf70 homolog, transcript variant X3","gonad"
"LOC115137299",95.990575805965,-0.367524494429977,0.111442672707004,-3.29629271945585,0.000979698794503779,0.0212492516310757,"E3 ubiquitin-protein ligase ZFP91-like","gonad"
"LOC115128505",63.735537237012,-0.368500346579515,0.120907954919431,-3.04631647790132,0.00231663853687888,0.0348139291236521,"septin-10-like, transcript variant X2","gonad"
"CYTB",17596.2115921336,-0.369328441041065,0.111873546406602,-3.30130909436894,0.000962348003090864,0.0210416390745098,NA,"gonad"
"ube4b",129.796716856005,-0.371881433808073,0.119992527306076,-3.09794153439339,0.00194869868918606,0.0315642512230437,"ubiquitination factor E4B, transcript variant X1","gonad"
"LOC115120267",997.908123145214,-0.373130581117702,0.130555366636175,-2.85789824097134,0.0042645712721558,0.0497226952206096,"transitional endoplasmic reticulum ATPase-like","gonad"
"kdm1b",82.780002740552,-0.374938291384314,0.129937069490005,-2.88407219236982,0.00392568746892412,0.0475578325170046,"lysine demethylase 1B","gonad"
"LOC115103776",165.758750827144,-0.375567817566972,0.10879788614817,-3.45103258868281,0.000558446133794718,0.0149728951229466,"pre-mRNA-splicing factor CWC25 homolog","gonad"
"LOC115138387",120.107097289402,-0.375903222678733,0.115505936455747,-3.25362014406495,0.00113944530869898,0.0229038183866404,"probable palmitoyltransferase ZDHHC14, transcript variant X2","gonad"
"LOC115114694",73.1096541663482,-0.376046346460526,0.124717807313964,-3.01366980043355,0.00258108559061191,0.0373104416633583,"protein lifeguard 3-like, transcript variant X2","gonad"
"LOC115143007",1052.92201290147,-0.384578034362394,0.134054331878165,-2.86889378186318,0.00411910101469978,0.0488385583677772,"60S acidic ribosomal protein P0-like","gonad"
"LOC115135500",87.5561129732274,-0.386025786229215,0.120037834954186,-3.21487256511515,0.00130502443041083,0.0247849925675317,"protein ZNRD2-like","gonad"
"LOC115116589",169.546902611412,-0.390355139428337,0.133889054717577,-2.91474495512671,0.00355979325686425,0.0451917750797003,"small integral membrane protein 13","gonad"
"LOC115136995",46.8555350188691,-0.390647097070865,0.136643995984028,-2.85751961259157,0.00426966247302971,0.0497514208780416,"phosphatidylinositol transfer protein alpha isoform-like","gonad"
"LOC115110903",64.7793775061908,-0.391499420535164,0.126924615850855,-3.08209111763545,0.00205551907148057,0.0324206746094933,"ubiquitin carboxyl-terminal hydrolase 43-like","gonad"
"LOC115120833",212.254005257947,-0.392419012185685,0.101652897989451,-3.85963996430023,0.000113554203558951,0.00674350765106042,"cell division cycle and apoptosis regulator protein 1-like, transcript variant X1","gonad"
"kif1bp",56.5631497552327,-0.393153469004001,0.129277029912299,-3.03925895843804,0.00237160900818568,0.0352835614166366,"KIF1 binding protein","gonad"
"LOC115145261",94.9047432769596,-0.394672971103538,0.107831733434757,-3.65871103070724,0.000253486963160201,0.00983560583491476,"SAGA-associated factor 29-like","gonad"
"LOC115110511",59.2235851155052,-0.395554116599503,0.137875674531359,-2.8670566237119,0.00414308878081562,0.0489085948034562,"ADP-ribosylation factor-binding protein GGA1-like","gonad"
"fam151a",243.446571212248,-0.395788679837942,0.134778943935699,-2.9360076163203,0.00332466159466658,0.0432663005463998,"family with sequence similarity 151 member A, transcript variant X4","gonad"
"LOC115128218",205.93661492046,-0.397563844196233,0.136101904367132,-2.92067273971556,0.00349276508434023,0.0448072539783078,"ceramide synthase 2-like, transcript variant X2","gonad"
"LOC115122811",981.462529441218,-0.398565188378044,0.113380238887869,-3.51520624490276,0.000439412588793371,0.0132277859599403,"heterogeneous nuclear ribonucleoprotein A1-like, transcript variant X5","gonad"
"LOC115146992",106.542271042187,-0.401677752778535,0.123074515525957,-3.26266094022214,0.00110371483184694,0.02249825496236,"E3 ubiquitin-protein ligase MARCH5","gonad"
"LOC115118108",145.604895930026,-0.401865326207586,0.13948334023172,-2.88028620707071,0.00397314313789718,0.0477963566175877,"collagen alpha-5(IV) chain-like","gonad"
"psmb7",979.611840972642,-0.403495683707369,0.125901733280175,-3.20473065992447,0.00135188921204672,0.0252944883696686,"proteasome subunit beta 7, transcript variant X1","gonad"
"LOC115103904",156.148208829381,-0.404135697050762,0.121881261290338,-3.31521845411164,0.000915715328510553,0.0203749350709134,"sprouty-related, EVH1 domain-containing protein 2-like, transcript variant X4","gonad"
"LOC115114255",47.272737985728,-0.405032571407091,0.141079699756891,-2.86804607760782,0.004130153781816,0.0488777886616787,"serine/threonine-protein kinase PRP4 homolog, transcript variant X1","gonad"
"LOC115114723",3648.85191528516,-0.405585848413896,0.118479408695464,-3.42323734686921,0.000618800207660525,0.0161242795214414,"elongation factor 2-like","gonad"
"LOC115112875",46.3232201734952,-0.409629765134376,0.13694637451195,-2.98815524159076,0.0028066695241214,0.0391342322822082,"eukaryotic translation initiation factor 2-alpha kinase 1-like, transcript variant X1","gonad"
"LOC115145599",1789.76850953939,-0.410048808785073,0.127217072306398,-3.22322500223376,0.00126755943762405,0.0245160755377032,"40S ribosomal protein S3a","gonad"
"LOC115122733",38.758041055271,-0.413309738232316,0.122502477035753,-3.37012829175011,0.000751331951730639,0.0182092794788273,"FAS-associated factor 2-like","gonad"
"LOC115141513",48.1191824733247,-0.413393866514816,0.130091634981854,-3.17394613766615,0.00150381594432344,0.0267309061189289,"CLK4-associating serine/arginine rich protein-like, transcript variant X6","gonad"
"LOC115102160",119.898403430149,-0.413620597470876,0.124636970210865,-3.31708202894794,0.000909629056415333,0.0202633249214404,"guanine nucleotide-binding protein G(s) subunit alpha-like","gonad"
"fyco1",49.7893389701787,-0.413621114438953,0.138417746578111,-2.98495058929583,0.00283624134033937,0.0392861958883145,"FYVE and coiled-coil domain containing 1, transcript variant X3","gonad"
"ND6",1676.50089879746,-0.413775104779636,0.137379484743393,-3.01185549477821,0.002596561715153,0.0374323859248123,NA,"gonad"
"LOC115117308",209.70303378073,-0.41385321845966,0.13183744683377,-3.13863851464672,0.00169734693141604,0.0289542920237502,"ubiquitin-conjugating enzyme E2 H-like","gonad"
"LOC115104105",20.5319493444297,-0.415212913443293,0.141730422286793,-2.9257859875535,0.00343587210333374,0.0442874324551562,"serine/threonine-protein kinase tousled-like 2, transcript variant X2","gonad"
"LOC115106750",404.860842448077,-0.41535477510323,0.109906534702052,-3.77871795971207,0.000157637841748792,0.00779927105871799,"eukaryotic translation initiation factor 3 subunit L-like","gonad"
"LOC115134645",60.583501507951,-0.416052517551513,0.145085637805497,-2.86457253473584,0.00417572508071407,0.049110158014485,"ankyrin repeat domain-containing protein 26-like, transcript variant X10","gonad"
"LOC115144835",87.460581404393,-0.416496544867582,0.135570828666359,-3.07005315243682,0.00214020678672557,0.0330434031889606,"protein MON2 homolog, transcript variant X2","gonad"
"LOC115102783",52.4737622722288,-0.418248281908708,0.127269516784422,-3.28348619370116,0.00102531666796015,0.0217702696904157,"chromodomain-helicase-DNA-binding protein 8-like","gonad"
"LOC115117370",117.7866747379,-0.418605174714544,0.12377306992121,-3.38086720833941,0.000722574539578732,0.0178663903167342,"macoilin-1-like","gonad"
"LOC115120012",122.204014886104,-0.421045801395256,0.140618711568818,-2.9928565605495,0.00276379612493171,0.0388099656197498,"glypican-4-like","gonad"
"LOC115109479",837.616423077651,-0.422082326707327,0.127993568466519,-3.29766448985976,0.000974925518265036,0.0212041699568533,"MOB kinase activator 2-like, transcript variant X1","gonad"
"LOC115113849",189.021889887049,-0.423594234382941,0.131200526634005,-3.22764206192052,0.00124815047245882,0.0242895469640368,"dystonin-like","gonad"
"LOC115122570",1126.67379777541,-0.424976960803337,0.148051173309642,-2.87040582412522,0.00409945291064135,0.0486970770784153,"neuroblast differentiation-associated protein AHNAK-like","gonad"
"LOC115105361",70.7376983854961,-0.427962931061127,0.144861530928334,-2.95246748405541,0.00315245269469244,0.041713271679945,"heterogeneous nuclear ribonucleoprotein L-like, transcript variant X1","gonad"
"LOC115146820",155.591834839003,-0.428235845801245,0.128653918350564,-3.32748912797959,0.000876324085468582,0.0198139917538992,"A disintegrin and metalloproteinase with thrombospondin motifs 2-like","gonad"
"gpbp1",53.173324471242,-0.428519729193933,0.128733950197718,-3.32664140623242,0.000878994088897563,0.0198139917538992,"GC-rich promoter binding protein 1, transcript variant X1","gonad"
"LOC115118242",54.6601795429693,-0.432414931340425,0.145647714164169,-2.9663077730103,0.00301398706902457,0.0405363108731656,"enoyl-CoA hydratase domain-containing protein 3, mitochondrial-like, transcript variant X2","gonad"
"bri3",39.7033421493672,-0.433754590581778,0.140772346233283,-3.08039170170357,0.00206728520375741,0.0324577490324598,"brain protein I3","gonad"
"LOC115136068",476.417257803798,-0.434356514545796,0.127265234108845,-3.41302930319159,0.000642450337472546,0.0164611598647397,"histone H3.3","gonad"
"sppl2b",32.6095252377434,-0.43931998067727,0.126072140669994,-3.48039937549106,0.000500666852823242,0.0140911091282217,"signal peptide peptidase like 2B, transcript variant X1","gonad"
"LOC115133453",36.7718816445137,-0.439629754437614,0.140146548289841,-3.13265599685059,0.00173232344363879,0.0294184254756058,"tetratricopeptide repeat protein 5-like","gonad"
"LOC115141668",91.5425805672284,-0.443322622411094,0.124442690119808,-3.56128066976041,0.000369050321703426,0.0119231230203195,"SUMO-activating enzyme subunit 1-like","gonad"
"ttf2",17.4967757154784,-0.443861525229131,0.15444138464068,-2.86971130314169,0.00410846721860821,0.0487601011786873,"transcription termination factor 2, transcript variant X2","gonad"
"LOC115105403",51.5756268958531,-0.447001254503822,0.146932489421714,-3.03983557347949,0.00236707339701578,0.0352819155136609,"akirin-1-like","gonad"
"LOC115108346",68.9360317801243,-0.447674684168167,0.141807462087081,-3.15456662573626,0.00160736672737519,0.0278968734948205,"chromatin assembly factor 1 subunit A-like, transcript variant X2","gonad"
"LOC115108614",23.1925982935192,-0.448334051345546,0.144917364631812,-3.0902302767035,0.00200001366682118,0.0320391360247539,"cordon-bleu protein-like 1, transcript variant X1","gonad"
"LOC115109073",44.5526380312842,-0.44916138524523,0.140401083209733,-3.19578123872638,0.00139452800859638,0.0256114334071507,"SUN domain-containing protein 2-like","gonad"
"LOC115111472",37.9218220982727,-0.451280078015031,0.143585183159463,-3.13947254897932,0.00169252271338396,0.0289542920237502,"SWI/SNF-related matrix-associated actin-dependent regulator of chromatin subfamily B member 1","gonad"
"LOC115115946",231.208980694395,-0.452066587412687,0.150636265526839,-3.00060311733531,0.00269445504772043,0.0382741982960137,"rab GTPase-activating protein 1-like","gonad"
"ranbp9",227.796405435447,-0.453261501549517,0.108649940358052,-4.17078742911823,3.03548918947767e-05,0.00359873161277517,"RAN binding protein 9","gonad"
"LOC115109252",175.695415504865,-0.454588713438838,0.130863961662039,-3.47269030786726,0.000515269555259743,0.0142676508972668,"transcriptional repressor p66-alpha-like, transcript variant X1","gonad"
"LOC115126510",2007.65712856135,-0.458815995868796,0.155479281891486,-2.95104862587519,0.00316697054888362,0.0418761084798263,"40S ribosomal protein S9-like","gonad"
"LOC115102256",21.9742464471896,-0.459991712912409,0.154905440128241,-2.96286123362926,0.00304793940956125,0.0408458501279891,"ephrin type-A receptor 2-like","gonad"
"LOC115119204",64.6433834614275,-0.460796789595892,0.147232907911063,-3.12710297640865,0.00176538081013706,0.0297747289703582,"cyclin-Y-like protein 1","gonad"
"LOC115110075",23.1194019142438,-0.46225934329107,0.154458936830085,-2.99206665997299,0.00277095750489521,0.0388364769468474,"uncharacterized LOC115110075","gonad"
"LOC115133232",83.2644632701776,-0.463951066437827,0.146192294746193,-3.17088871374498,0.00151973352181003,0.0269032814043104,"phosphate carrier protein, mitochondrial-like, transcript variant X3","gonad"
"LOC115135426",176.912840426012,-0.466810536732964,0.158516295736097,-2.94466825541774,0.00323301106524849,0.0424823487303817,"G protein pathway suppressor 2-like, transcript variant X2","gonad"
"LOC115132969",39.4987039695799,-0.467728252913267,0.147546337381989,-3.16629566048441,0.00154393778178495,0.0271521554275581,"AT-rich interactive domain-containing protein 2-like, transcript variant X2","gonad"
"LOC115121458",164.038978808876,-0.468392964442731,0.15324305787132,-3.05518148193808,0.00224924373757198,0.0342634192847349,"ankyrin repeat domain-containing protein 12-like","gonad"
"LOC115109041",36.8285299653325,-0.473477336122812,0.150604209784279,-3.13983961622518,0.00169040352410265,0.0289542920237502,"ankyrin repeat and SOCS box protein 3-like, transcript variant X1","gonad"
"LOC115137090",258.013359006187,-0.473743210448265,0.159147454089335,-2.97623584386675,0.00291810354321209,0.0398660105272157,"protein phosphatase 1 regulatory subunit 37-like","gonad"
"LOC115140604",25.6455248130505,-0.474371893668603,0.16319879129583,-2.89966568282481,0.00373560859834232,0.0462614446106029,"uncharacterized LOC115140604","gonad"
"nkrf",53.5939699453273,-0.475483917067965,0.156992523061637,-3.02484789196233,0.00248758199062598,0.0366840848851269,"NFKB repressing factor, transcript variant X1","gonad"
"LOC115144880",369.81205118906,-0.4758198577925,0.160941444047745,-2.95638681226984,0.00311266453983411,0.041389257768089,"elongation factor 2-like, transcript variant X1","gonad"
"LOC115119807",20.277264109508,-0.476872558315879,0.163919642881007,-2.90152493037747,0.00371351229572653,0.0460480388471394,"hyccin-like, transcript variant X1","gonad"
"LOC115102877",77.0981885208614,-0.478296251539764,0.165628512936744,-2.88730372937096,0.00388558942767064,0.0472231295333399,"serine/threonine-protein kinase OSR1-like, transcript variant X2","gonad"
"LOC115105150",323.496841594778,-0.478708870192413,0.15465250766151,-3.09500470641003,0.00196809774123998,0.031804404711868,"sickle tail protein-like, transcript variant X4","gonad"
"LOC115118153",167.980470766045,-0.479129320319254,0.129996206273162,-3.68527982562595,0.000228451502398263,0.00936558120856544,"protein Tob1-like","gonad"
"LOC115103754",104.730482225521,-0.479336265315276,0.138317432636271,-3.46416494211873,0.000531880273426896,0.0145958738802004,"junction plakoglobin-like","gonad"
"dkk3",459.492998620849,-0.479477949828234,0.164694790472058,-2.91169310832661,0.00359475628569173,0.0453784603009112,"dickkopf WNT signaling pathway inhibitor 3, transcript variant X1","gonad"
"LOC115144075",137.479363382194,-0.481302914125498,0.136930224392236,-3.51353580850171,0.000442184808395276,0.013251665821277,"protein phosphatase 1B-like, transcript variant X2","gonad"
"LOC115134994",14.1464761435797,-0.482961184534117,0.165288371865318,-2.91348607150432,0.00357417781274613,0.0452681266534644,"mitogen-activated protein kinase kinase kinase kinase 3-like, transcript variant X3","gonad"
"LOC115141125",80.972762233171,-0.483597936486371,0.160176052851151,-3.01636117251572,0.00255828336131081,0.0371765889842058,"nuclear receptor subfamily 1 group D member 2-like","gonad"
"LOC115119639",57.7233389337833,-0.483630708494939,0.165904311337815,-2.91193773325954,0.00359194230444289,0.0453784603009112,"protein FAM214B-like, transcript variant X1","gonad"
"LOC115104864",52.4888741648114,-0.483783256972215,0.148372756275032,-3.25963898514241,0.00111554108675846,0.0225829452120345,"thioredoxin domain-containing protein 5-like","gonad"
"LOC115131726",57.9404257060377,-0.483887762937421,0.161747761441729,-2.98879925053595,0.00280076083928139,0.0390806237964577,"zinc finger and BTB domain-containing protein 12-like, transcript variant X2","gonad"
"LOC115117991",102.486098105862,-0.486938368115661,0.126128893113141,-3.85938007914022,0.000113675022733513,0.00674350765106042,"TNF receptor-associated factor 6-like","gonad"
"LOC115132494",1272.72134355451,-0.487560339920972,0.141910912019668,-3.43566244525185,0.000591106967595958,0.0155689431335516,"40S ribosomal protein S26","gonad"
"LOC115128576",121.60906616583,-0.487912069842658,0.148427766326535,-3.28552560123243,0.00101792291486644,0.0217298426076619,"mannosyl-oligosaccharide 1,2-alpha-mannosidase IB-like, transcript variant X1","gonad"
"LOC115101943",54.7946561740521,-0.48872561024069,0.154943953238134,-3.15112463237833,0.00162643071951353,0.028124626186291,"SRSF protein kinase 1-like, transcript variant X1","gonad"
"stk25",41.4539812365986,-0.490274818185522,0.161888262047245,-3.0234914243429,0.00249876110749256,0.0367368666110376,"serine/threonine kinase 25, transcript variant X1","gonad"
"LOC115143188",31.8141526127865,-0.490456807300782,0.148189353883927,-3.30421766856513,0.000952418529783585,0.0209454644151593,"AMP deaminase 2-like, transcript variant X1","gonad"
"LOC115128571",45.2502877495529,-0.491455152695718,0.160850665533099,-3.05535070533797,0.00224797489777064,0.0342634192847349,"asparagine synthetase [glutamine-hydrolyzing]-like","gonad"
"LOC115107659",107.113245259047,-0.492234136985678,0.13672748145927,-3.59868054323808,0.000319835777284948,0.0110699856952643,"transcription regulator protein BACH2-like","gonad"
"LOC115134860",63.0811729868987,-0.493026460188905,0.167968605740313,-2.93202993459855,0.00336754285988849,0.0436145171354231,"round spermatid basic protein 1-like","gonad"
"LOC115130204",44.0675270445173,-0.493374101662019,0.165928368102585,-2.96817357783486,0.00299575104560176,0.0404020983251206,"serine/threonine-protein phosphatase 4 regulatory subunit 1-like, transcript variant X1","gonad"
"LOC115134088",25.4457165381632,-0.495869863366032,0.16990431334622,-2.91464567885293,0.00356092571528455,0.0451917750797003,"adhesion G protein-coupled receptor G3-like, transcript variant X1","gonad"
"ski",363.32758779153,-0.495887562149159,0.14335210442961,-3.45877070028186,0.00054264666682448,0.014784193721326,"SKI proto-oncogene","gonad"
"mvb12b",53.1359736049775,-0.496647550668992,0.159669051804481,-3.10595379045011,0.0018966635254827,0.0311747602908116,"multivesicular body subunit 12B, transcript variant X2","gonad"
"LOC115108233",52.1505573715017,-0.498154553074502,0.171533780987479,-2.90183317741519,0.00370986042507773,0.0460480388471394,"formin-like protein 2, transcript variant X7","gonad"
"LOC115110792",53.2084837726799,-0.498399457735174,0.141232549320026,-3.5265635366597,0.000420990140212902,0.0128987836649374,"STE20-related kinase adapter protein alpha-like, transcript variant X1","gonad"
"ddo",38.338100820817,-0.499417229441815,0.167468710516653,-2.97894843763605,0.00289239446551666,0.0396897255167697,"D-aspartate oxidase, transcript variant X4","gonad"
"LOC115121109",289.987261933766,-0.499701801770034,0.139688127254923,-3.57647331731698,0.000348260845640634,0.011568980898606,"torsin-1A-interacting protein 2-like, transcript variant X1","gonad"
"LOC115132911",67.5111376813133,-0.500483343772105,0.172496429995831,-2.89825548282691,0.00375244780414376,0.0463789811824165,"palmitoyltransferase ZDHHC17-like","gonad"
"LOC115117173",65.3751314752698,-0.500902512451942,0.174735248523936,-2.86345154639046,0.00419052900894583,0.0491926018502104,"chloride channel protein 2-like, transcript variant X1","gonad"
"LOC115112532",150.330530277989,-0.503280608234268,0.16728180308797,-3.00745366830301,0.00263446279654881,0.0378058444034855,"protein MRVI1-like","gonad"
"LOC115128542",103.874974507454,-0.504149830566808,0.17492082850811,-2.88187969058787,0.00395310639504368,0.0477068639835258,"cAMP-dependent protein kinase inhibitor alpha-like","gonad"
"LOC115124872",295.456572720848,-0.505918121089266,0.128007381124906,-3.95177309363367,7.75742783335884e-05,0.00546379958893663,"ankyrin repeat and sterile alpha motif domain-containing protein 1B-like, transcript variant X3","gonad"
"LOC115146279",35.7953522580772,-0.506103947552896,0.163975037425061,-3.08218798654721,0.00205485024111773,0.0324206746094933,"uncharacterized protein C14orf28 homolog","gonad"
"LOC115108213",279.857947011176,-0.50619181519298,0.165160715658586,-3.06530593731528,0.00217447441357384,0.0334201891404389,"cystathionine gamma-lyase-like, transcript variant X2","gonad"
"aldh7a1",428.373852062094,-0.507106612563197,0.128561197879756,-3.94447252894826,7.99758206302645e-05,0.00552679621764255,"aldehyde dehydrogenase 7 family member A1","gonad"
"LOC115106878",113.854416120634,-0.50752258248687,0.128480015437557,-3.94761498665682,7.89336095906246e-05,0.00551786615462953,"mediator of DNA damage checkpoint protein 1-like","gonad"
"LOC115127885",12.6927215199479,-0.512870622762839,0.168868609536716,-3.02277147744252,0.0025047130902361,0.0367368666110376,"kelch-like protein 8","gonad"
"LOC115129807",41.3322880373338,-0.513939464115856,0.15597021746969,-3.29130681437775,0.000997230844302584,0.0215063394497374,"inositol-3-phosphate synthase 1-A-like, transcript variant X1","gonad"
"LOC115103345",134.192720150622,-0.514219747962656,0.175368676960122,-2.93268916141602,0.00336040145025041,0.0435518148257984,"gastrula zinc finger protein xFG20-1-like","gonad"
"LOC115132283",147.488493748639,-0.514237877536289,0.186444668296522,-2.99434812137364,0.00275031945171357,0.0387268092100837,"complement receptor type 2-like, transcript variant X1","gonad"
"kctd3",23.9687828899906,-0.515002214630438,0.170061475268299,-3.0210123951401,0.00251931046630813,0.0367837182686197,"potassium channel tetramerization domain containing 3, transcript variant X2","gonad"
"LOC115106603",127.011028194223,-0.515822184035578,0.162175174528339,-3.18018198304813,0.00147182589822583,0.0264914670940171,"heparan sulfate glucosamine 3-O-sulfotransferase 2-like, transcript variant X3","gonad"
"LOC115101288",42.8272458887801,-0.51615500681097,0.168879179981083,-3.05239351103098,0.00227024267092406,0.0344289649038324,"lysine-specific demethylase 6B-like","gonad"
"LOC115117577",47.2515022093744,-0.516416613376513,0.149304128402429,-3.45677632960746,0.000546678396367631,0.0148726371195705,"cytohesin-2, transcript variant X2","gonad"
"LOC115105085",21.9989539821998,-0.519497703367091,0.170256833215979,-3.04408744192196,0.00233387293619038,0.0349067014587401,"sorting nexin-16-like","gonad"
"LOC115117837",42.3926327156188,-0.520716354391325,0.151959555237643,-3.4230338479115,0.000619263656578137,0.0161242795214414,"uncharacterized LOC115117837","gonad"
"six3",16.6619728431728,-0.520757170236865,0.181023940251202,-2.87069254974375,0.00409573668671073,0.0486834740507644,"SIX homeobox 3","gonad"
"LOC115131585",38.1815023357846,-0.522484977067035,0.166732805898977,-3.13226585971675,0.00173462722368487,0.0294311527602804,"collagen alpha-1(XIV) chain-like, transcript variant X3","gonad"
"LOC115144073",30.7440149971406,-0.523969046845358,0.177206554502448,-2.94964890632898,0.0031813522627164,0.0420279257162416,"metastasis-associated protein MTA3-like","gonad"
"mthfd1",15.7830268979535,-0.525069016617406,0.169911685055661,-3.08172119449161,0.00205807503990551,0.0324206746094933,"methylenetetrahydrofolate dehydrogenase, cyclohydrolase and formyltetrahydrofolate synthetase 1","gonad"
"LOC115126382",14.7494436286652,-0.528263516988773,0.161074627562955,-3.26597311683435,0.00109088605204925,0.022379119605149,"uncharacterized LOC115126382","gonad"
"LOC115117122",192.40125039428,-0.528957027604262,0.181325270288483,-2.91644445506152,0.00354045756633012,0.0451136703047182,"gamma-adducin-like","gonad"
"LOC115133242",113.606477945929,-0.529509321136156,0.141264079564976,-3.74710462421269,0.000178887486306642,0.00828174707387839,"kinesin-like protein KIF21A, transcript variant X1","gonad"
"LOC115120938",28.6308336552087,-0.530098996837495,0.181432059710659,-2.91514376252807,0.00355524730568314,0.0451802736463827,"BTB/POZ domain-containing protein KCTD9-like, transcript variant X2","gonad"
"LOC115145610",778.245791068724,-0.530936122858916,0.16581515242778,-3.20214084770702,0.0013641028301903,0.0253975290950378,"40S ribosomal protein S3a","gonad"
"fbxl8",65.4206565444766,-0.535065623778442,0.180954044113848,-2.95341549353955,0.00314278643224297,0.0416435696952559,"F-box and leucine rich repeat protein 8, transcript variant X2","gonad"
"LOC115104856",20.2424462815314,-0.536271330073202,0.186969519683617,-2.86413502736799,0.00418149720953986,0.0491475168607308,"diacylglycerol kinase beta-like","gonad"
"LOC115136720",34.8703111399708,-0.537396993947923,0.183016064302931,-2.93501722747995,0.00333529169895584,0.0433450571858125,"dixin-A-like, transcript variant X3","gonad"
"LOC115109617",45.1447608362507,-0.53895850217868,0.145247958430368,-3.70630753740953,0.000210302912976133,0.00895252308788978,"protein-methionine sulfoxide oxidase mical2b-like, transcript variant X3","gonad"
"LOC115141928",48.3099220655962,-0.539036581358991,0.180436167558523,-2.98531699278223,0.00283284590506081,0.0392861958883145,"kinase suppressor of Ras 1-like","gonad"
"LOC115128772",35.6095363512352,-0.539055062523026,0.176313771969186,-3.05365602974064,0.00226071125715238,0.0343827852644019,"protein capicua homolog","gonad"
"LOC115130252",49.8160849578428,-0.540219756915135,0.174487208978294,-3.09134361634935,0.0019925290742634,0.0319719694287737,"TGF-beta receptor type-1-like, transcript variant X2","gonad"
"LOC115130272",168.805188233825,-0.543280067600867,0.157268107380286,-3.4541393412078,0.000552052061406356,0.0149403436385717,"protein adenylyltransferase SelO-like, transcript variant X2","gonad"
"LOC115112071",58.2666210571598,-0.544701728940287,0.167131857654705,-3.25726604855341,0.00112490944658491,0.0227322949531326,"lysosomal acid phosphatase-like","gonad"
"LOC115140096",126.43035921092,-0.545753752462748,0.174983428951755,-3.118646153641,0.00181684008814359,0.0302833336874991,"ankyrin-1-like, transcript variant X2","gonad"
"LOC115104573",23.4716744042605,-0.547677032090218,0.190403065474136,-2.87095229703216,0.00409237276602296,0.0486834740507644,"claudin-11-like, transcript variant X2","gonad"
"LOC115122161",16.5395134662983,-0.548039148507125,0.183640130410622,-2.97116752849015,0.0029666989954468,0.0402684196980539,"CREB-binding protein-like","gonad"
"LOC115128459",108.429185937826,-0.548079536546798,0.165183544280026,-3.31715034228973,0.000909406664964229,0.0202633249214404,"synaptotagmin-11-like","gonad"
"LOC115110918",13.1913229404919,-0.5493422910317,0.187305970602469,-2.9262399442358,0.00343086211015264,0.0442529796020029,"TBC1 domain family member 17-like","gonad"
"LOC115144777",87.0051557652983,-0.550514337112564,0.169568093263393,-3.24620268828449,0.00116955538424552,0.0233077972389136,"serine/threonine-protein kinase pim-3-like","gonad"
"LOC115103276",27.7165653227019,-0.551232982410882,0.14993649650315,-3.66994470216369,0.000242602944216933,0.00957018072655754,"metal-response element-binding transcription factor 2-like, transcript variant X4","gonad"
"LOC115130421",32.4967138380567,-0.551541801525362,0.18461239104197,-2.98700420762178,0.00281725844972185,0.0392049466014407,"leucine-rich repeat-containing protein 14-like","gonad"
"LOC115139220",6899.7408333544,-0.559400853537482,0.176831179923487,-3.77481671184084,0.000160125353843877,0.00779927105871799,"trichohyalin-like","gonad"
"LOC115117947",13.5350375306912,-0.55990136752093,0.194494892132081,-2.8677596626906,0.00413389427232414,0.0488914978428841,"plexin-B2-like","gonad"
"LOC115138720",13.72195925279,-0.560410997949321,0.175781774536149,-3.17353942070633,0.00150592450297125,0.0267309061189289,"coiled-coil domain-containing protein 85C-A-like, transcript variant X2","gonad"
"tc2n",43.5286704210855,-0.56054139865228,0.179565707508297,-3.11753218984521,0.00182372029678688,0.0303130833469399,"tandem C2 domains, nuclear","gonad"
"LOC115124248",54.8297397078676,-0.561427253615821,0.166118186372026,-3.37610908598646,0.000735187637564757,0.018037720513735,"filamin-A-like","gonad"
"LOC115144825",157.606580475019,-0.562964254025196,0.197031188917514,-2.8597311375385,0.00424000310085261,0.0495583078485457,"solute carrier family 41 member 2-like","gonad"
"LOC115143294",234.529765791313,-0.56339766876884,0.175210754769938,-3.21519542853587,0.00130355743514024,0.0247849925675317,"rho-related BTB domain-containing protein 3-like, transcript variant X2","gonad"
"ccdc80",27.4504426740634,-0.565620128646109,0.189430534761532,-2.9817832138939,0.00286574845738662,0.0394926834356737,"coiled-coil domain containing 80, transcript variant X3","gonad"
"LOC115114512",13.4941175825494,-0.569160939991687,0.190285724054627,-2.98425335579644,0.00284271281950337,0.0393183106189162,"Golgi-associated plant pathogenesis-related protein 1-like","gonad"
"LOC115103780",11.7219908478676,-0.570515791403238,0.190858492045937,-2.97059084736719,0.00297227480015042,0.0403152029662236,"uncharacterized LOC115103780, transcript variant X1","gonad"
"LOC115113086",35.875771490782,-0.572198950184977,0.18272667198708,-3.13131155430287,0.00174027432566364,0.0295005321006634,"transmembrane protein 150A-like","gonad"
"LOC115127399",32.4854594420095,-0.57225185702259,0.185531505762317,-3.07957189489525,0.00207298330873202,0.0324724588520085,"ephrin type-A receptor 4-like","gonad"
"znf276",13.9483641151196,-0.572933815172894,0.185494905679739,-3.07198331445752,0.00212641611105191,0.0329220679172264,"zinc finger protein 276","gonad"
"LOC115134531",363.94402327427,-0.573865026579544,0.197601329040494,-2.90591592650502,0.00366179822823248,0.0457362463400937,"protein disulfide-isomerase A3-like","gonad"
"LOC115125883",33.2754461303097,-0.574167054821714,0.165791773085382,-3.45949930919833,0.000541180665478344,0.0147654984161851,"sushi-repeat-containing protein SRPX-like, transcript variant X2","gonad"
"LOC115131709",1207.37636569008,-0.575522112450433,0.178745382552452,-3.22047266909469,0.00127979395063768,0.0246091128810753,"syndecan-2-A-like","gonad"
"LOC115143333",261.970968068795,-0.575980347673489,0.18027819932608,-3.19532923474541,0.00139671409535549,0.0256267261584847,"GATA-binding factor 2-like, transcript variant X2","gonad"
"LOC115146963",18.8806472009276,-0.577178307775861,0.161269711212264,-3.56828222514926,0.000359329338376674,0.0117122576465525,"splicing factor, arginine/serine-rich 15-like","gonad"
"LOC115134283",403.227465380474,-0.578436258024053,0.160081230500844,-3.61340562043929,0.000302201387032451,0.0107925491395969,"1-acyl-sn-glycerol-3-phosphate acyltransferase gamma-like, transcript variant X2","gonad"
"LOC115125756",12.5403217617984,-0.579657934133066,0.189630902256062,-3.04534089067231,0.00232416716144396,0.0348717156909202,"protein diaphanous homolog 1-like","gonad"
"LOC115130104",268.596734022632,-0.580014903271327,0.198491361739018,-2.92458344893939,0.00344917585928537,0.0443683049562286,"lipase member H-like","gonad"
"LOC115133950",235.958965203185,-0.586587660231318,0.203309988113727,-2.88892778677556,0.00386557834995736,0.047113007036413,"proton myo-inositol cotransporter-like, transcript variant X2","gonad"
"LOC115109663",80.8612990376616,-0.587508430076607,0.203420385889505,-2.88928741982268,0.00386115975610168,0.0471076417408411,"caveolin-1-like","gonad"
"LOC115114294",554.774675273848,-0.587747028847313,0.164970449645183,-3.56266138983459,0.000367114075402864,0.0118853693551728,"receptor-type tyrosine-protein phosphatase U-like","gonad"
"LOC115133937",11.6715148345793,-0.590850968331644,0.183851404350404,-3.1996565756446,0.00137591428381293,0.0255176091696103,"L-lactate dehydrogenase B-A chain-like","gonad"
"LOC115127433",43.5883531010923,-0.591752864813646,0.195627779703451,-3.02057377261983,0.0025229623841479,0.0367837182686197,"gamma-adducin-like, transcript variant X1","gonad"
"LOC115130756",13.0453316756404,-0.591959700497171,0.202638970453927,-2.90172769011822,0.00371110978873269,0.0460480388471394,"protein transport protein Sec24B-like, transcript variant X1","gonad"
"LOC115121135",62.0219405730761,-0.592508123919208,0.185103370281628,-3.19812913656873,0.00138322323361754,0.0255489669964341,"peptidase inhibitor 15-A-like","gonad"
"LOC115112305",36.5670884283954,-0.595657696257707,0.204520249876733,-2.90785721793068,0.00363914451542757,0.0455735458992203,"rho family-interacting cell polarization regulator 1-like, transcript variant X2","gonad"
"LOC115145152",79.8177607409702,-0.596112139582023,0.203161102034384,-2.9352378788432,0.00333292071343527,0.0433439929319347,"nucleoprotein TPR-like, transcript variant X10","gonad"
"LOC115103635",35.8697635242579,-0.598016861733391,0.172942754366812,-3.45100338901665,0.000558506556117746,0.0149728951229466,"thyrotroph embryonic factor-like","gonad"
"LOC115123349",125.646293974584,-0.598518731452806,0.181171311281764,-3.30326973778357,0.000955644162992395,0.0209696934617224,"gamma-secretase subunit Aph-1b-like","gonad"
"LOC115130419",75.2306711645706,-0.600722890718546,0.199793109784066,-3.00723502054324,0.00263635853925758,0.0378058444034855,"extended synaptotagmin-2-A-like, transcript variant X3","gonad"
"LOC115116421",63.8231520654891,-0.600972007801175,0.172055320795768,-3.48926416975204,0.000484352228471854,0.0138607648245877,"lysine-specific demethylase 4B-like, transcript variant X1","gonad"
"LOC115126859",32.4129877234847,-0.607374335903251,0.195503986019546,-3.10561342799039,0.00189884777845992,0.0311835929619589,"NUAK family SNF1-like kinase 1","gonad"
"LOC115114860",1619.3789878466,-0.607456760828165,0.180098929622686,-3.37371496486168,0.000741611162478862,0.0180811512189503,"alanine aminotransferase 2-like","gonad"
"LOC115110587",10.8085780409914,-0.60770926186194,0.21261926446789,-2.86206014102003,0.00420897031956998,0.0493478965950821,"transforming growth factor beta receptor type 3-like, transcript variant X1","gonad"
"LOC115119565",61.8181129814339,-0.609016992514495,0.194638128728584,-3.12623470490729,0.0017706017861433,0.0297747289703582,"ephrin type-B receptor 3-like","gonad"
"LOC115142771",51.52068444169,-0.609783224199283,0.173604784231476,-3.50713745598866,0.000452955106193419,0.0133593534825115,"chromodomain-helicase-DNA-binding protein 6-like, transcript variant X5","gonad"
"LOC115109045",44.1668050804488,-0.61100625325294,0.204214295832096,-2.99675132267154,0.00272873208003635,0.0385874099592892,"thromboxane A2 receptor-like","gonad"
"LOC115102129",17.0095246423485,-0.613381879375161,0.167257722632996,-3.65486589041551,0.000257316449635106,0.00989011215166707,"translocating chain-associated membrane protein 1-like 1, transcript variant X1","gonad"
"LOC115125018",15.4805427313337,-0.615140741947758,0.211024294549731,-2.90992342295287,0.00361517321240499,0.0454235599050355,"guanylate cyclase soluble subunit alpha-2-like","gonad"
"LOC115138007",30.5057176281451,-0.615185601408172,0.177673069693562,-3.45362189505526,0.00055311227307308,0.0149403436385717,"probable G-protein coupled receptor 132","gonad"
"LOC115145120",81.8000333600796,-0.615664080593432,0.170969130034462,-3.59969667650203,0.000318588591524122,0.0110699856952643,"ras-like protein family member 11B","gonad"
"LOC115125008",103.908490755388,-0.616365937525863,0.177053965682127,-3.47991147571335,0.000501579485208419,0.0140911091282217,"immunoglobulin superfamily member 8-like","gonad"
"LOC115138279",61.0253203943934,-0.616373741605894,0.200505565079807,-3.07393698589473,0.00211254048724808,0.0328289567057646,"calcipressin-2-like","gonad"
"LOC115144036",15.6240711698841,-0.616720395794317,0.206801605010402,-2.98501217919746,0.00283567033136987,0.0392861958883145,"protein phosphatase 1 regulatory subunit 3C-B-like","gonad"
"LOC115101924",28396.6443811035,-0.618529993453246,0.179659256832913,-3.44379450506015,0.000573611496880099,0.0152546821536863,"apolipoprotein C-I-like","gonad"
"LOC115136422",63.4465304183941,-0.619341868624912,0.183332980083958,-3.38020335885831,0.000724322159602139,0.0178663903167342,"protein ABHD14B-like","gonad"
"LOC115132492",120.382861025851,-0.61982500963069,0.183945174518854,-3.3679919024063,0.000757178199844474,0.018233900154991,"limb region 1 homolog-like protein, transcript variant X2","gonad"
"nalcn",130.896772296967,-0.622513786575201,0.16505038994744,-3.76959391543787,0.000163513373119747,0.00789524564265686,"sodium leak channel, non-selective, transcript variant X3","gonad"
"LOC115137301",1216.2112734426,-0.625879313901063,0.180261967829777,-3.47290008469943,0.000514866990905399,0.0142676508972668,"mucin-5AC-like, transcript variant X2","gonad"
"LOC115123782",12.0189162952247,-0.625899463300793,0.20143027354726,-3.08581083267725,0.00202997924419744,0.0322880439341979,"putative BMP-2-inducible kinase-like protein, transcript variant X1","gonad"
"LOC115145981",48.8991009556067,-0.627111778094776,0.214316846270891,-2.93965859898009,0.00328574063814764,0.0430211094984973,"HHIP-like protein 1","gonad"
"LOC115103873",2173.95558991246,-0.628977532596984,0.179888607277661,-3.49740839911604,0.000469802020114419,0.0135812232837657,"voltage-dependent calcium channel gamma-1 subunit-like","gonad"
"LOC115102444",28.9887279359442,-0.629091747077724,0.186862750396496,-3.35713385647556,0.000787549751306365,0.0186265164317957,"plexin-A2-like","gonad"
"cacna2d4",43.7362681366902,-0.630293740377375,0.184883957161579,-3.40639550923685,0.000658267426589026,0.0167724784676872,"calcium voltage-gated channel auxiliary subunit alpha2delta 4, transcript variant X2","gonad"
"LOC115131461",709.088144855303,-0.631042800799896,0.214853818228798,-2.95573918198971,0.00311920740088434,0.0414329813578599,"terminal nucleotidyltransferase 5A-like","gonad"
"LOC115113209",24.1794716340508,-0.63416826815307,0.168028796520405,-3.76406028942543,0.000167176550264026,0.0079936565132559,"receptor-type tyrosine-protein phosphatase epsilon-like, transcript variant X1","gonad"
"LOC115125685",252.760305556352,-0.634500825209471,0.204427843020877,-3.10747654362353,0.00188691958899928,0.0310415485818431,"amyloid-like protein 2","gonad"
"LOC115122287",14.7112696657637,-0.63504248426967,0.215080263769373,-2.97644738940318,0.00291609111063006,0.0398660105272157,"putative N-acetylated-alpha-linked acidic dipeptidase","gonad"
"LOC115127896",13.469719376834,-0.636291696294718,0.214336561184252,-2.97368275276449,0.00294249125687705,0.0401123628142311,"lysosome membrane protein 2-like","gonad"
"LOC115101055",163.318422509473,-0.637597623225799,0.209212708061986,-3.05300204094155,0.00226564397400106,0.0344289649038324,"tubulin alpha chain, testis-specific-like","gonad"
"LOC115130649",39.0069625168855,-0.637858181624848,0.166499787286144,-3.82415037774525,0.000131223809184095,0.00732097647426442,"vascular endothelial growth factor receptor kdr-like","gonad"
"LOC115138295",39.6718886674016,-0.638210249060507,0.153405173960509,-4.15203961176317,3.29525205486956e-05,0.00369112144972507,"leucine zipper protein 1-like, transcript variant X1","gonad"
"LOC115129462",13.7607333927294,-0.639166824614356,0.214261937503469,-3.01380136680459,0.00257996660897801,0.0373104416633583,"neuronal acetylcholine receptor subunit alpha-7-like","gonad"
"LOC115133918",1427.49689219717,-0.639551022151005,0.174430953220132,-3.66716539276456,0.000245254170674864,0.00963462182931233,"protein regulator of cytokinesis 1-like, transcript variant X2","gonad"
"LOC115142960",162.540645589816,-0.640455071716421,0.122180234939072,-5.2390848439579,1.6137483963821e-07,0.000305563258854951,"double-stranded RNA-binding protein Staufen homolog 1-like, transcript variant X1","gonad"
"LOC115104701",13.8818912866666,-0.642013709587453,0.212356916952215,-3.03306149536957,0.00242086261710705,0.0357837889577845,"tubulin polymerization-promoting protein family member 3-like","gonad"
"LOC115131711",146.069226035326,-0.651855500839809,0.214262382240193,-3.05661852647755,0.00223848959724251,0.0341849923174362,"angiopoietin-1-like, transcript variant X2","gonad"
"LOC115130275",35.5049507792968,-0.653753704265929,0.182142874257965,-3.58412503591189,0.00033821004862585,0.0114164152623567,"uncharacterized LOC115130275, transcript variant X2","gonad"
"LOC115108209",74.6070750477559,-0.654372094232493,0.171811365446368,-3.80560372722787,0.000141458713922919,0.007566442791329,"ankyrin repeat domain-containing protein 13C-like, transcript variant X1","gonad"
"LOC115129786",150.60650475285,-0.65526387259954,0.158005618955042,-4.14723043147217,3.36521326784811e-05,0.00370466937364558,"unconventional myosin-Ib-like, transcript variant X2","gonad"
"LOC115103793",100.729215659839,-0.655422560208691,0.148133389995622,-4.42168187476986,9.79355780012952e-06,0.00227619574542032,"platelet endothelial cell adhesion molecule-like, transcript variant X5","gonad"
"LOC115138273",495.330667477679,-0.655778366424134,0.162017616343257,-4.04740823706815,5.17878740780559e-05,0.00453272018678246,"WD repeat-containing protein 25-like, transcript variant X1","gonad"
"LOC115139421",63.450192390327,-0.657484475901833,0.214792235512616,-3.08201501521232,0.00205604465992532,0.0324206746094933,"uncharacterized LOC115139421, transcript variant X2","gonad"
"amh",86.9246762737259,-0.657594716586702,0.214624095213981,-3.08201708391669,0.0020560303711403,0.0324206746094933,"anti-Mullerian hormone","gonad"
"LOC115144066",569.679312008219,-0.660942370649838,0.159281543921564,-4.14940450716519,3.3334130863638e-05,0.00369112144972507,"lutropin-choriogonadotropic hormone receptor-like","gonad"
"LOC115112547",166.00819423742,-0.663297838817405,0.178247651797059,-3.72017753573348,0.000199082783103151,0.00867612701239487,"tubulin beta-3 chain-like","gonad"
"LOC115111177",49.7787768528068,-0.667449232589226,0.215058295841194,-3.12154400516393,0.00179905358465544,0.0301460881641158,"cAMP-specific 3',5'-cyclic phosphodiesterase 4D-like","gonad"
"LOC115121176",32.3858746565466,-0.668194587440359,0.186309637097989,-3.57956414261285,0.000344167765613539,0.0114842367967974,"programmed cell death protein 4-like, transcript variant X2","gonad"
"LOC115143423",88.4086663742239,-0.668852732043115,0.203065024862164,-3.29741895276369,0.000975778315054943,0.0212041699568533,"tumor necrosis factor receptor superfamily member 8-like","gonad"
"LOC115129489",92.8207712894022,-0.670585417827787,0.197128491349087,-3.68250678007014,0.000230951723617512,0.00940493441031827,"insulin-like growth factor-binding protein 7, transcript variant X1","gonad"
"LOC115120595",199.220476913224,-0.671987664935831,0.214894608080815,-3.16320518949355,0.00156042307052142,0.0273326649771722,"uncharacterized LOC115120595","gonad"
"LOC115139225",98.3171322872015,-0.673671350104626,0.176709440255174,-3.8131144832368,0.000137226507732045,0.00744861274160554,"tribbles homolog 2-like, transcript variant X1","gonad"
"serpini1",23.2739112807844,-0.677822307569004,0.209491421971882,-3.2346501622562,0.00121791858278244,0.0239473399428718,"serpin family I member 1","gonad"
"LOC115106960",144.533896588854,-0.678028683699348,0.208447661487764,-3.26132672718858,0.00110892183451143,0.0225052893209795,"synaptophysin-like protein 1","gonad"
"LOC115136222",65.8998065925158,-0.678907804174341,0.166799656422435,-4.06565770235209,4.78971927202036e-05,0.00432244749210261,"semaphorin-3F-like, transcript variant X1","gonad"
"LOC115127439",3245.82677121426,-0.682767416009437,0.202640678060831,-3.37452917079424,0.000739420788288713,0.0180811512189503,"extracellular matrix protein 1-like","gonad"
"LOC115129184",16.9504155775469,-0.690385966679185,0.214724504543314,-3.24558416831468,0.00117209910075478,0.0233077972389136,"solute carrier family 25 member 48-like","gonad"
"LOC115127705",16.7341869643174,-0.691144865784026,0.189762519028422,-3.63245582127274,0.000280736650855377,0.0104159332703391,"voltage-dependent L-type calcium channel subunit alpha-1D-like","gonad"
"LOC115116544",267.947091439063,-0.691977562208342,0.212620435003391,-3.26751147947326,0.00108497466270118,0.022379119605149,"alpha-tubulin N-acetyltransferase 1-like, transcript variant X2","gonad"
"LOC115129860",28.359375104866,-0.693288252964153,0.19382304106321,-3.57223667129874,0.000353945315347482,0.0116353377536538,"low-density lipoprotein receptor-related protein 1B-like","gonad"
"LOC115101191",2142.55281658378,-0.693988248105767,0.213403694008987,-3.26878686051447,0.0010800962979409,0.022379119605149,"CD209 antigen-like protein E","gonad"
"LOC115133045",25.5912992736799,-0.696784646334654,0.195486403013066,-3.91164101923792,9.1671103508659e-05,0.00594449433197417,"probable polypeptide N-acetylgalactosaminyltransferase 8","gonad"
"LOC115137881",71.223531078766,-0.700723552684947,0.197628074188066,-3.54894136027643,0.000386783203723514,0.0122387561965569,"ras-like protein family member 11A-like","gonad"
"LOC115130107",45.3453873047927,-0.703886883009709,0.17168944995183,-4.09494209194709,4.22273919536686e-05,0.00405875972915083,"ribosomal protein S6 kinase alpha-3-like, transcript variant X2","gonad"
"LOC115140801",175.097155302637,-0.706039525522587,0.196128910732425,-2.86490653607018,0.00417132339596122,0.0490888803620421,"CD209 antigen-like protein E, transcript variant X2","gonad"
"LOC115103771",58.4397177740076,-0.706388935544974,0.207865667938604,-3.40607963831063,0.00065902952099072,0.0167724784676872,"insulin-like growth factor-binding protein 4","gonad"
"LOC115102861",174.256236871383,-0.711065578275273,0.20450258992002,-3.48151808965176,0.000498580103281617,0.0140911091282217,"protein piccolo-like","gonad"
"LOC115133047",35.9722819486497,-0.713857007904724,0.188606994703358,-3.16212624961312,0.00156621645177668,0.0274087879060919,"probable polypeptide N-acetylgalactosaminyltransferase 8","gonad"
"LOC115133297",11.8595390317919,-0.716548137148211,0.197293376590203,-3.60575608797309,0.000311245380332077,0.0109627252930427,"protein TANC1-like, transcript variant X1","gonad"
"LOC115118973",28.5379183649306,-0.723242494046561,0.200902338672887,-3.59855845263753,0.000319985936503008,0.0110699856952643,"extracellular matrix protein 1-like, transcript variant X2","gonad"
"LOC115123203",123.701672331111,-0.725980951481148,0.17696449838604,-4.10174306794165,4.10049450015953e-05,0.00405875972915083,"sodium-dependent lysophosphatidylcholine symporter 1-B-like, transcript variant X1","gonad"
"LOC115128745",41.0506063405233,-0.728344215091655,0.196376725330566,-3.70619384120421,0.000210397294645416,0.00895252308788978,"exportin-4, transcript variant X2","gonad"
"LOC115143798",771.560027058957,-0.731676473079622,0.214320081349849,-3.43801667518927,0.000585991611446995,0.0154752456942104,"acidic mammalian chitinase-like","gonad"
"LOC115128805",133.50958580138,-0.734581156948452,0.211428204444054,-3.48685820122728,0.00048873041120983,0.0139369131570152,"rho GTPase-activating protein 4-like","gonad"
"LOC115110363",19.9798831006178,-0.740432637624719,0.215022655453017,-3.4716956621246,0.000517182289345121,0.0142676508972668,"hemoglobin subunit alpha-1","gonad"
"LOC115112364",98.9109235585578,-0.741268105382896,0.202673472727715,-3.66247182526752,0.000249793233532673,0.00977238610938258,"dysbindin domain-containing protein 1-like, transcript variant X2","gonad"
"LOC115121570",86.6877441917425,-0.745764514156437,0.210694647798784,-3.55242627391778,0.00038169596456065,0.0121673621026194,"filamin A-interacting protein 1-like","gonad"
"LOC115126423",10.619288466572,-0.748946990732366,0.211665121909047,-3.53056522625609,0.00041467275784163,0.01282673092684,"integrin beta-4-like","gonad"
"LOC115112550",311.316637079777,-0.751867752495715,0.169014756705849,-4.44805145417785,8.66527751198083e-06,0.00227619574542032,"tubulin beta-3 chain-like","gonad"
"tnr",27.5501347918239,-0.752629273912128,0.210899428867538,-3.6798698905691,0.000233352984064573,0.00942119137156226,"tenascin R, transcript variant X1","gonad"
"LOC115135188",17.1463471363375,-0.754649677336837,0.214724718381196,-3.52747352624058,0.000419545713749929,0.012875361571888,"uncharacterized LOC115135188","gonad"
"LOC115123433",321.369625248854,-0.760428030690546,0.194869395498212,-4.43718016654084,9.11450032296758e-06,0.00227619574542032,"dentin sialophosphoprotein-like","gonad"
"LOC115128193",31.7402590458484,-0.761495742168131,0.20947422661841,-3.63546893130118,0.000277475435139636,0.0103629139336667,"tuftelin-like, transcript variant X3","gonad"
"LOC115122444",52.4185891928753,-0.762356560975213,0.175930893350034,-4.32914569467878,1.4968888356701e-05,0.00248627983363275,"traf2 and NCK-interacting protein kinase-like","gonad"
"LOC115106696",176.898524759731,-0.762839156039527,0.202153681302016,-3.77837592866729,0.000157854464419098,0.00779927105871799,"transforming growth factor beta-2 proprotein-like","gonad"
"LOC115106914",59.6939222236692,-0.770831838700762,0.209593460525088,-3.68620338322485,0.000227624463313983,0.00936558120856544,"synapsin-3-like","gonad"
"lhfpl3",18.5512313557985,-0.777693720759155,0.19924615879243,-3.88493731968057,0.00010235629251655,0.00635447999606842,"LHFPL tetraspan subfamily member 3","gonad"
"LOC115106977",14.8966013125345,-0.781860538901579,0.206963463839082,-3.7648265853514,0.000166664708525195,0.0079893576099356,"solute carrier organic anion transporter family member 1C1-like, transcript variant X2","gonad"
"LOC115121673",105.726299040307,-0.785181131317505,0.205466409482724,-3.83126364967112,0.000127486803991749,0.00720862306225981,"pollen-specific leucine-rich repeat extensin-like protein 1","gonad"
"LOC115118245",11.8124579204191,-0.790507065313666,0.209299491446266,-3.76018699266447,0.000169786395763544,0.0080499370601258,"carbohydrate sulfotransferase 11-like","gonad"
"LOC115125592",16.7173034708451,-0.81845242901838,0.212337433926311,-3.95162765951978,7.76214464971721e-05,0.00546379958893663,"inward rectifier potassium channel 2-like","gonad"
"LOC115126544",86231.5610489874,-0.827618088091324,0.214902469537642,-3.92206648451416,8.77927581209927e-05,0.00579218074920208,"galactose-specific lectin nattectin-like","gonad"
"LOC115111844",10.9570625226608,-0.844509255088701,0.207420081427886,-4.04235252881349,5.2917593815657e-05,0.00453272018678246,"inactive carboxypeptidase-like protein X2","gonad"
"LOC115108506",126.820958624827,-0.85102118604793,0.197842097825789,-4.30687389940421,1.6557793787125e-05,0.00263093034503719,"protein NDNF-like","gonad"
"LOC115122635",17.0848755367023,-0.853704195146284,0.211780529048505,-4.0304187612089,5.56775702083386e-05,0.00466654833338974,"uncharacterized LOC115122635","gonad"
"LOC115146230",33.8265653658612,-0.861911562460221,0.21361767508347,-4.05591813779804,4.9937748665031e-05,0.00446024184420925,"transforming growth factor beta-3 proprotein-like","gonad"
"LOC115108300",14.0557247852126,-0.863397775090451,0.200111565926195,-4.29844054000218,1.72004029625921e-05,0.00263544394540085,"cyclic AMP-responsive element-binding protein 3-like protein 3-B","gonad"
"LOC115110310",129.897828510596,-0.874888635457688,0.175910321145195,-4.97057173216069,6.67557576853041e-07,0.000643392161984752,"protein tweety homolog 3-like, transcript variant X1","gonad"
"LOC115101206",2051.16807100273,-0.879207433926103,0.206008186407761,-4.61131921706063,4.00121546093967e-06,0.00164702205984549,"vasotocin-neurophysin VT 1","gonad"
"dpep1",600.282082494527,-0.880629525399754,0.201870206076272,-4.3728100877842,1.22657417701746e-05,0.00227619574542032,"dipeptidase 1, transcript variant X1","gonad"
"LOC115136413",101.072726101476,-0.927311203425665,0.215129907743392,-4.39014320001966,1.13276039453639e-05,0.00227619574542032,"hepatocyte growth factor-like protein","gonad"
"LOC115142626",148.662996283924,-1.02368724941926,0.181718990920432,-2.88471853887315,0.00391763743580974,0.0475211177751809,"nidogen-1-like","gonad"
"lg2h3orf18",56.6624149646219,-1.06971384171692,0.206408506961697,-5.20043499082948,1.98822653201118e-07,0.000324967241105704,"linkage group 2 C3orf18 homolog","gonad"
"LOC115113734",15.8818103774829,-1.21305781126225,0.21470291733568,-3.26454573956909,0.00109639759085837,0.0224678445702416,"signal peptide, CUB and EGF-like domain-containing protein 2","gonad"
