"category","term","ontology","over_represented_pvalue","FDR","numDEInCat","numInCat"
"GO:0008180","COP9 signalosome","CC",0.00150490714888564,1,2,12
"GO:0019799","tubulin N-acetyltransferase activity","MF",0.00494390568549154,1,1,1
"GO:0071929","alpha-tubulin acetylation","BP",0.00494390568549154,1,1,1
"GO:0006497","protein lipidation","BP",0.00986430478252031,1,1,2
"GO:0030177","positive regulation of Wnt signaling pathway","BP",0.00986430478252031,1,1,2
"GO:0015889","cobalamin transport","BP",0.0147613046066889,1,1,3
"GO:0016282","eukaryotic 43S preinitiation complex","CC",0.0147613046066889,1,1,3
"GO:0031419","cobalamin binding","MF",0.0147613046066889,1,1,3
"GO:0080025","phosphatidylinositol-3,5-bisphosphate binding","MF",0.0147613046066889,1,1,3
"GO:0000338","protein deneddylation","BP",0.0196350120039922,1,1,4
"GO:0005093","Rab GDP-dissociation inhibitor activity","MF",0.0196350120039922,1,1,4
"GO:0010387","COP9 signalosome assembly","BP",0.0196350120039922,1,1,4
"GO:0030060","L-malate dehydrogenase activity","MF",0.0196350120039922,1,1,4
"GO:0043491","phosphatidylinositol 3-kinase/protein kinase B signal transduction","BP",0.0196350120039922,1,1,4
"GO:0044804","nucleophagy","BP",0.0196350120039922,1,1,4
"GO:2000134","negative regulation of G1/S transition of mitotic cell cycle","BP",0.0196350120039922,1,1,4
"GO:0034045","phagophore assembly site membrane","CC",0.0244855333527831,1,1,5
"GO:0048188","Set1C/COMPASS complex","CC",0.0244855333527831,1,1,5
"GO:0048812","neuron projection morphogenesis","BP",0.0244855333527831,1,1,5
"GO:0003774","cytoskeletal motor activity","MF",0.0293129745657309,1,1,6
"GO:0006108","malate metabolic process","BP",0.0293129745657309,1,1,6
"GO:0043248","proteasome assembly","BP",0.0293129745657309,1,1,6
"GO:0051015","actin filament binding","MF",0.0338458595742238,1,2,59
"GO:0019903","protein phosphatase binding","MF",0.0341174410917714,1,1,7
"GO:0034497","protein localization to phagophore assembly site","BP",0.0341174410917714,1,1,7
"GO:0043024","ribosomal small subunit binding","MF",0.0341174410917714,1,1,7
"GO:0019898","extrinsic component of membrane","CC",0.0388990379180498,1,1,8
"GO:0032266","phosphatidylinositol-3-phosphate binding","MF",0.0388990379180498,1,1,8
"GO:0033179","proton-transporting V-type ATPase, V0 domain","CC",0.0388990379180498,1,1,8
"GO:0006406","mRNA export from nucleus","BP",0.0436578695718549,1,1,9
"GO:0000724","double-strand break repair via homologous recombination","BP",0.0483940401225467,1,1,10
"GO:0000502","proteasome complex","CC",0.0531076531834752,1,1,11
"GO:0007417","central nervous system development","BP",0.0531076531834752,1,1,11
"GO:0008250","oligosaccharyltransferase complex","CC",0.0531076531834752,1,1,11
"GO:0032981","mitochondrial respiratory chain complex I assembly","BP",0.0531076531834752,1,1,11
"GO:0005750","mitochondrial respiratory chain complex III","CC",0.0624676190208562,1,1,13
"GO:0031072","heat shock protein binding","MF",0.0624676190208562,1,1,13
"GO:0045202","synapse","CC",0.0624676190208562,1,1,13
"GO:0008541","proteasome regulatory particle, lid subcomplex","CC",0.0671141767611265,1,1,14
"GO:0016459","myosin complex","CC",0.0671141767611265,1,1,14
"GO:0048471","perinuclear region of cytoplasm","CC",0.0671141767611265,1,1,14
"GO:0006122","mitochondrial electron transport, ubiquinol to cytochrome c","BP",0.0717385869430542,1,1,15
"GO:0006486","protein glycosylation","BP",0.0763409509284623,1,1,16
"GO:0006880","intracellular sequestering of iron ion","BP",0.0809213696345199,1,1,17
"GO:0008199","ferric iron binding","MF",0.0809213696345199,1,1,17
"GO:0038023","signaling receptor activity","MF",0.0809213696345199,1,1,17
"GO:0005516","calmodulin binding","MF",0.0900167726651774,1,1,19
"GO:0019773","proteasome core complex, alpha-subunit complex","CC",0.0900167726651774,1,1,19
"GO:0000422","autophagy of mitochondrion","BP",0.094531956617602,1,1,20
"GO:0006826","iron ion transport","BP",0.099025594550021,1,1,21
"GO:0007015","actin filament organization","BP",0.099025594550021,1,1,21
"GO:0008198","ferrous iron binding","MF",0.099025594550021,1,1,21
"GO:0046961","proton-transporting ATPase activity, rotational mechanism","MF",0.103497785184175,1,1,22
"GO:0005874","microtubule","CC",0.107948626808237,1,1,23
"GO:0005751","mitochondrial respiratory chain complex IV","CC",0.112378217278631,1,1,24
"GO:0009897","external side of plasma membrane","CC",0.112378217278631,1,1,24
"GO:0015031","protein transport","BP",0.112378217278631,1,1,24
"GO:0030134","COPII-coated ER to Golgi transport vesicle","CC",0.112378217278631,1,1,24
"GO:0006879","intracellular iron ion homeostasis","BP",0.116786654021851,1,1,25
"GO:0006413","translational initiation","BP",0.129886009742295,1,1,28
"GO:0006099","tricarboxylic acid cycle","BP",0.142798448376432,1,1,31
"GO:0005793","endoplasmic reticulum-Golgi intermediate compartment","CC",0.147061501234545,1,1,32
"GO:1902600","proton transmembrane transport","BP",0.151304164515184,1,1,33
"GO:0007264","small GTPase mediated signal transduction","BP",0.159728696482076,1,1,35
"GO:0005839","proteasome core complex","CC",0.16391075120862,1,1,36
"GO:0005737","cytoplasm","CC",0.175417539828562,1,6,777
"GO:0007030","Golgi organization","BP",0.176337178019229,1,1,39
"GO:1990904","ribonucleoprotein complex","CC",0.176337178019229,1,1,39
"GO:0005615","extracellular space","CC",0.182980960948786,1,2,158
"GO:0005085","guanyl-nucleotide exchange factor activity","MF",0.188585918028995,1,1,42
"GO:0005747","mitochondrial respiratory chain complex I","CC",0.188585918028995,1,1,42
"GO:0004252","serine-type endopeptidase activity","MF",0.192629768159577,1,1,43
"GO:0016192","vesicle-mediated transport","BP",0.200659411767408,1,1,45
"GO:0003743","translation initiation factor activity","MF",0.23201685075867,1,1,53
"GO:0006888","endoplasmic reticulum to Golgi vesicle-mediated transport","BP",0.294771661021484,1,1,70
"GO:0006508","proteolysis","BP",0.312270252045577,1,1,75
"GO:0005654","nucleoplasm","CC",0.315719513898743,1,1,76
"GO:0006511","ubiquitin-dependent protein catabolic process","BP",0.336068384984773,1,1,82
"GO:0022625","cytosolic large ribosomal subunit","CC",0.346023363514325,1,1,85
"GO:0006886","intracellular protein transport","BP",0.402806221610853,1,1,103
"GO:0005794","Golgi apparatus","CC",0.414764667844028,1,1,107
"GO:0003729","mRNA binding","MF",0.468492434816286,1,1,126
"GO:0005509","calcium ion binding","MF",0.479182895030638,1,1,130
"GO:0006412","translation","BP",0.534383432314993,1,1,152
"GO:0005840","ribosome","CC",0.566533564221117,1,1,166
"GO:0005783","endoplasmic reticulum","CC",0.570948432106879,1,1,168
"GO:0003735","structural constituent of ribosome","MF",0.626477493405152,1,1,195
"GO:0005739","mitochondrion","CC",0.643400262265616,1,1,204
"GO:0005886","plasma membrane","CC",0.740133298659131,1,1,265
"GO:0003723","RNA binding","MF",0.770798316477643,1,1,289
"GO:0005634","nucleus","CC",0.813126340105775,1,3,846
"GO:0005829","cytosol","CC",0.826679497980247,1,1,342
"GO:0016020","membrane","CC",0.853022184051627,1,1,373
"GO:0005524","ATP binding","MF",0.854582415223129,1,1,375
"GO:0005515","protein binding","MF",0.953497608641553,1,1,584
"GO:0000002","mitochondrial genome maintenance","BP",1,1,0,1
"GO:0000015","phosphopyruvate hydratase complex","CC",1,1,0,2
"GO:0000027","ribosomal large subunit assembly","BP",1,1,0,17
"GO:0000028","ribosomal small subunit assembly","BP",1,1,0,18
"GO:0000030","mannosyltransferase activity","MF",1,1,0,5
"GO:0000032","cell wall mannoprotein biosynthetic process","BP",1,1,0,1
"GO:0000038","very long-chain fatty acid metabolic process","BP",1,1,0,3
"GO:0000045","autophagosome assembly","BP",1,1,0,23
"GO:0000049","tRNA binding","MF",1,1,0,9
"GO:0000052","citrulline metabolic process","BP",1,1,0,2
"GO:0000054","ribosomal subunit export from nucleus","BP",1,1,0,5
"GO:0000055","ribosomal large subunit export from nucleus","BP",1,1,0,5
"GO:0000056","ribosomal small subunit export from nucleus","BP",1,1,0,4
"GO:0000062","fatty-acyl-CoA binding","MF",1,1,0,7
"GO:0000064","L-ornithine transmembrane transporter activity","MF",1,1,0,1
"GO:0000076","DNA replication checkpoint signaling","BP",1,1,0,1
"GO:0000079","regulation of cyclin-dependent protein serine/threonine kinase activity","BP",1,1,0,7
"GO:0000082","G1/S transition of mitotic cell cycle","BP",1,1,0,4
"GO:0000103","sulfate assimilation","BP",1,1,0,1
"GO:0000104","succinate dehydrogenase activity","MF",1,1,0,2
"GO:0000118","histone deacetylase complex","CC",1,1,0,9
"GO:0000122","negative regulation of transcription by RNA polymerase II","BP",1,1,0,56
"GO:0000123","histone acetyltransferase complex","CC",1,1,0,6
"GO:0000124","SAGA complex","CC",1,1,0,6
"GO:0000132","establishment of mitotic spindle orientation","BP",1,1,0,4
"GO:0000137","Golgi cis cisterna","CC",1,1,0,2
"GO:0000138","Golgi trans cisterna","CC",1,1,0,1
"GO:0000139","Golgi membrane","CC",1,1,0,50
"GO:0000145","exocyst","CC",1,1,0,2
"GO:0000146","microfilament motor activity","MF",1,1,0,6
"GO:0000149","SNARE binding","MF",1,1,0,17
"GO:0000151","ubiquitin ligase complex","CC",1,1,0,13
"GO:0000153","cytoplasmic ubiquitin ligase complex","CC",1,1,0,1
"GO:0000159","protein phosphatase type 2A complex","CC",1,1,0,8
"GO:0000164","protein phosphatase type 1 complex","CC",1,1,0,3
"GO:0000165","MAPK cascade","BP",1,1,0,5
"GO:0000166","nucleotide binding","MF",1,1,0,2
"GO:0000175","3'-5'-RNA exonuclease activity","MF",1,1,0,4
"GO:0000176","nuclear exosome (RNase complex)","CC",1,1,0,1
"GO:0000178","exosome (RNase complex)","CC",1,1,0,3
"GO:0000179","rRNA (adenine-N6,N6-)-dimethyltransferase activity","MF",1,1,0,1
"GO:0000184","nuclear-transcribed mRNA catabolic process, nonsense-mediated decay","BP",1,1,0,9
"GO:0000209","protein polyubiquitination","BP",1,1,0,34
"GO:0000220","vacuolar proton-transporting V-type ATPase, V0 domain","CC",1,1,0,3
"GO:0000226","microtubule cytoskeleton organization","BP",1,1,0,32
"GO:0000228","nuclear chromosome","CC",1,1,0,2
"GO:0000243","commitment complex","CC",1,1,0,7
"GO:0000244","spliceosomal tri-snRNP complex assembly","BP",1,1,0,4
"GO:0000245","spliceosomal complex assembly","BP",1,1,0,7
"GO:0000246","delta24(24-1) sterol reductase activity","MF",1,1,0,1
"GO:0000247","C-8 sterol isomerase activity","MF",1,1,0,1
"GO:0000250","lanosterol synthase activity","MF",1,1,0,1
"GO:0000254","C-4 methylsterol oxidase activity","MF",1,1,0,1
"GO:0000255","allantoin metabolic process","BP",1,1,0,1
"GO:0000256","allantoin catabolic process","BP",1,1,0,1
"GO:0000266","mitochondrial fission","BP",1,1,0,4
"GO:0000274","mitochondrial proton-transporting ATP synthase, stator stalk","CC",1,1,0,2
"GO:0000275","mitochondrial proton-transporting ATP synthase complex, catalytic sector F(1)","CC",1,1,0,4
"GO:0000276","mitochondrial proton-transporting ATP synthase complex, coupling factor F(o)","CC",1,1,0,12
"GO:0000278","mitotic cell cycle","BP",1,1,0,21
"GO:0000281","mitotic cytokinesis","BP",1,1,0,4
"GO:0000285","1-phosphatidylinositol-3-phosphate 5-kinase activity","MF",1,1,0,1
"GO:0000287","magnesium ion binding","MF",1,1,0,33
"GO:0000288","nuclear-transcribed mRNA catabolic process, deadenylation-dependent decay","BP",1,1,0,2
"GO:0000289","nuclear-transcribed mRNA poly(A) tail shortening","BP",1,1,0,4
"GO:0000290","deadenylation-dependent decapping of nuclear-transcribed mRNA","BP",1,1,0,2
"GO:0000298","endopolyphosphatase activity","MF",1,1,0,1
"GO:0000307","cyclin-dependent protein kinase holoenzyme complex","CC",1,1,0,6
"GO:0000334","3-hydroxyanthranilate 3,4-dioxygenase activity","MF",1,1,0,1
"GO:0000339","RNA cap binding","MF",1,1,0,2
"GO:0000340","RNA 7-methylguanosine cap binding","MF",1,1,0,7
"GO:0000380","alternative mRNA splicing, via spliceosome","BP",1,1,0,13
"GO:0000381","regulation of alternative mRNA splicing, via spliceosome","BP",1,1,0,22
"GO:0000387","spliceosomal snRNP assembly","BP",1,1,0,12
"GO:0000390","spliceosomal complex disassembly","BP",1,1,0,1
"GO:0000395","mRNA 5'-splice site recognition","BP",1,1,0,4
"GO:0000398","mRNA splicing, via spliceosome","BP",1,1,0,56
"GO:0000407","phagophore assembly site","CC",1,1,0,14
"GO:0000413","protein peptidyl-prolyl isomerization","BP",1,1,0,10
"GO:0000421","autophagosome membrane","CC",1,1,0,9
"GO:0000423","mitophagy","BP",1,1,0,5
"GO:0000439","transcription factor TFIIH core complex","CC",1,1,0,1
"GO:0000445","THO complex part of transcription export complex","CC",1,1,0,4
"GO:0000447","endonucleolytic cleavage in ITS1 to separate SSU-rRNA from 5.8S rRNA and LSU-rRNA from tricistronic rRNA transcript (SSU-rRNA, 5.8S rRNA, LSU-rRNA)","BP",1,1,0,2
"GO:0000460","maturation of 5.8S rRNA","BP",1,1,0,4
"GO:0000461","endonucleolytic cleavage to generate mature 3'-end of SSU-rRNA from (SSU-rRNA, 5.8S rRNA, LSU-rRNA)","BP",1,1,0,1
"GO:0000462","maturation of SSU-rRNA from tricistronic rRNA transcript (SSU-rRNA, 5.8S rRNA, LSU-rRNA)","BP",1,1,0,10
"GO:0000463","maturation of LSU-rRNA from tricistronic rRNA transcript (SSU-rRNA, 5.8S rRNA, LSU-rRNA)","BP",1,1,0,10
"GO:0000466","maturation of 5.8S rRNA from tricistronic rRNA transcript (SSU-rRNA, 5.8S rRNA, LSU-rRNA)","BP",1,1,0,1
"GO:0000467","exonucleolytic trimming to generate mature 3'-end of 5.8S rRNA from tricistronic rRNA transcript (SSU-rRNA, 5.8S rRNA, LSU-rRNA)","BP",1,1,0,1
"GO:0000470","maturation of LSU-rRNA","BP",1,1,0,4
"GO:0000479","endonucleolytic cleavage of tricistronic rRNA transcript (SSU-rRNA, 5.8S rRNA, LSU-rRNA)","BP",1,1,0,2
"GO:0000481","maturation of 5S rRNA","BP",1,1,0,1
"GO:0000494","box C/D RNA 3'-end processing","BP",1,1,0,2
"GO:0000495","box H/ACA RNA 3'-end processing","BP",1,1,0,2
"GO:0000723","telomere maintenance","BP",1,1,0,1
"GO:0000731","DNA synthesis involved in DNA repair","BP",1,1,0,1
"GO:0000774","adenyl-nucleotide exchange factor activity","MF",1,1,0,2
"GO:0000775","chromosome, centromeric region","CC",1,1,0,1
"GO:0000776","kinetochore","CC",1,1,0,8
"GO:0000785","chromatin","CC",1,1,0,30
"GO:0000786","nucleosome","CC",1,1,0,18
"GO:0000792","heterochromatin","CC",1,1,0,3
"GO:0000795","synaptonemal complex","CC",1,1,0,1
"GO:0000813","ESCRT I complex","CC",1,1,0,7
"GO:0000814","ESCRT II complex","CC",1,1,0,1
"GO:0000815","ESCRT III complex","CC",1,1,0,8
"GO:0000828","inositol hexakisphosphate kinase activity","MF",1,1,0,3
"GO:0000829","inositol heptakisphosphate kinase activity","MF",1,1,0,1
"GO:0000839","Hrd1p ubiquitin ligase ERAD-L complex","CC",1,1,0,2
"GO:0000900","mRNA regulatory element binding translation repressor activity","MF",1,1,0,5
"GO:0000902","cell morphogenesis","BP",1,1,0,9
"GO:0000922","spindle pole","CC",1,1,0,4
"GO:0000923","equatorial microtubule organizing center","CC",1,1,0,1
"GO:0000932","P-body","CC",1,1,0,19
"GO:0000938","GARP complex","CC",1,1,0,2
"GO:0000956","nuclear-transcribed mRNA catabolic process","BP",1,1,0,5
"GO:0000963","mitochondrial RNA processing","BP",1,1,0,2
"GO:0000972","transcription-dependent tethering of RNA polymerase II gene DNA at nuclear periphery","BP",1,1,0,1
"GO:0000973","post-transcriptional tethering of RNA polymerase II gene DNA at nuclear periphery","BP",1,1,0,2
"GO:0000974","Prp19 complex","CC",1,1,0,7
"GO:0000976","transcription cis-regulatory region binding","MF",1,1,0,7
"GO:0000977","RNA polymerase II transcription regulatory region sequence-specific DNA binding","MF",1,1,0,19
"GO:0000978","RNA polymerase II cis-regulatory region sequence-specific DNA binding","MF",1,1,0,150
"GO:0000981","DNA-binding transcription factor activity, RNA polymerase II-specific","MF",1,1,0,137
"GO:0000987","cis-regulatory region sequence-specific DNA binding","MF",1,1,0,5
"GO:0000993","RNA polymerase II complex binding","MF",1,1,0,8
"GO:0000994","RNA polymerase III core binding","MF",1,1,0,1
"GO:0001055","RNA polymerase II activity","MF",1,1,0,2
"GO:0001096","TFIIF-class transcription factor complex binding","MF",1,1,0,1
"GO:0001097","TFIIH-class transcription factor complex binding","MF",1,1,0,1
"GO:0001099","basal RNA polymerase II transcription machinery binding","MF",1,1,0,1
"GO:0001147","transcription termination site sequence-specific DNA binding","MF",1,1,0,1
"GO:0001223","transcription coactivator binding","MF",1,1,0,1
"GO:0001227","DNA-binding transcription repressor activity, RNA polymerase II-specific","MF",1,1,0,4
"GO:0001228","DNA-binding transcription activator activity, RNA polymerase II-specific","MF",1,1,0,11
"GO:0001405","PAM complex, Tim23 associated import motor","CC",1,1,0,4
"GO:0001501","skeletal system development","BP",1,1,0,3
"GO:0001508","action potential","BP",1,1,0,3
"GO:0001514","selenocysteine incorporation","BP",1,1,0,2
"GO:0001516","prostaglandin biosynthetic process","BP",1,1,0,2
"GO:0001525","angiogenesis","BP",1,1,0,4
"GO:0001530","lipopolysaccharide binding","MF",1,1,0,1
"GO:0001540","amyloid-beta binding","MF",1,1,0,5
"GO:0001561","fatty acid alpha-oxidation","BP",1,1,0,2
"GO:0001578","microtubule bundle formation","BP",1,1,0,2
"GO:0001650","fibrillar center","CC",1,1,0,2
"GO:0001654","eye development","BP",1,1,0,2
"GO:0001664","G protein-coupled receptor binding","MF",1,1,0,8
"GO:0001666","response to hypoxia","BP",1,1,0,4
"GO:0001671","ATPase activator activity","MF",1,1,0,7
"GO:0001676","long-chain fatty acid metabolic process","BP",1,1,0,3
"GO:0001681","sialate O-acetylesterase activity","MF",1,1,0,1
"GO:0001708","cell fate specification","BP",1,1,0,3
"GO:0001717","conversion of seryl-tRNAsec to selenocys-tRNAsec","BP",1,1,0,1
"GO:0001725","stress fiber","CC",1,1,0,5
"GO:0001726","ruffle","CC",1,1,0,3
"GO:0001729","ceramide kinase activity","MF",1,1,0,1
"GO:0001731","formation of translation preinitiation complex","BP",1,1,0,11
"GO:0001732","formation of cytoplasmic translation initiation complex","BP",1,1,0,8
"GO:0001735","prenylcysteine oxidase activity","MF",1,1,0,1
"GO:0001750","photoreceptor outer segment","CC",1,1,0,1
"GO:0001755","neural crest cell migration","BP",1,1,0,8
"GO:0001778","plasma membrane repair","BP",1,1,0,1
"GO:0001782","B cell homeostasis","BP",1,1,0,1
"GO:0001786","phosphatidylserine binding","MF",1,1,0,3
"GO:0001816","cytokine production","BP",1,1,0,1
"GO:0001817","regulation of cytokine production","BP",1,1,0,4
"GO:0001822","kidney development","BP",1,1,0,1
"GO:0001836","release of cytochrome c from mitochondria","BP",1,1,0,3
"GO:0001843","neural tube closure","BP",1,1,0,3
"GO:0001881","receptor recycling","BP",1,1,0,1
"GO:0001887","selenium compound metabolic process","BP",1,1,0,2
"GO:0001889","liver development","BP",1,1,0,4
"GO:0001919","regulation of receptor recycling","BP",1,1,0,2
"GO:0001932","regulation of protein phosphorylation","BP",1,1,0,2
"GO:0001933","negative regulation of protein phosphorylation","BP",1,1,0,2
"GO:0001934","positive regulation of protein phosphorylation","BP",1,1,0,15
"GO:0001938","positive regulation of endothelial cell proliferation","BP",1,1,0,3
"GO:0001968","fibronectin binding","MF",1,1,0,1
"GO:0001972","retinoic acid binding","MF",1,1,0,2
"GO:0002003","angiotensin maturation","BP",1,1,0,1
"GO:0002011","morphogenesis of an epithelial sheet","BP",1,1,0,2
"GO:0002020","protease binding","MF",1,1,0,3
"GO:0002025","norepinephrine-epinephrine-mediated vasodilation involved in regulation of systemic arterial blood pressure","BP",1,1,0,2
"GO:0002031","G protein-coupled receptor internalization","BP",1,1,0,1
"GO:0002039","p53 binding","MF",1,1,0,2
"GO:0002040","sprouting angiogenesis","BP",1,1,0,3
"GO:0002055","adenine binding","MF",1,1,0,1
"GO:0002058","uracil binding","MF",1,1,0,2
"GO:0002082","regulation of oxidative phosphorylation","BP",1,1,0,6
"GO:0002084","protein depalmitoylation","BP",1,1,0,4
"GO:0002088","lens development in camera-type eye","BP",1,1,0,3
"GO:0002094","polyprenyltransferase activity","MF",1,1,0,1
"GO:0002115","store-operated calcium entry","BP",1,1,0,1
"GO:0002116","semaphorin receptor complex","CC",1,1,0,4
"GO:0002142","stereocilia ankle link complex","CC",1,1,0,1
"GO:0002143","tRNA wobble position uridine thiolation","BP",1,1,0,1
"GO:0002154","thyroid hormone mediated signaling pathway","BP",1,1,0,2
"GO:0002161","aminoacyl-tRNA editing activity","MF",1,1,0,3
"GO:0002181","cytoplasmic translation","BP",1,1,0,33
"GO:0002182","cytoplasmic translational elongation","BP",1,1,0,4
"GO:0002183","cytoplasmic translational initiation","BP",1,1,0,5
"GO:0002184","cytoplasmic translational termination","BP",1,1,0,3
"GO:0002188","translation reinitiation","BP",1,1,0,2
"GO:0002189","ribose phosphate diphosphokinase complex","CC",1,1,0,4
"GO:0002224","toll-like receptor signaling pathway","BP",1,1,0,3
"GO:0002250","adaptive immune response","BP",1,1,0,1
"GO:0002381","immunoglobulin production involved in immunoglobulin-mediated immune response","BP",1,1,0,1
"GO:0002503","peptide antigen assembly with MHC class II protein complex","BP",1,1,0,1
"GO:0002548","monocyte chemotaxis","BP",1,1,0,1
"GO:0002682","regulation of immune system process","BP",1,1,0,4
"GO:0002685","regulation of leukocyte migration","BP",1,1,0,1
"GO:0002720","positive regulation of cytokine production involved in immune response","BP",1,1,0,1
"GO:0002755","MyD88-dependent toll-like receptor signaling pathway","BP",1,1,0,1
"GO:0002947","tumor necrosis factor receptor superfamily complex","CC",1,1,0,1
"GO:0003007","heart morphogenesis","BP",1,1,0,1
"GO:0003073","regulation of systemic arterial blood pressure","BP",1,1,0,2
"GO:0003081","regulation of systemic arterial blood pressure by renin-angiotensin","BP",1,1,0,1
"GO:0003097","renal water transport","BP",1,1,0,1
"GO:0003333","amino acid transmembrane transport","BP",1,1,0,8
"GO:0003334","keratinocyte development","BP",1,1,0,1
"GO:0003365","establishment of cell polarity involved in ameboidal cell migration","BP",1,1,0,1
"GO:0003376","sphingosine-1-phosphate receptor signaling pathway","BP",1,1,0,1
"GO:0003400","regulation of COPII vesicle coating","BP",1,1,0,3
"GO:0003418","growth plate cartilage chondrocyte differentiation","BP",1,1,0,1
"GO:0003676","nucleic acid binding","MF",1,1,0,60
"GO:0003677","DNA binding","MF",1,1,0,94
"GO:0003682","chromatin binding","MF",1,1,0,36
"GO:0003684","damaged DNA binding","MF",1,1,0,7
"GO:0003690","double-stranded DNA binding","MF",1,1,0,4
"GO:0003697","single-stranded DNA binding","MF",1,1,0,6
"GO:0003700","DNA-binding transcription factor activity","MF",1,1,0,16
"GO:0003707","nuclear steroid receptor activity","MF",1,1,0,1
"GO:0003711","transcription elongation factor activity","MF",1,1,0,2
"GO:0003712","transcription coregulator activity","MF",1,1,0,22
"GO:0003713","transcription coactivator activity","MF",1,1,0,38
"GO:0003714","transcription corepressor activity","MF",1,1,0,33
"GO:0003724","RNA helicase activity","MF",1,1,0,28
"GO:0003725","double-stranded RNA binding","MF",1,1,0,5
"GO:0003726","double-stranded RNA adenosine deaminase activity","MF",1,1,0,1
"GO:0003727","single-stranded RNA binding","MF",1,1,0,5
"GO:0003730","mRNA 3'-UTR binding","MF",1,1,0,19
"GO:0003746","translation elongation factor activity","MF",1,1,0,16
"GO:0003747","translation release factor activity","MF",1,1,0,3
"GO:0003755","peptidyl-prolyl cis-trans isomerase activity","MF",1,1,0,22
"GO:0003756","protein disulfide isomerase activity","MF",1,1,0,9
"GO:0003777","microtubule motor activity","MF",1,1,0,5
"GO:0003779","actin binding","MF",1,1,0,33
"GO:0003785","actin monomer binding","MF",1,1,0,2
"GO:0003796","lysozyme activity","MF",1,1,0,4
"GO:0003824","catalytic activity","MF",1,1,0,3
"GO:0003827","alpha-1,3-mannosylglycoprotein 2-beta-N-acetylglucosaminyltransferase activity","MF",1,1,0,1
"GO:0003831","beta-N-acetylglucosaminylglycopeptide beta-1,4-galactosyltransferase activity","MF",1,1,0,2
"GO:0003834","beta-carotene 15,15'-dioxygenase activity","MF",1,1,0,1
"GO:0003836","beta-galactoside (CMP) alpha-2,3-sialyltransferase activity","MF",1,1,0,2
"GO:0003837","beta-ureidopropionase activity","MF",1,1,0,1
"GO:0003839","gamma-glutamylcyclotransferase activity","MF",1,1,0,2
"GO:0003841","1-acylglycerol-3-phosphate O-acyltransferase activity","MF",1,1,0,2
"GO:0003842","1-pyrroline-5-carboxylate dehydrogenase activity","MF",1,1,0,1
"GO:0003847","1-alkyl-2-acetylglycerophosphocholine esterase activity","MF",1,1,0,2
"GO:0003854","3-beta-hydroxy-delta5-steroid dehydrogenase activity","MF",1,1,0,4
"GO:0003857","3-hydroxyacyl-CoA dehydrogenase activity","MF",1,1,0,1
"GO:0003865","3-oxo-5-alpha-steroid 4-dehydrogenase activity","MF",1,1,0,1
"GO:0003870","5-aminolevulinate synthase activity","MF",1,1,0,2
"GO:0003873","6-phosphofructo-2-kinase activity","MF",1,1,0,1
"GO:0003876","AMP deaminase activity","MF",1,1,0,1
"GO:0003878","ATP citrate synthase activity","MF",1,1,0,2
"GO:0003881","CDP-diacylglycerol-inositol 3-phosphatidyltransferase activity","MF",1,1,0,1
"GO:0003883","CTP synthase activity","MF",1,1,0,2
"GO:0003884","D-amino-acid oxidase activity","MF",1,1,0,1
"GO:0003887","DNA-directed DNA polymerase activity","MF",1,1,0,2
"GO:0003899","DNA-directed 5'-3' RNA polymerase activity","MF",1,1,0,8
"GO:0003910","DNA ligase (ATP) activity","MF",1,1,0,1
"GO:0003917","DNA topoisomerase type I (single strand cut, ATP-independent) activity","MF",1,1,0,2
"GO:0003919","FMN adenylyltransferase activity","MF",1,1,0,1
"GO:0003920","GMP reductase activity","MF",1,1,0,1
"GO:0003921","GMP synthase activity","MF",1,1,0,1
"GO:0003922","GMP synthase (glutamine-hydrolyzing) activity","MF",1,1,0,1
"GO:0003924","GTPase activity","MF",1,1,0,150
"GO:0003934","GTP cyclohydrolase I activity","MF",1,1,0,3
"GO:0003937","IMP cyclohydrolase activity","MF",1,1,0,1
"GO:0003938","IMP dehydrogenase activity","MF",1,1,0,1
"GO:0003939","L-iditol 2-dehydrogenase activity","MF",1,1,0,2
"GO:0003950","NAD+ ADP-ribosyltransferase activity","MF",1,1,0,6
"GO:0003951","NAD+ kinase activity","MF",1,1,0,1
"GO:0003952","NAD+ synthase (glutamine-hydrolyzing) activity","MF",1,1,0,1
"GO:0003953","NAD+ nucleosidase activity","MF",1,1,0,1
"GO:0003954","NADH dehydrogenase activity","MF",1,1,0,3
"GO:0003958","NADPH-hemoprotein reductase activity","MF",1,1,0,1
"GO:0003960","NADPH:quinone reductase activity","MF",1,1,0,2
"GO:0003963","RNA-3'-phosphate cyclase activity","MF",1,1,0,2
"GO:0003975","UDP-N-acetylglucosamine-dolichyl-phosphate N-acetylglucosaminephosphotransferase activity","MF",1,1,0,1
"GO:0003976","UDP-N-acetylglucosamine-lysosomal-enzyme N-acetylglucosaminephosphotransferase activity","MF",1,1,0,1
"GO:0003980","UDP-glucose:glycoprotein glucosyltransferase activity","MF",1,1,0,3
"GO:0003983","UTP:glucose-1-phosphate uridylyltransferase activity","MF",1,1,0,1
"GO:0003984","acetolactate synthase activity","MF",1,1,0,1
"GO:0003985","acetyl-CoA C-acetyltransferase activity","MF",1,1,0,1
"GO:0003986","acetyl-CoA hydrolase activity","MF",1,1,0,1
"GO:0003987","acetate-CoA ligase activity","MF",1,1,0,2
"GO:0003989","acetyl-CoA carboxylase activity","MF",1,1,0,1
"GO:0003993","acid phosphatase activity","MF",1,1,0,4
"GO:0003994","aconitate hydratase activity","MF",1,1,0,3
"GO:0003995","acyl-CoA dehydrogenase activity","MF",1,1,0,1
"GO:0003997","acyl-CoA oxidase activity","MF",1,1,0,1
"GO:0003999","adenine phosphoribosyltransferase activity","MF",1,1,0,1
"GO:0004001","adenosine kinase activity","MF",1,1,0,1
"GO:0004013","adenosylhomocysteinase activity","MF",1,1,0,1
"GO:0004014","adenosylmethionine decarboxylase activity","MF",1,1,0,1
"GO:0004016","adenylate cyclase activity","MF",1,1,0,1
"GO:0004017","adenylate kinase activity","MF",1,1,0,2
"GO:0004019","adenylosuccinate synthase activity","MF",1,1,0,3
"GO:0004020","adenylylsulfate kinase activity","MF",1,1,0,1
"GO:0004021","L-alanine:2-oxoglutarate aminotransferase activity","MF",1,1,0,1
"GO:0004024","alcohol dehydrogenase activity, zinc-dependent","MF",1,1,0,2
"GO:0004029","aldehyde dehydrogenase (NAD+) activity","MF",1,1,0,2
"GO:0004032","alditol:NADP+ 1-oxidoreductase activity","MF",1,1,0,3
"GO:0004037","allantoicase activity","MF",1,1,0,1
"GO:0004045","aminoacyl-tRNA hydrolase activity","MF",1,1,0,1
"GO:0004046","aminoacylase activity","MF",1,1,0,1
"GO:0004047","aminomethyltransferase activity","MF",1,1,0,1
"GO:0004053","arginase activity","MF",1,1,0,4
"GO:0004056","argininosuccinate lyase activity","MF",1,1,0,1
"GO:0004057","arginyl-tRNA--protein transferase activity","MF",1,1,0,1
"GO:0004064","arylesterase activity","MF",1,1,0,1
"GO:0004067","asparaginase activity","MF",1,1,0,2
"GO:0004069","L-aspartate:2-oxoglutarate aminotransferase activity","MF",1,1,0,3
"GO:0004077","biotin-[acetyl-CoA-carboxylase] ligase activity","MF",1,1,0,1
"GO:0004085","butyryl-CoA dehydrogenase activity","MF",1,1,0,1
"GO:0004089","carbonate dehydratase activity","MF",1,1,0,3
"GO:0004090","carbonyl reductase (NADPH) activity","MF",1,1,0,2
"GO:0004092","carnitine O-acetyltransferase activity","MF",1,1,0,1
"GO:0004095","carnitine O-palmitoyltransferase activity","MF",1,1,0,2
"GO:0004096","catalase activity","MF",1,1,0,3
"GO:0004100","chitin synthase activity","MF",1,1,0,1
"GO:0004103","choline kinase activity","MF",1,1,0,2
"GO:0004105","choline-phosphate cytidylyltransferase activity","MF",1,1,0,2
"GO:0004108","citrate (Si)-synthase activity","MF",1,1,0,2
"GO:0004113","2',3'-cyclic-nucleotide 3'-phosphodiesterase activity","MF",1,1,0,2
"GO:0004122","cystathionine beta-synthase activity","MF",1,1,0,1
"GO:0004123","cystathionine gamma-lyase activity","MF",1,1,0,2
"GO:0004124","cysteine synthase activity","MF",1,1,0,1
"GO:0004126","cytidine deaminase activity","MF",1,1,0,1
"GO:0004127","cytidylate kinase activity","MF",1,1,0,1
"GO:0004132","dCMP deaminase activity","MF",1,1,0,1
"GO:0004134","4-alpha-glucanotransferase activity","MF",1,1,0,1
"GO:0004135","amylo-alpha-1,6-glucosidase activity","MF",1,1,0,1
"GO:0004142","diacylglycerol cholinephosphotransferase activity","MF",1,1,0,3
"GO:0004143","ATP-dependent diacylglycerol kinase activity","MF",1,1,0,4
"GO:0004146","dihydrofolate reductase activity","MF",1,1,0,1
"GO:0004148","dihydrolipoyl dehydrogenase activity","MF",1,1,0,2
"GO:0004149","dihydrolipoyllysine-residue succinyltransferase activity","MF",1,1,0,2
"GO:0004152","dihydroorotate dehydrogenase activity","MF",1,1,0,1
"GO:0004155","6,7-dihydropteridine reductase activity","MF",1,1,0,1
"GO:0004174","electron-transferring-flavoprotein dehydrogenase activity","MF",1,1,0,3
"GO:0004175","endopeptidase activity","MF",1,1,0,1
"GO:0004176","ATP-dependent peptidase activity","MF",1,1,0,7
"GO:0004177","aminopeptidase activity","MF",1,1,0,1
"GO:0004181","metallocarboxypeptidase activity","MF",1,1,0,5
"GO:0004185","serine-type carboxypeptidase activity","MF",1,1,0,3
"GO:0004190","aspartic-type endopeptidase activity","MF",1,1,0,3
"GO:0004197","cysteine-type endopeptidase activity","MF",1,1,0,29
"GO:0004198","calcium-dependent cysteine-type endopeptidase activity","MF",1,1,0,6
"GO:0004222","metalloendopeptidase activity","MF",1,1,0,22
"GO:0004298","threonine-type endopeptidase activity","MF",1,1,0,9
"GO:0004300","enoyl-CoA hydratase activity","MF",1,1,0,5
"GO:0004301","epoxide hydrolase activity","MF",1,1,0,2
"GO:0004303","estradiol 17-beta-dehydrogenase [NAD(P)] activity","MF",1,1,0,1
"GO:0004305","ethanolamine kinase activity","MF",1,1,0,3
"GO:0004307","ethanolaminephosphotransferase activity","MF",1,1,0,1
"GO:0004308","exo-alpha-sialidase activity","MF",1,1,0,1
"GO:0004310","farnesyl-diphosphate farnesyltransferase activity","MF",1,1,0,1
"GO:0004312","fatty acid synthase activity","MF",1,1,0,2
"GO:0004315","3-oxoacyl-[acyl-carrier-protein] synthase activity","MF",1,1,0,2
"GO:0004331","fructose-2,6-bisphosphate 2-phosphatase activity","MF",1,1,0,1
"GO:0004332","fructose-bisphosphate aldolase activity","MF",1,1,0,1
"GO:0004341","gluconolactonase activity","MF",1,1,0,1
"GO:0004343","glucosamine 6-phosphate N-acetyltransferase activity","MF",1,1,0,1
"GO:0004345","glucose-6-phosphate dehydrogenase activity","MF",1,1,0,3
"GO:0004346","glucose-6-phosphatase activity","MF",1,1,0,3
"GO:0004347","glucose-6-phosphate isomerase activity","MF",1,1,0,1
"GO:0004352","glutamate dehydrogenase (NAD+) activity","MF",1,1,0,2
"GO:0004356","glutamine synthetase activity","MF",1,1,0,2
"GO:0004357","glutamate-cysteine ligase activity","MF",1,1,0,1
"GO:0004359","glutaminase activity","MF",1,1,0,2
"GO:0004360","glutamine-fructose-6-phosphate transaminase (isomerizing) activity","MF",1,1,0,1
"GO:0004361","glutaryl-CoA dehydrogenase activity","MF",1,1,0,1
"GO:0004362","glutathione-disulfide reductase (NADP) activity","MF",1,1,0,2
"GO:0004364","glutathione transferase activity","MF",1,1,0,13
"GO:0004366","glycerol-3-phosphate O-acyltransferase activity","MF",1,1,0,5
"GO:0004370","glycerol kinase activity","MF",1,1,0,2
"GO:0004372","glycine hydroxymethyltransferase activity","MF",1,1,0,1
"GO:0004373","glycogen (starch) synthase activity","MF",1,1,0,1
"GO:0004375","glycine dehydrogenase (decarboxylating) activity","MF",1,1,0,1
"GO:0004379","glycylpeptide N-tetradecanoyltransferase activity","MF",1,1,0,2
"GO:0004382","GDP phosphatase activity","MF",1,1,0,2
"GO:0004383","guanylate cyclase activity","MF",1,1,0,1
"GO:0004386","helicase activity","MF",1,1,0,2
"GO:0004392","heme oxygenase (decyclizing) activity","MF",1,1,0,1
"GO:0004397","histidine ammonia-lyase activity","MF",1,1,0,1
"GO:0004402","histone acetyltransferase activity","MF",1,1,0,5
"GO:0004407","histone deacetylase activity","MF",1,1,0,3
"GO:0004411","homogentisate 1,2-dioxygenase activity","MF",1,1,0,1
"GO:0004416","hydroxyacylglutathione hydrolase activity","MF",1,1,0,1
"GO:0004418","hydroxymethylbilane synthase activity","MF",1,1,0,1
"GO:0004420","hydroxymethylglutaryl-CoA reductase (NADPH) activity","MF",1,1,0,1
"GO:0004421","hydroxymethylglutaryl-CoA synthase activity","MF",1,1,0,1
"GO:0004422","hypoxanthine phosphoribosyltransferase activity","MF",1,1,0,1
"GO:0004427","inorganic diphosphate phosphatase activity","MF",1,1,0,1
"GO:0004430","1-phosphatidylinositol 4-kinase activity","MF",1,1,0,3
"GO:0004435","phosphatidylinositol phospholipase C activity","MF",1,1,0,6
"GO:0004438","phosphatidylinositol-3-phosphate phosphatase activity","MF",1,1,0,2
"GO:0004439","phosphatidylinositol-4,5-bisphosphate 5-phosphatase activity","MF",1,1,0,1
"GO:0004445","inositol-polyphosphate 5-phosphatase activity","MF",1,1,0,1
"GO:0004449","isocitrate dehydrogenase (NAD+) activity","MF",1,1,0,1
"GO:0004450","isocitrate dehydrogenase (NADP+) activity","MF",1,1,0,3
"GO:0004452","isopentenyl-diphosphate delta-isomerase activity","MF",1,1,0,1
"GO:0004459","L-lactate dehydrogenase activity","MF",1,1,0,1
"GO:0004462","lactoylglutathione lyase activity","MF",1,1,0,1
"GO:0004463","leukotriene-A4 hydrolase activity","MF",1,1,0,1
"GO:0004465","lipoprotein lipase activity","MF",1,1,0,4
"GO:0004466","long-chain-acyl-CoA dehydrogenase activity","MF",1,1,0,1
"GO:0004467","long-chain fatty acid-CoA ligase activity","MF",1,1,0,2
"GO:0004471","malate dehydrogenase (decarboxylating) (NAD+) activity","MF",1,1,0,2
"GO:0004473","malate dehydrogenase (decarboxylating) (NADP+) activity","MF",1,1,0,2
"GO:0004474","malate synthase activity","MF",1,1,0,1
"GO:0004475","mannose-1-phosphate guanylyltransferase (GTP) activity","MF",1,1,0,1
"GO:0004478","methionine adenosyltransferase activity","MF",1,1,0,5
"GO:0004484","mRNA guanylyltransferase activity","MF",1,1,0,1
"GO:0004485","methylcrotonoyl-CoA carboxylase activity","MF",1,1,0,2
"GO:0004491","methylmalonate-semialdehyde dehydrogenase (acylating, NAD) activity","MF",1,1,0,2
"GO:0004497","monooxygenase activity","MF",1,1,0,5
"GO:0004499","N,N-dimethylaniline monooxygenase activity","MF",1,1,0,1
"GO:0004502","kynurenine 3-monooxygenase activity","MF",1,1,0,1
"GO:0004504","peptidylglycine monooxygenase activity","MF",1,1,0,1
"GO:0004505","phenylalanine 4-monooxygenase activity","MF",1,1,0,2
"GO:0004506","squalene monooxygenase activity","MF",1,1,0,2
"GO:0004508","steroid 17-alpha-monooxygenase activity","MF",1,1,0,1
"GO:0004511","tyrosine 3-monooxygenase activity","MF",1,1,0,1
"GO:0004514","nicotinate-nucleotide diphosphorylase (carboxylating) activity","MF",1,1,0,1
"GO:0004519","endonuclease activity","MF",1,1,0,1
"GO:0004521","RNA endonuclease activity","MF",1,1,0,7
"GO:0004523","RNA-DNA hybrid ribonuclease activity","MF",1,1,0,2
"GO:0004528","phosphodiesterase I activity","MF",1,1,0,4
"GO:0004534","5'-3' RNA exonuclease activity","MF",1,1,0,2
"GO:0004535","poly(A)-specific ribonuclease activity","MF",1,1,0,2
"GO:0004536","DNA nuclease activity","MF",1,1,0,1
"GO:0004540","RNA nuclease activity","MF",1,1,0,2
"GO:0004550","nucleoside diphosphate kinase activity","MF",1,1,0,4
"GO:0004551","dinucleotide phosphatase activity","MF",1,1,0,2
"GO:0004553","hydrolase activity, hydrolyzing O-glycosyl compounds","MF",1,1,0,1
"GO:0004556","alpha-amylase activity","MF",1,1,0,1
"GO:0004557","alpha-galactosidase activity","MF",1,1,0,1
"GO:0004559","alpha-mannosidase activity","MF",1,1,0,2
"GO:0004560","alpha-L-fucosidase activity","MF",1,1,0,1
"GO:0004565","beta-galactosidase activity","MF",1,1,0,1
"GO:0004568","chitinase activity","MF",1,1,0,1
"GO:0004571","mannosyl-oligosaccharide 1,2-alpha-mannosidase activity","MF",1,1,0,9
"GO:0004573","Glc3Man9GlcNAc2 oligosaccharide glucosidase activity","MF",1,1,0,1
"GO:0004579","dolichyl-diphosphooligosaccharide-protein glycotransferase activity","MF",1,1,0,4
"GO:0004586","ornithine decarboxylase activity","MF",1,1,0,4
"GO:0004591","oxoglutarate dehydrogenase (succinyl-transferring) activity","MF",1,1,0,3
"GO:0004594","pantothenate kinase activity","MF",1,1,0,1
"GO:0004596","peptide alpha-N-acetyltransferase activity","MF",1,1,0,3
"GO:0004601","peroxidase activity","MF",1,1,0,7
"GO:0004602","glutathione peroxidase activity","MF",1,1,0,7
"GO:0004608","phosphatidylethanolamine N-methyltransferase activity","MF",1,1,0,1
"GO:0004609","phosphatidylserine decarboxylase activity","MF",1,1,0,1
"GO:0004613","phosphoenolpyruvate carboxykinase (GTP) activity","MF",1,1,0,2
"GO:0004614","phosphoglucomutase activity","MF",1,1,0,2
"GO:0004616","phosphogluconate dehydrogenase (decarboxylating) activity","MF",1,1,0,1
"GO:0004618","phosphoglycerate kinase activity","MF",1,1,0,2
"GO:0004620","phospholipase activity","MF",1,1,0,3
"GO:0004622","lysophospholipase activity","MF",1,1,0,6
"GO:0004623","phospholipase A2 activity","MF",1,1,0,3
"GO:0004631","phosphomevalonate kinase activity","MF",1,1,0,1
"GO:0004632","phosphopantothenate--cysteine ligase activity","MF",1,1,0,1
"GO:0004634","phosphopyruvate hydratase activity","MF",1,1,0,2
"GO:0004637","phosphoribosylamine-glycine ligase activity","MF",1,1,0,1
"GO:0004639","phosphoribosylaminoimidazolesuccinocarboxamide synthase activity","MF",1,1,0,1
"GO:0004641","phosphoribosylformylglycinamidine cyclo-ligase activity","MF",1,1,0,1
"GO:0004643","phosphoribosylaminoimidazolecarboxamide formyltransferase activity","MF",1,1,0,1
"GO:0004644","phosphoribosylglycinamide formyltransferase activity","MF",1,1,0,1
"GO:0004645","1,4-alpha-oligoglucan phosphorylase activity","MF",1,1,0,1
"GO:0004651","polynucleotide 5'-phosphatase activity","MF",1,1,0,1
"GO:0004656","procollagen-proline 4-dioxygenase activity","MF",1,1,0,1
"GO:0004657","proline dehydrogenase activity","MF",1,1,0,1
"GO:0004660","protein farnesyltransferase activity","MF",1,1,0,2
"GO:0004662","CAAX-protein geranylgeranyltransferase activity","MF",1,1,0,2
"GO:0004663","Rab geranylgeranyltransferase activity","MF",1,1,0,1
"GO:0004672","protein kinase activity","MF",1,1,0,32
"GO:0004674","protein serine/threonine kinase activity","MF",1,1,0,69
"GO:0004683","calmodulin-dependent protein kinase activity","MF",1,1,0,8
"GO:0004686","elongation factor-2 kinase activity","MF",1,1,0,1
"GO:0004691","cAMP-dependent protein kinase activity","MF",1,1,0,1
"GO:0004693","cyclin-dependent protein serine/threonine kinase activity","MF",1,1,0,4
"GO:0004697","protein kinase C activity","MF",1,1,0,2
"GO:0004705","JUN kinase activity","MF",1,1,0,3
"GO:0004707","MAP kinase activity","MF",1,1,0,4
"GO:0004709","MAP kinase kinase kinase activity","MF",1,1,0,1
"GO:0004712","protein serine/threonine/tyrosine kinase activity","MF",1,1,0,4
"GO:0004713","protein tyrosine kinase activity","MF",1,1,0,8
"GO:0004714","transmembrane receptor protein tyrosine kinase activity","MF",1,1,0,4
"GO:0004715","non-membrane spanning protein tyrosine kinase activity","MF",1,1,0,6
"GO:0004720","protein-lysine 6-oxidase activity","MF",1,1,0,1
"GO:0004721","phosphoprotein phosphatase activity","MF",1,1,0,1
"GO:0004722","protein serine/threonine phosphatase activity","MF",1,1,0,18
"GO:0004725","protein tyrosine phosphatase activity","MF",1,1,0,19
"GO:0004726","non-membrane spanning protein tyrosine phosphatase activity","MF",1,1,0,1
"GO:0004730","pseudouridylate synthase activity","MF",1,1,0,1
"GO:0004731","purine-nucleoside phosphorylase activity","MF",1,1,0,4
"GO:0004736","pyruvate carboxylase activity","MF",1,1,0,2
"GO:0004739","pyruvate dehydrogenase (acetyl-transferring) activity","MF",1,1,0,2
"GO:0004740","pyruvate dehydrogenase (acetyl-transferring) kinase activity","MF",1,1,0,3
"GO:0004743","pyruvate kinase activity","MF",1,1,0,1
"GO:0004747","ribokinase activity","MF",1,1,0,1
"GO:0004749","ribose phosphate diphosphokinase activity","MF",1,1,0,4
"GO:0004750","D-ribulose-phosphate 3-epimerase activity","MF",1,1,0,1
"GO:0004756","selenide, water dikinase activity","MF",1,1,0,1
"GO:0004757","sepiapterin reductase activity","MF",1,1,0,1
"GO:0004758","serine C-palmitoyltransferase activity","MF",1,1,0,2
"GO:0004760","serine-pyruvate transaminase activity","MF",1,1,0,2
"GO:0004768","stearoyl-CoA 9-desaturase activity","MF",1,1,0,2
"GO:0004769","steroid delta-isomerase activity","MF",1,1,0,1
"GO:0004775","succinate-CoA ligase (ADP-forming) activity","MF",1,1,0,3
"GO:0004776","succinate-CoA ligase (GDP-forming) activity","MF",1,1,0,4
"GO:0004781","sulfate adenylyltransferase (ATP) activity","MF",1,1,0,1
"GO:0004782","sulfinoalanine decarboxylase activity","MF",1,1,0,1
"GO:0004784","superoxide dismutase activity","MF",1,1,0,2
"GO:0004791","thioredoxin-disulfide reductase (NADP) activity","MF",1,1,0,4
"GO:0004792","thiosulfate sulfurtransferase activity","MF",1,1,0,4
"GO:0004807","triose-phosphate isomerase activity","MF",1,1,0,2
"GO:0004815","aspartate-tRNA ligase activity","MF",1,1,0,2
"GO:0004816","asparagine-tRNA ligase activity","MF",1,1,0,1
"GO:0004818","glutamate-tRNA ligase activity","MF",1,1,0,1
"GO:0004819","glutamine-tRNA ligase activity","MF",1,1,0,1
"GO:0004820","glycine-tRNA ligase activity","MF",1,1,0,1
"GO:0004821","histidine-tRNA ligase activity","MF",1,1,0,1
"GO:0004822","isoleucine-tRNA ligase activity","MF",1,1,0,1
"GO:0004823","leucine-tRNA ligase activity","MF",1,1,0,1
"GO:0004826","phenylalanine-tRNA ligase activity","MF",1,1,0,4
"GO:0004827","proline-tRNA ligase activity","MF",1,1,0,1
"GO:0004829","threonine-tRNA ligase activity","MF",1,1,0,1
"GO:0004830","tryptophan-tRNA ligase activity","MF",1,1,0,1
"GO:0004832","valine-tRNA ligase activity","MF",1,1,0,1
"GO:0004833","tryptophan 2,3-dioxygenase activity","MF",1,1,0,3
"GO:0004838","L-tyrosine:2-oxoglutarate aminotransferase activity","MF",1,1,0,2
"GO:0004842","ubiquitin-protein transferase activity","MF",1,1,0,20
"GO:0004843","cysteine-type deubiquitinase activity","MF",1,1,0,28
"GO:0004846","urate oxidase activity","MF",1,1,0,1
"GO:0004850","uridine phosphorylase activity","MF",1,1,0,1
"GO:0004854","xanthine dehydrogenase activity","MF",1,1,0,1
"GO:0004856","xylulokinase activity","MF",1,1,0,1
"GO:0004857","enzyme inhibitor activity","MF",1,1,0,3
"GO:0004859","phospholipase inhibitor activity","MF",1,1,0,3
"GO:0004861","cyclin-dependent protein serine/threonine kinase inhibitor activity","MF",1,1,0,5
"GO:0004864","protein phosphatase inhibitor activity","MF",1,1,0,5
"GO:0004865","protein serine/threonine phosphatase inhibitor activity","MF",1,1,0,1
"GO:0004866","endopeptidase inhibitor activity","MF",1,1,0,17
"GO:0004867","serine-type endopeptidase inhibitor activity","MF",1,1,0,26
"GO:0004869","cysteine-type endopeptidase inhibitor activity","MF",1,1,0,10
"GO:0004879","nuclear receptor activity","MF",1,1,0,29
"GO:0004883","nuclear glucocorticoid receptor activity","MF",1,1,0,2
"GO:0004888","transmembrane signaling receptor activity","MF",1,1,0,1
"GO:0004896","cytokine receptor activity","MF",1,1,0,4
"GO:0004908","interleukin-1 receptor activity","MF",1,1,0,1
"GO:0004930","G protein-coupled receptor activity","MF",1,1,0,13
"GO:0004935","adrenergic receptor activity","MF",1,1,0,1
"GO:0004941","beta2-adrenergic receptor activity","MF",1,1,0,2
"GO:0004965","G protein-coupled GABA receptor activity","MF",1,1,0,1
"GO:0004994","somatostatin receptor activity","MF",1,1,0,1
"GO:0005005","transmembrane-ephrin receptor activity","MF",1,1,0,3
"GO:0005006","epidermal growth factor receptor activity","MF",1,1,0,2
"GO:0005007","fibroblast growth factor receptor activity","MF",1,1,0,3
"GO:0005009","insulin receptor activity","MF",1,1,0,3
"GO:0005011","macrophage colony-stimulating factor receptor activity","MF",1,1,0,1
"GO:0005025","transforming growth factor beta receptor activity, type I","MF",1,1,0,2
"GO:0005031","tumor necrosis factor receptor activity","MF",1,1,0,1
"GO:0005044","scavenger receptor activity","MF",1,1,0,9
"GO:0005047","signal recognition particle binding","MF",1,1,0,2
"GO:0005048","signal sequence binding","MF",1,1,0,4
"GO:0005049","nuclear export signal receptor activity","MF",1,1,0,3
"GO:0005052","peroxisome matrix targeting signal-1 binding","MF",1,1,0,2
"GO:0005055","laminin receptor activity","MF",1,1,0,1
"GO:0005068","transmembrane receptor protein tyrosine kinase adaptor activity","MF",1,1,0,1
"GO:0005078","MAP-kinase scaffold activity","MF",1,1,0,3
"GO:0005080","protein kinase C binding","MF",1,1,0,4
"GO:0005092","GDP-dissociation inhibitor activity","MF",1,1,0,5
"GO:0005094","Rho GDP-dissociation inhibitor activity","MF",1,1,0,2
"GO:0005096","GTPase activator activity","MF",1,1,0,41
"GO:0005102","signaling receptor binding","MF",1,1,0,20
"GO:0005109","frizzled binding","MF",1,1,0,1
"GO:0005112","Notch binding","MF",1,1,0,1
"GO:0005114","type II transforming growth factor beta receptor binding","MF",1,1,0,1
"GO:0005118","sevenless binding","MF",1,1,0,1
"GO:0005125","cytokine activity","MF",1,1,0,2
"GO:0005126","cytokine receptor binding","MF",1,1,0,4
"GO:0005158","insulin receptor binding","MF",1,1,0,4
"GO:0005164","tumor necrosis factor receptor binding","MF",1,1,0,1
"GO:0005175","CD27 receptor binding","MF",1,1,0,1
"GO:0005178","integrin binding","MF",1,1,0,11
"GO:0005179","hormone activity","MF",1,1,0,5
"GO:0005198","structural molecule activity","MF",1,1,0,35
"GO:0005200","structural constituent of cytoskeleton","MF",1,1,0,17
"GO:0005201","extracellular matrix structural constituent","MF",1,1,0,8
"GO:0005212","structural constituent of eye lens","MF",1,1,0,2
"GO:0005215","transporter activity","MF",1,1,0,3
"GO:0005216","monoatomic ion channel activity","MF",1,1,0,1
"GO:0005220","inositol 1,4,5-trisphosphate-sensitive calcium-release channel activity","MF",1,1,0,1
"GO:0005227","calcium activated cation channel activity","MF",1,1,0,1
"GO:0005229","intracellular calcium activated chloride channel activity","MF",1,1,0,1
"GO:0005245","voltage-gated calcium channel activity","MF",1,1,0,1
"GO:0005246","calcium channel regulator activity","MF",1,1,0,1
"GO:0005247","voltage-gated chloride channel activity","MF",1,1,0,3
"GO:0005249","voltage-gated potassium channel activity","MF",1,1,0,2
"GO:0005252","open rectifier potassium channel activity","MF",1,1,0,1
"GO:0005254","chloride channel activity","MF",1,1,0,1
"GO:0005262","calcium channel activity","MF",1,1,0,2
"GO:0005267","potassium channel activity","MF",1,1,0,1
"GO:0005289","high-affinity L-arginine transmembrane transporter activity","MF",1,1,0,1
"GO:0005290","L-histidine transmembrane transporter activity","MF",1,1,0,2
"GO:0005313","L-glutamate transmembrane transporter activity","MF",1,1,0,1
"GO:0005315","inorganic phosphate transmembrane transporter activity","MF",1,1,0,5
"GO:0005319","lipid transporter activity","MF",1,1,0,9
"GO:0005324","long-chain fatty acid transporter activity","MF",1,1,0,4
"GO:0005337","nucleoside transmembrane transporter activity","MF",1,1,0,2
"GO:0005344","oxygen carrier activity","MF",1,1,0,7
"GO:0005347","ATP transmembrane transporter activity","MF",1,1,0,3
"GO:0005375","copper ion transmembrane transporter activity","MF",1,1,0,2
"GO:0005381","iron ion transmembrane transporter activity","MF",1,1,0,1
"GO:0005384","manganese ion transmembrane transporter activity","MF",1,1,0,1
"GO:0005385","zinc ion transmembrane transporter activity","MF",1,1,0,6
"GO:0005388","P-type calcium transporter activity","MF",1,1,0,6
"GO:0005391","P-type sodium:potassium-exchanging transporter activity","MF",1,1,0,2
"GO:0005432","calcium:sodium antiporter activity","MF",1,1,0,2
"GO:0005452","solute:inorganic anion antiporter activity","MF",1,1,0,1
"GO:0005457","GDP-fucose transmembrane transporter activity","MF",1,1,0,2
"GO:0005459","UDP-galactose transmembrane transporter activity","MF",1,1,0,3
"GO:0005460","UDP-glucose transmembrane transporter activity","MF",1,1,0,1
"GO:0005462","UDP-N-acetylglucosamine transmembrane transporter activity","MF",1,1,0,1
"GO:0005464","UDP-xylose transmembrane transporter activity","MF",1,1,0,1
"GO:0005471","ATP:ADP antiporter activity","MF",1,1,0,3
"GO:0005483","soluble NSF attachment protein activity","MF",1,1,0,2
"GO:0005484","SNAP receptor activity","MF",1,1,0,16
"GO:0005496","steroid binding","MF",1,1,0,4
"GO:0005504","fatty acid binding","MF",1,1,0,11
"GO:0005506","iron ion binding","MF",1,1,0,38
"GO:0005507","copper ion binding","MF",1,1,0,10
"GO:0005518","collagen binding","MF",1,1,0,1
"GO:0005520","insulin-like growth factor binding","MF",1,1,0,1
"GO:0005522","profilin binding","MF",1,1,0,3
"GO:0005523","tropomyosin binding","MF",1,1,0,1
"GO:0005525","GTP binding","MF",1,1,0,175
"GO:0005537","mannose binding","MF",1,1,0,7
"GO:0005539","glycosaminoglycan binding","MF",1,1,0,1
"GO:0005542","folic acid binding","MF",1,1,0,1
"GO:0005543","phospholipid binding","MF",1,1,0,17
"GO:0005544","calcium-dependent phospholipid binding","MF",1,1,0,10
"GO:0005545","1-phosphatidylinositol binding","MF",1,1,0,3
"GO:0005546","phosphatidylinositol-4,5-bisphosphate binding","MF",1,1,0,5
"GO:0005548","phospholipid transporter activity","MF",1,1,0,2
"GO:0005576","extracellular region","CC",1,1,0,93
"GO:0005577","fibrinogen complex","CC",1,1,0,1
"GO:0005579","membrane attack complex","CC",1,1,0,6
"GO:0005604","basement membrane","CC",1,1,0,3
"GO:0005622","intracellular anatomical structure","CC",1,1,0,6
"GO:0005635","nuclear envelope","CC",1,1,0,7
"GO:0005637","nuclear inner membrane","CC",1,1,0,4
"GO:0005640","nuclear outer membrane","CC",1,1,0,1
"GO:0005643","nuclear pore","CC",1,1,0,13
"GO:0005657","replication fork","CC",1,1,0,1
"GO:0005665","RNA polymerase II, core complex","CC",1,1,0,9
"GO:0005666","RNA polymerase III complex","CC",1,1,0,7
"GO:0005667","transcription regulator complex","CC",1,1,0,21
"GO:0005669","transcription factor TFIID complex","CC",1,1,0,7
"GO:0005674","transcription factor TFIIF complex","CC",1,1,0,1
"GO:0005675","transcription factor TFIIH holo complex","CC",1,1,0,1
"GO:0005680","anaphase-promoting complex","CC",1,1,0,3
"GO:0005681","spliceosomal complex","CC",1,1,0,31
"GO:0005682","U5 snRNP","CC",1,1,0,11
"GO:0005684","U2-type spliceosomal complex","CC",1,1,0,5
"GO:0005685","U1 snRNP","CC",1,1,0,18
"GO:0005686","U2 snRNP","CC",1,1,0,16
"GO:0005687","U4 snRNP","CC",1,1,0,9
"GO:0005688","U6 snRNP","CC",1,1,0,4
"GO:0005689","U12-type spliceosomal complex","CC",1,1,0,9
"GO:0005694","chromosome","CC",1,1,0,2
"GO:0005697","telomerase holoenzyme complex","CC",1,1,0,2
"GO:0005721","pericentric heterochromatin","CC",1,1,0,4
"GO:0005730","nucleolus","CC",1,1,0,61
"GO:0005732","sno(s)RNA-containing ribonucleoprotein complex","CC",1,1,0,2
"GO:0005736","RNA polymerase I complex","CC",1,1,0,6
"GO:0005740","mitochondrial envelope","CC",1,1,0,10
"GO:0005741","mitochondrial outer membrane","CC",1,1,0,29
"GO:0005742","mitochondrial outer membrane translocase complex","CC",1,1,0,5
"GO:0005743","mitochondrial inner membrane","CC",1,1,0,53
"GO:0005744","TIM23 mitochondrial import inner membrane translocase complex","CC",1,1,0,3
"GO:0005745","m-AAA complex","CC",1,1,0,3
"GO:0005746","mitochondrial respirasome","CC",1,1,0,9
"GO:0005749","mitochondrial respiratory chain complex II, succinate dehydrogenase complex (ubiquinone)","CC",1,1,0,5
"GO:0005753","mitochondrial proton-transporting ATP synthase complex","CC",1,1,0,8
"GO:0005754","mitochondrial proton-transporting ATP synthase, catalytic core","CC",1,1,0,3
"GO:0005758","mitochondrial intermembrane space","CC",1,1,0,8
"GO:0005759","mitochondrial matrix","CC",1,1,0,17
"GO:0005761","mitochondrial ribosome","CC",1,1,0,3
"GO:0005762","mitochondrial large ribosomal subunit","CC",1,1,0,10
"GO:0005763","mitochondrial small ribosomal subunit","CC",1,1,0,5
"GO:0005764","lysosome","CC",1,1,0,47
"GO:0005765","lysosomal membrane","CC",1,1,0,22
"GO:0005768","endosome","CC",1,1,0,31
"GO:0005769","early endosome","CC",1,1,0,13
"GO:0005770","late endosome","CC",1,1,0,16
"GO:0005771","multivesicular body","CC",1,1,0,10
"GO:0005773","vacuole","CC",1,1,0,2
"GO:0005774","vacuolar membrane","CC",1,1,0,2
"GO:0005776","autophagosome","CC",1,1,0,16
"GO:0005777","peroxisome","CC",1,1,0,22
"GO:0005778","peroxisomal membrane","CC",1,1,0,11
"GO:0005782","peroxisomal matrix","CC",1,1,0,3
"GO:0005784","Sec61 translocon complex","CC",1,1,0,5
"GO:0005785","signal recognition particle receptor complex","CC",1,1,0,1
"GO:0005786","signal recognition particle, endoplasmic reticulum targeting","CC",1,1,0,8
"GO:0005787","signal peptidase complex","CC",1,1,0,7
"GO:0005788","endoplasmic reticulum lumen","CC",1,1,0,9
"GO:0005789","endoplasmic reticulum membrane","CC",1,1,0,110
"GO:0005795","Golgi stack","CC",1,1,0,3
"GO:0005797","Golgi medial cisterna","CC",1,1,0,1
"GO:0005801","cis-Golgi network","CC",1,1,0,6
"GO:0005802","trans-Golgi network","CC",1,1,0,26
"GO:0005811","lipid droplet","CC",1,1,0,8
"GO:0005813","centrosome","CC",1,1,0,24
"GO:0005814","centriole","CC",1,1,0,3
"GO:0005815","microtubule organizing center","CC",1,1,0,8
"GO:0005819","spindle","CC",1,1,0,5
"GO:0005827","polar microtubule","CC",1,1,0,1
"GO:0005832","chaperonin-containing T-complex","CC",1,1,0,12
"GO:0005833","hemoglobin complex","CC",1,1,0,7
"GO:0005834","heterotrimeric G-protein complex","CC",1,1,0,12
"GO:0005838","proteasome regulatory particle","CC",1,1,0,6
"GO:0005844","polysome","CC",1,1,0,10
"GO:0005846","nuclear cap binding complex","CC",1,1,0,1
"GO:0005847","mRNA cleavage and polyadenylation specificity factor complex","CC",1,1,0,5
"GO:0005849","mRNA cleavage factor complex","CC",1,1,0,2
"GO:0005850","eukaryotic translation initiation factor 2 complex","CC",1,1,0,6
"GO:0005851","eukaryotic translation initiation factor 2B complex","CC",1,1,0,2
"GO:0005852","eukaryotic translation initiation factor 3 complex","CC",1,1,0,14
"GO:0005853","eukaryotic translation elongation factor 1 complex","CC",1,1,0,2
"GO:0005854","nascent polypeptide-associated complex","CC",1,1,0,5
"GO:0005856","cytoskeleton","CC",1,1,0,24
"GO:0005865","striated muscle thin filament","CC",1,1,0,1
"GO:0005868","cytoplasmic dynein complex","CC",1,1,0,8
"GO:0005869","dynactin complex","CC",1,1,0,3
"GO:0005871","kinesin complex","CC",1,1,0,6
"GO:0005875","microtubule associated complex","CC",1,1,0,4
"GO:0005876","spindle microtubule","CC",1,1,0,6
"GO:0005881","cytoplasmic microtubule","CC",1,1,0,10
"GO:0005882","intermediate filament","CC",1,1,0,6
"GO:0005884","actin filament","CC",1,1,0,11
"GO:0005885","Arp2/3 protein complex","CC",1,1,0,6
"GO:0005890","sodium:potassium-exchanging ATPase complex","CC",1,1,0,1
"GO:0005891","voltage-gated calcium channel complex","CC",1,1,0,1
"GO:0005899","insulin receptor complex","CC",1,1,0,3
"GO:0005901","caveola","CC",1,1,0,1
"GO:0005902","microvillus","CC",1,1,0,8
"GO:0005903","brush border","CC",1,1,0,3
"GO:0005905","clathrin-coated pit","CC",1,1,0,4
"GO:0005911","cell-cell junction","CC",1,1,0,10
"GO:0005912","adherens junction","CC",1,1,0,29
"GO:0005922","connexin complex","CC",1,1,0,1
"GO:0005923","bicellular tight junction","CC",1,1,0,11
"GO:0005925","focal adhesion","CC",1,1,0,16
"GO:0005929","cilium","CC",1,1,0,5
"GO:0005930","axoneme","CC",1,1,0,1
"GO:0005938","cell cortex","CC",1,1,0,8
"GO:0005940","septin ring","CC",1,1,0,8
"GO:0005942","phosphatidylinositol 3-kinase complex","CC",1,1,0,6
"GO:0005947","mitochondrial alpha-ketoglutarate dehydrogenase complex","CC",1,1,0,1
"GO:0005948","acetolactate synthase complex","CC",1,1,0,1
"GO:0005952","cAMP-dependent protein kinase complex","CC",1,1,0,3
"GO:0005953","CAAX-protein geranylgeranyltransferase complex","CC",1,1,0,2
"GO:0005955","calcineurin complex","CC",1,1,0,1
"GO:0005956","protein kinase CK2 complex","CC",1,1,0,3
"GO:0005960","glycine cleavage complex","CC",1,1,0,1
"GO:0005965","protein farnesyltransferase complex","CC",1,1,0,2
"GO:0005967","mitochondrial pyruvate dehydrogenase complex","CC",1,1,0,1
"GO:0005968","Rab-protein geranylgeranyltransferase complex","CC",1,1,0,2
"GO:0005975","carbohydrate metabolic process","BP",1,1,0,31
"GO:0005977","glycogen metabolic process","BP",1,1,0,1
"GO:0005978","glycogen biosynthetic process","BP",1,1,0,2
"GO:0005979","regulation of glycogen biosynthetic process","BP",1,1,0,2
"GO:0005980","glycogen catabolic process","BP",1,1,0,1
"GO:0005986","sucrose biosynthetic process","BP",1,1,0,2
"GO:0005997","xylulose metabolic process","BP",1,1,0,2
"GO:0006000","fructose metabolic process","BP",1,1,0,3
"GO:0006002","fructose 6-phosphate metabolic process","BP",1,1,0,3
"GO:0006003","fructose 2,6-bisphosphate metabolic process","BP",1,1,0,1
"GO:0006004","fucose metabolic process","BP",1,1,0,2
"GO:0006006","glucose metabolic process","BP",1,1,0,8
"GO:0006011","UDP-glucose metabolic process","BP",1,1,0,1
"GO:0006013","mannose metabolic process","BP",1,1,0,2
"GO:0006014","D-ribose metabolic process","BP",1,1,0,1
"GO:0006015","5-phosphoribose 1-diphosphate biosynthetic process","BP",1,1,0,4
"GO:0006020","inositol metabolic process","BP",1,1,0,1
"GO:0006032","chitin catabolic process","BP",1,1,0,1
"GO:0006038","cell wall chitin biosynthetic process","BP",1,1,0,1
"GO:0006047","UDP-N-acetylglucosamine metabolic process","BP",1,1,0,2
"GO:0006048","UDP-N-acetylglucosamine biosynthetic process","BP",1,1,0,1
"GO:0006062","sorbitol catabolic process","BP",1,1,0,2
"GO:0006069","ethanol oxidation","BP",1,1,0,1
"GO:0006071","glycerol metabolic process","BP",1,1,0,2
"GO:0006081","cellular aldehyde metabolic process","BP",1,1,0,1
"GO:0006082","organic acid metabolic process","BP",1,1,0,8
"GO:0006084","acetyl-CoA metabolic process","BP",1,1,0,1
"GO:0006085","acetyl-CoA biosynthetic process","BP",1,1,0,4
"GO:0006086","acetyl-CoA biosynthetic process from pyruvate","BP",1,1,0,3
"GO:0006090","pyruvate metabolic process","BP",1,1,0,4
"GO:0006094","gluconeogenesis","BP",1,1,0,14
"GO:0006096","glycolytic process","BP",1,1,0,11
"GO:0006097","glyoxylate cycle","BP",1,1,0,1
"GO:0006098","pentose-phosphate shunt","BP",1,1,0,4
"GO:0006101","citrate metabolic process","BP",1,1,0,6
"GO:0006102","isocitrate metabolic process","BP",1,1,0,6
"GO:0006103","2-oxoglutarate metabolic process","BP",1,1,0,1
"GO:0006104","succinyl-CoA metabolic process","BP",1,1,0,3
"GO:0006107","oxaloacetate metabolic process","BP",1,1,0,2
"GO:0006111","regulation of gluconeogenesis","BP",1,1,0,1
"GO:0006116","NADH oxidation","BP",1,1,0,2
"GO:0006120","mitochondrial electron transport, NADH to ubiquinone","BP",1,1,0,14
"GO:0006121","mitochondrial electron transport, succinate to ubiquinone","BP",1,1,0,6
"GO:0006123","mitochondrial electron transport, cytochrome c to oxygen","BP",1,1,0,27
"GO:0006144","purine nucleobase metabolic process","BP",1,1,0,3
"GO:0006145","purine nucleobase catabolic process","BP",1,1,0,1
"GO:0006147","guanine catabolic process","BP",1,1,0,1
"GO:0006164","purine nucleotide biosynthetic process","BP",1,1,0,4
"GO:0006166","purine ribonucleoside salvage","BP",1,1,0,2
"GO:0006168","adenine salvage","BP",1,1,0,1
"GO:0006171","cAMP biosynthetic process","BP",1,1,0,1
"GO:0006172","ADP biosynthetic process","BP",1,1,0,2
"GO:0006177","GMP biosynthetic process","BP",1,1,0,1
"GO:0006178","guanine salvage","BP",1,1,0,1
"GO:0006182","cGMP biosynthetic process","BP",1,1,0,1
"GO:0006183","GTP biosynthetic process","BP",1,1,0,5
"GO:0006189","'de novo' IMP biosynthetic process","BP",1,1,0,3
"GO:0006203","dGTP catabolic process","BP",1,1,0,1
"GO:0006206","pyrimidine nucleobase metabolic process","BP",1,1,0,1
"GO:0006207","'de novo' pyrimidine nucleobase biosynthetic process","BP",1,1,0,2
"GO:0006210","thymine catabolic process","BP",1,1,0,4
"GO:0006212","uracil catabolic process","BP",1,1,0,2
"GO:0006213","pyrimidine nucleoside metabolic process","BP",1,1,0,1
"GO:0006218","uridine catabolic process","BP",1,1,0,1
"GO:0006225","UDP biosynthetic process","BP",1,1,0,1
"GO:0006226","dUMP biosynthetic process","BP",1,1,0,1
"GO:0006228","UTP biosynthetic process","BP",1,1,0,4
"GO:0006231","dTMP biosynthetic process","BP",1,1,0,1
"GO:0006241","CTP biosynthetic process","BP",1,1,0,6
"GO:0006260","DNA replication","BP",1,1,0,5
"GO:0006261","DNA-templated DNA replication","BP",1,1,0,1
"GO:0006265","DNA topological change","BP",1,1,0,2
"GO:0006273","lagging strand elongation","BP",1,1,0,1
"GO:0006281","DNA repair","BP",1,1,0,8
"GO:0006283","transcription-coupled nucleotide-excision repair","BP",1,1,0,1
"GO:0006284","base-excision repair","BP",1,1,0,1
"GO:0006285","base-excision repair, AP site formation","BP",1,1,0,1
"GO:0006288","base-excision repair, DNA ligation","BP",1,1,0,1
"GO:0006289","nucleotide-excision repair","BP",1,1,0,8
"GO:0006294","nucleotide-excision repair, preincision complex assembly","BP",1,1,0,1
"GO:0006301","postreplication repair","BP",1,1,0,7
"GO:0006302","double-strand break repair","BP",1,1,0,3
"GO:0006308","DNA catabolic process","BP",1,1,0,2
"GO:0006310","DNA recombination","BP",1,1,0,1
"GO:0006325","chromatin organization","BP",1,1,0,8
"GO:0006334","nucleosome assembly","BP",1,1,0,11
"GO:0006338","chromatin remodeling","BP",1,1,0,24
"GO:0006351","DNA-templated transcription","BP",1,1,0,15
"GO:0006352","DNA-templated transcription initiation","BP",1,1,0,2
"GO:0006355","regulation of DNA-templated transcription","BP",1,1,0,62
"GO:0006357","regulation of transcription by RNA polymerase II","BP",1,1,0,211
"GO:0006360","transcription by RNA polymerase I","BP",1,1,0,1
"GO:0006361","transcription initiation at RNA polymerase I promoter","BP",1,1,0,1
"GO:0006363","termination of RNA polymerase I transcription","BP",1,1,0,1
"GO:0006364","rRNA processing","BP",1,1,0,12
"GO:0006366","transcription by RNA polymerase II","BP",1,1,0,6
"GO:0006367","transcription initiation at RNA polymerase II promoter","BP",1,1,0,8
"GO:0006368","transcription elongation by RNA polymerase II","BP",1,1,0,11
"GO:0006369","termination of RNA polymerase II transcription","BP",1,1,0,4
"GO:0006370","7-methylguanosine mRNA capping","BP",1,1,0,1
"GO:0006376","mRNA splice site recognition","BP",1,1,0,12
"GO:0006378","mRNA polyadenylation","BP",1,1,0,8
"GO:0006382","adenosine to inosine editing","BP",1,1,0,1
"GO:0006383","transcription by RNA polymerase III","BP",1,1,0,1
"GO:0006386","termination of RNA polymerase III transcription","BP",1,1,0,1
"GO:0006388","tRNA splicing, via endonucleolytic cleavage and ligation","BP",1,1,0,1
"GO:0006391","transcription initiation at mitochondrial promoter","BP",1,1,0,1
"GO:0006396","RNA processing","BP",1,1,0,18
"GO:0006397","mRNA processing","BP",1,1,0,24
"GO:0006398","mRNA 3'-end processing by stem-loop binding and cleavage","BP",1,1,0,1
"GO:0006401","RNA catabolic process","BP",1,1,0,1
"GO:0006402","mRNA catabolic process","BP",1,1,0,1
"GO:0006405","RNA export from nucleus","BP",1,1,0,5
"GO:0006407","rRNA export from nucleus","BP",1,1,0,2
"GO:0006414","translational elongation","BP",1,1,0,14
"GO:0006415","translational termination","BP",1,1,0,2
"GO:0006417","regulation of translation","BP",1,1,0,2
"GO:0006421","asparaginyl-tRNA aminoacylation","BP",1,1,0,1
"GO:0006422","aspartyl-tRNA aminoacylation","BP",1,1,0,2
"GO:0006424","glutamyl-tRNA aminoacylation","BP",1,1,0,1
"GO:0006425","glutaminyl-tRNA aminoacylation","BP",1,1,0,1
"GO:0006427","histidyl-tRNA aminoacylation","BP",1,1,0,1
"GO:0006428","isoleucyl-tRNA aminoacylation","BP",1,1,0,1
"GO:0006429","leucyl-tRNA aminoacylation","BP",1,1,0,1
"GO:0006432","phenylalanyl-tRNA aminoacylation","BP",1,1,0,4
"GO:0006433","prolyl-tRNA aminoacylation","BP",1,1,0,1
"GO:0006435","threonyl-tRNA aminoacylation","BP",1,1,0,1
"GO:0006436","tryptophanyl-tRNA aminoacylation","BP",1,1,0,1
"GO:0006438","valyl-tRNA aminoacylation","BP",1,1,0,1
"GO:0006446","regulation of translational initiation","BP",1,1,0,3
"GO:0006457","protein folding","BP",1,1,0,60
"GO:0006465","signal peptide processing","BP",1,1,0,11
"GO:0006468","protein phosphorylation","BP",1,1,0,117
"GO:0006470","protein dephosphorylation","BP",1,1,0,42
"GO:0006473","protein acetylation","BP",1,1,0,1
"GO:0006478","peptidyl-tyrosine sulfation","BP",1,1,0,2
"GO:0006482","protein demethylation","BP",1,1,0,1
"GO:0006487","protein N-linked glycosylation","BP",1,1,0,17
"GO:0006488","dolichol-linked oligosaccharide biosynthetic process","BP",1,1,0,1
"GO:0006491","N-glycan processing","BP",1,1,0,11
"GO:0006493","protein O-linked glycosylation","BP",1,1,0,2
"GO:0006501","C-terminal protein lipidation","BP",1,1,0,1
"GO:0006506","GPI anchor biosynthetic process","BP",1,1,0,3
"GO:0006509","membrane protein ectodomain proteolysis","BP",1,1,0,4
"GO:0006513","protein monoubiquitination","BP",1,1,0,2
"GO:0006515","protein quality control for misfolded or incompletely synthesized proteins","BP",1,1,0,4
"GO:0006516","glycoprotein catabolic process","BP",1,1,0,1
"GO:0006517","protein deglycosylation","BP",1,1,0,1
"GO:0006518","peptide metabolic process","BP",1,1,0,4
"GO:0006520","amino acid metabolic process","BP",1,1,0,2
"GO:0006525","arginine metabolic process","BP",1,1,0,2
"GO:0006532","aspartate biosynthetic process","BP",1,1,0,2
"GO:0006533","aspartate catabolic process","BP",1,1,0,1
"GO:0006535","cysteine biosynthetic process from serine","BP",1,1,0,1
"GO:0006537","glutamate biosynthetic process","BP",1,1,0,1
"GO:0006538","glutamate catabolic process","BP",1,1,0,2
"GO:0006542","glutamine biosynthetic process","BP",1,1,0,2
"GO:0006543","glutamine catabolic process","BP",1,1,0,1
"GO:0006545","glycine biosynthetic process","BP",1,1,0,2
"GO:0006546","glycine catabolic process","BP",1,1,0,1
"GO:0006548","histidine catabolic process","BP",1,1,0,1
"GO:0006552","leucine catabolic process","BP",1,1,0,1
"GO:0006556","S-adenosylmethionine biosynthetic process","BP",1,1,0,5
"GO:0006559","L-phenylalanine catabolic process","BP",1,1,0,5
"GO:0006565","L-serine catabolic process","BP",1,1,0,1
"GO:0006567","threonine catabolic process","BP",1,1,0,4
"GO:0006569","tryptophan catabolic process","BP",1,1,0,1
"GO:0006570","tyrosine metabolic process","BP",1,1,0,1
"GO:0006571","tyrosine biosynthetic process","BP",1,1,0,2
"GO:0006574","valine catabolic process","BP",1,1,0,2
"GO:0006585","dopamine biosynthetic process from tyrosine","BP",1,1,0,1
"GO:0006597","spermine biosynthetic process","BP",1,1,0,1
"GO:0006605","protein targeting","BP",1,1,0,3
"GO:0006606","protein import into nucleus","BP",1,1,0,17
"GO:0006607","NLS-bearing protein import into nucleus","BP",1,1,0,3
"GO:0006611","protein export from nucleus","BP",1,1,0,5
"GO:0006612","protein targeting to membrane","BP",1,1,0,6
"GO:0006614","SRP-dependent cotranslational protein targeting to membrane","BP",1,1,0,10
"GO:0006616","SRP-dependent cotranslational protein targeting to membrane, translocation","BP",1,1,0,5
"GO:0006617","SRP-dependent cotranslational protein targeting to membrane, signal sequence recognition","BP",1,1,0,1
"GO:0006620","post-translational protein targeting to endoplasmic reticulum membrane","BP",1,1,0,1
"GO:0006621","protein retention in ER lumen","BP",1,1,0,3
"GO:0006622","protein targeting to lysosome","BP",1,1,0,4
"GO:0006623","protein targeting to vacuole","BP",1,1,0,11
"GO:0006624","vacuolar protein processing","BP",1,1,0,1
"GO:0006625","protein targeting to peroxisome","BP",1,1,0,1
"GO:0006626","protein targeting to mitochondrion","BP",1,1,0,1
"GO:0006627","protein processing involved in protein targeting to mitochondrion","BP",1,1,0,1
"GO:0006629","lipid metabolic process","BP",1,1,0,21
"GO:0006631","fatty acid metabolic process","BP",1,1,0,12
"GO:0006633","fatty acid biosynthetic process","BP",1,1,0,5
"GO:0006635","fatty acid beta-oxidation","BP",1,1,0,12
"GO:0006636","unsaturated fatty acid biosynthetic process","BP",1,1,0,2
"GO:0006637","acyl-CoA metabolic process","BP",1,1,0,5
"GO:0006641","triglyceride metabolic process","BP",1,1,0,5
"GO:0006642","triglyceride mobilization","BP",1,1,0,3
"GO:0006644","phospholipid metabolic process","BP",1,1,0,4
"GO:0006646","phosphatidylethanolamine biosynthetic process","BP",1,1,0,5
"GO:0006656","phosphatidylcholine biosynthetic process","BP",1,1,0,1
"GO:0006657","CDP-choline pathway","BP",1,1,0,4
"GO:0006660","phosphatidylserine catabolic process","BP",1,1,0,4
"GO:0006661","phosphatidylinositol biosynthetic process","BP",1,1,0,2
"GO:0006665","sphingolipid metabolic process","BP",1,1,0,3
"GO:0006666","3-keto-sphinganine metabolic process","BP",1,1,0,1
"GO:0006670","sphingosine metabolic process","BP",1,1,0,1
"GO:0006672","ceramide metabolic process","BP",1,1,0,3
"GO:0006686","sphingomyelin biosynthetic process","BP",1,1,0,2
"GO:0006688","glycosphingolipid biosynthetic process","BP",1,1,0,1
"GO:0006689","ganglioside catabolic process","BP",1,1,0,2
"GO:0006694","steroid biosynthetic process","BP",1,1,0,5
"GO:0006695","cholesterol biosynthetic process","BP",1,1,0,13
"GO:0006699","bile acid biosynthetic process","BP",1,1,0,1
"GO:0006700","C21-steroid hormone biosynthetic process","BP",1,1,0,1
"GO:0006703","estrogen biosynthetic process","BP",1,1,0,1
"GO:0006704","glucocorticoid biosynthetic process","BP",1,1,0,1
"GO:0006707","cholesterol catabolic process","BP",1,1,0,3
"GO:0006729","tetrahydrobiopterin biosynthetic process","BP",1,1,0,6
"GO:0006730","one-carbon metabolic process","BP",1,1,0,1
"GO:0006734","NADH metabolic process","BP",1,1,0,3
"GO:0006741","NADP biosynthetic process","BP",1,1,0,1
"GO:0006742","NADP catabolic process","BP",1,1,0,1
"GO:0006744","ubiquinone biosynthetic process","BP",1,1,0,6
"GO:0006747","FAD biosynthetic process","BP",1,1,0,1
"GO:0006749","glutathione metabolic process","BP",1,1,0,14
"GO:0006750","glutathione biosynthetic process","BP",1,1,0,1
"GO:0006751","glutathione catabolic process","BP",1,1,0,1
"GO:0006753","nucleoside phosphate metabolic process","BP",1,1,0,1
"GO:0006777","Mo-molybdopterin cofactor biosynthetic process","BP",1,1,0,3
"GO:0006783","heme biosynthetic process","BP",1,1,0,3
"GO:0006788","heme oxidation","BP",1,1,0,1
"GO:0006796","phosphate-containing compound metabolic process","BP",1,1,0,1
"GO:0006801","superoxide metabolic process","BP",1,1,0,1
"GO:0006805","xenobiotic metabolic process","BP",1,1,0,8
"GO:0006807","nitrogen compound metabolic process","BP",1,1,0,1
"GO:0006810","transport","BP",1,1,0,3
"GO:0006811","monoatomic ion transport","BP",1,1,0,3
"GO:0006812","monoatomic cation transport","BP",1,1,0,4
"GO:0006813","potassium ion transport","BP",1,1,0,1
"GO:0006814","sodium ion transport","BP",1,1,0,3
"GO:0006816","calcium ion transport","BP",1,1,0,1
"GO:0006820","monoatomic anion transport","BP",1,1,0,2
"GO:0006821","chloride transport","BP",1,1,0,3
"GO:0006825","copper ion transport","BP",1,1,0,1
"GO:0006829","zinc ion transport","BP",1,1,0,4
"GO:0006833","water transport","BP",1,1,0,1
"GO:0006839","mitochondrial transport","BP",1,1,0,4
"GO:0006843","mitochondrial citrate transmembrane transport","BP",1,1,0,2
"GO:0006850","mitochondrial pyruvate transmembrane transport","BP",1,1,0,3
"GO:0006865","amino acid transport","BP",1,1,0,3
"GO:0006867","asparagine transport","BP",1,1,0,2
"GO:0006868","glutamine transport","BP",1,1,0,3
"GO:0006869","lipid transport","BP",1,1,0,15
"GO:0006874","intracellular calcium ion homeostasis","BP",1,1,0,9
"GO:0006882","intracellular zinc ion homeostasis","BP",1,1,0,5
"GO:0006883","intracellular sodium ion homeostasis","BP",1,1,0,3
"GO:0006885","regulation of pH","BP",1,1,0,1
"GO:0006887","exocytosis","BP",1,1,0,10
"GO:0006890","retrograde vesicle-mediated transport, Golgi to endoplasmic reticulum","BP",1,1,0,22
"GO:0006891","intra-Golgi vesicle-mediated transport","BP",1,1,0,18
"GO:0006893","Golgi to plasma membrane transport","BP",1,1,0,1
"GO:0006895","Golgi to endosome transport","BP",1,1,0,2
"GO:0006896","Golgi to vacuole transport","BP",1,1,0,8
"GO:0006897","endocytosis","BP",1,1,0,17
"GO:0006898","receptor-mediated endocytosis","BP",1,1,0,10
"GO:0006900","vesicle budding from membrane","BP",1,1,0,5
"GO:0006904","vesicle docking involved in exocytosis","BP",1,1,0,3
"GO:0006906","vesicle fusion","BP",1,1,0,7
"GO:0006909","phagocytosis","BP",1,1,0,4
"GO:0006913","nucleocytoplasmic transport","BP",1,1,0,2
"GO:0006914","autophagy","BP",1,1,0,9
"GO:0006915","apoptotic process","BP",1,1,0,12
"GO:0006935","chemotaxis","BP",1,1,0,1
"GO:0006936","muscle contraction","BP",1,1,0,5
"GO:0006937","regulation of muscle contraction","BP",1,1,0,1
"GO:0006952","defense response","BP",1,1,0,8
"GO:0006954","inflammatory response","BP",1,1,0,12
"GO:0006955","immune response","BP",1,1,0,30
"GO:0006956","complement activation","BP",1,1,0,11
"GO:0006959","humoral immune response","BP",1,1,0,3
"GO:0006972","hyperosmotic response","BP",1,1,0,1
"GO:0006974","DNA damage response","BP",1,1,0,16
"GO:0006979","response to oxidative stress","BP",1,1,0,14
"GO:0006983","ER overload response","BP",1,1,0,1
"GO:0006986","response to unfolded protein","BP",1,1,0,1
"GO:0006995","cellular response to nitrogen starvation","BP",1,1,0,7
"GO:0006996","organelle organization","BP",1,1,0,2
"GO:0006999","nuclear pore organization","BP",1,1,0,1
"GO:0007004","telomere maintenance via telomerase","BP",1,1,0,2
"GO:0007005","mitochondrion organization","BP",1,1,0,11
"GO:0007007","inner mitochondrial membrane organization","BP",1,1,0,3
"GO:0007009","plasma membrane organization","BP",1,1,0,2
"GO:0007010","cytoskeleton organization","BP",1,1,0,12
"GO:0007017","microtubule-based process","BP",1,1,0,2
"GO:0007018","microtubule-based movement","BP",1,1,0,15
"GO:0007019","microtubule depolymerization","BP",1,1,0,1
"GO:0007020","microtubule nucleation","BP",1,1,0,3
"GO:0007021","tubulin complex assembly","BP",1,1,0,1
"GO:0007023","post-chaperonin tubulin folding pathway","BP",1,1,0,1
"GO:0007026","negative regulation of microtubule depolymerization","BP",1,1,0,1
"GO:0007029","endoplasmic reticulum organization","BP",1,1,0,9
"GO:0007031","peroxisome organization","BP",1,1,0,2
"GO:0007032","endosome organization","BP",1,1,0,7
"GO:0007033","vacuole organization","BP",1,1,0,2
"GO:0007034","vacuolar transport","BP",1,1,0,5
"GO:0007035","vacuolar acidification","BP",1,1,0,4
"GO:0007040","lysosome organization","BP",1,1,0,2
"GO:0007041","lysosomal transport","BP",1,1,0,2
"GO:0007043","cell-cell junction assembly","BP",1,1,0,9
"GO:0007052","mitotic spindle organization","BP",1,1,0,4
"GO:0007059","chromosome segregation","BP",1,1,0,9
"GO:0007062","sister chromatid cohesion","BP",1,1,0,2
"GO:0007093","mitotic cell cycle checkpoint signaling","BP",1,1,0,1
"GO:0007095","mitotic G2 DNA damage checkpoint signaling","BP",1,1,0,1
"GO:0007097","nuclear migration","BP",1,1,0,3
"GO:0007098","centrosome cycle","BP",1,1,0,1
"GO:0007100","mitotic centrosome separation","BP",1,1,0,2
"GO:0007129","homologous chromosome pairing at meiosis","BP",1,1,0,2
"GO:0007130","synaptonemal complex assembly","BP",1,1,0,1
"GO:0007131","reciprocal meiotic recombination","BP",1,1,0,1
"GO:0007140","male meiotic nuclear division","BP",1,1,0,1
"GO:0007154","cell communication","BP",1,1,0,2
"GO:0007155","cell adhesion","BP",1,1,0,21
"GO:0007156","homophilic cell adhesion via plasma membrane adhesion molecules","BP",1,1,0,14
"GO:0007157","heterophilic cell-cell adhesion via plasma membrane cell adhesion molecules","BP",1,1,0,1
"GO:0007160","cell-matrix adhesion","BP",1,1,0,12
"GO:0007162","negative regulation of cell adhesion","BP",1,1,0,4
"GO:0007163","establishment or maintenance of cell polarity","BP",1,1,0,1
"GO:0007165","signal transduction","BP",1,1,0,97
"GO:0007166","cell surface receptor signaling pathway","BP",1,1,0,5
"GO:0007168","receptor guanylyl cyclase signaling pathway","BP",1,1,0,1
"GO:0007169","transmembrane receptor protein tyrosine kinase signaling pathway","BP",1,1,0,19
"GO:0007172","signal complex assembly","BP",1,1,0,1
"GO:0007173","epidermal growth factor receptor signaling pathway","BP",1,1,0,1
"GO:0007175","negative regulation of epidermal growth factor-activated receptor activity","BP",1,1,0,1
"GO:0007179","transforming growth factor beta receptor signaling pathway","BP",1,1,0,6
"GO:0007186","G protein-coupled receptor signaling pathway","BP",1,1,0,21
"GO:0007188","adenylate cyclase-modulating G protein-coupled receptor signaling pathway","BP",1,1,0,7
"GO:0007189","adenylate cyclase-activating G protein-coupled receptor signaling pathway","BP",1,1,0,5
"GO:0007193","adenylate cyclase-inhibiting G protein-coupled receptor signaling pathway","BP",1,1,0,1
"GO:0007200","phospholipase C-activating G protein-coupled receptor signaling pathway","BP",1,1,0,1
"GO:0007204","positive regulation of cytosolic calcium ion concentration","BP",1,1,0,2
"GO:0007205","protein kinase C-activating G protein-coupled receptor signaling pathway","BP",1,1,0,3
"GO:0007213","G protein-coupled acetylcholine receptor signaling pathway","BP",1,1,0,1
"GO:0007214","gamma-aminobutyric acid signaling pathway","BP",1,1,0,3
"GO:0007218","neuropeptide signaling pathway","BP",1,1,0,2
"GO:0007219","Notch signaling pathway","BP",1,1,0,7
"GO:0007220","Notch receptor processing","BP",1,1,0,4
"GO:0007224","smoothened signaling pathway","BP",1,1,0,2
"GO:0007229","integrin-mediated signaling pathway","BP",1,1,0,6
"GO:0007249","canonical NF-kappaB signal transduction","BP",1,1,0,4
"GO:0007250","activation of NF-kappaB-inducing kinase activity","BP",1,1,0,1
"GO:0007254","JNK cascade","BP",1,1,0,3
"GO:0007259","receptor signaling pathway via JAK-STAT","BP",1,1,0,10
"GO:0007260","tyrosine phosphorylation of STAT protein","BP",1,1,0,3
"GO:0007265","Ras protein signal transduction","BP",1,1,0,7
"GO:0007266","Rho protein signal transduction","BP",1,1,0,5
"GO:0007268","chemical synaptic transmission","BP",1,1,0,3
"GO:0007269","neurotransmitter secretion","BP",1,1,0,2
"GO:0007274","neuromuscular synaptic transmission","BP",1,1,0,1
"GO:0007275","multicellular organism development","BP",1,1,0,31
"GO:0007276","gamete generation","BP",1,1,0,4
"GO:0007281","germ cell development","BP",1,1,0,1
"GO:0007283","spermatogenesis","BP",1,1,0,4
"GO:0007339","binding of sperm to zona pellucida","BP",1,1,0,4
"GO:0007340","acrosome reaction","BP",1,1,0,1
"GO:0007346","regulation of mitotic cell cycle","BP",1,1,0,10
"GO:0007389","pattern specification process","BP",1,1,0,3
"GO:0007399","nervous system development","BP",1,1,0,12
"GO:0007409","axonogenesis","BP",1,1,0,7
"GO:0007411","axon guidance","BP",1,1,0,15
"GO:0007416","synapse assembly","BP",1,1,0,2
"GO:0007420","brain development","BP",1,1,0,13
"GO:0007507","heart development","BP",1,1,0,4
"GO:0007519","skeletal muscle tissue development","BP",1,1,0,1
"GO:0007528","neuromuscular junction development","BP",1,1,0,5
"GO:0007529","establishment of synaptic specificity at neuromuscular junction","BP",1,1,0,1
"GO:0007584","response to nutrient","BP",1,1,0,1
"GO:0007596","blood coagulation","BP",1,1,0,13
"GO:0007600","sensory perception","BP",1,1,0,1
"GO:0007601","visual perception","BP",1,1,0,5
"GO:0007602","phototransduction","BP",1,1,0,1
"GO:0007605","sensory perception of sound","BP",1,1,0,4
"GO:0007610","behavior","BP",1,1,0,1
"GO:0007613","memory","BP",1,1,0,1
"GO:0007623","circadian rhythm","BP",1,1,0,5
"GO:0007624","ultradian rhythm","BP",1,1,0,2
"GO:0008009","chemokine activity","MF",1,1,0,4
"GO:0008013","beta-catenin binding","MF",1,1,0,6
"GO:0008017","microtubule binding","MF",1,1,0,35
"GO:0008021","synaptic vesicle","CC",1,1,0,15
"GO:0008023","transcription elongation factor complex","CC",1,1,0,4
"GO:0008024","cyclin/CDK positive transcription elongation factor complex","CC",1,1,0,4
"GO:0008028","monocarboxylic acid transmembrane transporter activity","MF",1,1,0,6
"GO:0008037","cell recognition","BP",1,1,0,1
"GO:0008045","motor neuron axon guidance","BP",1,1,0,2
"GO:0008047","enzyme activator activity","MF",1,1,0,3
"GO:0008053","mitochondrial fusion","BP",1,1,0,6
"GO:0008061","chitin binding","MF",1,1,0,1
"GO:0008063","Toll signaling pathway","BP",1,1,0,1
"GO:0008064","regulation of actin polymerization or depolymerization","BP",1,1,0,2
"GO:0008073","ornithine decarboxylase inhibitor activity","MF",1,1,0,2
"GO:0008076","voltage-gated potassium channel complex","CC",1,1,0,2
"GO:0008080","N-acetyltransferase activity","MF",1,1,0,6
"GO:0008081","phosphoric diester hydrolase activity","MF",1,1,0,1
"GO:0008083","growth factor activity","MF",1,1,0,7
"GO:0008088","axo-dendritic transport","BP",1,1,0,1
"GO:0008089","anterograde axonal transport","BP",1,1,0,3
"GO:0008090","retrograde axonal transport","BP",1,1,0,2
"GO:0008091","spectrin","CC",1,1,0,2
"GO:0008092","cytoskeletal protein binding","MF",1,1,0,5
"GO:0008093","cytoskeletal anchor activity","MF",1,1,0,1
"GO:0008094","ATP-dependent activity, acting on DNA","MF",1,1,0,1
"GO:0008097","5S rRNA binding","MF",1,1,0,6
"GO:0008104","protein localization","BP",1,1,0,4
"GO:0008111","alpha-methylacyl-CoA racemase activity","MF",1,1,0,1
"GO:0008117","sphinganine-1-phosphate aldolase activity","MF",1,1,0,1
"GO:0008119","thiopurine S-methyltransferase activity","MF",1,1,0,1
"GO:0008121","ubiquinol-cytochrome-c reductase activity","MF",1,1,0,3
"GO:0008124","4-alpha-hydroxytetrahydrobiopterin dehydratase activity","MF",1,1,0,1
"GO:0008131","primary amine oxidase activity","MF",1,1,0,1
"GO:0008134","transcription factor binding","MF",1,1,0,17
"GO:0008135","translation factor activity, RNA binding","MF",1,1,0,2
"GO:0008137","NADH dehydrogenase (ubiquinone) activity","MF",1,1,0,4
"GO:0008138","protein tyrosine/serine/threonine phosphatase activity","MF",1,1,0,5
"GO:0008139","nuclear localization sequence binding","MF",1,1,0,5
"GO:0008143","poly(A) binding","MF",1,1,0,3
"GO:0008146","sulfotransferase activity","MF",1,1,0,5
"GO:0008154","actin polymerization or depolymerization","BP",1,1,0,1
"GO:0008157","protein phosphatase 1 binding","MF",1,1,0,2
"GO:0008171","O-methyltransferase activity","MF",1,1,0,3
"GO:0008173","RNA methyltransferase activity","MF",1,1,0,1
"GO:0008176","tRNA (guanine-N7-)-methyltransferase activity","MF",1,1,0,1
"GO:0008177","succinate dehydrogenase (ubiquinone) activity","MF",1,1,0,1
"GO:0008179","adenylate cyclase binding","MF",1,1,0,1
"GO:0008187","poly-pyrimidine tract binding","MF",1,1,0,2
"GO:0008190","eukaryotic initiation factor 4E binding","MF",1,1,0,4
"GO:0008191","metalloendopeptidase inhibitor activity","MF",1,1,0,5
"GO:0008194","UDP-glycosyltransferase activity","MF",1,1,0,4
"GO:0008195","phosphatidate phosphatase activity","MF",1,1,0,5
"GO:0008201","heparin binding","MF",1,1,0,8
"GO:0008202","steroid metabolic process","BP",1,1,0,1
"GO:0008203","cholesterol metabolic process","BP",1,1,0,5
"GO:0008206","bile acid metabolic process","BP",1,1,0,1
"GO:0008233","peptidase activity","MF",1,1,0,2
"GO:0008234","cysteine-type peptidase activity","MF",1,1,0,1
"GO:0008235","metalloexopeptidase activity","MF",1,1,0,1
"GO:0008236","serine-type peptidase activity","MF",1,1,0,2
"GO:0008237","metallopeptidase activity","MF",1,1,0,13
"GO:0008239","dipeptidyl-peptidase activity","MF",1,1,0,4
"GO:0008240","tripeptidyl-peptidase activity","MF",1,1,0,1
"GO:0008251","tRNA-specific adenosine deaminase activity","MF",1,1,0,1
"GO:0008253","5'-nucleotidase activity","MF",1,1,0,2
"GO:0008254","3'-nucleotidase activity","MF",1,1,0,1
"GO:0008260","succinyl-CoA:3-oxo-acid CoA-transferase activity","MF",1,1,0,1
"GO:0008265","Mo-molybdopterin cofactor sulfurase activity","MF",1,1,0,1
"GO:0008266","poly(U) RNA binding","MF",1,1,0,1
"GO:0008270","zinc ion binding","MF",1,1,0,197
"GO:0008275","gamma-tubulin small complex","CC",1,1,0,1
"GO:0008278","cohesin complex","CC",1,1,0,2
"GO:0008284","positive regulation of cell population proliferation","BP",1,1,0,4
"GO:0008285","negative regulation of cell population proliferation","BP",1,1,0,10
"GO:0008286","insulin receptor signaling pathway","BP",1,1,0,12
"GO:0008289","lipid binding","MF",1,1,0,12
"GO:0008290","F-actin capping protein complex","CC",1,1,0,3
"GO:0008295","spermidine biosynthetic process","BP",1,1,0,1
"GO:0008299","isoprenoid biosynthetic process","BP",1,1,0,2
"GO:0008301","DNA binding, bending","MF",1,1,0,7
"GO:0008305","integrin complex","CC",1,1,0,3
"GO:0008307","structural constituent of muscle","MF",1,1,0,6
"GO:0008308","voltage-gated monoatomic anion channel activity","MF",1,1,0,5
"GO:0008312","7S RNA binding","MF",1,1,0,8
"GO:0008320","protein transmembrane transporter activity","MF",1,1,0,11
"GO:0008324","monoatomic cation transmembrane transporter activity","MF",1,1,0,4
"GO:0008330","protein tyrosine/threonine phosphatase activity","MF",1,1,0,2
"GO:0008333","endosome to lysosome transport","BP",1,1,0,6
"GO:0008336","gamma-butyrobetaine dioxygenase activity","MF",1,1,0,1
"GO:0008349","MAP kinase kinase kinase kinase activity","MF",1,1,0,1
"GO:0008353","RNA polymerase II CTD heptapeptide repeat kinase activity","MF",1,1,0,2
"GO:0008360","regulation of cell shape","BP",1,1,0,11
"GO:0008373","sialyltransferase activity","MF",1,1,0,3
"GO:0008374","O-acyltransferase activity","MF",1,1,0,2
"GO:0008375","acetylglucosaminyltransferase activity","MF",1,1,0,2
"GO:0008379","thioredoxin peroxidase activity","MF",1,1,0,7
"GO:0008380","RNA splicing","BP",1,1,0,7
"GO:0008384","IkappaB kinase activity","MF",1,1,0,1
"GO:0008385","IkappaB kinase complex","CC",1,1,0,1
"GO:0008395","steroid hydroxylase activity","MF",1,1,0,2
"GO:0008397","sterol 12-alpha-hydroxylase activity","MF",1,1,0,2
"GO:0008408","3'-5' exonuclease activity","MF",1,1,0,3
"GO:0008409","5'-3' exonuclease activity","MF",1,1,0,3
"GO:0008420","RNA polymerase II CTD heptapeptide repeat phosphatase activity","MF",1,1,0,7
"GO:0008429","phosphatidylethanolamine binding","MF",1,1,0,1
"GO:0008430","selenium binding","MF",1,1,0,3
"GO:0008432","JUN kinase binding","MF",1,1,0,1
"GO:0008440","inositol-1,4,5-trisphosphate 3-kinase activity","MF",1,1,0,2
"GO:0008441","3'(2'),5'-bisphosphate nucleotidase activity","MF",1,1,0,1
"GO:0008449","N-acetylglucosamine-6-sulfatase activity","MF",1,1,0,1
"GO:0008453","alanine-glyoxylate transaminase activity","MF",1,1,0,3
"GO:0008455","alpha-1,6-mannosylglycoprotein 2-beta-N-acetylglucosaminyltransferase activity","MF",1,1,0,1
"GO:0008458","carnitine O-octanoyltransferase activity","MF",1,1,0,2
"GO:0008460","dTDP-glucose 4,6-dehydratase activity","MF",1,1,0,1
"GO:0008467","[heparan sulfate]-glucosamine 3-sulfotransferase 1 activity","MF",1,1,0,3
"GO:0008474","palmitoyl-(protein) hydrolase activity","MF",1,1,0,4
"GO:0008475","procollagen-lysine 5-dioxygenase activity","MF",1,1,0,1
"GO:0008476","protein-tyrosine sulfotransferase activity","MF",1,1,0,2
"GO:0008483","transaminase activity","MF",1,1,0,2
"GO:0008486","diphosphoinositol-polyphosphate diphosphatase activity","MF",1,1,0,1
"GO:0008488","gamma-glutamyl carboxylase activity","MF",1,1,0,1
"GO:0008489","UDP-galactose:glucosylceramide beta-1,4-galactosyltransferase activity","MF",1,1,0,1
"GO:0008494","translation activator activity","MF",1,1,0,1
"GO:0008499","UDP-galactose:beta-N-acetylglucosamine beta-1,3-galactosyltransferase activity","MF",1,1,0,1
"GO:0008509","monoatomic anion transmembrane transporter activity","MF",1,1,0,1
"GO:0008519","ammonium transmembrane transporter activity","MF",1,1,0,2
"GO:0008523","sodium-dependent multivitamin transmembrane transporter activity","MF",1,1,0,1
"GO:0008525","phosphatidylcholine transporter activity","MF",1,1,0,4
"GO:0008526","phosphatidylinositol transfer activity","MF",1,1,0,3
"GO:0008531","riboflavin kinase activity","MF",1,1,0,2
"GO:0008537","proteasome activator complex","CC",1,1,0,3
"GO:0008540","proteasome regulatory particle, base subcomplex","CC",1,1,0,16
"GO:0008543","fibroblast growth factor receptor signaling pathway","BP",1,1,0,2
"GO:0008545","JUN kinase kinase activity","MF",1,1,0,2
"GO:0008568","microtubule severing ATPase activity","MF",1,1,0,1
"GO:0008569","minus-end-directed microtubule motor activity","MF",1,1,0,3
"GO:0008574","plus-end-directed microtubule motor activity","MF",1,1,0,1
"GO:0008584","male gonad development","BP",1,1,0,1
"GO:0008592","regulation of Toll signaling pathway","BP",1,1,0,1
"GO:0008593","regulation of Notch signaling pathway","BP",1,1,0,4
"GO:0008603","cAMP-dependent protein kinase regulator activity","MF",1,1,0,2
"GO:0008608","attachment of spindle microtubules to kinetochore","BP",1,1,0,1
"GO:0008625","extrinsic apoptotic signaling pathway via death domain receptors","BP",1,1,0,1
"GO:0008630","intrinsic apoptotic signaling pathway in response to DNA damage","BP",1,1,0,5
"GO:0008631","intrinsic apoptotic signaling pathway in response to oxidative stress","BP",1,1,0,2
"GO:0008635","activation of cysteine-type endopeptidase activity involved in apoptotic process by cytochrome c","BP",1,1,0,2
"GO:0008637","apoptotic mitochondrial changes","BP",1,1,0,3
"GO:0008643","carbohydrate transport","BP",1,1,0,1
"GO:0008649","rRNA methyltransferase activity","MF",1,1,0,2
"GO:0008650","rRNA (uridine-2'-O-)-methyltransferase activity","MF",1,1,0,1
"GO:0008654","phospholipid biosynthetic process","BP",1,1,0,6
"GO:0008670","2,4-dienoyl-CoA reductase (NADPH) activity","MF",1,1,0,1
"GO:0008732","L-allo-threonine aldolase activity","MF",1,1,0,1
"GO:0008743","L-threonine 3-dehydrogenase activity","MF",1,1,0,2
"GO:0008745","N-acetylmuramoyl-L-alanine amidase activity","MF",1,1,0,1
"GO:0008757","S-adenosylmethionine-dependent methyltransferase activity","MF",1,1,0,4
"GO:0008761","UDP-N-acetylglucosamine 2-epimerase activity","MF",1,1,0,1
"GO:0008817","corrinoid adenosyltransferase activity","MF",1,1,0,1
"GO:0008823","cupric reductase activity","MF",1,1,0,3
"GO:0008832","dGTPase activity","MF",1,1,0,1
"GO:0008887","glycerate kinase activity","MF",1,1,0,1
"GO:0008889","glycerophosphodiester phosphodiesterase activity","MF",1,1,0,1
"GO:0008890","glycine C-acetyltransferase activity","MF",1,1,0,1
"GO:0008892","guanine deaminase activity","MF",1,1,0,1
"GO:0008903","hydroxypyruvate isomerase activity","MF",1,1,0,1
"GO:0008940","nitrate reductase activity","MF",1,1,0,1
"GO:0008970","phospholipase A1 activity","MF",1,1,0,1
"GO:0009051","pentose-phosphate shunt, oxidative branch","BP",1,1,0,4
"GO:0009052","pentose-phosphate shunt, non-oxidative branch","BP",1,1,0,1
"GO:0009055","electron transfer activity","MF",1,1,0,11
"GO:0009058","biosynthetic process","BP",1,1,0,10
"GO:0009060","aerobic respiration","BP",1,1,0,4
"GO:0009062","fatty acid catabolic process","BP",1,1,0,4
"GO:0009072","aromatic amino acid metabolic process","BP",1,1,0,2
"GO:0009083","branched-chain amino acid catabolic process","BP",1,1,0,1
"GO:0009086","methionine biosynthetic process","BP",1,1,0,2
"GO:0009097","isoleucine biosynthetic process","BP",1,1,0,1
"GO:0009099","valine biosynthetic process","BP",1,1,0,1
"GO:0009100","glycoprotein metabolic process","BP",1,1,0,1
"GO:0009113","purine nucleobase biosynthetic process","BP",1,1,0,1
"GO:0009116","nucleoside metabolic process","BP",1,1,0,4
"GO:0009117","nucleotide metabolic process","BP",1,1,0,1
"GO:0009134","nucleoside diphosphate catabolic process","BP",1,1,0,3
"GO:0009143","nucleoside triphosphate catabolic process","BP",1,1,0,2
"GO:0009154","purine ribonucleotide catabolic process","BP",1,1,0,1
"GO:0009166","nucleotide catabolic process","BP",1,1,0,1
"GO:0009214","cyclic nucleotide catabolic process","BP",1,1,0,2
"GO:0009220","pyrimidine ribonucleotide biosynthetic process","BP",1,1,0,1
"GO:0009225","nucleotide-sugar metabolic process","BP",1,1,0,1
"GO:0009226","nucleotide-sugar biosynthetic process","BP",1,1,0,1
"GO:0009231","riboflavin biosynthetic process","BP",1,1,0,2
"GO:0009240","isopentenyl diphosphate biosynthetic process","BP",1,1,0,1
"GO:0009247","glycolipid biosynthetic process","BP",1,1,0,2
"GO:0009253","peptidoglycan catabolic process","BP",1,1,0,3
"GO:0009267","cellular response to starvation","BP",1,1,0,4
"GO:0009298","GDP-mannose biosynthetic process","BP",1,1,0,1
"GO:0009306","protein secretion","BP",1,1,0,10
"GO:0009308","amine metabolic process","BP",1,1,0,1
"GO:0009311","oligosaccharide metabolic process","BP",1,1,0,2
"GO:0009312","oligosaccharide biosynthetic process","BP",1,1,0,3
"GO:0009313","oligosaccharide catabolic process","BP",1,1,0,1
"GO:0009328","phenylalanine-tRNA ligase complex","CC",1,1,0,2
"GO:0009331","glycerol-3-phosphate dehydrogenase complex","CC",1,1,0,2
"GO:0009353","mitochondrial oxoglutarate dehydrogenase complex","CC",1,1,0,1
"GO:0009361","succinate-CoA ligase complex (ADP-forming)","CC",1,1,0,2
"GO:0009384","N-acylmannosamine kinase activity","MF",1,1,0,1
"GO:0009395","phospholipid catabolic process","BP",1,1,0,5
"GO:0009398","FMN biosynthetic process","BP",1,1,0,2
"GO:0009404","toxin metabolic process","BP",1,1,0,2
"GO:0009408","response to heat","BP",1,1,0,7
"GO:0009409","response to cold","BP",1,1,0,3
"GO:0009435","NAD biosynthetic process","BP",1,1,0,4
"GO:0009436","glyoxylate catabolic process","BP",1,1,0,1
"GO:0009437","carnitine metabolic process","BP",1,1,0,1
"GO:0009615","response to virus","BP",1,1,0,1
"GO:0009636","response to toxic substance","BP",1,1,0,1
"GO:0009653","anatomical structure morphogenesis","BP",1,1,0,7
"GO:0009725","response to hormone","BP",1,1,0,3
"GO:0009755","hormone-mediated signaling pathway","BP",1,1,0,3
"GO:0009887","animal organ morphogenesis","BP",1,1,0,3
"GO:0009888","tissue development","BP",1,1,0,1
"GO:0009890","negative regulation of biosynthetic process","BP",1,1,0,1
"GO:0009898","cytoplasmic side of plasma membrane","CC",1,1,0,7
"GO:0009918","sterol delta7 reductase activity","MF",1,1,0,2
"GO:0009922","fatty acid elongase activity","MF",1,1,0,3
"GO:0009925","basal plasma membrane","CC",1,1,0,4
"GO:0009931","calcium-dependent protein serine/threonine kinase activity","MF",1,1,0,7
"GO:0009952","anterior/posterior pattern specification","BP",1,1,0,1
"GO:0009953","dorsal/ventral pattern formation","BP",1,1,0,1
"GO:0009966","regulation of signal transduction","BP",1,1,0,4
"GO:0009968","negative regulation of signal transduction","BP",1,1,0,1
"GO:0009972","cytidine deamination","BP",1,1,0,1
"GO:0009982","pseudouridine synthase activity","MF",1,1,0,2
"GO:0009986","cell surface","CC",1,1,0,23
"GO:0010008","endosome membrane","CC",1,1,0,8
"GO:0010033","response to organic substance","BP",1,1,0,3
"GO:0010038","response to metal ion","BP",1,1,0,1
"GO:0010133","proline catabolic process to glutamate","BP",1,1,0,2
"GO:0010142","farnesyl diphosphate biosynthetic process, mevalonate pathway","BP",1,1,0,1
"GO:0010165","response to X-ray","BP",1,1,0,1
"GO:0010181","FMN binding","MF",1,1,0,5
"GO:0010212","response to ionizing radiation","BP",1,1,0,1
"GO:0010269","response to selenium ion","BP",1,1,0,1
"GO:0010312","detoxification of zinc ion","BP",1,1,0,1
"GO:0010390","histone monoubiquitination","BP",1,1,0,3
"GO:0010436","carotenoid dioxygenase activity","MF",1,1,0,1
"GO:0010460","positive regulation of heart rate","BP",1,1,0,2
"GO:0010466","negative regulation of peptidase activity","BP",1,1,0,1
"GO:0010468","regulation of gene expression","BP",1,1,0,26
"GO:0010482","regulation of epidermal cell division","BP",1,1,0,1
"GO:0010485","histone H4 acetyltransferase activity","MF",1,1,0,1
"GO:0010494","cytoplasmic stress granule","CC",1,1,0,18
"GO:0010498","proteasomal protein catabolic process","BP",1,1,0,2
"GO:0010499","proteasomal ubiquitin-independent protein catabolic process","BP",1,1,0,1
"GO:0010506","regulation of autophagy","BP",1,1,0,10
"GO:0010507","negative regulation of autophagy","BP",1,1,0,2
"GO:0010508","positive regulation of autophagy","BP",1,1,0,5
"GO:0010519","negative regulation of phospholipase activity","BP",1,1,0,2
"GO:0010521","telomerase inhibitor activity","MF",1,1,0,1
"GO:0010569","regulation of double-strand break repair via homologous recombination","BP",1,1,0,2
"GO:0010587","miRNA catabolic process","BP",1,1,0,1
"GO:0010591","regulation of lamellipodium assembly","BP",1,1,0,1
"GO:0010628","positive regulation of gene expression","BP",1,1,0,3
"GO:0010629","negative regulation of gene expression","BP",1,1,0,1
"GO:0010634","positive regulation of epithelial cell migration","BP",1,1,0,2
"GO:0010737","protein kinase A signaling","BP",1,1,0,1
"GO:0010761","fibroblast migration","BP",1,1,0,1
"GO:0010807","regulation of synaptic vesicle priming","BP",1,1,0,1
"GO:0010824","regulation of centrosome duplication","BP",1,1,0,2
"GO:0010859","calcium-dependent cysteine-type endopeptidase inhibitor activity","MF",1,1,0,1
"GO:0010886","positive regulation of cholesterol storage","BP",1,1,0,1
"GO:0010890","positive regulation of sequestering of triglyceride","BP",1,1,0,2
"GO:0010906","regulation of glucose metabolic process","BP",1,1,0,3
"GO:0010916","negative regulation of very-low-density lipoprotein particle clearance","BP",1,1,0,2
"GO:0010923","negative regulation of phosphatase activity","BP",1,1,0,2
"GO:0010945","CoA pyrophosphatase activity","MF",1,1,0,1
"GO:0010950","positive regulation of endopeptidase activity","BP",1,1,0,3
"GO:0010951","negative regulation of endopeptidase activity","BP",1,1,0,19
"GO:0010970","transport along microtubule","BP",1,1,0,2
"GO:0010972","negative regulation of G2/M transition of mitotic cell cycle","BP",1,1,0,1
"GO:0010975","regulation of neuron projection development","BP",1,1,0,6
"GO:0010992","ubiquitin recycling","BP",1,1,0,1
"GO:0010996","response to auditory stimulus","BP",1,1,0,1
"GO:0012505","endomembrane system","CC",1,1,0,28
"GO:0012507","ER to Golgi transport vesicle membrane","CC",1,1,0,6
"GO:0014059","regulation of dopamine secretion","BP",1,1,0,2
"GO:0014069","postsynaptic density","CC",1,1,0,15
"GO:0014704","intercalated disc","CC",1,1,0,4
"GO:0014839","myoblast migration involved in skeletal muscle regeneration","BP",1,1,0,1
"GO:0015014","heparan sulfate proteoglycan biosynthetic process, polysaccharide chain biosynthetic process","BP",1,1,0,2
"GO:0015016","[heparan sulfate]-glucosamine N-sulfotransferase activity","MF",1,1,0,2
"GO:0015018","galactosylgalactosylxylosylprotein 3-beta-glucuronosyltransferase activity","MF",1,1,0,1
"GO:0015030","Cajal body","CC",1,1,0,3
"GO:0015035","protein-disulfide reductase activity","MF",1,1,0,9
"GO:0015036","disulfide oxidoreductase activity","MF",1,1,0,1
"GO:0015039","NADPH-adrenodoxin reductase activity","MF",1,1,0,1
"GO:0015057","thrombin-activated receptor activity","MF",1,1,0,1
"GO:0015074","DNA integration","BP",1,1,0,1
"GO:0015075","monoatomic ion transmembrane transporter activity","MF",1,1,0,2
"GO:0015078","proton transmembrane transporter activity","MF",1,1,0,12
"GO:0015086","cadmium ion transmembrane transporter activity","MF",1,1,0,1
"GO:0015095","magnesium ion transmembrane transporter activity","MF",1,1,0,1
"GO:0015101","organic cation transmembrane transporter activity","MF",1,1,0,3
"GO:0015114","phosphate ion transmembrane transporter activity","MF",1,1,0,1
"GO:0015137","citrate transmembrane transporter activity","MF",1,1,0,2
"GO:0015141","succinate transmembrane transporter activity","MF",1,1,0,2
"GO:0015149","hexose transmembrane transporter activity","MF",1,1,0,3
"GO:0015165","pyrimidine nucleotide-sugar transmembrane transporter activity","MF",1,1,0,1
"GO:0015168","glycerol transmembrane transporter activity","MF",1,1,0,1
"GO:0015171","amino acid transmembrane transporter activity","MF",1,1,0,5
"GO:0015175","neutral L-amino acid transmembrane transporter activity","MF",1,1,0,5
"GO:0015179","L-amino acid transmembrane transporter activity","MF",1,1,0,6
"GO:0015182","L-asparagine transmembrane transporter activity","MF",1,1,0,2
"GO:0015184","L-cystine transmembrane transporter activity","MF",1,1,0,1
"GO:0015186","L-glutamine transmembrane transporter activity","MF",1,1,0,3
"GO:0015187","glycine transmembrane transporter activity","MF",1,1,0,1
"GO:0015204","urea transmembrane transporter activity","MF",1,1,0,1
"GO:0015217","ADP transmembrane transporter activity","MF",1,1,0,1
"GO:0015218","pyrimidine nucleotide transmembrane transporter activity","MF",1,1,0,1
"GO:0015220","choline transmembrane transporter activity","MF",1,1,0,2
"GO:0015227","acyl carnitine transmembrane transporter activity","MF",1,1,0,1
"GO:0015228","coenzyme A transmembrane transporter activity","MF",1,1,0,1
"GO:0015230","FAD transmembrane transporter activity","MF",1,1,0,1
"GO:0015232","heme transmembrane transporter activity","MF",1,1,0,2
"GO:0015248","sterol transporter activity","MF",1,1,0,5
"GO:0015250","water channel activity","MF",1,1,0,3
"GO:0015254","glycerol channel activity","MF",1,1,0,1
"GO:0015267","channel activity","MF",1,1,0,3
"GO:0015272","ATP-activated inward rectifier potassium channel activity","MF",1,1,0,1
"GO:0015276","ligand-gated monoatomic ion channel activity","MF",1,1,0,1
"GO:0015293","symporter activity","MF",1,1,0,1
"GO:0015297","antiporter activity","MF",1,1,0,2
"GO:0015347","sodium-independent organic anion transmembrane transporter activity","MF",1,1,0,1
"GO:0015349","thyroid hormone transmembrane transporter activity","MF",1,1,0,1
"GO:0015375","glycine:sodium symporter activity","MF",1,1,0,2
"GO:0015385","sodium:proton antiporter activity","MF",1,1,0,1
"GO:0015421","ABC-type oligopeptide transporter activity","MF",1,1,0,1
"GO:0015485","cholesterol binding","MF",1,1,0,13
"GO:0015501","glutamate:sodium symporter activity","MF",1,1,0,1
"GO:0015629","actin cytoskeleton","CC",1,1,0,29
"GO:0015630","microtubule cytoskeleton","CC",1,1,0,15
"GO:0015631","tubulin binding","MF",1,1,0,1
"GO:0015662","P-type ion transporter activity","MF",1,1,0,1
"GO:0015670","carbon dioxide transport","BP",1,1,0,1
"GO:0015671","oxygen transport","BP",1,1,0,8
"GO:0015677","copper ion import","BP",1,1,0,3
"GO:0015693","magnesium ion transport","BP",1,1,0,1
"GO:0015695","organic cation transport","BP",1,1,0,3
"GO:0015701","bicarbonate transport","BP",1,1,0,1
"GO:0015718","monocarboxylic acid transport","BP",1,1,0,4
"GO:0015721","bile acid and bile salt transport","BP",1,1,0,1
"GO:0015746","citrate transport","BP",1,1,0,2
"GO:0015749","monosaccharide transmembrane transport","BP",1,1,0,3
"GO:0015760","glucose-6-phosphate transport","BP",1,1,0,3
"GO:0015793","glycerol transmembrane transport","BP",1,1,0,1
"GO:0015804","neutral amino acid transport","BP",1,1,0,4
"GO:0015811","L-cystine transport","BP",1,1,0,1
"GO:0015817","histidine transport","BP",1,1,0,2
"GO:0015853","adenine transport","BP",1,1,0,1
"GO:0015854","guanine transport","BP",1,1,0,1
"GO:0015862","uridine transport","BP",1,1,0,2
"GO:0015871","choline transport","BP",1,1,0,2
"GO:0015878","biotin transport","BP",1,1,0,1
"GO:0015886","heme transport","BP",1,1,0,2
"GO:0015887","pantothenate transmembrane transport","BP",1,1,0,1
"GO:0015908","fatty acid transport","BP",1,1,0,6
"GO:0015910","long-chain fatty acid import into peroxisome","BP",1,1,0,2
"GO:0015914","phospholipid transport","BP",1,1,0,8
"GO:0015934","large ribosomal subunit","CC",1,1,0,2
"GO:0015935","small ribosomal subunit","CC",1,1,0,2
"GO:0015936","coenzyme A metabolic process","BP",1,1,0,1
"GO:0015937","coenzyme A biosynthetic process","BP",1,1,0,2
"GO:0015938","coenzyme A catabolic process","BP",1,1,0,1
"GO:0015986","proton motive force-driven ATP synthesis","BP",1,1,0,19
"GO:0015990","electron transport coupled proton transport","BP",1,1,0,2
"GO:0016019","peptidoglycan immune receptor activity","MF",1,1,0,1
"GO:0016031","tRNA import into mitochondrion","BP",1,1,0,1
"GO:0016034","maleylacetoacetate isomerase activity","MF",1,1,0,1
"GO:0016042","lipid catabolic process","BP",1,1,0,2
"GO:0016045","detection of bacterium","BP",1,1,0,1
"GO:0016050","vesicle organization","BP",1,1,0,3
"GO:0016055","Wnt signaling pathway","BP",1,1,0,1
"GO:0016064","immunoglobulin mediated immune response","BP",1,1,0,1
"GO:0016081","synaptic vesicle docking","BP",1,1,0,1
"GO:0016082","synaptic vesicle priming","BP",1,1,0,3
"GO:0016094","polyprenol biosynthetic process","BP",1,1,0,1
"GO:0016104","triterpenoid biosynthetic process","BP",1,1,0,1
"GO:0016121","carotene catabolic process","BP",1,1,0,1
"GO:0016126","sterol biosynthetic process","BP",1,1,0,5
"GO:0016132","brassinosteroid biosynthetic process","BP",1,1,0,2
"GO:0016139","glycoside catabolic process","BP",1,1,0,2
"GO:0016149","translation release factor activity, codon specific","MF",1,1,0,3
"GO:0016174","NAD(P)H oxidase H2O2-forming activity","MF",1,1,0,2
"GO:0016176","superoxide-generating NADPH oxidase activator activity","MF",1,1,0,2
"GO:0016182","synaptic vesicle budding from endosome","BP",1,1,0,2
"GO:0016185","synaptic vesicle budding from presynaptic endocytic zone membrane","BP",1,1,0,3
"GO:0016188","synaptic vesicle maturation","BP",1,1,0,1
"GO:0016197","endosomal transport","BP",1,1,0,8
"GO:0016206","catechol O-methyltransferase activity","MF",1,1,0,1
"GO:0016208","AMP binding","MF",1,1,0,1
"GO:0016212","kynurenine-oxoglutarate transaminase activity","MF",1,1,0,1
"GO:0016226","iron-sulfur cluster assembly","BP",1,1,0,6
"GO:0016231","beta-N-acetylglucosaminidase activity","MF",1,1,0,1
"GO:0016233","telomere capping","BP",1,1,0,1
"GO:0016235","aggresome","CC",1,1,0,2
"GO:0016236","macroautophagy","BP",1,1,0,18
"GO:0016239","positive regulation of macroautophagy","BP",1,1,0,1
"GO:0016242","negative regulation of macroautophagy","BP",1,1,0,1
"GO:0016251","RNA polymerase II general transcription initiation factor activity","MF",1,1,0,5
"GO:0016256","N-glycan processing to lysosome","BP",1,1,0,1
"GO:0016260","selenocysteine biosynthetic process","BP",1,1,0,1
"GO:0016262","protein N-acetylglucosaminyltransferase activity","MF",1,1,0,2
"GO:0016263","glycoprotein-N-acetylgalactosamine 3-beta-galactosyltransferase activity","MF",1,1,0,1
"GO:0016267","O-glycan processing, core 1","BP",1,1,0,1
"GO:0016272","prefoldin complex","CC",1,1,0,5
"GO:0016274","protein-arginine N-methyltransferase activity","MF",1,1,0,3
"GO:0016281","eukaryotic translation initiation factor 4F complex","CC",1,1,0,15
"GO:0016290","palmitoyl-CoA hydrolase activity","MF",1,1,0,1
"GO:0016298","lipase activity","MF",1,1,0,2
"GO:0016301","kinase activity","MF",1,1,0,3
"GO:0016303","1-phosphatidylinositol-3-kinase activity","MF",1,1,0,2
"GO:0016311","dephosphorylation","BP",1,1,0,4
"GO:0016312","inositol bisphosphate phosphatase activity","MF",1,1,0,1
"GO:0016314","phosphatidylinositol-3,4,5-trisphosphate 3-phosphatase activity","MF",1,1,0,1
"GO:0016323","basolateral plasma membrane","CC",1,1,0,7
"GO:0016324","apical plasma membrane","CC",1,1,0,10
"GO:0016332","establishment or maintenance of polarity of embryonic epithelium","BP",1,1,0,2
"GO:0016339","calcium-dependent cell-cell adhesion via plasma membrane cell adhesion molecules","BP",1,1,0,5
"GO:0016342","catenin complex","CC",1,1,0,10
"GO:0016358","dendrite development","BP",1,1,0,3
"GO:0016361","activin receptor activity, type I","MF",1,1,0,1
"GO:0016363","nuclear matrix","CC",1,1,0,1
"GO:0016401","palmitoyl-CoA oxidase activity","MF",1,1,0,3
"GO:0016403","dimethylargininase activity","MF",1,1,0,2
"GO:0016407","acetyltransferase activity","MF",1,1,0,1
"GO:0016409","palmitoyltransferase activity","MF",1,1,0,3
"GO:0016410","N-acyltransferase activity","MF",1,1,0,1
"GO:0016428","tRNA (cytosine-5-)-methyltransferase activity","MF",1,1,0,1
"GO:0016435","rRNA (guanine) methyltransferase activity","MF",1,1,0,1
"GO:0016460","myosin II complex","CC",1,1,0,4
"GO:0016471","vacuolar proton-transporting V-type ATPase complex","CC",1,1,0,5
"GO:0016477","cell migration","BP",1,1,0,31
"GO:0016480","negative regulation of transcription by RNA polymerase III","BP",1,1,0,1
"GO:0016485","protein processing","BP",1,1,0,5
"GO:0016486","peptide hormone processing","BP",1,1,0,4
"GO:0016491","oxidoreductase activity","MF",1,1,0,25
"GO:0016492","G protein-coupled neurotensin receptor activity","MF",1,1,0,1
"GO:0016500","protein-hormone receptor activity","MF",1,1,0,1
"GO:0016504","peptidase activator activity","MF",1,1,0,1
"GO:0016507","mitochondrial fatty acid beta-oxidation multienzyme complex","CC",1,1,0,2
"GO:0016509","long-chain-3-hydroxyacyl-CoA dehydrogenase activity","MF",1,1,0,2
"GO:0016514","SWI/SNF complex","CC",1,1,0,5
"GO:0016525","negative regulation of angiogenesis","BP",1,1,0,2
"GO:0016529","sarcoplasmic reticulum","CC",1,1,0,2
"GO:0016531","copper chaperone activity","MF",1,1,0,2
"GO:0016538","cyclin-dependent protein serine/threonine kinase regulator activity","MF",1,1,0,8
"GO:0016559","peroxisome fission","BP",1,1,0,3
"GO:0016560","protein import into peroxisome matrix, docking","BP",1,1,0,3
"GO:0016567","protein ubiquitination","BP",1,1,0,43
"GO:0016570","histone modification","BP",1,1,0,3
"GO:0016573","histone acetylation","BP",1,1,0,5
"GO:0016574","histone ubiquitination","BP",1,1,0,3
"GO:0016575","histone deacetylation","BP",1,1,0,13
"GO:0016578","histone deubiquitination","BP",1,1,0,2
"GO:0016579","protein deubiquitination","BP",1,1,0,28
"GO:0016580","Sin3 complex","CC",1,1,0,1
"GO:0016581","NuRD complex","CC",1,1,0,4
"GO:0016586","RSC-type complex","CC",1,1,0,2
"GO:0016589","NURF complex","CC",1,1,0,1
"GO:0016591","RNA polymerase II, holoenzyme","CC",1,1,0,1
"GO:0016592","mediator complex","CC",1,1,0,8
"GO:0016593","Cdc73/Paf1 complex","CC",1,1,0,5
"GO:0016594","glycine binding","MF",1,1,0,2
"GO:0016597","amino acid binding","MF",1,1,0,2
"GO:0016598","protein arginylation","BP",1,1,0,1
"GO:0016602","CCAAT-binding factor complex","CC",1,1,0,3
"GO:0016603","glutaminyl-peptide cyclotransferase activity","MF",1,1,0,1
"GO:0016604","nuclear body","CC",1,1,0,4
"GO:0016605","PML body","CC",1,1,0,2
"GO:0016607","nuclear speck","CC",1,1,0,20
"GO:0016616","oxidoreductase activity, acting on the CH-OH group of donors, NAD or NADP as acceptor","MF",1,1,0,8
"GO:0016620","oxidoreductase activity, acting on the aldehyde or oxo group of donors, NAD or NADP as acceptor","MF",1,1,0,5
"GO:0016627","oxidoreductase activity, acting on the CH-CH group of donors","MF",1,1,0,2
"GO:0016628","oxidoreductase activity, acting on the CH-CH group of donors, NAD or NADP as acceptor","MF",1,1,0,1
"GO:0016671","oxidoreductase activity, acting on a sulfur group of donors, disulfide as acceptor","MF",1,1,0,1
"GO:0016684","oxidoreductase activity, acting on peroxide as acceptor","MF",1,1,0,1
"GO:0016705","oxidoreductase activity, acting on paired donors, with incorporation or reduction of molecular oxygen","MF",1,1,0,8
"GO:0016712","oxidoreductase activity, acting on paired donors, with incorporation or reduction of molecular oxygen, reduced flavin or flavoprotein as one donor, and incorporation of one atom of oxygen","MF",1,1,0,9
"GO:0016717","oxidoreductase activity, acting on paired donors, with oxidation of a pair of donors resulting in the reduction of molecular oxygen to two molecules of water","MF",1,1,0,3
"GO:0016722","oxidoreductase activity, acting on metal ions","MF",1,1,0,1
"GO:0016740","transferase activity","MF",1,1,0,2
"GO:0016746","acyltransferase activity","MF",1,1,0,2
"GO:0016747","acyltransferase activity, transferring groups other than amino-acyl groups","MF",1,1,0,1
"GO:0016757","glycosyltransferase activity","MF",1,1,0,2
"GO:0016763","pentosyltransferase activity","MF",1,1,0,1
"GO:0016773","phosphotransferase activity, alcohol group as acceptor","MF",1,1,0,1
"GO:0016780","phosphotransferase activity, for other substituted phosphate groups","MF",1,1,0,2
"GO:0016787","hydrolase activity","MF",1,1,0,9
"GO:0016788","hydrolase activity, acting on ester bonds","MF",1,1,0,2
"GO:0016790","thiolester hydrolase activity","MF",1,1,0,1
"GO:0016791","phosphatase activity","MF",1,1,0,4
"GO:0016798","hydrolase activity, acting on glycosyl bonds","MF",1,1,0,1
"GO:0016799","hydrolase activity, hydrolyzing N-glycosyl compounds","MF",1,1,0,1
"GO:0016805","dipeptidase activity","MF",1,1,0,1
"GO:0016811","hydrolase activity, acting on carbon-nitrogen (but not peptide) bonds, in linear amides","MF",1,1,0,3
"GO:0016818","hydrolase activity, acting on acid anhydrides, in phosphorus-containing anhydrides","MF",1,1,0,1
"GO:0016829","lyase activity","MF",1,1,0,1
"GO:0016831","carboxy-lyase activity","MF",1,1,0,2
"GO:0016836","hydro-lyase activity","MF",1,1,0,1
"GO:0016844","strictosidine synthase activity","MF",1,1,0,1
"GO:0016846","carbon-sulfur lyase activity","MF",1,1,0,1
"GO:0016849","phosphorus-oxygen lyase activity","MF",1,1,0,1
"GO:0016857","racemase and epimerase activity, acting on carbohydrates and derivatives","MF",1,1,0,1
"GO:0016868","intramolecular transferase activity, phosphotransferases","MF",1,1,0,2
"GO:0016887","ATP hydrolysis activity","MF",1,1,0,110
"GO:0016920","pyroglutamyl-peptidase activity","MF",1,1,0,1
"GO:0016922","nuclear receptor binding","MF",1,1,0,8
"GO:0016925","protein sumoylation","BP",1,1,0,13
"GO:0016926","protein desumoylation","BP",1,1,0,2
"GO:0016929","deSUMOylase activity","MF",1,1,0,1
"GO:0016936","galactoside binding","MF",1,1,0,3
"GO:0016941","natriuretic peptide receptor activity","MF",1,1,0,1
"GO:0016971","flavin-dependent sulfhydryl oxidase activity","MF",1,1,0,1
"GO:0016972","thiol oxidase activity","MF",1,1,0,2
"GO:0016973","poly(A)+ mRNA export from nucleus","BP",1,1,0,7
"GO:0017002","activin receptor activity","MF",1,1,0,1
"GO:0017017","MAP kinase tyrosine/serine/threonine phosphatase activity","MF",1,1,0,2
"GO:0017022","myosin binding","MF",1,1,0,2
"GO:0017025","TBP-class protein binding","MF",1,1,0,3
"GO:0017040","N-acylsphingosine amidohydrolase activity","MF",1,1,0,3
"GO:0017046","peptide hormone binding","MF",1,1,0,1
"GO:0017056","structural constituent of nuclear pore","MF",1,1,0,6
"GO:0017057","6-phosphogluconolactonase activity","MF",1,1,0,2
"GO:0017059","serine C-palmitoyltransferase complex","CC",1,1,0,2
"GO:0017064","fatty acid amide hydrolase activity","MF",1,1,0,2
"GO:0017069","snRNA binding","MF",1,1,0,2
"GO:0017070","U6 snRNA binding","MF",1,1,0,2
"GO:0017075","syntaxin-1 binding","MF",1,1,0,2
"GO:0017077","oxidative phosphorylation uncoupler activity","MF",1,1,0,3
"GO:0017080","sodium channel regulator activity","MF",1,1,0,1
"GO:0017101","aminoacyl-tRNA synthetase multienzyme complex","CC",1,1,0,4
"GO:0017109","glutamate-cysteine ligase complex","CC",1,1,0,1
"GO:0017110","nucleoside diphosphate phosphatase activity","MF",1,1,0,1
"GO:0017113","dihydropyrimidine dehydrogenase (NADP+) activity","MF",1,1,0,2
"GO:0017119","Golgi transport complex","CC",1,1,0,3
"GO:0017124","SH3 domain binding","MF",1,1,0,5
"GO:0017129","triglyceride binding","MF",1,1,0,1
"GO:0017130","poly(C) RNA binding","MF",1,1,0,1
"GO:0017134","fibroblast growth factor binding","MF",1,1,0,3
"GO:0017148","negative regulation of translation","BP",1,1,0,10
"GO:0017153","sodium:dicarboxylate symporter activity","MF",1,1,0,2
"GO:0017154","semaphorin receptor activity","MF",1,1,0,4
"GO:0017156","calcium-ion regulated exocytosis","BP",1,1,0,3
"GO:0017157","regulation of exocytosis","BP",1,1,0,5
"GO:0017158","regulation of calcium ion-dependent exocytosis","BP",1,1,0,2
"GO:0017168","5-oxoprolinase (ATP-hydrolyzing) activity","MF",1,1,0,1
"GO:0017171","serine hydrolase activity","MF",1,1,0,3
"GO:0017172","cysteine dioxygenase activity","MF",1,1,0,1
"GO:0017174","glycine N-methyltransferase activity","MF",1,1,0,1
"GO:0017177","glucosidase II complex","CC",1,1,0,6
"GO:0017185","peptidyl-lysine hydroxylation","BP",1,1,0,1
"GO:0017186","peptidyl-pyroglutamic acid biosynthetic process, using glutaminyl-peptide cyclotransferase","BP",1,1,0,1
"GO:0017187","peptidyl-glutamic acid carboxylation","BP",1,1,0,1
"GO:0017196","N-terminal peptidyl-methionine acetylation","BP",1,1,0,3
"GO:0018008","N-terminal peptidyl-glycine N-myristoylation","BP",1,1,0,2
"GO:0018023","peptidyl-lysine trimethylation","BP",1,1,0,1
"GO:0018026","peptidyl-lysine monomethylation","BP",1,1,0,1
"GO:0018027","peptidyl-lysine dimethylation","BP",1,1,0,1
"GO:0018057","peptidyl-lysine oxidation","BP",1,1,0,1
"GO:0018064","protein-L-histidine N-tele-methyltransferase activity","MF",1,1,0,1
"GO:0018105","peptidyl-serine phosphorylation","BP",1,1,0,36
"GO:0018107","peptidyl-threonine phosphorylation","BP",1,1,0,9
"GO:0018108","peptidyl-tyrosine phosphorylation","BP",1,1,0,1
"GO:0018142","protein-DNA covalent cross-linking","BP",1,1,0,1
"GO:0018160","peptidyl-pyrromethane cofactor linkage","BP",1,1,0,1
"GO:0018216","peptidyl-arginine methylation","BP",1,1,0,1
"GO:0018230","peptidyl-L-cysteine S-palmitoylation","BP",1,1,0,1
"GO:0018279","protein N-linked glycosylation via asparagine","BP",1,1,0,12
"GO:0018293","protein-FAD linkage","BP",1,1,0,1
"GO:0018315","molybdenum incorporation into molybdenum-molybdopterin complex","BP",1,1,0,1
"GO:0018343","protein farnesylation","BP",1,1,0,2
"GO:0018344","protein geranylgeranylation","BP",1,1,0,4
"GO:0018345","protein palmitoylation","BP",1,1,0,3
"GO:0018401","peptidyl-proline hydroxylation to 4-hydroxy-L-proline","BP",1,1,0,4
"GO:0018406","protein C-linked glycosylation via 2'-alpha-mannosyl-L-tryptophan","BP",1,1,0,3
"GO:0018444","translation release factor complex","CC",1,1,0,6
"GO:0018478","malonate-semialdehyde dehydrogenase (acetylating) activity","MF",1,1,0,2
"GO:0018773","acetylpyruvate hydrolase activity","MF",1,1,0,1
"GO:0018812","3-hydroxyacyl-CoA dehydratase activity","MF",1,1,0,2
"GO:0018872","arsonoacetate metabolic process","BP",1,1,0,2
"GO:0019001","guanyl nucleotide binding","MF",1,1,0,3
"GO:0019003","GDP binding","MF",1,1,0,7
"GO:0019005","SCF ubiquitin ligase complex","CC",1,1,0,13
"GO:0019075","virus maturation","BP",1,1,0,1
"GO:0019145","aminobutyraldehyde dehydrogenase activity","MF",1,1,0,1
"GO:0019208","phosphatase regulator activity","MF",1,1,0,1
"GO:0019212","phosphatase inhibitor activity","MF",1,1,0,1
"GO:0019213","deacetylase activity","MF",1,1,0,3
"GO:0019216","regulation of lipid metabolic process","BP",1,1,0,2
"GO:0019221","cytokine-mediated signaling pathway","BP",1,1,0,11
"GO:0019254","carnitine metabolic process, CoA-linked","BP",1,1,0,2
"GO:0019264","glycine biosynthetic process from serine","BP",1,1,0,1
"GO:0019265","glycine biosynthetic process, by transamination of glyoxylate","BP",1,1,0,2
"GO:0019287","isopentenyl diphosphate biosynthetic process, mevalonate pathway","BP",1,1,0,1
"GO:0019310","inositol catabolic process","BP",1,1,0,1
"GO:0019343","cysteine biosynthetic process via cystathionine","BP",1,1,0,3
"GO:0019346","transsulfuration","BP",1,1,0,3
"GO:0019348","dolichol metabolic process","BP",1,1,0,1
"GO:0019367","fatty acid elongation, saturated fatty acid","BP",1,1,0,3
"GO:0019370","leukotriene biosynthetic process","BP",1,1,0,1
"GO:0019430","removal of superoxide radicals","BP",1,1,0,4
"GO:0019432","triglyceride biosynthetic process","BP",1,1,0,7
"GO:0019441","tryptophan catabolic process to kynurenine","BP",1,1,0,4
"GO:0019442","tryptophan catabolic process to acetyl-CoA","BP",1,1,0,2
"GO:0019448","L-cysteine catabolic process","BP",1,1,0,1
"GO:0019464","glycine decarboxylation via glycine cleavage system","BP",1,1,0,1
"GO:0019481","L-alanine catabolic process, by transamination","BP",1,1,0,1
"GO:0019509","L-methionine salvage from methylthioadenosine","BP",1,1,0,1
"GO:0019543","propionate catabolic process","BP",1,1,0,2
"GO:0019547","arginine catabolic process to ornithine","BP",1,1,0,4
"GO:0019556","histidine catabolic process to glutamate and formamide","BP",1,1,0,1
"GO:0019563","glycerol catabolic process","BP",1,1,0,2
"GO:0019628","urate catabolic process","BP",1,1,0,1
"GO:0019674","NAD metabolic process","BP",1,1,0,2
"GO:0019677","NAD catabolic process","BP",1,1,0,1
"GO:0019693","ribose phosphate metabolic process","BP",1,1,0,1
"GO:0019706","protein-cysteine S-palmitoyltransferase activity","MF",1,1,0,1
"GO:0019722","calcium-mediated signaling","BP",1,1,0,1
"GO:0019731","antibacterial humoral response","BP",1,1,0,1
"GO:0019748","secondary metabolic process","BP",1,1,0,1
"GO:0019752","carboxylic acid metabolic process","BP",1,1,0,3
"GO:0019774","proteasome core complex, beta-subunit complex","CC",1,1,0,4
"GO:0019776","Atg8-family ligase activity","MF",1,1,0,1
"GO:0019784","deNEDDylase activity","MF",1,1,0,1
"GO:0019786","protein-phosphatidylethanolamide deconjugating activity","MF",1,1,0,2
"GO:0019789","SUMO transferase activity","MF",1,1,0,1
"GO:0019805","quinolinate biosynthetic process","BP",1,1,0,1
"GO:0019825","oxygen binding","MF",1,1,0,8
"GO:0019834","phospholipase A2 inhibitor activity","MF",1,1,0,1
"GO:0019841","retinol binding","MF",1,1,0,2
"GO:0019842","vitamin binding","MF",1,1,0,1
"GO:0019843","rRNA binding","MF",1,1,0,10
"GO:0019853","L-ascorbic acid biosynthetic process","BP",1,1,0,1
"GO:0019855","calcium channel inhibitor activity","MF",1,1,0,1
"GO:0019856","pyrimidine nucleobase biosynthetic process","BP",1,1,0,2
"GO:0019871","sodium channel inhibitor activity","MF",1,1,0,1
"GO:0019882","antigen processing and presentation","BP",1,1,0,2
"GO:0019886","antigen processing and presentation of exogenous peptide antigen via MHC class II","BP",1,1,0,1
"GO:0019887","protein kinase regulator activity","MF",1,1,0,2
"GO:0019888","protein phosphatase regulator activity","MF",1,1,0,8
"GO:0019894","kinesin binding","MF",1,1,0,5
"GO:0019897","extrinsic component of plasma membrane","CC",1,1,0,2
"GO:0019899","enzyme binding","MF",1,1,0,3
"GO:0019900","kinase binding","MF",1,1,0,2
"GO:0019901","protein kinase binding","MF",1,1,0,11
"GO:0019902","phosphatase binding","MF",1,1,0,2
"GO:0019904","protein domain specific binding","MF",1,1,0,5
"GO:0019905","syntaxin binding","MF",1,1,0,11
"GO:0019911","structural constituent of myelin sheath","MF",1,1,0,2
"GO:0019915","lipid storage","BP",1,1,0,4
"GO:0019933","cAMP-mediated signaling","BP",1,1,0,1
"GO:0019941","modification-dependent protein catabolic process","BP",1,1,0,13
"GO:0019955","cytokine binding","MF",1,1,0,2
"GO:0019960","C-X3-C chemokine binding","MF",1,1,0,1
"GO:0019992","diacylglycerol binding","MF",1,1,0,2
"GO:0020037","heme binding","MF",1,1,0,44
"GO:0022008","neurogenesis","BP",1,1,0,3
"GO:0022618","protein-RNA complex assembly","BP",1,1,0,2
"GO:0022627","cytosolic small ribosomal subunit","CC",1,1,0,58
"GO:0022832","voltage-gated channel activity","MF",1,1,0,1
"GO:0022841","potassium ion leak channel activity","MF",1,1,0,1
"GO:0022857","transmembrane transporter activity","MF",1,1,0,14
"GO:0022889","serine transmembrane transporter activity","MF",1,1,0,2
"GO:0022890","inorganic cation transmembrane transporter activity","MF",1,1,0,1
"GO:0022900","electron transport chain","BP",1,1,0,4
"GO:0022904","respiratory electron transport chain","BP",1,1,0,4
"GO:0023026","MHC class II protein complex binding","MF",1,1,0,1
"GO:0023041","neuronal signal transduction","BP",1,1,0,1
"GO:0023051","regulation of signaling","BP",1,1,0,1
"GO:0023052","signaling","BP",1,1,0,1
"GO:0030001","metal ion transport","BP",1,1,0,6
"GO:0030003","intracellular monoatomic cation homeostasis","BP",1,1,0,1
"GO:0030007","intracellular potassium ion homeostasis","BP",1,1,0,3
"GO:0030008","TRAPP complex","CC",1,1,0,2
"GO:0030010","establishment of cell polarity","BP",1,1,0,3
"GO:0030014","CCR4-NOT complex","CC",1,1,0,3
"GO:0030015","CCR4-NOT core complex","CC",1,1,0,3
"GO:0030016","myofibril","CC",1,1,0,2
"GO:0030018","Z disc","CC",1,1,0,3
"GO:0030027","lamellipodium","CC",1,1,0,9
"GO:0030031","cell projection assembly","BP",1,1,0,2
"GO:0030032","lamellipodium assembly","BP",1,1,0,1
"GO:0030036","actin cytoskeleton organization","BP",1,1,0,28
"GO:0030041","actin filament polymerization","BP",1,1,0,4
"GO:0030042","actin filament depolymerization","BP",1,1,0,2
"GO:0030043","actin filament fragmentation","BP",1,1,0,4
"GO:0030047","actin modification","BP",1,1,0,1
"GO:0030050","vesicle transport along actin filament","BP",1,1,0,5
"GO:0030054","cell junction","CC",1,1,0,6
"GO:0030056","hemidesmosome","CC",1,1,0,3
"GO:0030073","insulin secretion","BP",1,1,0,2
"GO:0030091","protein repair","BP",1,1,0,1
"GO:0030097","hemopoiesis","BP",1,1,0,4
"GO:0030100","regulation of endocytosis","BP",1,1,0,6
"GO:0030117","membrane coat","CC",1,1,0,12
"GO:0030121","AP-1 adaptor complex","CC",1,1,0,4
"GO:0030122","AP-2 adaptor complex","CC",1,1,0,8
"GO:0030123","AP-3 adaptor complex","CC",1,1,0,3
"GO:0030125","clathrin vesicle coat","CC",1,1,0,3
"GO:0030126","COPI vesicle coat","CC",1,1,0,14
"GO:0030127","COPII vesicle coat","CC",1,1,0,13
"GO:0030130","clathrin coat of trans-Golgi network vesicle","CC",1,1,0,5
"GO:0030131","clathrin adaptor complex","CC",1,1,0,6
"GO:0030132","clathrin coat of coated pit","CC",1,1,0,4
"GO:0030133","transport vesicle","CC",1,1,0,2
"GO:0030136","clathrin-coated vesicle","CC",1,1,0,8
"GO:0030139","endocytic vesicle","CC",1,1,0,7
"GO:0030140","trans-Golgi network transport vesicle","CC",1,1,0,2
"GO:0030141","secretory granule","CC",1,1,0,2
"GO:0030144","alpha-1,6-mannosylglycoprotein 6-beta-N-acetylglucosaminyltransferase activity","MF",1,1,0,2
"GO:0030145","manganese ion binding","MF",1,1,0,14
"GO:0030148","sphingolipid biosynthetic process","BP",1,1,0,6
"GO:0030149","sphingolipid catabolic process","BP",1,1,0,1
"GO:0030150","protein import into mitochondrial matrix","BP",1,1,0,10
"GO:0030151","molybdenum ion binding","MF",1,1,0,3
"GO:0030154","cell differentiation","BP",1,1,0,67
"GO:0030155","regulation of cell adhesion","BP",1,1,0,2
"GO:0030159","signaling receptor complex adaptor activity","MF",1,1,0,5
"GO:0030162","regulation of proteolysis","BP",1,1,0,4
"GO:0030163","protein catabolic process","BP",1,1,0,1
"GO:0030165","PDZ domain binding","MF",1,1,0,2
"GO:0030168","platelet activation","BP",1,1,0,3
"GO:0030169","low-density lipoprotein particle binding","MF",1,1,0,1
"GO:0030170","pyridoxal phosphate binding","MF",1,1,0,25
"GO:0030175","filopodium","CC",1,1,0,3
"GO:0030178","negative regulation of Wnt signaling pathway","BP",1,1,0,1
"GO:0030182","neuron differentiation","BP",1,1,0,6
"GO:0030194","positive regulation of blood coagulation","BP",1,1,0,2
"GO:0030195","negative regulation of blood coagulation","BP",1,1,0,2
"GO:0030198","extracellular matrix organization","BP",1,1,0,7
"GO:0030203","glycosaminoglycan metabolic process","BP",1,1,0,1
"GO:0030212","hyaluronan metabolic process","BP",1,1,0,4
"GO:0030215","semaphorin receptor binding","MF",1,1,0,5
"GO:0030216","keratinocyte differentiation","BP",1,1,0,1
"GO:0030234","enzyme regulator activity","MF",1,1,0,10
"GO:0030239","myofibril assembly","BP",1,1,0,2
"GO:0030242","autophagy of peroxisome","BP",1,1,0,5
"GO:0030246","carbohydrate binding","MF",1,1,0,15
"GO:0030247","polysaccharide binding","MF",1,1,0,5
"GO:0030258","lipid modification","BP",1,1,0,2
"GO:0030261","chromosome condensation","BP",1,1,0,2
"GO:0030276","clathrin binding","MF",1,1,0,9
"GO:0030280","structural constituent of skin epidermis","MF",1,1,0,2
"GO:0030284","nuclear estrogen receptor activity","MF",1,1,0,1
"GO:0030286","dynein complex","CC",1,1,0,3
"GO:0030289","protein phosphatase 4 complex","CC",1,1,0,5
"GO:0030292","protein tyrosine kinase inhibitor activity","MF",1,1,0,2
"GO:0030295","protein kinase activator activity","MF",1,1,0,10
"GO:0030301","cholesterol transport","BP",1,1,0,3
"GO:0030307","positive regulation of cell growth","BP",1,1,0,1
"GO:0030308","negative regulation of cell growth","BP",1,1,0,1
"GO:0030315","T-tubule","CC",1,1,0,2
"GO:0030316","osteoclast differentiation","BP",1,1,0,1
"GO:0030322","stabilization of membrane potential","BP",1,1,0,1
"GO:0030327","prenylated protein catabolic process","BP",1,1,0,1
"GO:0030328","prenylcysteine catabolic process","BP",1,1,0,1
"GO:0030330","DNA damage response, signal transduction by p53 class mediator","BP",1,1,0,2
"GO:0030332","cyclin binding","MF",1,1,0,2
"GO:0030334","regulation of cell migration","BP",1,1,0,7
"GO:0030335","positive regulation of cell migration","BP",1,1,0,5
"GO:0030336","negative regulation of cell migration","BP",1,1,0,1
"GO:0030348","syntaxin-3 binding","MF",1,1,0,1
"GO:0030350","iron-responsive element binding","MF",1,1,0,2
"GO:0030354","melanin-concentrating hormone activity","MF",1,1,0,1
"GO:0030368","interleukin-17 receptor activity","MF",1,1,0,2
"GO:0030371","translation repressor activity","MF",1,1,0,4
"GO:0030374","nuclear receptor coactivator activity","MF",1,1,0,12
"GO:0030388","fructose 1,6-bisphosphate metabolic process","BP",1,1,0,3
"GO:0030414","peptidase inhibitor activity","MF",1,1,0,1
"GO:0030424","axon","CC",1,1,0,20
"GO:0030425","dendrite","CC",1,1,0,13
"GO:0030426","growth cone","CC",1,1,0,4
"GO:0030427","site of polarized growth","CC",1,1,0,6
"GO:0030428","cell septum","CC",1,1,0,1
"GO:0030429","kynureninase activity","MF",1,1,0,1
"GO:0030433","ubiquitin-dependent ERAD pathway","BP",1,1,0,36
"GO:0030479","actin cortical patch","CC",1,1,0,7
"GO:0030488","tRNA methylation","BP",1,1,0,2
"GO:0030490","maturation of SSU-rRNA","BP",1,1,0,8
"GO:0030496","midbody","CC",1,1,0,2
"GO:0030497","fatty acid elongation","BP",1,1,0,2
"GO:0030500","regulation of bone mineralization","BP",1,1,0,5
"GO:0030504","inorganic diphosphate transmembrane transporter activity","MF",1,1,0,1
"GO:0030505","inorganic diphosphate transport","BP",1,1,0,2
"GO:0030506","ankyrin binding","MF",1,1,0,2
"GO:0030509","BMP signaling pathway","BP",1,1,0,4
"GO:0030510","regulation of BMP signaling pathway","BP",1,1,0,2
"GO:0030511","positive regulation of transforming growth factor beta receptor signaling pathway","BP",1,1,0,2
"GO:0030514","negative regulation of BMP signaling pathway","BP",1,1,0,4
"GO:0030515","snoRNA binding","MF",1,1,0,3
"GO:0030520","intracellular estrogen receptor signaling pathway","BP",1,1,0,1
"GO:0030527","structural constituent of chromatin","MF",1,1,0,17
"GO:0030544","Hsp70 protein binding","MF",1,1,0,9
"GO:0030546","signaling receptor activator activity","MF",1,1,0,2
"GO:0030552","cAMP binding","MF",1,1,0,1
"GO:0030574","collagen catabolic process","BP",1,1,0,4
"GO:0030586","[methionine synthase] reductase activity","MF",1,1,0,1
"GO:0030593","neutrophil chemotaxis","BP",1,1,0,1
"GO:0030619","U1 snRNA binding","MF",1,1,0,3
"GO:0030620","U2 snRNA binding","MF",1,1,0,1
"GO:0030623","U5 snRNA binding","MF",1,1,0,1
"GO:0030627","pre-mRNA 5'-splice site binding","MF",1,1,0,2
"GO:0030628","pre-mRNA 3'-splice site binding","MF",1,1,0,3
"GO:0030641","regulation of cellular pH","BP",1,1,0,1
"GO:0030660","Golgi-associated vesicle membrane","CC",1,1,0,2
"GO:0030672","synaptic vesicle membrane","CC",1,1,0,7
"GO:0030674","protein-macromolecule adaptor activity","MF",1,1,0,5
"GO:0030686","90S preribosome","CC",1,1,0,8
"GO:0030687","preribosome, large subunit precursor","CC",1,1,0,9
"GO:0030688","preribosome, small subunit precursor","CC",1,1,0,3
"GO:0030692","Noc4p-Nop14p complex","CC",1,1,0,1
"GO:0030705","cytoskeleton-dependent intracellular transport","BP",1,1,0,3
"GO:0030729","acetoacetate-CoA ligase activity","MF",1,1,0,1
"GO:0030791","arsenite methyltransferase activity","MF",1,1,0,2
"GO:0030792","methylarsonite methyltransferase activity","MF",1,1,0,2
"GO:0030833","regulation of actin filament polymerization","BP",1,1,0,16
"GO:0030836","positive regulation of actin filament depolymerization","BP",1,1,0,2
"GO:0030837","negative regulation of actin filament polymerization","BP",1,1,0,1
"GO:0030838","positive regulation of actin filament polymerization","BP",1,1,0,3
"GO:0030850","prostate gland development","BP",1,1,0,1
"GO:0030864","cortical actin cytoskeleton","CC",1,1,0,13
"GO:0030865","cortical cytoskeleton organization","BP",1,1,0,2
"GO:0030866","cortical actin cytoskeleton organization","BP",1,1,0,4
"GO:0030867","rough endoplasmic reticulum membrane","CC",1,1,0,1
"GO:0030870","Mre11 complex","CC",1,1,0,1
"GO:0030877","beta-catenin destruction complex","CC",1,1,0,2
"GO:0030889","negative regulation of B cell proliferation","BP",1,1,0,1
"GO:0030890","positive regulation of B cell proliferation","BP",1,1,0,1
"GO:0030891","VCB complex","CC",1,1,0,1
"GO:0030896","checkpoint clamp complex","CC",1,1,0,1
"GO:0030897","HOPS complex","CC",1,1,0,1
"GO:0030904","retromer complex","CC",1,1,0,8
"GO:0030906","retromer, cargo-selective complex","CC",1,1,0,2
"GO:0030915","Smc5-Smc6 complex","CC",1,1,0,2
"GO:0030942","endoplasmic reticulum signal peptide binding","MF",1,1,0,4
"GO:0030943","mitochondrion targeting sequence binding","MF",1,1,0,1
"GO:0030951","establishment or maintenance of microtubule cytoskeleton polarity","BP",1,1,0,1
"GO:0030955","potassium ion binding","MF",1,1,0,1
"GO:0030968","endoplasmic reticulum unfolded protein response","BP",1,1,0,16
"GO:0030970","retrograde protein transport, ER to cytosol","BP",1,1,0,6
"GO:0030971","receptor tyrosine kinase binding","MF",1,1,0,2
"GO:0030976","thiamine pyrophosphate binding","MF",1,1,0,5
"GO:0030991","intraciliary transport particle A","CC",1,1,0,1
"GO:0030992","intraciliary transport particle B","CC",1,1,0,1
"GO:0031011","Ino80 complex","CC",1,1,0,1
"GO:0031012","extracellular matrix","CC",1,1,0,18
"GO:0031016","pancreas development","BP",1,1,0,1
"GO:0031018","endocrine pancreas development","BP",1,1,0,1
"GO:0031023","microtubule organizing center organization","BP",1,1,0,1
"GO:0031032","actomyosin structure organization","BP",1,1,0,6
"GO:0031053","primary miRNA processing","BP",1,1,0,2
"GO:0031071","cysteine desulfurase activity","MF",1,1,0,1
"GO:0031080","nuclear pore outer ring","CC",1,1,0,1
"GO:0031083","BLOC-1 complex","CC",1,1,0,1
"GO:0031105","septin complex","CC",1,1,0,8
"GO:0031110","regulation of microtubule polymerization or depolymerization","BP",1,1,0,4
"GO:0031114","regulation of microtubule depolymerization","BP",1,1,0,2
"GO:0031116","positive regulation of microtubule polymerization","BP",1,1,0,2
"GO:0031118","rRNA pseudouridine synthesis","BP",1,1,0,3
"GO:0031120","snRNA pseudouridine synthesis","BP",1,1,0,3
"GO:0031122","cytoplasmic microtubule organization","BP",1,1,0,6
"GO:0031123","RNA 3'-end processing","BP",1,1,0,1
"GO:0031124","mRNA 3'-end processing","BP",1,1,0,1
"GO:0031145","anaphase-promoting complex-dependent catabolic process","BP",1,1,0,2
"GO:0031146","SCF-dependent proteasomal ubiquitin-dependent protein catabolic process","BP",1,1,0,13
"GO:0031167","rRNA methylation","BP",1,1,0,4
"GO:0031175","neuron projection development","BP",1,1,0,8
"GO:0031177","phosphopantetheine binding","MF",1,1,0,2
"GO:0031201","SNARE complex","CC",1,1,0,18
"GO:0031204","post-translational protein targeting to membrane, translocation","BP",1,1,0,8
"GO:0031209","SCAR complex","CC",1,1,0,3
"GO:0031210","phosphatidylcholine binding","MF",1,1,0,7
"GO:0031213","RSF complex","CC",1,1,0,4
"GO:0031234","extrinsic component of cytoplasmic side of plasma membrane","CC",1,1,0,5
"GO:0031267","small GTPase binding","MF",1,1,0,24
"GO:0031295","T cell costimulation","BP",1,1,0,2
"GO:0031314","extrinsic component of mitochondrial inner membrane","CC",1,1,0,1
"GO:0031340","positive regulation of vesicle fusion","BP",1,1,0,1
"GO:0031369","translation initiation factor binding","MF",1,1,0,6
"GO:0031386","protein tag activity","MF",1,1,0,18
"GO:0031394","positive regulation of prostaglandin biosynthetic process","BP",1,1,0,1
"GO:0031397","negative regulation of protein ubiquitination","BP",1,1,0,1
"GO:0031398","positive regulation of protein ubiquitination","BP",1,1,0,7
"GO:0031405","lipoic acid binding","MF",1,1,0,1
"GO:0031410","cytoplasmic vesicle","CC",1,1,0,15
"GO:0031415","NatA complex","CC",1,1,0,2
"GO:0031416","NatB complex","CC",1,1,0,1
"GO:0031418","L-ascorbic acid binding","MF",1,1,0,6
"GO:0031424","keratinization","BP",1,1,0,2
"GO:0031428","box C/D RNP complex","CC",1,1,0,5
"GO:0031429","box H/ACA snoRNP complex","CC",1,1,0,3
"GO:0031434","mitogen-activated protein kinase kinase binding","MF",1,1,0,1
"GO:0031461","cullin-RING ubiquitin ligase complex","CC",1,1,0,2
"GO:0031462","Cul2-RING ubiquitin ligase complex","CC",1,1,0,4
"GO:0031463","Cul3-RING ubiquitin ligase complex","CC",1,1,0,6
"GO:0031464","Cul4A-RING E3 ubiquitin ligase complex","CC",1,1,0,1
"GO:0031466","Cul5-RING ubiquitin ligase complex","CC",1,1,0,1
"GO:0031468","nuclear membrane reassembly","BP",1,1,0,2
"GO:0031490","chromatin DNA binding","MF",1,1,0,12
"GO:0031491","nucleosome binding","MF",1,1,0,3
"GO:0031492","nucleosomal DNA binding","MF",1,1,0,7
"GO:0031499","TRAMP complex","CC",1,1,0,1
"GO:0031509","subtelomeric heterochromatin formation","BP",1,1,0,1
"GO:0031514","motile cilium","CC",1,1,0,1
"GO:0031545","peptidyl-proline 4-dioxygenase activity","MF",1,1,0,3
"GO:0031573","mitotic intra-S DNA damage checkpoint signaling","BP",1,1,0,1
"GO:0031581","hemidesmosome assembly","BP",1,1,0,3
"GO:0031593","polyubiquitin modification-dependent protein binding","MF",1,1,0,18
"GO:0031594","neuromuscular junction","CC",1,1,0,4
"GO:0031595","nuclear proteasome complex","CC",1,1,0,2
"GO:0031597","cytosolic proteasome complex","CC",1,1,0,2
"GO:0031624","ubiquitin conjugating enzyme binding","MF",1,1,0,10
"GO:0031625","ubiquitin protein ligase binding","MF",1,1,0,37
"GO:0031629","synaptic vesicle fusion to presynaptic active zone membrane","BP",1,1,0,2
"GO:0031638","zymogen activation","BP",1,1,0,4
"GO:0031642","negative regulation of myelination","BP",1,1,0,1
"GO:0031643","positive regulation of myelination","BP",1,1,0,2
"GO:0031647","regulation of protein stability","BP",1,1,0,4
"GO:0031672","A band","CC",1,1,0,1
"GO:0031681","G-protein beta-subunit binding","MF",1,1,0,1
"GO:0031683","G-protein beta/gamma-subunit complex binding","MF",1,1,0,7
"GO:0031694","alpha-2A adrenergic receptor binding","MF",1,1,0,2
"GO:0031695","alpha-2B adrenergic receptor binding","MF",1,1,0,2
"GO:0031696","alpha-2C adrenergic receptor binding","MF",1,1,0,2
"GO:0031700","adrenomedullin receptor binding","MF",1,1,0,1
"GO:0031701","angiotensin receptor binding","MF",1,1,0,1
"GO:0031720","haptoglobin binding","MF",1,1,0,7
"GO:0031777","type 1 melanin-concentrating hormone receptor binding","MF",1,1,0,1
"GO:0031821","G protein-coupled serotonin receptor binding","MF",1,1,0,1
"GO:0031838","haptoglobin-hemoglobin complex","CC",1,1,0,7
"GO:0031883","taste receptor binding","MF",1,1,0,1
"GO:0031901","early endosome membrane","CC",1,1,0,6
"GO:0031902","late endosome membrane","CC",1,1,0,6
"GO:0031929","TOR signaling","BP",1,1,0,1
"GO:0031931","TORC1 complex","CC",1,1,0,2
"GO:0031932","TORC2 complex","CC",1,1,0,1
"GO:0031956","medium-chain fatty acid-CoA ligase activity","MF",1,1,0,1
"GO:0031965","nuclear membrane","CC",1,1,0,1
"GO:0031966","mitochondrial membrane","CC",1,1,0,12
"GO:0031982","vesicle","CC",1,1,0,8
"GO:0031985","Golgi cisterna","CC",1,1,0,2
"GO:0031994","insulin-like growth factor I binding","MF",1,1,0,4
"GO:0031995","insulin-like growth factor II binding","MF",1,1,0,4
"GO:0032007","negative regulation of TOR signaling","BP",1,1,0,9
"GO:0032008","positive regulation of TOR signaling","BP",1,1,0,8
"GO:0032012","regulation of ARF protein signal transduction","BP",1,1,0,5
"GO:0032024","positive regulation of insulin secretion","BP",1,1,0,1
"GO:0032039","integrator complex","CC",1,1,0,1
"GO:0032040","small-subunit processome","CC",1,1,0,18
"GO:0032045","guanyl-nucleotide exchange factor complex","CC",1,1,0,1
"GO:0032050","clathrin heavy chain binding","MF",1,1,0,5
"GO:0032051","clathrin light chain binding","MF",1,1,0,2
"GO:0032052","bile acid binding","MF",1,1,0,2
"GO:0032088","negative regulation of NF-kappaB transcription factor activity","BP",1,1,0,2
"GO:0032091","negative regulation of protein binding","BP",1,1,0,1
"GO:0032153","cell division site","CC",1,1,0,8
"GO:0032154","cleavage furrow","CC",1,1,0,5
"GO:0032182","ubiquitin-like protein binding","MF",1,1,0,3
"GO:0032184","SUMO polymer binding","MF",1,1,0,1
"GO:0032190","acrosin binding","MF",1,1,0,4
"GO:0032211","negative regulation of telomere maintenance via telomerase","BP",1,1,0,2
"GO:0032217","riboflavin transmembrane transporter activity","MF",1,1,0,1
"GO:0032218","riboflavin transport","BP",1,1,0,1
"GO:0032233","positive regulation of actin filament bundle assembly","BP",1,1,0,5
"GO:0032237","activation of store-operated calcium channel activity","BP",1,1,0,1
"GO:0032263","GMP salvage","BP",1,1,0,1
"GO:0032264","IMP salvage","BP",1,1,0,2
"GO:0032332","positive regulation of chondrocyte differentiation","BP",1,1,0,1
"GO:0032355","response to estradiol","BP",1,1,0,1
"GO:0032366","intracellular sterol transport","BP",1,1,0,2
"GO:0032367","intracellular cholesterol transport","BP",1,1,0,1
"GO:0032375","negative regulation of cholesterol transport","BP",1,1,0,2
"GO:0032402","melanosome transport","BP",1,1,0,3
"GO:0032420","stereocilium","CC",1,1,0,1
"GO:0032422","purine-rich negative regulatory element binding","MF",1,1,0,2
"GO:0032426","stereocilium tip","CC",1,1,0,1
"GO:0032432","actin filament bundle","CC",1,1,0,1
"GO:0032434","regulation of proteasomal ubiquitin-dependent protein catabolic process","BP",1,1,0,1
"GO:0032436","positive regulation of proteasomal ubiquitin-dependent protein catabolic process","BP",1,1,0,12
"GO:0032447","protein urmylation","BP",1,1,0,1
"GO:0032452","histone demethylase activity","MF",1,1,0,4
"GO:0032454","histone H3K9 demethylase activity","MF",1,1,0,4
"GO:0032456","endocytic recycling","BP",1,1,0,10
"GO:0032465","regulation of cytokinesis","BP",1,1,0,3
"GO:0032469","endoplasmic reticulum calcium ion homeostasis","BP",1,1,0,3
"GO:0032482","Rab protein signal transduction","BP",1,1,0,2
"GO:0032483","regulation of Rab protein signal transduction","BP",1,1,0,3
"GO:0032486","Rap protein signal transduction","BP",1,1,0,2
"GO:0032502","developmental process","BP",1,1,0,1
"GO:0032506","cytokinetic process","BP",1,1,0,2
"GO:0032508","DNA duplex unwinding","BP",1,1,0,2
"GO:0032509","endosome transport via multivesicular body sorting pathway","BP",1,1,0,5
"GO:0032511","late endosome to vacuole transport via multivesicular body sorting pathway","BP",1,1,0,10
"GO:0032516","positive regulation of phosphoprotein phosphatase activity","BP",1,1,0,1
"GO:0032526","response to retinoic acid","BP",1,1,0,2
"GO:0032527","protein exit from endoplasmic reticulum","BP",1,1,0,2
"GO:0032543","mitochondrial translation","BP",1,1,0,9
"GO:0032549","ribonucleoside binding","MF",1,1,0,1
"GO:0032580","Golgi cisterna membrane","CC",1,1,0,2
"GO:0032587","ruffle membrane","CC",1,1,0,1
"GO:0032588","trans-Golgi network membrane","CC",1,1,0,4
"GO:0032593","insulin-responsive compartment","CC",1,1,0,1
"GO:0032652","regulation of interleukin-1 production","BP",1,1,0,1
"GO:0032689","negative regulation of type II interferon production","BP",1,1,0,2
"GO:0032727","positive regulation of interferon-alpha production","BP",1,1,0,2
"GO:0032728","positive regulation of interferon-beta production","BP",1,1,0,1
"GO:0032729","positive regulation of type II interferon production","BP",1,1,0,2
"GO:0032743","positive regulation of interleukin-2 production","BP",1,1,0,1
"GO:0032755","positive regulation of interleukin-6 production","BP",1,1,0,2
"GO:0032777","Piccolo NuA4 histone acetyltransferase complex","CC",1,1,0,2
"GO:0032780","negative regulation of ATP-dependent activity","BP",1,1,0,3
"GO:0032781","positive regulation of ATP-dependent activity","BP",1,1,0,2
"GO:0032783","super elongation complex","CC",1,1,0,3
"GO:0032784","regulation of DNA-templated transcription elongation","BP",1,1,0,1
"GO:0032786","positive regulation of DNA-templated transcription, elongation","BP",1,1,0,2
"GO:0032790","ribosome disassembly","BP",1,1,0,1
"GO:0032792","negative regulation of CREB transcription factor activity","BP",1,1,0,1
"GO:0032797","SMN complex","CC",1,1,0,1
"GO:0032869","cellular response to insulin stimulus","BP",1,1,0,12
"GO:0032870","cellular response to hormone stimulus","BP",1,1,0,6
"GO:0032874","positive regulation of stress-activated MAPK cascade","BP",1,1,0,1
"GO:0032878","regulation of establishment or maintenance of cell polarity","BP",1,1,0,1
"GO:0032880","regulation of protein localization","BP",1,1,0,2
"GO:0032886","regulation of microtubule-based process","BP",1,1,0,2
"GO:0032896","palmitoyl-CoA 9-desaturase activity","MF",1,1,0,2
"GO:0032922","circadian regulation of gene expression","BP",1,1,0,9
"GO:0032924","activin receptor signaling pathway","BP",1,1,0,2
"GO:0032926","negative regulation of activin receptor signaling pathway","BP",1,1,0,1
"GO:0032933","SREBP signaling pathway","BP",1,1,0,10
"GO:0032934","sterol binding","MF",1,1,0,7
"GO:0032937","SREBP-SCAP-Insig complex","CC",1,1,0,4
"GO:0032956","regulation of actin cytoskeleton organization","BP",1,1,0,3
"GO:0032958","inositol phosphate biosynthetic process","BP",1,1,0,5
"GO:0032968","positive regulation of transcription elongation by RNA polymerase II","BP",1,1,0,12
"GO:0032970","regulation of actin filament-based process","BP",1,1,0,1
"GO:0032979","protein insertion into mitochondrial inner membrane from matrix","BP",1,1,0,1
"GO:0032991","protein-containing complex","CC",1,1,0,5
"GO:0033031","positive regulation of neutrophil apoptotic process","BP",1,1,0,1
"GO:0033045","regulation of sister chromatid segregation","BP",1,1,0,1
"GO:0033106","cis-Golgi network membrane","CC",1,1,0,1
"GO:0033108","mitochondrial respiratory chain complex assembly","BP",1,1,0,1
"GO:0033116","endoplasmic reticulum-Golgi intermediate compartment membrane","CC",1,1,0,1
"GO:0033119","negative regulation of RNA splicing","BP",1,1,0,3
"GO:0033120","positive regulation of RNA splicing","BP",1,1,0,2
"GO:0033137","negative regulation of peptidyl-serine phosphorylation","BP",1,1,0,1
"GO:0033149","FFAT motif binding","MF",1,1,0,4
"GO:0033169","histone H3-K9 demethylation","BP",1,1,0,1
"GO:0033173","calcineurin-NFAT signaling cascade","BP",1,1,0,1
"GO:0033176","proton-transporting V-type ATPase complex","CC",1,1,0,2
"GO:0033178","proton-transporting two-sector ATPase complex, catalytic domain","CC",1,1,0,1
"GO:0033180","proton-transporting V-type ATPase, V1 domain","CC",1,1,0,7
"GO:0033185","dolichol-phosphate-mannose synthase complex","CC",1,1,0,2
"GO:0033188","sphingomyelin synthase activity","MF",1,1,0,2
"GO:0033192","calmodulin-dependent protein phosphatase activity","MF",1,1,0,1
"GO:0033209","tumor necrosis factor-mediated signaling pathway","BP",1,1,0,2
"GO:0033210","leptin-mediated signaling pathway","BP",1,1,0,2
"GO:0033211","adiponectin-activated signaling pathway","BP",1,1,0,2
"GO:0033290","eukaryotic 48S preinitiation complex","CC",1,1,0,1
"GO:0033328","peroxisome membrane targeting sequence binding","MF",1,1,0,1
"GO:0033344","cholesterol efflux","BP",1,1,0,5
"GO:0033353","S-adenosylmethionine cycle","BP",1,1,0,1
"GO:0033365","protein localization to organelle","BP",1,1,0,3
"GO:0033387","putrescine biosynthetic process from ornithine","BP",1,1,0,4
"GO:0033396","beta-alanine biosynthetic process via 3-ureidopropionate","BP",1,1,0,1
"GO:0033490","cholesterol biosynthetic process via lathosterol","BP",1,1,0,1
"GO:0033503","HULC complex","CC",1,1,0,4
"GO:0033522","histone H2A ubiquitination","BP",1,1,0,1
"GO:0033539","fatty acid beta-oxidation using acyl-CoA dehydrogenase","BP",1,1,0,4
"GO:0033540","fatty acid beta-oxidation using acyl-CoA oxidase","BP",1,1,0,3
"GO:0033553","rDNA heterochromatin","CC",1,1,0,2
"GO:0033554","cellular response to stress","BP",1,1,0,9
"GO:0033596","TSC1-TSC2 complex","CC",1,1,0,1
"GO:0033617","mitochondrial cytochrome c oxidase assembly","BP",1,1,0,4
"GO:0033619","membrane protein proteolysis","BP",1,1,0,4
"GO:0033627","cell adhesion mediated by integrin","BP",1,1,0,5
"GO:0033674","positive regulation of kinase activity","BP",1,1,0,13
"GO:0033679","3'-5' DNA/RNA helicase activity","MF",1,1,0,1
"GO:0033700","phospholipid efflux","BP",1,1,0,3
"GO:0033743","peptide-methionine (R)-S-oxide reductase activity","MF",1,1,0,1
"GO:0033754","indoleamine 2,3-dioxygenase activity","MF",1,1,0,1
"GO:0033781","cholesterol 24-hydroxylase activity","MF",1,1,0,1
"GO:0033829","O-fucosylpeptide 3-beta-N-acetylglucosaminyltransferase activity","MF",1,1,0,2
"GO:0033857","diphosphoinositol-pentakisphosphate kinase activity","MF",1,1,0,1
"GO:0033862","UMP kinase activity","MF",1,1,0,1
"GO:0033897","ribonuclease T2 activity","MF",1,1,0,1
"GO:0033919","glucan 1,3-alpha-glucosidase activity","MF",1,1,0,3
"GO:0033962","P-body assembly","BP",1,1,0,5
"GO:0033971","hydroxyisourate hydrolase activity","MF",1,1,0,2
"GO:0034039","8-oxo-7,8-dihydroguanine DNA N-glycosylase activity","MF",1,1,0,1
"GO:0034046","poly(G) binding","MF",1,1,0,3
"GO:0034058","endosomal vesicle fusion","BP",1,1,0,1
"GO:0034063","stress granule assembly","BP",1,1,0,5
"GO:0034066","Ric1-Rgp1 guanyl-nucleotide exchange factor complex","CC",1,1,0,2
"GO:0034067","protein localization to Golgi apparatus","BP",1,1,0,2
"GO:0034080","CENP-A containing chromatin assembly","BP",1,1,0,1
"GO:0034087","establishment of mitotic sister chromatid cohesion","BP",1,1,0,1
"GO:0034097","response to cytokine","BP",1,1,0,6
"GO:0034098","VCP-NPL4-UFD1 AAA ATPase complex","CC",1,1,0,5
"GO:0034109","homotypic cell-cell adhesion","BP",1,1,0,1
"GO:0034185","apolipoprotein binding","MF",1,1,0,3
"GO:0034197","triglyceride transport","BP",1,1,0,1
"GO:0034198","cellular response to amino acid starvation","BP",1,1,0,5
"GO:0034199","activation of protein kinase A activity","BP",1,1,0,1
"GO:0034213","quinolinate catabolic process","BP",1,1,0,1
"GO:0034237","protein kinase A regulatory subunit binding","MF",1,1,0,2
"GO:0034243","regulation of transcription elongation by RNA polymerase II","BP",1,1,0,2
"GO:0034246","mitochondrial transcription factor activity","MF",1,1,0,1
"GO:0034247","snoRNA splicing","BP",1,1,0,1
"GO:0034271","phosphatidylinositol 3-kinase complex, class III, type I","CC",1,1,0,3
"GO:0034272","phosphatidylinositol 3-kinase complex, class III, type II","CC",1,1,0,3
"GO:0034274","Atg12-Atg5-Atg16 complex","CC",1,1,0,1
"GO:0034314","Arp2/3 complex-mediated actin nucleation","BP",1,1,0,8
"GO:0034315","regulation of Arp2/3 complex-mediated actin nucleation","BP",1,1,0,2
"GO:0034332","adherens junction organization","BP",1,1,0,7
"GO:0034354","'de novo' NAD biosynthetic process from tryptophan","BP",1,1,0,2
"GO:0034359","mature chylomicron","CC",1,1,0,3
"GO:0034361","very-low-density lipoprotein particle","CC",1,1,0,6
"GO:0034362","low-density lipoprotein particle","CC",1,1,0,4
"GO:0034363","intermediate-density lipoprotein particle","CC",1,1,0,2
"GO:0034364","high-density lipoprotein particle","CC",1,1,0,7
"GO:0034372","very-low-density lipoprotein particle remodeling","BP",1,1,0,4
"GO:0034374","low-density lipoprotein particle remodeling","BP",1,1,0,1
"GO:0034375","high-density lipoprotein particle remodeling","BP",1,1,0,3
"GO:0034380","high-density lipoprotein particle assembly","BP",1,1,0,4
"GO:0034384","high-density lipoprotein particle clearance","BP",1,1,0,1
"GO:0034388","Pwp2p-containing subcomplex of 90S preribosome","CC",1,1,0,1
"GO:0034389","lipid droplet organization","BP",1,1,0,2
"GO:0034402","recruitment of 3'-end processing factors to RNA polymerase II holoenzyme complex","BP",1,1,0,2
"GO:0034427","nuclear-transcribed mRNA catabolic process, exonucleolytic, 3'-5'","BP",1,1,0,1
"GO:0034431","bis(5'-adenosyl)-hexaphosphatase activity","MF",1,1,0,1
"GO:0034432","bis(5'-adenosyl)-pentaphosphatase activity","MF",1,1,0,1
"GO:0034446","substrate adhesion-dependent cell spreading","BP",1,1,0,1
"GO:0034447","very-low-density lipoprotein particle clearance","BP",1,1,0,2
"GO:0034450","ubiquitin-ubiquitin ligase activity","MF",1,1,0,2
"GO:0034451","centriolar satellite","CC",1,1,0,1
"GO:0034452","dynactin binding","MF",1,1,0,1
"GO:0034453","microtubule anchoring","BP",1,1,0,2
"GO:0034454","microtubule anchoring at centrosome","BP",1,1,0,1
"GO:0034457","Mpp10 complex","CC",1,1,0,2
"GO:0034464","BBSome","CC",1,1,0,2
"GO:0034472","snRNA 3'-end processing","BP",1,1,0,2
"GO:0034485","phosphatidylinositol-3,4,5-trisphosphate 5-phosphatase activity","MF",1,1,0,1
"GO:0034498","early endosome to Golgi transport","BP",1,1,0,2
"GO:0034499","late endosome to Golgi transport","BP",1,1,0,5
"GO:0034511","U3 snoRNA binding","MF",1,1,0,1
"GO:0034513","box H/ACA snoRNA binding","MF",1,1,0,1
"GO:0034514","mitochondrial unfolded protein response","BP",1,1,0,2
"GO:0034515","proteasome storage granule","CC",1,1,0,4
"GO:0034551","mitochondrial respiratory chain complex III assembly","BP",1,1,0,3
"GO:0034553","mitochondrial respiratory chain complex II assembly","BP",1,1,0,2
"GO:0034599","cellular response to oxidative stress","BP",1,1,0,7
"GO:0034605","cellular response to heat","BP",1,1,0,4
"GO:0034620","cellular response to unfolded protein","BP",1,1,0,13
"GO:0034625","fatty acid elongation, monounsaturated fatty acid","BP",1,1,0,3
"GO:0034626","fatty acid elongation, polyunsaturated fatty acid","BP",1,1,0,3
"GO:0034632","retinol transmembrane transporter activity","MF",1,1,0,3
"GO:0034633","retinol transport","BP",1,1,0,2
"GO:0034638","phosphatidylcholine catabolic process","BP",1,1,0,2
"GO:0034650","cortisol metabolic process","BP",1,1,0,1
"GO:0034657","GID complex","CC",1,1,0,4
"GO:0034663","endoplasmic reticulum chaperone complex","CC",1,1,0,4
"GO:0034714","type III transforming growth factor beta receptor binding","MF",1,1,0,1
"GO:0034715","pICln-Sm protein complex","CC",1,1,0,3
"GO:0034719","SMN-Sm protein complex","CC",1,1,0,5
"GO:0034722","gamma-glutamyl-peptidase activity","MF",1,1,0,1
"GO:0034727","piecemeal microautophagy of the nucleus","BP",1,1,0,5
"GO:0034728","nucleosome organization","BP",1,1,0,4
"GO:0034751","aryl hydrocarbon receptor complex","CC",1,1,0,2
"GO:0034765","regulation of monoatomic ion transmembrane transport","BP",1,1,0,3
"GO:0034772","histone H4-K20 dimethylation","BP",1,1,0,1
"GO:0034773","histone H4-K20 trimethylation","BP",1,1,0,2
"GO:0034975","protein folding in endoplasmic reticulum","BP",1,1,0,9
"GO:0034976","response to endoplasmic reticulum stress","BP",1,1,0,12
"GO:0034982","mitochondrial protein processing","BP",1,1,0,3
"GO:0034993","meiotic nuclear membrane microtubule tethering complex","CC",1,1,0,1
"GO:0034998","oligosaccharyltransferase I complex","CC",1,1,0,2
"GO:0035005","1-phosphatidylinositol-4-phosphate 3-kinase activity","MF",1,1,0,1
"GO:0035023","regulation of Rho protein signal transduction","BP",1,1,0,6
"GO:0035024","negative regulation of Rho protein signal transduction","BP",1,1,0,3
"GO:0035025","positive regulation of Rho protein signal transduction","BP",1,1,0,3
"GO:0035035","histone acetyltransferase binding","MF",1,1,0,3
"GO:0035064","methylated histone binding","MF",1,1,0,11
"GO:0035091","phosphatidylinositol binding","MF",1,1,0,23
"GO:0035097","histone methyltransferase complex","CC",1,1,0,2
"GO:0035102","PRC1 complex","CC",1,1,0,2
"GO:0035145","exon-exon junction complex","CC",1,1,0,6
"GO:0035189","Rb-E2F complex","CC",1,1,0,1
"GO:0035194","regulatory ncRNA-mediated post-transcriptional gene silencing","BP",1,1,0,1
"GO:0035195","miRNA-mediated post-transcriptional gene silencing","BP",1,1,0,5
"GO:0035196","miRNA processing","BP",1,1,0,3
"GO:0035249","synaptic transmission, glutamatergic","BP",1,1,0,2
"GO:0035253","ciliary rootlet","CC",1,1,0,1
"GO:0035267","NuA4 histone acetyltransferase complex","CC",1,1,0,2
"GO:0035269","protein O-linked mannosylation","BP",1,1,0,2
"GO:0035303","regulation of dephosphorylation","BP",1,1,0,1
"GO:0035307","positive regulation of protein dephosphorylation","BP",1,1,0,2
"GO:0035325","Toll-like receptor binding","MF",1,1,0,1
"GO:0035329","hippo signaling","BP",1,1,0,5
"GO:0035335","peptidyl-tyrosine dephosphorylation","BP",1,1,0,2
"GO:0035336","long-chain fatty-acyl-CoA metabolic process","BP",1,1,0,2
"GO:0035338","long-chain fatty-acyl-CoA biosynthetic process","BP",1,1,0,1
"GO:0035344","hypoxanthine transport","BP",1,1,0,1
"GO:0035364","thymine transport","BP",1,1,0,1
"GO:0035368","selenocysteine insertion sequence binding","MF",1,1,0,1
"GO:0035371","microtubule plus-end","CC",1,1,0,8
"GO:0035374","chondroitin sulfate binding","MF",1,1,0,1
"GO:0035378","carbon dioxide transmembrane transport","BP",1,1,0,1
"GO:0035379","carbon dioxide transmembrane transporter activity","MF",1,1,0,1
"GO:0035434","copper ion transmembrane transport","BP",1,1,0,2
"GO:0035435","phosphate ion transmembrane transport","BP",1,1,0,6
"GO:0035459","vesicle cargo loading","BP",1,1,0,3
"GO:0035493","SNARE complex assembly","BP",1,1,0,3
"GO:0035494","SNARE complex disassembly","BP",1,1,0,1
"GO:0035517","PR-DUB complex","CC",1,1,0,1
"GO:0035519","protein K29-linked ubiquitination","BP",1,1,0,2
"GO:0035529","NADH pyrophosphatase activity","MF",1,1,0,1
"GO:0035556","intracellular signal transduction","BP",1,1,0,67
"GO:0035612","AP-2 adaptor complex binding","MF",1,1,0,1
"GO:0035615","clathrin adaptor activity","MF",1,1,0,13
"GO:0035617","stress granule disassembly","BP",1,1,0,1
"GO:0035621","ER to Golgi ceramide transport","BP",1,1,0,1
"GO:0035627","ceramide transport","BP",1,1,0,3
"GO:0035658","Mon1-Ccz1 complex","CC",1,1,0,2
"GO:0035718","macrophage migration inhibitory factor binding","MF",1,1,0,2
"GO:0035721","intraciliary retrograde transport","BP",1,1,0,1
"GO:0035723","interleukin-15-mediated signaling pathway","BP",1,1,0,1
"GO:0035725","sodium ion transmembrane transport","BP",1,1,0,3
"GO:0035735","intraciliary transport involved in cilium assembly","BP",1,1,0,1
"GO:0035770","ribonucleoprotein granule","CC",1,1,0,2
"GO:0035803","egg coat formation","BP",1,1,0,1
"GO:0035804","structural constituent of egg coat","MF",1,1,0,3
"GO:0035805","egg coat","CC",1,1,0,3
"GO:0035861","site of double-strand break","CC",1,1,0,3
"GO:0035924","cellular response to vascular endothelial growth factor stimulus","BP",1,1,0,3
"GO:0035973","aggrephagy","BP",1,1,0,2
"GO:0035999","tetrahydrofolate interconversion","BP",1,1,0,1
"GO:0036002","pre-mRNA binding","MF",1,1,0,1
"GO:0036042","long-chain fatty acyl-CoA binding","MF",1,1,0,1
"GO:0036064","ciliary basal body","CC",1,1,0,6
"GO:0036065","fucosylation","BP",1,1,0,2
"GO:0036089","cleavage furrow formation","BP",1,1,0,2
"GO:0036092","phosphatidylinositol-3-phosphate biosynthetic process","BP",1,1,0,2
"GO:0036094","small molecule binding","MF",1,1,0,3
"GO:0036151","phosphatidylcholine acyl-chain remodeling","BP",1,1,0,1
"GO:0036211","protein modification process","BP",1,1,0,2
"GO:0036228","protein localization to nuclear inner membrane","BP",1,1,0,1
"GO:0036265","RNA (guanine-N7)-methylation","BP",1,1,0,1
"GO:0036297","interstrand cross-link repair","BP",1,1,0,1
"GO:0036316","SREBP-SCAP complex retention in endoplasmic reticulum","BP",1,1,0,4
"GO:0036353","histone H2A-K119 monoubiquitination","BP",1,1,0,2
"GO:0036364","transforming growth factor beta1 activation","BP",1,1,0,1
"GO:0036371","protein localization to T-tubule","BP",1,1,0,2
"GO:0036376","sodium ion export across plasma membrane","BP",1,1,0,3
"GO:0036396","RNA N6-methyladenosine methyltransferase complex","CC",1,1,0,1
"GO:0036402","proteasome-activating activity","MF",1,1,0,10
"GO:0036444","calcium import into the mitochondrion","BP",1,1,0,2
"GO:0036462","TRAIL-activated apoptotic signaling pathway","BP",1,1,0,1
"GO:0036464","cytoplasmic ribonucleoprotein granule","CC",1,1,0,2
"GO:0036488","CHOP-C/EBP complex","CC",1,1,0,1
"GO:0036498","IRE1-mediated unfolded protein response","BP",1,1,0,1
"GO:0036502","Derlin-1-VIMP complex","CC",1,1,0,1
"GO:0036503","ERAD pathway","BP",1,1,0,3
"GO:0036513","Derlin-1 retrotranslocation complex","CC",1,1,0,1
"GO:0036524","protein deglycase activity","MF",1,1,0,1
"GO:0036529","protein deglycation, glyoxal removal","BP",1,1,0,1
"GO:0038039","G protein-coupled receptor heterodimeric complex","CC",1,1,0,1
"GO:0038061","non-canonical NF-kappaB signal transduction","BP",1,1,0,3
"GO:0038084","vascular endothelial growth factor signaling pathway","BP",1,1,0,2
"GO:0038131","neuregulin receptor activity","MF",1,1,0,2
"GO:0038132","neuregulin binding","MF",1,1,0,2
"GO:0038158","granulocyte colony-stimulating factor signaling pathway","BP",1,1,0,1
"GO:0038183","bile acid signaling pathway","BP",1,1,0,3
"GO:0038187","pattern recognition receptor activity","MF",1,1,0,1
"GO:0038191","neuropilin binding","MF",1,1,0,1
"GO:0038202","TORC1 signaling","BP",1,1,0,1
"GO:0039536","negative regulation of RIG-I signaling pathway","BP",1,1,0,1
"GO:0039552","RIG-I binding","MF",1,1,0,1
"GO:0039689","negative stranded viral RNA replication","BP",1,1,0,1
"GO:0040011","locomotion","BP",1,1,0,2
"GO:0042026","protein refolding","BP",1,1,0,20
"GO:0042030","ATPase inhibitor activity","MF",1,1,0,3
"GO:0042043","neurexin family protein binding","MF",1,1,0,1
"GO:0042054","histone methyltransferase activity","MF",1,1,0,1
"GO:0042056","chemoattractant activity","MF",1,1,0,3
"GO:0042058","regulation of epidermal growth factor receptor signaling pathway","BP",1,1,0,1
"GO:0042059","negative regulation of epidermal growth factor receptor signaling pathway","BP",1,1,0,2
"GO:0042060","wound healing","BP",1,1,0,7
"GO:0042063","gliogenesis","BP",1,1,0,1
"GO:0042073","intraciliary transport","BP",1,1,0,2
"GO:0042102","positive regulation of T cell proliferation","BP",1,1,0,3
"GO:0042110","T cell activation","BP",1,1,0,3
"GO:0042126","nitrate metabolic process","BP",1,1,0,1
"GO:0042127","regulation of cell population proliferation","BP",1,1,0,15
"GO:0042130","negative regulation of T cell proliferation","BP",1,1,0,3
"GO:0042132","fructose 1,6-bisphosphate 1-phosphatase activity","MF",1,1,0,2
"GO:0042134","rRNA primary transcript binding","MF",1,1,0,3
"GO:0042147","retrograde transport, endosome to Golgi","BP",1,1,0,16
"GO:0042149","cellular response to glucose starvation","BP",1,1,0,1
"GO:0042157","lipoprotein metabolic process","BP",1,1,0,9
"GO:0042159","lipoprotein catabolic process","BP",1,1,0,2
"GO:0042162","telomeric DNA binding","MF",1,1,0,3
"GO:0042167","heme catabolic process","BP",1,1,0,1
"GO:0042176","regulation of protein catabolic process","BP",1,1,0,6
"GO:0042177","negative regulation of protein catabolic process","BP",1,1,0,2
"GO:0042254","ribosome biogenesis","BP",1,1,0,12
"GO:0042256","cytosolic ribosome assembly","BP",1,1,0,2
"GO:0042264","peptidyl-aspartic acid hydroxylation","BP",1,1,0,3
"GO:0042271","susceptibility to natural killer cell mediated cytotoxicity","BP",1,1,0,1
"GO:0042273","ribosomal large subunit biogenesis","BP",1,1,0,15
"GO:0042274","ribosomal small subunit biogenesis","BP",1,1,0,4
"GO:0042277","peptide binding","MF",1,1,0,4
"GO:0042278","purine nucleoside metabolic process","BP",1,1,0,2
"GO:0042284","sphingolipid delta-4 desaturase activity","MF",1,1,0,1
"GO:0042289","MHC class II protein binding","MF",1,1,0,3
"GO:0042292","URM1 activating enzyme activity","MF",1,1,0,1
"GO:0042326","negative regulation of phosphorylation","BP",1,1,0,1
"GO:0042327","positive regulation of phosphorylation","BP",1,1,0,1
"GO:0042383","sarcolemma","CC",1,1,0,3
"GO:0042392","sphingosine-1-phosphate phosphatase activity","MF",1,1,0,1
"GO:0042393","histone binding","MF",1,1,0,34
"GO:0042407","cristae formation","BP",1,1,0,6
"GO:0042417","dopamine metabolic process","BP",1,1,0,1
"GO:0042424","catecholamine catabolic process","BP",1,1,0,1
"GO:0042446","hormone biosynthetic process","BP",1,1,0,1
"GO:0042448","progesterone metabolic process","BP",1,1,0,1
"GO:0042450","arginine biosynthetic process via ornithine","BP",1,1,0,1
"GO:0042470","melanosome","CC",1,1,0,1
"GO:0042472","inner ear morphogenesis","BP",1,1,0,1
"GO:0042491","inner ear auditory receptor cell differentiation","BP",1,1,0,1
"GO:0042500","aspartic endopeptidase activity, intramembrane cleaving","MF",1,1,0,5
"GO:0042541","hemoglobin biosynthetic process","BP",1,1,0,2
"GO:0042542","response to hydrogen peroxide","BP",1,1,0,4
"GO:0042543","protein N-linked glycosylation via arginine","BP",1,1,0,2
"GO:0042552","myelination","BP",1,1,0,2
"GO:0042554","superoxide anion generation","BP",1,1,0,2
"GO:0042572","retinol metabolic process","BP",1,1,0,1
"GO:0042574","retinal metabolic process","BP",1,1,0,1
"GO:0042593","glucose homeostasis","BP",1,1,0,3
"GO:0042594","response to starvation","BP",1,1,0,3
"GO:0042613","MHC class II protein complex","CC",1,1,0,1
"GO:0042627","chylomicron","CC",1,1,0,5
"GO:0042632","cholesterol homeostasis","BP",1,1,0,16
"GO:0042645","mitochondrial nucleoid","CC",1,1,0,1
"GO:0042709","succinate-CoA ligase complex","CC",1,1,0,3
"GO:0042721","TIM22 mitochondrial import inner membrane insertion complex","CC",1,1,0,1
"GO:0042732","D-xylose metabolic process","BP",1,1,0,1
"GO:0042734","presynaptic membrane","CC",1,1,0,1
"GO:0042742","defense response to bacterium","BP",1,1,0,2
"GO:0042744","hydrogen peroxide catabolic process","BP",1,1,0,18
"GO:0042752","regulation of circadian rhythm","BP",1,1,0,5
"GO:0042758","long-chain fatty acid catabolic process","BP",1,1,0,1
"GO:0042759","long-chain fatty acid biosynthetic process","BP",1,1,0,1
"GO:0042760","very long-chain fatty acid catabolic process","BP",1,1,0,2
"GO:0042761","very long-chain fatty acid biosynthetic process","BP",1,1,0,5
"GO:0042771","intrinsic apoptotic signaling pathway in response to DNA damage by p53 class mediator","BP",1,1,0,1
"GO:0042773","ATP synthesis coupled electron transport","BP",1,1,0,1
"GO:0042776","proton motive force-driven mitochondrial ATP synthesis","BP",1,1,0,6
"GO:0042788","polysomal ribosome","CC",1,1,0,5
"GO:0042789","mRNA transcription by RNA polymerase II","BP",1,1,0,1
"GO:0042795","snRNA transcription by RNA polymerase II","BP",1,1,0,3
"GO:0042797","tRNA transcription by RNA polymerase III","BP",1,1,0,1
"GO:0042799","histone H4K20 methyltransferase activity","MF",1,1,0,3
"GO:0042800","histone H3K4 methyltransferase activity","MF",1,1,0,11
"GO:0042802","identical protein binding","MF",1,1,0,6
"GO:0042803","protein homodimerization activity","MF",1,1,0,13
"GO:0042806","fucose binding","MF",1,1,0,2
"GO:0042826","histone deacetylase binding","MF",1,1,0,5
"GO:0042834","peptidoglycan binding","MF",1,1,0,1
"GO:0042921","glucocorticoid receptor signaling pathway","BP",1,1,0,2
"GO:0042923","neuropeptide binding","MF",1,1,0,1
"GO:0042953","lipoprotein transport","BP",1,1,0,3
"GO:0042975","peroxisome proliferator activated receptor binding","MF",1,1,0,1
"GO:0042978","ornithine decarboxylase activator activity","MF",1,1,0,2
"GO:0042981","regulation of apoptotic process","BP",1,1,0,18
"GO:0042985","negative regulation of amyloid precursor protein biosynthetic process","BP",1,1,0,5
"GO:0042987","amyloid precursor protein catabolic process","BP",1,1,0,1
"GO:0042989","sequestering of actin monomers","BP",1,1,0,1
"GO:0042995","cell projection","CC",1,1,0,5
"GO:0043001","Golgi to plasma membrane protein transport","BP",1,1,0,6
"GO:0043005","neuron projection","CC",1,1,0,23
"GO:0043007","maintenance of rDNA","BP",1,1,0,1
"GO:0043014","alpha-tubulin binding","MF",1,1,0,1
"GO:0043015","gamma-tubulin binding","MF",1,1,0,1
"GO:0043021","ribonucleoprotein complex binding","MF",1,1,0,5
"GO:0043022","ribosome binding","MF",1,1,0,22
"GO:0043023","ribosomal large subunit binding","MF",1,1,0,3
"GO:0043025","neuronal cell body","CC",1,1,0,8
"GO:0043027","cysteine-type endopeptidase inhibitor activity involved in apoptotic process","MF",1,1,0,1
"GO:0043029","T cell homeostasis","BP",1,1,0,1
"GO:0043034","costamere","CC",1,1,0,3
"GO:0043065","positive regulation of apoptotic process","BP",1,1,0,17
"GO:0043066","negative regulation of apoptotic process","BP",1,1,0,17
"GO:0043085","positive regulation of catalytic activity","BP",1,1,0,1
"GO:0043087","regulation of GTPase activity","BP",1,1,0,12
"GO:0043105","negative regulation of GTP cyclohydrolase I activity","BP",1,1,0,1
"GO:0043113","receptor clustering","BP",1,1,0,1
"GO:0043120","tumor necrosis factor binding","MF",1,1,0,1
"GO:0043122","regulation of canonical NF-kappaB signal transduction","BP",1,1,0,3
"GO:0043123","positive regulation of canonical NF-kappaB signal transduction","BP",1,1,0,18
"GO:0043124","negative regulation of canonical NF-kappaB signal transduction","BP",1,1,0,5
"GO:0043130","ubiquitin binding","MF",1,1,0,36
"GO:0043137","DNA replication, removal of RNA primer","BP",1,1,0,2
"GO:0043138","3'-5' DNA helicase activity","MF",1,1,0,1
"GO:0043139","5'-3' DNA helicase activity","MF",1,1,0,1
"GO:0043149","stress fiber assembly","BP",1,1,0,5
"GO:0043154","negative regulation of cysteine-type endopeptidase activity involved in apoptotic process","BP",1,1,0,2
"GO:0043161","proteasome-mediated ubiquitin-dependent protein catabolic process","BP",1,1,0,62
"GO:0043162","ubiquitin-dependent protein catabolic process via the multivesicular body sorting pathway","BP",1,1,0,3
"GO:0043169","cation binding","MF",1,1,0,2
"GO:0043171","peptide catabolic process","BP",1,1,0,7
"GO:0043175","RNA polymerase core enzyme binding","MF",1,1,0,1
"GO:0043177","organic acid binding","MF",1,1,0,7
"GO:0043183","vascular endothelial growth factor receptor 1 binding","MF",1,1,0,2
"GO:0043186","P granule","CC",1,1,0,7
"GO:0043195","terminal bouton","CC",1,1,0,5
"GO:0043197","dendritic spine","CC",1,1,0,16
"GO:0043198","dendritic shaft","CC",1,1,0,1
"GO:0043204","perikaryon","CC",1,1,0,2
"GO:0043209","myelin sheath","CC",1,1,0,2
"GO:0043227","membrane-bounded organelle","CC",1,1,0,6
"GO:0043231","intracellular membrane-bounded organelle","CC",1,1,0,30
"GO:0043235","receptor complex","CC",1,1,0,16
"GO:0043236","laminin binding","MF",1,1,0,3
"GO:0043240","Fanconi anaemia nuclear complex","CC",1,1,0,1
"GO:0043252","sodium-independent organic anion transport","BP",1,1,0,1
"GO:0043280","positive regulation of cysteine-type endopeptidase activity involved in apoptotic process","BP",1,1,0,2
"GO:0043291","RAVE complex","CC",1,1,0,1
"GO:0043295","glutathione binding","MF",1,1,0,1
"GO:0043296","apical junction complex","CC",1,1,0,3
"GO:0043328","protein transport to vacuole involved in ubiquitin-dependent protein catabolic process via the multivesicular body sorting pathway","BP",1,1,0,3
"GO:0043402","glucocorticoid mediated signaling pathway","BP",1,1,0,2
"GO:0043405","regulation of MAP kinase activity","BP",1,1,0,1
"GO:0043406","positive regulation of MAP kinase activity","BP",1,1,0,2
"GO:0043408","regulation of MAPK cascade","BP",1,1,0,1
"GO:0043409","negative regulation of MAPK cascade","BP",1,1,0,3
"GO:0043410","positive regulation of MAPK cascade","BP",1,1,0,6
"GO:0043418","homocysteine catabolic process","BP",1,1,0,1
"GO:0043420","anthranilate metabolic process","BP",1,1,0,1
"GO:0043434","response to peptide hormone","BP",1,1,0,8
"GO:0043484","regulation of RNA splicing","BP",1,1,0,12
"GO:0043488","regulation of mRNA stability","BP",1,1,0,8
"GO:0043489","RNA stabilization","BP",1,1,0,1
"GO:0043495","protein-membrane adaptor activity","MF",1,1,0,2
"GO:0043504","mitochondrial DNA repair","BP",1,1,0,1
"GO:0043515","kinetochore binding","MF",1,1,0,2
"GO:0043524","negative regulation of neuron apoptotic process","BP",1,1,0,2
"GO:0043527","tRNA methyltransferase complex","CC",1,1,0,1
"GO:0043531","ADP binding","MF",1,1,0,5
"GO:0043539","protein serine/threonine kinase activator activity","MF",1,1,0,4
"GO:0043540","6-phosphofructo-2-kinase/fructose-2,6-biphosphatase complex","CC",1,1,0,1
"GO:0043542","endothelial cell migration","BP",1,1,0,1
"GO:0043546","molybdopterin cofactor binding","MF",1,1,0,1
"GO:0043547","positive regulation of GTPase activity","BP",1,1,0,11
"GO:0043548","phosphatidylinositol 3-kinase binding","MF",1,1,0,6
"GO:0043551","regulation of phosphatidylinositol 3-kinase activity","BP",1,1,0,2
"GO:0043560","insulin receptor substrate binding","MF",1,1,0,3
"GO:0043565","sequence-specific DNA binding","MF",1,1,0,19
"GO:0043567","regulation of insulin-like growth factor receptor signaling pathway","BP",1,1,0,4
"GO:0043588","skin development","BP",1,1,0,2
"GO:0043604","amide biosynthetic process","BP",1,1,0,1
"GO:0043605","amide catabolic process","BP",1,1,0,1
"GO:0043614","multi-eIF complex","CC",1,1,0,2
"GO:0043625","delta DNA polymerase complex","CC",1,1,0,1
"GO:0043653","mitochondrial fragmentation involved in apoptotic process","BP",1,1,0,3
"GO:0043666","regulation of phosphoprotein phosphatase activity","BP",1,1,0,4
"GO:0043687","post-translational protein modification","BP",1,1,0,4
"GO:0043691","reverse cholesterol transport","BP",1,1,0,4
"GO:0043812","phosphatidylinositol-4-phosphate phosphatase activity","MF",1,1,0,3
"GO:0043843","ADP-specific glucokinase activity","MF",1,1,0,1
"GO:0043874","acireductone synthase activity","MF",1,1,0,1
"GO:0043966","histone H3 acetylation","BP",1,1,0,2
"GO:0043967","histone H4 acetylation","BP",1,1,0,1
"GO:0043981","histone H4-K5 acetylation","BP",1,1,0,2
"GO:0043982","histone H4-K8 acetylation","BP",1,1,0,2
"GO:0043984","histone H4-K16 acetylation","BP",1,1,0,2
"GO:0043985","histone H4-R3 methylation","BP",1,1,0,2
"GO:0044183","protein folding chaperone","MF",1,1,0,6
"GO:0044208","'de novo' AMP biosynthetic process","BP",1,1,0,3
"GO:0044209","AMP salvage","BP",1,1,0,1
"GO:0044233","mitochondria-associated endoplasmic reticulum membrane","CC",1,1,0,1
"GO:0044237","cellular metabolic process","BP",1,1,0,1
"GO:0044255","cellular lipid metabolic process","BP",1,1,0,1
"GO:0044284","mitochondrial crista junction","CC",1,1,0,1
"GO:0044323","retinoic acid-responsive element binding","MF",1,1,0,2
"GO:0044325","transmembrane transporter binding","MF",1,1,0,3
"GO:0044326","dendritic spine neck","CC",1,1,0,2
"GO:0044389","ubiquitin-like protein ligase binding","MF",1,1,0,5
"GO:0044390","ubiquitin-like protein conjugating enzyme binding","MF",1,1,0,1
"GO:0044419","biological process involved in interspecies interaction between organisms","BP",1,1,0,2
"GO:0044528","regulation of mitochondrial mRNA stability","BP",1,1,0,2
"GO:0044545","NSL complex","CC",1,1,0,5
"GO:0044548","S100 protein binding","MF",1,1,0,1
"GO:0044549","GTP cyclohydrolase binding","MF",1,1,0,1
"GO:0044571","[2Fe-2S] cluster assembly","BP",1,1,0,1
"GO:0044609","DBIRD complex","CC",1,1,0,1
"GO:0044610","FMN transmembrane transporter activity","MF",1,1,0,1
"GO:0044613","nuclear pore central transport channel","CC",1,1,0,4
"GO:0044614","nuclear pore cytoplasmic filaments","CC",1,1,0,2
"GO:0044666","MLL3/4 complex","CC",1,1,0,7
"GO:0044753","amphisome","CC",1,1,0,2
"GO:0044772","mitotic cell cycle phase transition","BP",1,1,0,4
"GO:0044782","cilium organization","BP",1,1,0,1
"GO:0044805","late nucleophagy","BP",1,1,0,3
"GO:0044877","protein-containing complex binding","MF",1,1,0,7
"GO:0045022","early endosome to late endosome transport","BP",1,1,0,1
"GO:0045039","protein insertion into mitochondrial inner membrane","BP",1,1,0,2
"GO:0045041","protein import into mitochondrial intermembrane space","BP",1,1,0,2
"GO:0045046","protein import into peroxisome membrane","BP",1,1,0,1
"GO:0045047","protein targeting to ER","BP",1,1,0,5
"GO:0045048","protein insertion into ER membrane","BP",1,1,0,3
"GO:0045053","protein retention in Golgi apparatus","BP",1,1,0,1
"GO:0045054","constitutive secretory pathway","BP",1,1,0,1
"GO:0045055","regulated exocytosis","BP",1,1,0,2
"GO:0045087","innate immune response","BP",1,1,0,11
"GO:0045088","regulation of innate immune response","BP",1,1,0,1
"GO:0045095","keratin filament","CC",1,1,0,7
"GO:0045104","intermediate filament cytoskeleton organization","BP",1,1,0,10
"GO:0045109","intermediate filament organization","BP",1,1,0,2
"GO:0045110","intermediate filament bundle assembly","BP",1,1,0,1
"GO:0045116","protein neddylation","BP",1,1,0,6
"GO:0045121","membrane raft","CC",1,1,0,7
"GO:0045134","UDP phosphatase activity","MF",1,1,0,2
"GO:0045159","myosin II binding","MF",1,1,0,2
"GO:0045165","cell fate commitment","BP",1,1,0,4
"GO:0045174","glutathione dehydrogenase (ascorbate) activity","MF",1,1,0,1
"GO:0045177","apical part of cell","CC",1,1,0,5
"GO:0045182","translation regulator activity","MF",1,1,0,7
"GO:0045197","establishment or maintenance of epithelial cell apical/basal polarity","BP",1,1,0,6
"GO:0045199","maintenance of epithelial cell apical/basal polarity","BP",1,1,0,1
"GO:0045211","postsynaptic membrane","CC",1,1,0,9
"GO:0045214","sarcomere organization","BP",1,1,0,2
"GO:0045216","cell-cell junction organization","BP",1,1,0,3
"GO:0045252","oxoglutarate dehydrogenase complex","CC",1,1,0,6
"GO:0045254","pyruvate dehydrogenase complex","CC",1,1,0,1
"GO:0045261","proton-transporting ATP synthase complex, catalytic core F(1)","CC",1,1,0,9
"GO:0045272","plasma membrane respiratory chain complex I","CC",1,1,0,5
"GO:0045277","respiratory chain complex IV","CC",1,1,0,3
"GO:0045292","mRNA cis splicing, via spliceosome","BP",1,1,0,9
"GO:0045294","alpha-catenin binding","MF",1,1,0,2
"GO:0045295","gamma-catenin binding","MF",1,1,0,1
"GO:0045296","cadherin binding","MF",1,1,0,19
"GO:0045321","leukocyte activation","BP",1,1,0,2
"GO:0045324","late endosome to vacuole transport","BP",1,1,0,7
"GO:0045329","carnitine biosynthetic process","BP",1,1,0,1
"GO:0045332","phospholipid translocation","BP",1,1,0,7
"GO:0045333","cellular respiration","BP",1,1,0,3
"GO:0045334","clathrin-coated endocytic vesicle","CC",1,1,0,2
"GO:0045335","phagocytic vesicle","CC",1,1,0,7
"GO:0045338","farnesyl diphosphate metabolic process","BP",1,1,0,1
"GO:0045429","positive regulation of nitric oxide biosynthetic process","BP",1,1,0,2
"GO:0045444","fat cell differentiation","BP",1,1,0,3
"GO:0045454","cell redox homeostasis","BP",1,1,0,13
"GO:0045494","photoreceptor cell maintenance","BP",1,1,0,1
"GO:0045499","chemorepellent activity","MF",1,1,0,5
"GO:0045503","dynein light chain binding","MF",1,1,0,3
"GO:0045504","dynein heavy chain binding","MF",1,1,0,5
"GO:0045505","dynein intermediate chain binding","MF",1,1,0,6
"GO:0045547","dehydrodolichyl diphosphate synthase activity","MF",1,1,0,1
"GO:0045569","TRAIL binding","MF",1,1,0,1
"GO:0045579","positive regulation of B cell differentiation","BP",1,1,0,1
"GO:0045595","regulation of cell differentiation","BP",1,1,0,7
"GO:0045599","negative regulation of fat cell differentiation","BP",1,1,0,2
"GO:0045604","regulation of epidermal cell differentiation","BP",1,1,0,2
"GO:0045616","regulation of keratinocyte differentiation","BP",1,1,0,2
"GO:0045627","positive regulation of T-helper 1 cell differentiation","BP",1,1,0,1
"GO:0045629","negative regulation of T-helper 2 cell differentiation","BP",1,1,0,1
"GO:0045661","regulation of myoblast differentiation","BP",1,1,0,2
"GO:0045664","regulation of neuron differentiation","BP",1,1,0,1
"GO:0045666","positive regulation of neuron differentiation","BP",1,1,0,2
"GO:0045671","negative regulation of osteoclast differentiation","BP",1,1,0,1
"GO:0045719","negative regulation of glycogen biosynthetic process","BP",1,1,0,1
"GO:0045727","positive regulation of translation","BP",1,1,0,9
"GO:0045732","positive regulation of protein catabolic process","BP",1,1,0,5
"GO:0045739","positive regulation of DNA repair","BP",1,1,0,1
"GO:0045747","positive regulation of Notch signaling pathway","BP",1,1,0,1
"GO:0045761","regulation of adenylate cyclase activity","BP",1,1,0,1
"GO:0045766","positive regulation of angiogenesis","BP",1,1,0,6
"GO:0045773","positive regulation of axon extension","BP",1,1,0,3
"GO:0045779","negative regulation of bone resorption","BP",1,1,0,1
"GO:0045786","negative regulation of cell cycle","BP",1,1,0,1
"GO:0045814","negative regulation of gene expression, epigenetic","BP",1,1,0,5
"GO:0045824","negative regulation of innate immune response","BP",1,1,0,1
"GO:0045860","positive regulation of protein kinase activity","BP",1,1,0,1
"GO:0045892","negative regulation of DNA-templated transcription","BP",1,1,0,11
"GO:0045893","positive regulation of DNA-templated transcription","BP",1,1,0,30
"GO:0045899","positive regulation of RNA polymerase II transcription preinitiation complex assembly","BP",1,1,0,2
"GO:0045900","negative regulation of translational elongation","BP",1,1,0,1
"GO:0045901","positive regulation of translational elongation","BP",1,1,0,3
"GO:0045903","positive regulation of translational fidelity","BP",1,1,0,4
"GO:0045905","positive regulation of translational termination","BP",1,1,0,3
"GO:0045910","negative regulation of DNA recombination","BP",1,1,0,2
"GO:0045920","negative regulation of exocytosis","BP",1,1,0,1
"GO:0045921","positive regulation of exocytosis","BP",1,1,0,1
"GO:0045930","negative regulation of mitotic cell cycle","BP",1,1,0,2
"GO:0045944","positive regulation of transcription by RNA polymerase II","BP",1,1,0,75
"GO:0045947","negative regulation of translational initiation","BP",1,1,0,6
"GO:0045948","positive regulation of translational initiation","BP",1,1,0,2
"GO:0045986","negative regulation of smooth muscle contraction","BP",1,1,0,2
"GO:0045995","regulation of embryonic development","BP",1,1,0,1
"GO:0046033","AMP metabolic process","BP",1,1,0,1
"GO:0046034","ATP metabolic process","BP",1,1,0,7
"GO:0046040","IMP metabolic process","BP",1,1,0,3
"GO:0046084","adenine biosynthetic process","BP",1,1,0,1
"GO:0046100","hypoxanthine metabolic process","BP",1,1,0,1
"GO:0046166","glyceraldehyde-3-phosphate biosynthetic process","BP",1,1,0,2
"GO:0046167","glycerol-3-phosphate biosynthetic process","BP",1,1,0,2
"GO:0046168","glycerol-3-phosphate catabolic process","BP",1,1,0,2
"GO:0046177","D-gluconate catabolic process","BP",1,1,0,2
"GO:0046294","formaldehyde catabolic process","BP",1,1,0,2
"GO:0046316","gluconokinase activity","MF",1,1,0,1
"GO:0046327","glycerol biosynthetic process from pyruvate","BP",1,1,0,2
"GO:0046330","positive regulation of JNK cascade","BP",1,1,0,4
"GO:0046332","SMAD binding","MF",1,1,0,6
"GO:0046339","diacylglycerol metabolic process","BP",1,1,0,2
"GO:0046359","butyrate catabolic process","BP",1,1,0,1
"GO:0046416","D-amino acid metabolic process","BP",1,1,0,1
"GO:0046425","regulation of receptor signaling pathway via JAK-STAT","BP",1,1,0,1
"GO:0046452","dihydrofolate metabolic process","BP",1,1,0,1
"GO:0046470","phosphatidylcholine metabolic process","BP",1,1,0,3
"GO:0046475","glycerophospholipid catabolic process","BP",1,1,0,2
"GO:0046477","glycosylceramide catabolic process","BP",1,1,0,1
"GO:0046487","glyoxylate metabolic process","BP",1,1,0,1
"GO:0046488","phosphatidylinositol metabolic process","BP",1,1,0,1
"GO:0046498","S-adenosylhomocysteine metabolic process","BP",1,1,0,1
"GO:0046500","S-adenosylmethionine metabolic process","BP",1,1,0,1
"GO:0046512","sphingosine biosynthetic process","BP",1,1,0,2
"GO:0046513","ceramide biosynthetic process","BP",1,1,0,6
"GO:0046514","ceramide catabolic process","BP",1,1,0,1
"GO:0046540","U4/U6 x U5 tri-snRNP complex","CC",1,1,0,14
"GO:0046579","positive regulation of Ras protein signal transduction","BP",1,1,0,2
"GO:0046604","positive regulation of mitotic centrosome separation","BP",1,1,0,2
"GO:0046624","sphingolipid transporter activity","MF",1,1,0,1
"GO:0046627","negative regulation of insulin receptor signaling pathway","BP",1,1,0,2
"GO:0046632","alpha-beta T cell differentiation","BP",1,1,0,1
"GO:0046642","negative regulation of alpha-beta T cell proliferation","BP",1,1,0,1
"GO:0046654","tetrahydrofolate biosynthetic process","BP",1,1,0,4
"GO:0046655","folic acid metabolic process","BP",1,1,0,2
"GO:0046695","SLIK (SAGA-like) complex","CC",1,1,0,2
"GO:0046705","CDP biosynthetic process","BP",1,1,0,1
"GO:0046755","viral budding","BP",1,1,0,1
"GO:0046777","protein autophosphorylation","BP",1,1,0,18
"GO:0046785","microtubule polymerization","BP",1,1,0,1
"GO:0046834","lipid phosphorylation","BP",1,1,0,2
"GO:0046835","carbohydrate phosphorylation","BP",1,1,0,1
"GO:0046839","phospholipid dephosphorylation","BP",1,1,0,2
"GO:0046847","filopodium assembly","BP",1,1,0,2
"GO:0046849","bone remodeling","BP",1,1,0,1
"GO:0046854","phosphatidylinositol phosphate biosynthetic process","BP",1,1,0,13
"GO:0046856","phosphatidylinositol dephosphorylation","BP",1,1,0,6
"GO:0046872","metal ion binding","MF",1,1,0,78
"GO:0046873","metal ion transmembrane transporter activity","MF",1,1,0,1
"GO:0046874","quinolinate metabolic process","BP",1,1,0,1
"GO:0046883","regulation of hormone secretion","BP",1,1,0,1
"GO:0046889","positive regulation of lipid biosynthetic process","BP",1,1,0,3
"GO:0046890","regulation of lipid biosynthetic process","BP",1,1,0,2
"GO:0046900","tetrahydrofolylpolyglutamate metabolic process","BP",1,1,0,1
"GO:0046907","intracellular transport","BP",1,1,0,3
"GO:0046914","transition metal ion binding","MF",1,1,0,5
"GO:0046920","alpha-(1->3)-fucosyltransferase activity","MF",1,1,0,1
"GO:0046923","ER retention sequence binding","MF",1,1,0,2
"GO:0046928","regulation of neurotransmitter secretion","BP",1,1,0,1
"GO:0046933","proton-transporting ATP synthase activity, rotational mechanism","MF",1,1,0,13
"GO:0046935","1-phosphatidylinositol-3-kinase regulator activity","MF",1,1,0,5
"GO:0046949","fatty-acyl-CoA biosynthetic process","BP",1,1,0,1
"GO:0046952","ketone body catabolic process","BP",1,1,0,1
"GO:0046966","nuclear thyroid hormone receptor binding","MF",1,1,0,2
"GO:0046975","histone H3K36 methyltransferase activity","MF",1,1,0,1
"GO:0046982","protein heterodimerization activity","MF",1,1,0,33
"GO:0046983","protein dimerization activity","MF",1,1,0,33
"GO:0047045","testosterone 17-beta-dehydrogenase (NADP+) activity","MF",1,1,0,2
"GO:0047105","4-trimethylammoniobutyraldehyde dehydrogenase activity","MF",1,1,0,1
"GO:0047134","protein-disulfide reductase (NAD(P)) activity","MF",1,1,0,1
"GO:0047150","betaine-homocysteine S-methyltransferase activity","MF",1,1,0,1
"GO:0047173","phosphatidylcholine-retinol O-acyltransferase activity","MF",1,1,0,1
"GO:0047184","1-acylglycerophosphocholine O-acyltransferase activity","MF",1,1,0,1
"GO:0047280","nicotinamide phosphoribosyltransferase activity","MF",1,1,0,1
"GO:0047372","acylglycerol lipase activity","MF",1,1,0,4
"GO:0047389","glycerophosphocholine phosphodiesterase activity","MF",1,1,0,2
"GO:0047391","alkylglycerophosphoethanolamine phosphodiesterase activity","MF",1,1,0,2
"GO:0047429","nucleoside triphosphate diphosphatase activity","MF",1,1,0,1
"GO:0047442","17-alpha-hydroxyprogesterone aldolase activity","MF",1,1,0,1
"GO:0047453","ATP-dependent NAD(P)H-hydrate dehydratase activity","MF",1,1,0,1
"GO:0047493","ceramide cholinephosphotransferase activity","MF",1,1,0,2
"GO:0047496","vesicle transport along microtubule","BP",1,1,0,3
"GO:0047499","calcium-independent phospholipase A2 activity","MF",1,1,0,2
"GO:0047555","3',5'-cyclic-GMP phosphodiesterase activity","MF",1,1,0,1
"GO:0047560","3-dehydrosphinganine reductase activity","MF",1,1,0,1
"GO:0047598","7-dehydrocholesterol reductase activity","MF",1,1,0,2
"GO:0047617","acyl-CoA hydrolase activity","MF",1,1,0,5
"GO:0047620","acylglycerol kinase activity","MF",1,1,0,1
"GO:0047631","ADP-ribose diphosphatase activity","MF",1,1,0,1
"GO:0047676","arachidonate-CoA ligase activity","MF",1,1,0,3
"GO:0047750","cholestenol delta-isomerase activity","MF",1,1,0,1
"GO:0047777","(S)-citramalyl-CoA lyase activity","MF",1,1,0,1
"GO:0047940","glucuronokinase activity","MF",1,1,0,1
"GO:0047952","glycerol-3-phosphate dehydrogenase [NAD(P)+] activity","MF",1,1,0,2
"GO:0047961","glycine N-acyltransferase activity","MF",1,1,0,1
"GO:0048009","insulin-like growth factor receptor signaling pathway","BP",1,1,0,2
"GO:0048010","vascular endothelial growth factor receptor signaling pathway","BP",1,1,0,4
"GO:0048015","phosphatidylinositol-mediated signaling","BP",1,1,0,7
"GO:0048018","receptor ligand activity","MF",1,1,0,1
"GO:0048020","CCR chemokine receptor binding","MF",1,1,0,1
"GO:0048024","regulation of mRNA splicing, via spliceosome","BP",1,1,0,12
"GO:0048026","positive regulation of mRNA splicing, via spliceosome","BP",1,1,0,10
"GO:0048027","mRNA 5'-UTR binding","MF",1,1,0,6
"GO:0048029","monosaccharide binding","MF",1,1,0,2
"GO:0048038","quinone binding","MF",1,1,0,5
"GO:0048039","ubiquinone binding","MF",1,1,0,5
"GO:0048179","activin receptor complex","CC",1,1,0,2
"GO:0048185","activin binding","MF",1,1,0,3
"GO:0048193","Golgi vesicle transport","BP",1,1,0,3
"GO:0048194","Golgi vesicle budding","BP",1,1,0,2
"GO:0048205","COPI coating of Golgi vesicle","BP",1,1,0,5
"GO:0048208","COPII vesicle coating","BP",1,1,0,3
"GO:0048210","Golgi vesicle fusion to target membrane","BP",1,1,0,2
"GO:0048244","phytanoyl-CoA dioxygenase activity","MF",1,1,0,1
"GO:0048247","lymphocyte chemotaxis","BP",1,1,0,1
"GO:0048251","elastic fiber assembly","BP",1,1,0,4
"GO:0048255","mRNA stabilization","BP",1,1,0,1
"GO:0048268","clathrin coat assembly","BP",1,1,0,7
"GO:0048269","methionine adenosyltransferase complex","CC",1,1,0,2
"GO:0048278","vesicle docking","BP",1,1,0,3
"GO:0048280","vesicle fusion with Golgi apparatus","BP",1,1,0,7
"GO:0048312","intracellular distribution of mitochondria","BP",1,1,0,2
"GO:0048384","retinoic acid receptor signaling pathway","BP",1,1,0,4
"GO:0048408","epidermal growth factor binding","MF",1,1,0,2
"GO:0048487","beta-tubulin binding","MF",1,1,0,1
"GO:0048488","synaptic vesicle endocytosis","BP",1,1,0,2
"GO:0048489","synaptic vesicle transport","BP",1,1,0,1
"GO:0048490","anterograde synaptic vesicle transport","BP",1,1,0,3
"GO:0048499","synaptic vesicle membrane organization","BP",1,1,0,2
"GO:0048514","blood vessel morphogenesis","BP",1,1,0,1
"GO:0048565","digestive tract development","BP",1,1,0,1
"GO:0048568","embryonic organ development","BP",1,1,0,2
"GO:0048598","embryonic morphogenesis","BP",1,1,0,1
"GO:0048666","neuron development","BP",1,1,0,2
"GO:0048667","cell morphogenesis involved in neuron differentiation","BP",1,1,0,1
"GO:0048675","axon extension","BP",1,1,0,6
"GO:0048699","generation of neurons","BP",1,1,0,2
"GO:0048703","embryonic viscerocranium morphogenesis","BP",1,1,0,1
"GO:0048741","skeletal muscle fiber development","BP",1,1,0,1
"GO:0048771","tissue remodeling","BP",1,1,0,1
"GO:0048786","presynaptic active zone","CC",1,1,0,6
"GO:0048787","presynaptic active zone membrane","CC",1,1,0,1
"GO:0048814","regulation of dendrite morphogenesis","BP",1,1,0,3
"GO:0048821","erythrocyte development","BP",1,1,0,2
"GO:0048839","inner ear development","BP",1,1,0,1
"GO:0048843","negative regulation of axon extension involved in axon guidance","BP",1,1,0,5
"GO:0048854","brain morphogenesis","BP",1,1,0,1
"GO:0048856","anatomical structure development","BP",1,1,0,15
"GO:0048870","cell motility","BP",1,1,0,7
"GO:0050038","L-xylulose reductase (NADP+) activity","MF",1,1,0,1
"GO:0050104","L-gulonate 3-dehydrogenase activity","MF",1,1,0,1
"GO:0050113","inositol oxygenase activity","MF",1,1,0,1
"GO:0050178","phenylpyruvate tautomerase activity","MF",1,1,0,1
"GO:0050211","procollagen galactosyltransferase activity","MF",1,1,0,1
"GO:0050220","prostaglandin-E synthase activity","MF",1,1,0,2
"GO:0050265","RNA uridylyltransferase activity","MF",1,1,0,2
"GO:0050321","tau-protein kinase activity","MF",1,1,0,7
"GO:0050428","3'-phosphoadenosine 5'-phosphosulfate biosynthetic process","BP",1,1,0,1
"GO:0050431","transforming growth factor beta binding","MF",1,1,0,1
"GO:0050435","amyloid-beta metabolic process","BP",1,1,0,1
"GO:0050459","ethanolamine-phosphate phospho-lyase activity","MF",1,1,0,1
"GO:0050480","imidazolonepropionase activity","MF",1,1,0,1
"GO:0050482","arachidonic acid secretion","BP",1,1,0,3
"GO:0050577","GDP-L-fucose synthase activity","MF",1,1,0,1
"GO:0050650","chondroitin sulfate proteoglycan biosynthetic process","BP",1,1,0,1
"GO:0050660","flavin adenine dinucleotide binding","MF",1,1,0,19
"GO:0050661","NADP binding","MF",1,1,0,13
"GO:0050667","homocysteine metabolic process","BP",1,1,0,1
"GO:0050679","positive regulation of epithelial cell proliferation","BP",1,1,0,2
"GO:0050684","regulation of mRNA processing","BP",1,1,0,5
"GO:0050699","WW domain binding","MF",1,1,0,5
"GO:0050708","regulation of protein secretion","BP",1,1,0,2
"GO:0050727","regulation of inflammatory response","BP",1,1,0,1
"GO:0050728","negative regulation of inflammatory response","BP",1,1,0,4
"GO:0050731","positive regulation of peptidyl-tyrosine phosphorylation","BP",1,1,0,1
"GO:0050750","low-density lipoprotein particle receptor binding","MF",1,1,0,3
"GO:0050767","regulation of neurogenesis","BP",1,1,0,1
"GO:0050770","regulation of axonogenesis","BP",1,1,0,2
"GO:0050772","positive regulation of axonogenesis","BP",1,1,0,4
"GO:0050776","regulation of immune response","BP",1,1,0,1
"GO:0050790","regulation of catalytic activity","BP",1,1,0,2
"GO:0050793","regulation of developmental process","BP",1,1,0,1
"GO:0050811","GABA receptor binding","MF",1,1,0,3
"GO:0050821","protein stabilization","BP",1,1,0,6
"GO:0050829","defense response to Gram-negative bacterium","BP",1,1,0,4
"GO:0050830","defense response to Gram-positive bacterium","BP",1,1,0,8
"GO:0050833","pyruvate transmembrane transporter activity","MF",1,1,0,1
"GO:0050839","cell adhesion molecule binding","MF",1,1,0,11
"GO:0050840","extracellular matrix binding","MF",1,1,0,3
"GO:0050852","T cell receptor signaling pathway","BP",1,1,0,1
"GO:0050870","positive regulation of T cell activation","BP",1,1,0,3
"GO:0050892","intestinal absorption","BP",1,1,0,1
"GO:0050897","cobalt ion binding","MF",1,1,0,1
"GO:0050919","negative chemotaxis","BP",1,1,0,3
"GO:0050930","induction of positive chemotaxis","BP",1,1,0,3
"GO:0050953","sensory perception of light stimulus","BP",1,1,0,1
"GO:0050957","equilibrioception","BP",1,1,0,1
"GO:0050995","negative regulation of lipid catabolic process","BP",1,1,0,2
"GO:0050998","nitric-oxide synthase binding","MF",1,1,0,1
"GO:0051000","positive regulation of nitric-oxide synthase activity","BP",1,1,0,2
"GO:0051005","negative regulation of lipoprotein lipase activity","BP",1,1,0,2
"GO:0051010","microtubule plus-end binding","MF",1,1,0,8
"GO:0051011","microtubule minus-end binding","MF",1,1,0,1
"GO:0051013","microtubule severing","BP",1,1,0,1
"GO:0051014","actin filament severing","BP",1,1,0,5
"GO:0051016","barbed-end actin filament capping","BP",1,1,0,4
"GO:0051017","actin filament bundle assembly","BP",1,1,0,2
"GO:0051019","mitogen-activated protein kinase binding","MF",1,1,0,4
"GO:0051045","negative regulation of membrane protein ectodomain proteolysis","BP",1,1,0,3
"GO:0051051","negative regulation of transport","BP",1,1,0,1
"GO:0051056","regulation of small GTPase mediated signal transduction","BP",1,1,0,3
"GO:0051059","NF-kappaB binding","MF",1,1,0,2
"GO:0051082","unfolded protein binding","MF",1,1,0,64
"GO:0051085","chaperone cofactor-dependent protein refolding","BP",1,1,0,14
"GO:0051087","protein-folding chaperone binding","MF",1,1,0,19
"GO:0051091","positive regulation of DNA-binding transcription factor activity","BP",1,1,0,3
"GO:0051092","positive regulation of NF-kappaB transcription factor activity","BP",1,1,0,2
"GO:0051117","ATPase binding","MF",1,1,0,3
"GO:0051123","RNA polymerase II preinitiation complex assembly","BP",1,1,0,4
"GO:0051131","chaperone-mediated protein complex assembly","BP",1,1,0,3
"GO:0051145","smooth muscle cell differentiation","BP",1,1,0,1
"GO:0051156","glucose 6-phosphate metabolic process","BP",1,1,0,4
"GO:0051170","import into nucleus","BP",1,1,0,1
"GO:0051225","spindle assembly","BP",1,1,0,7
"GO:0051228","mitotic spindle disassembly","BP",1,1,0,3
"GO:0051233","spindle midzone","CC",1,1,0,4
"GO:0051252","regulation of RNA metabolic process","BP",1,1,0,3
"GO:0051258","protein polymerization","BP",1,1,0,1
"GO:0051260","protein homooligomerization","BP",1,1,0,6
"GO:0051283","negative regulation of sequestering of calcium ion","BP",1,1,0,1
"GO:0051287","NAD binding","MF",1,1,0,15
"GO:0051289","protein homotetramerization","BP",1,1,0,2
"GO:0051294","establishment of spindle orientation","BP",1,1,0,1
"GO:0051298","centrosome duplication","BP",1,1,0,1
"GO:0051301","cell division","BP",1,1,0,3
"GO:0051303","establishment of chromosome localization","BP",1,1,0,2
"GO:0051315","attachment of mitotic spindle microtubules to kinetochore","BP",1,1,0,1
"GO:0051321","meiotic cell cycle","BP",1,1,0,1
"GO:0051380","norepinephrine binding","MF",1,1,0,2
"GO:0051402","neuron apoptotic process","BP",1,1,0,4
"GO:0051443","positive regulation of ubiquitin-protein transferase activity","BP",1,1,0,3
"GO:0051453","regulation of intracellular pH","BP",1,1,0,2
"GO:0051480","regulation of cytosolic calcium ion concentration","BP",1,1,0,3
"GO:0051489","regulation of filopodium assembly","BP",1,1,0,2
"GO:0051490","negative regulation of filopodium assembly","BP",1,1,0,1
"GO:0051491","positive regulation of filopodium assembly","BP",1,1,0,1
"GO:0051496","positive regulation of stress fiber assembly","BP",1,1,0,1
"GO:0051536","iron-sulfur cluster binding","MF",1,1,0,6
"GO:0051537","2 iron, 2 sulfur cluster binding","MF",1,1,0,7
"GO:0051538","3 iron, 4 sulfur cluster binding","MF",1,1,0,1
"GO:0051539","4 iron, 4 sulfur cluster binding","MF",1,1,0,10
"GO:0051560","mitochondrial calcium ion homeostasis","BP",1,1,0,3
"GO:0051568","histone H3-K4 methylation","BP",1,1,0,4
"GO:0051569","regulation of histone H3-K4 methylation","BP",1,1,0,1
"GO:0051601","exocyst localization","BP",1,1,0,1
"GO:0051603","proteolysis involved in protein catabolic process","BP",1,1,0,31
"GO:0051604","protein maturation","BP",1,1,0,6
"GO:0051606","detection of stimulus","BP",1,1,0,1
"GO:0051607","defense response to virus","BP",1,1,0,4
"GO:0051642","centrosome localization","BP",1,1,0,3
"GO:0051645","Golgi localization","BP",1,1,0,3
"GO:0051646","mitochondrion localization","BP",1,1,0,1
"GO:0051660","establishment of centrosome localization","BP",1,1,0,3
"GO:0051694","pointed-end actin filament capping","BP",1,1,0,1
"GO:0051717","inositol-1,3,4,5-tetrakisphosphate 3-phosphatase activity","MF",1,1,0,1
"GO:0051721","protein phosphatase 2A binding","MF",1,1,0,3
"GO:0051724","NAD transmembrane transporter activity","MF",1,1,0,1
"GO:0051726","regulation of cell cycle","BP",1,1,0,17
"GO:0051731","polynucleotide 5'-hydroxyl-kinase activity","MF",1,1,0,1
"GO:0051765","inositol tetrakisphosphate kinase activity","MF",1,1,0,2
"GO:0051786","all-trans-retinol 13,14-reductase activity","MF",1,1,0,1
"GO:0051787","misfolded protein binding","MF",1,1,0,18
"GO:0051793","medium-chain fatty acid catabolic process","BP",1,1,0,1
"GO:0051800","phosphatidylinositol-3,4-bisphosphate 3-phosphatase activity","MF",1,1,0,1
"GO:0051864","histone H3K36 demethylase activity","MF",1,1,0,2
"GO:0051865","protein autoubiquitination","BP",1,1,0,1
"GO:0051879","Hsp90 protein binding","MF",1,1,0,4
"GO:0051881","regulation of mitochondrial membrane potential","BP",1,1,0,1
"GO:0051893","regulation of focal adhesion assembly","BP",1,1,0,2
"GO:0051896","regulation of phosphatidylinositol 3-kinase/protein kinase B signal transduction","BP",1,1,0,1
"GO:0051897","positive regulation of phosphatidylinositol 3-kinase/protein kinase B signal transduction","BP",1,1,0,3
"GO:0051898","negative regulation of phosphatidylinositol 3-kinase/protein kinase B signal transduction","BP",1,1,0,1
"GO:0051903","S-(hydroxymethyl)glutathione dehydrogenase activity","MF",1,1,0,2
"GO:0051918","negative regulation of fibrinolysis","BP",1,1,0,2
"GO:0051920","peroxiredoxin activity","MF",1,1,0,2
"GO:0051923","sulfation","BP",1,1,0,5
"GO:0051959","dynein light intermediate chain binding","MF",1,1,0,7
"GO:0051966","regulation of synaptic transmission, glutamatergic","BP",1,1,0,2
"GO:0051978","lysophospholipid:sodium symporter activity","MF",1,1,0,1
"GO:0051996","squalene synthase activity","MF",1,1,0,1
"GO:0052651","monoacylglycerol catabolic process","BP",1,1,0,4
"GO:0052689","carboxylic ester hydrolase activity","MF",1,1,0,5
"GO:0052735","tRNA (cytosine-3-)-methyltransferase activity","MF",1,1,0,1
"GO:0052745","inositol phosphate phosphatase activity","MF",1,1,0,2
"GO:0052851","ferric-chelate reductase (NADPH) activity","MF",1,1,0,3
"GO:0052925","dol-P-Man:Man(5)GlcNAc(2)-PP-Dol alpha-1,3-mannosyltransferase activity","MF",1,1,0,1
"GO:0055001","muscle cell development","BP",1,1,0,1
"GO:0055037","recycling endosome","CC",1,1,0,7
"GO:0055038","recycling endosome membrane","CC",1,1,0,1
"GO:0055074","calcium ion homeostasis","BP",1,1,0,1
"GO:0055085","transmembrane transport","BP",1,1,0,57
"GO:0055088","lipid homeostasis","BP",1,1,0,6
"GO:0055091","phospholipid homeostasis","BP",1,1,0,3
"GO:0055117","regulation of cardiac muscle contraction","BP",1,1,0,2
"GO:0055120","striated muscle dense body","CC",1,1,0,1
"GO:0060012","synaptic transmission, glycinergic","BP",1,1,0,2
"GO:0060048","cardiac muscle contraction","BP",1,1,0,1
"GO:0060070","canonical Wnt signaling pathway","BP",1,1,0,4
"GO:0060088","auditory receptor cell stereocilium organization","BP",1,1,0,1
"GO:0060090","molecular adaptor activity","MF",1,1,0,19
"GO:0060158","phospholipase C-activating dopamine receptor signaling pathway","BP",1,1,0,3
"GO:0060213","positive regulation of nuclear-transcribed mRNA poly(A) tail shortening","BP",1,1,0,5
"GO:0060228","phosphatidylcholine-sterol O-acyltransferase activator activity","MF",1,1,0,3
"GO:0060261","positive regulation of transcription initiation by RNA polymerase II","BP",1,1,0,1
"GO:0060271","cilium assembly","BP",1,1,0,13
"GO:0060326","cell chemotaxis","BP",1,1,0,1
"GO:0060337","type I interferon-mediated signaling pathway","BP",1,1,0,3
"GO:0060368","regulation of Fc receptor mediated stimulatory signaling pathway","BP",1,1,0,2
"GO:0060395","SMAD protein signal transduction","BP",1,1,0,3
"GO:0060397","growth hormone receptor signaling pathway via JAK-STAT","BP",1,1,0,4
"GO:0060400","negative regulation of growth hormone receptor signaling pathway","BP",1,1,0,2
"GO:0060468","prevention of polyspermy","BP",1,1,0,3
"GO:0060546","negative regulation of necroptotic process","BP",1,1,0,1
"GO:0060628","regulation of ER to Golgi vesicle-mediated transport","BP",1,1,0,1
"GO:0060702","negative regulation of endoribonuclease activity","BP",1,1,0,3
"GO:0060754","positive regulation of mast cell chemotaxis","BP",1,1,0,2
"GO:0060816","random inactivation of X chromosome","BP",1,1,0,1
"GO:0060857","establishment of glial blood-brain barrier","BP",1,1,0,1
"GO:0060998","regulation of dendritic spine development","BP",1,1,0,2
"GO:0061003","positive regulation of dendritic spine morphogenesis","BP",1,1,0,3
"GO:0061024","membrane organization","BP",1,1,0,5
"GO:0061025","membrane fusion","BP",1,1,0,4
"GO:0061077","chaperone-mediated protein folding","BP",1,1,0,4
"GO:0061133","endopeptidase activator activity","MF",1,1,0,5
"GO:0061136","regulation of proteasomal protein catabolic process","BP",1,1,0,5
"GO:0061138","morphogenesis of a branching epithelium","BP",1,1,0,1
"GO:0061157","mRNA destabilization","BP",1,1,0,4
"GO:0061462","protein localization to lysosome","BP",1,1,0,1
"GO:0061512","protein localization to cilium","BP",1,1,0,2
"GO:0061513","glucose 6-phosphate:inorganic phosphate antiporter activity","MF",1,1,0,3
"GO:0061574","ASAP complex","CC",1,1,0,1
"GO:0061575","cyclin-dependent protein serine/threonine kinase activator activity","MF",1,1,0,2
"GO:0061578","K63-linked deubiquitinase activity","MF",1,1,0,3
"GO:0061599","molybdopterin molybdotransferase activity","MF",1,1,0,1
"GO:0061608","nuclear import signal receptor activity","MF",1,1,0,4
"GO:0061609","fructose-1-phosphate aldolase activity","MF",1,1,0,1
"GO:0061617","MICOS complex","CC",1,1,0,9
"GO:0061630","ubiquitin protein ligase activity","MF",1,1,0,48
"GO:0061631","ubiquitin conjugating enzyme activity","MF",1,1,0,23
"GO:0061640","cytoskeleton-dependent cytokinesis","BP",1,1,0,9
"GO:0061656","SUMO conjugating enzyme activity","MF",1,1,0,5
"GO:0061665","SUMO ligase activity","MF",1,1,0,2
"GO:0061666","UFM1 ligase activity","MF",1,1,0,1
"GO:0061709","reticulophagy","BP",1,1,0,5
"GO:0061723","glycophagy","BP",1,1,0,2
"GO:0061780","mitotic cohesin loading","BP",1,1,0,1
"GO:0061789","dense core granule priming","BP",1,1,0,1
"GO:0061817","endoplasmic reticulum-plasma membrane tethering","BP",1,1,0,3
"GO:0061844","antimicrobial humoral immune response mediated by antimicrobial peptide","BP",1,1,0,1
"GO:0061863","microtubule plus end polymerase","MF",1,1,0,1
"GO:0061928","glutathione specific gamma-glutamylcyclotransferase activity","MF",1,1,0,1
"GO:0062023","collagen-containing extracellular matrix","CC",1,1,0,25
"GO:0062026","negative regulation of SCF-dependent proteasomal ubiquitin-dependent catabolic process","BP",1,1,0,1
"GO:0062101","peptidyl-aspartic acid 3-dioxygenase activity","MF",1,1,0,3
"GO:0065003","protein-containing complex assembly","BP",1,1,0,3
"GO:0070004","cysteine-type exopeptidase activity","MF",1,1,0,1
"GO:0070005","cysteine-type aminopeptidase activity","MF",1,1,0,1
"GO:0070006","metalloaminopeptidase activity","MF",1,1,0,9
"GO:0070008","serine-type exopeptidase activity","MF",1,1,0,3
"GO:0070012","oligopeptidase activity","MF",1,1,0,1
"GO:0070016","armadillo repeat domain binding","MF",1,1,0,2
"GO:0070034","telomerase RNA binding","MF",1,1,0,2
"GO:0070044","synaptobrevin 2-SNAP-25-syntaxin-1a complex","CC",1,1,0,1
"GO:0070059","intrinsic apoptotic signaling pathway in response to endoplasmic reticulum stress","BP",1,1,0,2
"GO:0070060","'de novo' actin filament nucleation","BP",1,1,0,2
"GO:0070062","extracellular exosome","CC",1,1,0,18
"GO:0070063","RNA polymerase binding","MF",1,1,0,1
"GO:0070064","proline-rich region binding","MF",1,1,0,1
"GO:0070072","vacuolar proton-transporting V-type ATPase complex assembly","BP",1,1,0,1
"GO:0070098","chemokine-mediated signaling pathway","BP",1,1,0,2
"GO:0070125","mitochondrial translational elongation","BP",1,1,0,1
"GO:0070139","SUMO-specific endopeptidase activity","MF",1,1,0,1
"GO:0070150","mitochondrial glycyl-tRNA aminoacylation","BP",1,1,0,1
"GO:0070180","large ribosomal subunit rRNA binding","MF",1,1,0,6
"GO:0070181","small ribosomal subunit rRNA binding","MF",1,1,0,9
"GO:0070187","shelterin complex","CC",1,1,0,1
"GO:0070189","kynurenine metabolic process","BP",1,1,0,1
"GO:0070202","regulation of establishment of protein localization to chromosome","BP",1,1,0,1
"GO:0070206","protein trimerization","BP",1,1,0,1
"GO:0070262","peptidyl-serine dephosphorylation","BP",1,1,0,7
"GO:0070266","necroptotic process","BP",1,1,0,2
"GO:0070273","phosphatidylinositol-4-phosphate binding","MF",1,1,0,3
"GO:0070292","N-acylphosphatidylethanolamine metabolic process","BP",1,1,0,1
"GO:0070300","phosphatidic acid binding","MF",1,1,0,1
"GO:0070301","cellular response to hydrogen peroxide","BP",1,1,0,4
"GO:0070319","Golgi to plasma membrane transport vesicle","CC",1,1,0,1
"GO:0070328","triglyceride homeostasis","BP",1,1,0,10
"GO:0070365","hepatocyte differentiation","BP",1,1,0,3
"GO:0070370","cellular heat acclimation","BP",1,1,0,4
"GO:0070372","regulation of ERK1 and ERK2 cascade","BP",1,1,0,1
"GO:0070374","positive regulation of ERK1 and ERK2 cascade","BP",1,1,0,4
"GO:0070382","exocytic vesicle","CC",1,1,0,1
"GO:0070402","NADPH binding","MF",1,1,0,3
"GO:0070403","NAD+ binding","MF",1,1,0,4
"GO:0070404","NADH binding","MF",1,1,0,1
"GO:0070411","I-SMAD binding","MF",1,1,0,2
"GO:0070421","DNA ligase III-XRCC1 complex","CC",1,1,0,1
"GO:0070449","elongin complex","CC",1,1,0,4
"GO:0070453","regulation of heme biosynthetic process","BP",1,1,0,3
"GO:0070481","nuclear-transcribed mRNA catabolic process, non-stop decay","BP",1,1,0,1
"GO:0070492","oligosaccharide binding","MF",1,1,0,2
"GO:0070493","thrombin-activated receptor signaling pathway","BP",1,1,0,1
"GO:0070506","high-density lipoprotein particle receptor activity","MF",1,1,0,1
"GO:0070507","regulation of microtubule cytoskeleton organization","BP",1,1,0,2
"GO:0070513","death domain binding","MF",1,1,0,2
"GO:0070527","platelet aggregation","BP",1,1,0,3
"GO:0070530","K63-linked polyubiquitin modification-dependent protein binding","MF",1,1,0,5
"GO:0070531","BRCA1-A complex","CC",1,1,0,2
"GO:0070534","protein K63-linked ubiquitination","BP",1,1,0,13
"GO:0070536","protein K63-linked deubiquitination","BP",1,1,0,3
"GO:0070537","histone H2A K63-linked deubiquitination","BP",1,1,0,1
"GO:0070542","response to fatty acid","BP",1,1,0,2
"GO:0070545","PeBoW complex","CC",1,1,0,1
"GO:0070552","BRISC complex","CC",1,1,0,3
"GO:0070555","response to interleukin-1","BP",1,1,0,1
"GO:0070566","adenylyltransferase activity","MF",1,1,0,1
"GO:0070573","metallodipeptidase activity","MF",1,1,0,2
"GO:0070577","lysine-acetylated histone binding","MF",1,1,0,11
"GO:0070588","calcium ion transmembrane transport","BP",1,1,0,6
"GO:0070628","proteasome binding","MF",1,1,0,14
"GO:0070644","vitamin D response element binding","MF",1,1,0,4
"GO:0070651","nonfunctional rRNA decay","BP",1,1,0,1
"GO:0070679","inositol 1,4,5 trisphosphate binding","MF",1,1,0,1
"GO:0070682","proteasome regulatory particle assembly","BP",1,1,0,2
"GO:0070728","leucine binding","MF",1,1,0,1
"GO:0070765","gamma-secretase complex","CC",1,1,0,2
"GO:0070776","MOZ/MORF histone acetyltransferase complex","CC",1,1,0,1
"GO:0070779","D-aspartate import across plasma membrane","BP",1,1,0,1
"GO:0070822","Sin3-type complex","CC",1,1,0,2
"GO:0070830","bicellular tight junction assembly","BP",1,1,0,5
"GO:0070840","dynein complex binding","MF",1,1,0,2
"GO:0070847","core mediator complex","CC",1,1,0,1
"GO:0070863","positive regulation of protein exit from endoplasmic reticulum","BP",1,1,0,3
"GO:0070876","SOSS complex","CC",1,1,0,2
"GO:0070897","transcription preinitiation complex assembly","BP",1,1,0,1
"GO:0070905","serine binding","MF",1,1,0,1
"GO:0070934","CRD-mediated mRNA stabilization","BP",1,1,0,4
"GO:0070936","protein K48-linked ubiquitination","BP",1,1,0,7
"GO:0070937","CRD-mediated mRNA stability complex","CC",1,1,0,4
"GO:0070966","nuclear-transcribed mRNA catabolic process, no-go decay","BP",1,1,0,1
"GO:0070971","endoplasmic reticulum exit site","CC",1,1,0,18
"GO:0070973","protein localization to endoplasmic reticulum exit site","BP",1,1,0,5
"GO:0070976","TIR domain binding","MF",1,1,0,1
"GO:0070979","protein K11-linked ubiquitination","BP",1,1,0,3
"GO:0070987","error-free translesion synthesis","BP",1,1,0,1
"GO:0070991","medium-chain-acyl-CoA dehydrogenase activity","MF",1,1,0,1
"GO:0071004","U2-type prespliceosome","CC",1,1,0,15
"GO:0071006","U2-type catalytic step 1 spliceosome","CC",1,1,0,1
"GO:0071007","U2-type catalytic step 2 spliceosome","CC",1,1,0,1
"GO:0071011","precatalytic spliceosome","CC",1,1,0,26
"GO:0071013","catalytic step 2 spliceosome","CC",1,1,0,35
"GO:0071014","post-mRNA release spliceosomal complex","CC",1,1,0,5
"GO:0071025","RNA surveillance","BP",1,1,0,1
"GO:0071035","nuclear polyadenylation-dependent rRNA catabolic process","BP",1,1,0,1
"GO:0071036","nuclear polyadenylation-dependent snoRNA catabolic process","BP",1,1,0,1
"GO:0071037","nuclear polyadenylation-dependent snRNA catabolic process","BP",1,1,0,1
"GO:0071038","nuclear polyadenylation-dependent tRNA catabolic process","BP",1,1,0,1
"GO:0071039","nuclear polyadenylation-dependent CUT catabolic process","BP",1,1,0,1
"GO:0071040","nuclear polyadenylation-dependent antisense transcript catabolic process","BP",1,1,0,1
"GO:0071044","histone mRNA catabolic process","BP",1,1,0,1
"GO:0071051","polyadenylation-dependent snoRNA 3'-end processing","BP",1,1,0,1
"GO:0071074","eukaryotic initiation factor eIF2 binding","MF",1,1,0,4
"GO:0071076","RNA 3' uridylation","BP",1,1,0,2
"GO:0071144","heteromeric SMAD protein complex","CC",1,1,0,2
"GO:0071169","establishment of protein localization to chromatin","BP",1,1,0,1
"GO:0071171","site-specific DNA replication termination at RTS1 barrier","BP",1,1,0,2
"GO:0071203","WASH complex","CC",1,1,0,2
"GO:0071222","cellular response to lipopolysaccharide","BP",1,1,0,2
"GO:0071228","cellular response to tumor cell","BP",1,1,0,1
"GO:0071230","cellular response to amino acid stimulus","BP",1,1,0,10
"GO:0071233","cellular response to leucine","BP",1,1,0,1
"GO:0071261","Ssh1 translocon complex","CC",1,1,0,2
"GO:0071277","cellular response to calcium ion","BP",1,1,0,3
"GO:0071320","cellular response to cAMP","BP",1,1,0,2
"GO:0071333","cellular response to glucose stimulus","BP",1,1,0,2
"GO:0071346","cellular response to type II interferon","BP",1,1,0,1
"GO:0071347","cellular response to interleukin-1","BP",1,1,0,1
"GO:0071356","cellular response to tumor necrosis factor","BP",1,1,0,1
"GO:0071363","cellular response to growth factor stimulus","BP",1,1,0,3
"GO:0071364","cellular response to epidermal growth factor stimulus","BP",1,1,0,1
"GO:0071375","cellular response to peptide hormone stimulus","BP",1,1,0,1
"GO:0071385","cellular response to glucocorticoid stimulus","BP",1,1,0,2
"GO:0071392","cellular response to estradiol stimulus","BP",1,1,0,2
"GO:0071439","clathrin complex","CC",1,1,0,2
"GO:0071456","cellular response to hypoxia","BP",1,1,0,8
"GO:0071479","cellular response to ionizing radiation","BP",1,1,0,1
"GO:0071526","semaphorin-plexin signaling pathway","BP",1,1,0,5
"GO:0071539","protein localization to centrosome","BP",1,1,0,1
"GO:0071540","eukaryotic translation initiation factor 3 complex, eIF3e","CC",1,1,0,1
"GO:0071541","eukaryotic translation initiation factor 3 complex, eIF3m","CC",1,1,0,4
"GO:0071542","dopaminergic neuron differentiation","BP",1,1,0,2
"GO:0071543","diphosphoinositol polyphosphate metabolic process","BP",1,1,0,1
"GO:0071549","cellular response to dexamethasone stimulus","BP",1,1,0,2
"GO:0071557","histone H3-K27 demethylation","BP",1,1,0,1
"GO:0071558","histone H3K27me2/H3K27me3 demethylase activity","MF",1,1,0,1
"GO:0071561","nucleus-vacuole junction","CC",1,1,0,1
"GO:0071564","npBAF complex","CC",1,1,0,1
"GO:0071566","UFM1 activating enzyme activity","MF",1,1,0,1
"GO:0071569","protein ufmylation","BP",1,1,0,1
"GO:0071577","zinc ion transmembrane transport","BP",1,1,0,3
"GO:0071586","CAAX-box protein processing","BP",1,1,0,1
"GO:0071595","Nem1-Spo7 phosphatase complex","CC",1,1,0,1
"GO:0071596","ubiquitin-dependent protein catabolic process via the N-end rule pathway","BP",1,1,0,2
"GO:0071598","neuronal ribonucleoprotein granule","CC",1,1,0,2
"GO:0071617","lysophospholipid acyltransferase activity","MF",1,1,0,1
"GO:0071621","granulocyte chemotaxis","BP",1,1,0,1
"GO:0071664","catenin-TCF7L2 complex","CC",1,1,0,2
"GO:0071712","ER-associated misfolded protein catabolic process","BP",1,1,0,9
"GO:0071782","endoplasmic reticulum tubular network","CC",1,1,0,2
"GO:0071786","endoplasmic reticulum tubular network organization","BP",1,1,0,3
"GO:0071787","endoplasmic reticulum tubular network formation","BP",1,1,0,2
"GO:0071797","LUBAC complex","CC",1,1,0,1
"GO:0071805","potassium ion transmembrane transport","BP",1,1,0,2
"GO:0071818","BAT3 complex","CC",1,1,0,2
"GO:0071819","DUBm complex","CC",1,1,0,2
"GO:0071875","adrenergic receptor signaling pathway","BP",1,1,0,3
"GO:0071880","adenylate cyclase-activating adrenergic receptor signaling pathway","BP",1,1,0,3
"GO:0071889","14-3-3 protein binding","MF",1,1,0,1
"GO:0071894","histone H2B conserved C-terminal lysine ubiquitination","BP",1,1,0,1
"GO:0071897","DNA biosynthetic process","BP",1,1,0,1
"GO:0071902","positive regulation of protein serine/threonine kinase activity","BP",1,1,0,1
"GO:0071914","prominosome","CC",1,1,0,1
"GO:0071933","Arp2/3 complex binding","MF",1,1,0,2
"GO:0071939","vitamin A import into cell","BP",1,1,0,1
"GO:0071944","cell periphery","CC",1,1,0,1
"GO:0071949","FAD binding","MF",1,1,0,15
"GO:0071986","Ragulator complex","CC",1,1,0,7
"GO:0072015","podocyte development","BP",1,1,0,1
"GO:0072320","volume-sensitive chloride channel activity","MF",1,1,0,1
"GO:0072331","signal transduction by p53 class mediator","BP",1,1,0,2
"GO:0072332","intrinsic apoptotic signaling pathway by p53 class mediator","BP",1,1,0,2
"GO:0072334","UDP-galactose transmembrane transport","BP",1,1,0,1
"GO:0072344","rescue of stalled ribosome","BP",1,1,0,3
"GO:0072345","NAADP-sensitive calcium-release channel activity","MF",1,1,0,1
"GO:0072380","TRC complex","CC",1,1,0,1
"GO:0072383","plus-end-directed vesicle transport along microtubule","BP",1,1,0,1
"GO:0072384","organelle transport along microtubule","BP",1,1,0,1
"GO:0072393","microtubule anchoring at microtubule organizing center","BP",1,1,0,1
"GO:0072488","ammonium transmembrane transport","BP",1,1,0,1
"GO:0072518","Rho-dependent protein serine/threonine kinase activity","MF",1,1,0,1
"GO:0072542","protein phosphatase activator activity","MF",1,1,0,10
"GO:0072546","EMC complex","CC",1,1,0,12
"GO:0072562","blood microparticle","CC",1,1,0,14
"GO:0072579","glycine receptor clustering","BP",1,1,0,1
"GO:0072583","clathrin-dependent endocytosis","BP",1,1,0,14
"GO:0072657","protein localization to membrane","BP",1,1,0,7
"GO:0072659","protein localization to plasma membrane","BP",1,1,0,16
"GO:0072686","mitotic spindle","CC",1,1,0,5
"GO:0080008","Cul4-RING E3 ubiquitin ligase complex","CC",1,1,0,3
"GO:0080009","mRNA methylation","BP",1,1,0,1
"GO:0080122","AMP transmembrane transporter activity","MF",1,1,0,1
"GO:0080129","proteasome core complex assembly","BP",1,1,0,1
"GO:0080163","regulation of protein serine/threonine phosphatase activity","BP",1,1,0,1
"GO:0089701","U2AF complex","CC",1,1,0,3
"GO:0090050","positive regulation of cell migration involved in sprouting angiogenesis","BP",1,1,0,1
"GO:0090069","regulation of ribosome biogenesis","BP",1,1,0,1
"GO:0090071","negative regulation of ribosome biogenesis","BP",1,1,0,1
"GO:0090090","negative regulation of canonical Wnt signaling pathway","BP",1,1,0,12
"GO:0090110","COPII-coated vesicle cargo loading","BP",1,1,0,9
"GO:0090114","COPII-coated vesicle budding","BP",1,1,0,4
"GO:0090141","positive regulation of mitochondrial fission","BP",1,1,0,2
"GO:0090158","endoplasmic reticulum membrane organization","BP",1,1,0,2
"GO:0090161","Golgi ribbon formation","BP",1,1,0,2
"GO:0090162","establishment of epithelial cell polarity","BP",1,1,0,1
"GO:0090169","regulation of spindle assembly","BP",1,1,0,1
"GO:0090200","positive regulation of release of cytochrome c from mitochondria","BP",1,1,0,1
"GO:0090234","regulation of kinetochore assembly","BP",1,1,0,1
"GO:0090263","positive regulation of canonical Wnt signaling pathway","BP",1,1,0,8
"GO:0090303","positive regulation of wound healing","BP",1,1,0,1
"GO:0090305","nucleic acid phosphodiester bond hydrolysis","BP",1,1,0,1
"GO:0090307","mitotic spindle assembly","BP",1,1,0,4
"GO:0090309","positive regulation of DNA methylation-dependent heterochromatin formation","BP",1,1,0,5
"GO:0090382","phagosome maturation","BP",1,1,0,1
"GO:0090385","phagosome-lysosome fusion","BP",1,1,0,5
"GO:0090443","FAR/SIN/STRIPAK complex","CC",1,1,0,2
"GO:0090481","pyrimidine nucleotide-sugar transmembrane transport","BP",1,1,0,3
"GO:0090535","WICH complex","CC",1,1,0,1
"GO:0090537","CERF complex","CC",1,1,0,1
"GO:0090557","establishment of endothelial intestinal barrier","BP",1,1,0,4
"GO:0090559","regulation of membrane permeability","BP",1,1,0,1
"GO:0090575","RNA polymerase II transcription regulator complex","CC",1,1,0,4
"GO:0090630","activation of GTPase activity","BP",1,1,0,7
"GO:0090661","box H/ACA telomerase RNP complex","CC",1,1,0,1
"GO:0090694","Scc2-Scc4 cohesin loading complex","CC",1,1,0,1
"GO:0090730","Las1 complex","CC",1,1,0,1
"GO:0097001","ceramide binding","MF",1,1,0,1
"GO:0097016","L27 domain binding","MF",1,1,0,1
"GO:0097020","COPII receptor activity","MF",1,1,0,1
"GO:0097025","MPP7-DLG1-LIN7 complex","CC",1,1,0,1
"GO:0097039","protein linear polyubiquitination","BP",1,1,0,1
"GO:0097060","synaptic membrane","CC",1,1,0,2
"GO:0097106","postsynaptic density organization","BP",1,1,0,1
"GO:0097112","gamma-aminobutyric acid receptor clustering","BP",1,1,0,1
"GO:0097157","pre-mRNA intronic binding","MF",1,1,0,1
"GO:0097176","epoxide metabolic process","BP",1,1,0,1
"GO:0097190","apoptotic signaling pathway","BP",1,1,0,5
"GO:0097191","extrinsic apoptotic signaling pathway","BP",1,1,0,2
"GO:0097192","extrinsic apoptotic signaling pathway in absence of ligand","BP",1,1,0,10
"GO:0097193","intrinsic apoptotic signaling pathway","BP",1,1,0,1
"GO:0097194","execution phase of apoptosis","BP",1,1,0,4
"GO:0097224","sperm connecting piece","CC",1,1,0,1
"GO:0097250","mitochondrial respirasome assembly","BP",1,1,0,7
"GO:0097252","oligodendrocyte apoptotic process","BP",1,1,0,1
"GO:0097268","cytoophidium","CC",1,1,0,2
"GO:0097272","ammonium homeostasis","BP",1,1,0,1
"GO:0097320","plasma membrane tubulation","BP",1,1,0,6
"GO:0097340","inhibition of cysteine-type endopeptidase activity","BP",1,1,0,1
"GO:0097345","mitochondrial outer membrane permeabilization","BP",1,1,0,4
"GO:0097350","neutrophil clearance","BP",1,1,0,1
"GO:0097352","autophagosome maturation","BP",1,1,0,4
"GO:0097355","protein localization to heterochromatin","BP",1,1,0,3
"GO:0097361","CIA complex","CC",1,1,0,2
"GO:0097367","carbohydrate derivative binding","MF",1,1,0,2
"GO:0097428","protein maturation by iron-sulfur cluster transfer","BP",1,1,0,1
"GO:0097431","mitotic spindle pole","CC",1,1,0,1
"GO:0097484","dendrite extension","BP",1,1,0,2
"GO:0097500","receptor localization to non-motile cilium","BP",1,1,0,1
"GO:0097526","spliceosomal tri-snRNP complex","CC",1,1,0,7
"GO:0097539","ciliary transition fiber","CC",1,1,0,1
"GO:0097550","transcription preinitiation complex","CC",1,1,0,1
"GO:0097602","cullin family protein binding","MF",1,1,0,8
"GO:0097681","double-strand break repair via alternative nonhomologous end joining","BP",1,1,0,1
"GO:0097718","disordered domain specific binding","MF",1,1,0,4
"GO:0097731","9+0 non-motile cilium","CC",1,1,0,1
"GO:0098553","lumenal side of endoplasmic reticulum membrane","CC",1,1,0,4
"GO:0098554","cytoplasmic side of endoplasmic reticulum membrane","CC",1,1,0,4
"GO:0098577","inactive sex chromosome","CC",1,1,0,1
"GO:0098609","cell-cell adhesion","BP",1,1,0,23
"GO:0098621","O-phosphoseryl-tRNA(Sec) selenium transferase activity","MF",1,1,0,1
"GO:0098632","cell-cell adhesion mediator activity","MF",1,1,0,5
"GO:0098639","collagen binding involved in cell-matrix adhesion","MF",1,1,0,1
"GO:0098641","cadherin binding involved in cell-cell adhesion","MF",1,1,0,1
"GO:0098656","monoatomic anion transmembrane transport","BP",1,1,0,7
"GO:0098712","L-glutamate import across plasma membrane","BP",1,1,0,1
"GO:0098742","cell-cell adhesion via plasma-membrane adhesion molecules","BP",1,1,0,1
"GO:0098793","presynapse","CC",1,1,0,2
"GO:0098794","postsynapse","CC",1,1,0,1
"GO:0098802","plasma membrane signaling receptor complex","CC",1,1,0,1
"GO:0098830","presynaptic endosome","CC",1,1,0,2
"GO:0098831","presynaptic active zone cytoplasmic component","CC",1,1,0,1
"GO:0098837","postsynaptic recycling endosome","CC",1,1,0,3
"GO:0098839","postsynaptic density membrane","CC",1,1,0,2
"GO:0098869","cellular oxidant detoxification","BP",1,1,0,1
"GO:0098887","neurotransmitter receptor transport, endosome to postsynaptic membrane","BP",1,1,0,7
"GO:0098894","extrinsic component of presynaptic endocytic zone membrane","CC",1,1,0,3
"GO:0098943","neurotransmitter receptor transport, postsynaptic endosome to lysosome","BP",1,1,0,2
"GO:0098962","regulation of postsynaptic neurotransmitter receptor activity","BP",1,1,0,1
"GO:0098968","neurotransmitter receptor transport postsynaptic membrane to endosome","BP",1,1,0,5
"GO:0098969","neurotransmitter receptor transport to postsynaptic membrane","BP",1,1,0,1
"GO:0098970","postsynaptic neurotransmitter receptor diffusion trapping","BP",1,1,0,1
"GO:0098974","postsynaptic actin cytoskeleton organization","BP",1,1,0,3
"GO:0098978","glutamatergic synapse","CC",1,1,0,3
"GO:0099093","calcium export from the mitochondrion","BP",1,1,0,2
"GO:0099104","potassium channel activator activity","MF",1,1,0,1
"GO:0099122","RNA polymerase II C-terminal domain binding","MF",1,1,0,2
"GO:0099509","regulation of presynaptic cytosolic calcium ion concentration","BP",1,1,0,1
"GO:0099518","vesicle cytoskeletal trafficking","BP",1,1,0,1
"GO:0099525","presynaptic dense core vesicle exocytosis","BP",1,1,0,1
"GO:0099536","synaptic signaling","BP",1,1,0,3
"GO:0099563","modification of synaptic structure","BP",1,1,0,8
"GO:0099572","postsynaptic specialization","CC",1,1,0,2
"GO:0099578","regulation of translation at postsynapse, modulating synaptic transmission","BP",1,1,0,2
"GO:0099631","postsynaptic endocytic zone cytoplasmic component","CC",1,1,0,1
"GO:0099634","postsynaptic specialization membrane","CC",1,1,0,1
"GO:0099645","neurotransmitter receptor localization to postsynaptic specialization membrane","BP",1,1,0,1
"GO:0101030","tRNA-guanine transglycosylation","BP",1,1,0,1
"GO:0106035","protein maturation by [4Fe-4S] cluster transfer","BP",1,1,0,2
"GO:0106046","guanine deglycation, glyoxal removal","BP",1,1,0,1
"GO:0106064","regulation of cobalamin metabolic process","BP",1,1,0,1
"GO:0106274","NAD+-protein-arginine ADP-ribosyltransferase activity","MF",1,1,0,1
"GO:0106300","protein-DNA covalent cross-linking repair","BP",1,1,0,1
"GO:0106399","acyl-coenzyme A diphosphatase activity","MF",1,1,0,1
"GO:0110051","metabolite repair","BP",1,1,0,1
"GO:0120009","intermembrane lipid transfer","BP",1,1,0,2
"GO:0120015","sterol transfer activity","MF",1,1,0,2
"GO:0120017","ceramide transfer activity","MF",1,1,0,1
"GO:0120020","cholesterol transfer activity","MF",1,1,0,5
"GO:0120160","intraciliary transport particle A binding","MF",1,1,0,1
"GO:0140007","KICSTOR complex","CC",1,1,0,1
"GO:0140009","L-aspartate import across plasma membrane","BP",1,1,0,1
"GO:0140021","mitochondrial ADP transmembrane transport","BP",1,1,0,3
"GO:0140110","transcription regulator activity","MF",1,1,0,4
"GO:0140268","endoplasmic reticulum-plasma membrane contact site","CC",1,1,0,2
"GO:0140291","peptidyl-glutamate ADP-deribosylation","BP",1,1,0,2
"GO:0140293","ADP-ribosylglutamate hydrolase activity","MF",1,1,0,2
"GO:0140300","serine import into mitochondrion","BP",1,1,0,2
"GO:0140326","ATPase-coupled intramembrane lipid transporter activity","MF",1,1,0,3
"GO:0140359","ABC-type transporter activity","MF",1,1,0,9
"GO:0140567","membrane protein dislocase activity","MF",1,1,0,1
"GO:0140569","extraction of mislocalized protein from ER membrane","BP",1,1,0,1
"GO:0140625","opioid growth factor receptor activity","MF",1,1,0,1
"GO:0140658","ATP-dependent chromatin remodeler activity","MF",1,1,0,14
"GO:0140662","ATP-dependent protein folding chaperone","MF",1,1,0,33
"GO:0140673","transcription elongation-coupled chromatin remodeling","BP",1,1,0,1
"GO:0140801","histone H2AXY142 kinase activity","MF",1,1,0,1
"GO:0140818","mRNA 5'-phosphatase activity","MF",1,1,0,1
"GO:0140911","pore-forming activity","MF",1,1,0,1
"GO:0140933","5'-(N(7)-methylguanosine 5'-triphospho)-[mRNA] hydrolase activity","MF",1,1,0,1
"GO:0150105","protein localization to cell-cell junction","BP",1,1,0,3
"GO:1900029","positive regulation of ruffle assembly","BP",1,1,0,1
"GO:1900087","positive regulation of G1/S transition of mitotic cell cycle","BP",1,1,0,1
"GO:1900095","regulation of dosage compensation by inactivation of X chromosome","BP",1,1,0,1
"GO:1900111","positive regulation of histone H3-K9 dimethylation","BP",1,1,0,1
"GO:1900138","negative regulation of phospholipase A2 activity","BP",1,1,0,1
"GO:1900221","regulation of amyloid-beta clearance","BP",1,1,0,2
"GO:1900271","regulation of long-term synaptic potentiation","BP",1,1,0,1
"GO:1900535","palmitic acid biosynthetic process","BP",1,1,0,1
"GO:1900745","positive regulation of p38MAPK cascade","BP",1,1,0,1
"GO:1900746","regulation of vascular endothelial growth factor signaling pathway","BP",1,1,0,3
"GO:1901006","ubiquinone-6 biosynthetic process","BP",1,1,0,1
"GO:1901031","regulation of response to reactive oxygen species","BP",1,1,0,1
"GO:1901052","sarcosine metabolic process","BP",1,1,0,1
"GO:1901098","positive regulation of autophagosome maturation","BP",1,1,0,1
"GO:1901137","carbohydrate derivative biosynthetic process","BP",1,1,0,1
"GO:1901315","negative regulation of histone H2A K63-linked ubiquitination","BP",1,1,0,4
"GO:1901611","phosphatidylglycerol binding","MF",1,1,0,1
"GO:1901642","nucleoside transmembrane transport","BP",1,1,0,2
"GO:1901673","regulation of mitotic spindle assembly","BP",1,1,0,1
"GO:1901888","regulation of cell junction assembly","BP",1,1,0,1
"GO:1901907","diadenosine pentaphosphate catabolic process","BP",1,1,0,1
"GO:1901909","diadenosine hexaphosphate catabolic process","BP",1,1,0,1
"GO:1901911","adenosine 5'-(hexahydrogen pentaphosphate) catabolic process","BP",1,1,0,1
"GO:1901981","phosphatidylinositol phosphate binding","MF",1,1,0,1
"GO:1902042","negative regulation of extrinsic apoptotic signaling pathway via death domain receptors","BP",1,1,0,1
"GO:1902115","regulation of organelle assembly","BP",1,1,0,3
"GO:1902236","negative regulation of endoplasmic reticulum stress-induced intrinsic apoptotic signaling pathway","BP",1,1,0,1
"GO:1902269","positive regulation of polyamine transmembrane transport","BP",1,1,0,2
"GO:1902275","regulation of chromatin organization","BP",1,1,0,1
"GO:1902287","semaphorin-plexin signaling pathway involved in axon guidance","BP",1,1,0,4
"GO:1902387","ceramide 1-phosphate binding","MF",1,1,0,2
"GO:1902388","ceramide 1-phosphate transfer activity","MF",1,1,0,2
"GO:1902425","positive regulation of attachment of mitotic spindle microtubules to kinetochore","BP",1,1,0,1
"GO:1902445","regulation of mitochondrial membrane permeability involved in programmed necrotic cell death","BP",1,1,0,2
"GO:1902476","chloride transmembrane transport","BP",1,1,0,1
"GO:1902560","GMP reductase complex","CC",1,1,0,1
"GO:1902603","carnitine transmembrane transport","BP",1,1,0,1
"GO:1902626","assembly of large subunit precursor of preribosome","BP",1,1,0,1
"GO:1902737","dendritic filopodium","CC",1,1,0,2
"GO:1902936","phosphatidylinositol bisphosphate binding","MF",1,1,0,1
"GO:1902945","metalloendopeptidase activity involved in amyloid precursor protein catabolic process","MF",1,1,0,2
"GO:1902966","positive regulation of protein localization to early endosome","BP",1,1,0,3
"GO:1902979","mitotic DNA replication termination","BP",1,1,0,2
"GO:1903069","regulation of ER-associated ubiquitin-dependent protein catabolic process","BP",1,1,0,1
"GO:1903076","regulation of protein localization to plasma membrane","BP",1,1,0,1
"GO:1903265","positive regulation of tumor necrosis factor-mediated signaling pathway","BP",1,1,0,1
"GO:1903292","protein localization to Golgi membrane","BP",1,1,0,1
"GO:1903298","negative regulation of hypoxia-induced intrinsic apoptotic signaling pathway","BP",1,1,0,2
"GO:1903358","regulation of Golgi organization","BP",1,1,0,2
"GO:1903361","protein localization to basolateral plasma membrane","BP",1,1,0,1
"GO:1903804","glycine import across plasma membrane","BP",1,1,0,2
"GO:1904047","S-adenosyl-L-methionine binding","MF",1,1,0,1
"GO:1904121","phosphatidylethanolamine transfer activity","MF",1,1,0,1
"GO:1904262","negative regulation of TORC1 signaling","BP",1,1,0,5
"GO:1904263","positive regulation of TORC1 signaling","BP",1,1,0,8
"GO:1904294","positive regulation of ERAD pathway","BP",1,1,0,3
"GO:1904356","regulation of telomere maintenance via telomere lengthening","BP",1,1,0,1
"GO:1904380","endoplasmic reticulum mannose trimming","BP",1,1,0,5
"GO:1904382","mannose trimming involved in glycoprotein ERAD pathway","BP",1,1,0,5
"GO:1904423","dehydrodolichyl diphosphate synthase complex","CC",1,1,0,1
"GO:1904825","protein localization to microtubule plus-end","BP",1,1,0,4
"GO:1904874","positive regulation of telomerase RNA localization to Cajal body","BP",1,1,0,1
"GO:1904983","glycine import into mitochondrion","BP",1,1,0,1
"GO:1905037","autophagosome organization","BP",1,1,0,3
"GO:1905123","regulation of glucosylceramidase activity","BP",1,1,0,3
"GO:1905202","methylcrotonoyl-CoA carboxylase complex","CC",1,1,0,1
"GO:1905244","regulation of modification of synaptic structure","BP",1,1,0,2
"GO:1905323","telomerase holoenzyme complex assembly","BP",1,1,0,2
"GO:1905475","regulation of protein localization to membrane","BP",1,1,0,3
"GO:1905515","non-motile cilium assembly","BP",1,1,0,4
"GO:1905605","positive regulation of blood-brain barrier permeability","BP",1,1,0,3
"GO:1990023","mitotic spindle midzone","CC",1,1,0,1
"GO:1990034","calcium ion export across plasma membrane","BP",1,1,0,2
"GO:1990050","phosphatidic acid transfer activity","MF",1,1,0,4
"GO:1990070","TRAPPI protein complex","CC",1,1,0,1
"GO:1990071","TRAPPII protein complex","CC",1,1,0,2
"GO:1990072","TRAPPIII protein complex","CC",1,1,0,2
"GO:1990111","spermatoproteasome complex","CC",1,1,0,1
"GO:1990112","RQC complex","CC",1,1,0,3
"GO:1990116","ribosome-associated ubiquitin-dependent protein catabolic process","BP",1,1,0,1
"GO:1990124","messenger ribonucleoprotein complex","CC",1,1,0,2
"GO:1990130","GATOR1 complex","CC",1,1,0,1
"GO:1990131","Gtr1-Gtr2 GTPase complex","CC",1,1,0,2
"GO:1990221","L-cysteine desulfurase complex","CC",1,1,0,1
"GO:1990226","histone methyltransferase binding","MF",1,1,0,1
"GO:1990246","uniplex complex","CC",1,1,0,2
"GO:1990247","N6-methyladenosine-containing RNA binding","MF",1,1,0,5
"GO:1990253","cellular response to leucine starvation","BP",1,1,0,1
"GO:1990254","keratin filament binding","MF",1,1,0,1
"GO:1990258","histone glutamine methylation","BP",1,1,0,2
"GO:1990259","histone H2AQ104 methyltransferase activity","MF",1,1,0,2
"GO:1990269","RNA polymerase II C-terminal domain phosphoserine binding","MF",1,1,0,2
"GO:1990280","RNA localization to chromatin","BP",1,1,0,1
"GO:1990316","Atg1/ULK1 kinase complex","CC",1,1,0,4
"GO:1990381","ubiquitin-specific protease binding","MF",1,1,0,2
"GO:1990410","adrenomedullin receptor signaling pathway","BP",1,1,0,1
"GO:1990414","replication-born double-strand break repair via sister chromatid exchange","BP",1,1,0,1
"GO:1990429","peroxisomal importomer complex","CC",1,1,0,1
"GO:1990440","positive regulation of transcription from RNA polymerase II promoter in response to endoplasmic reticulum stress","BP",1,1,0,1
"GO:1990444","F-box domain binding","MF",1,1,0,1
"GO:1990481","mRNA pseudouridine synthesis","BP",1,1,0,2
"GO:1990498","mitotic spindle microtubule","CC",1,1,0,1
"GO:1990513","CLOCK-BMAL transcription complex","CC",1,1,0,1
"GO:1990519","pyrimidine nucleotide import into mitochondrion","BP",1,1,0,1
"GO:1990542","mitochondrial transmembrane transport","BP",1,1,0,3
"GO:1990544","mitochondrial ATP transmembrane transport","BP",1,1,0,3
"GO:1990547","mitochondrial phosphate ion transmembrane transport","BP",1,1,0,2
"GO:1990573","potassium ion import across plasma membrane","BP",1,1,0,4
"GO:1990575","mitochondrial L-ornithine transmembrane transport","BP",1,1,0,2
"GO:1990589","ATF4-CREB1 transcription factor complex","CC",1,1,0,4
"GO:1990590","ATF1-ATF4 transcription factor complex","CC",1,1,0,1
"GO:1990592","protein K69-linked ufmylation","BP",1,1,0,1
"GO:1990604","IRE1-TRAF2-ASK1 complex","CC",1,1,0,1
"GO:1990617","CHOP-ATF4 complex","CC",1,1,0,1
"GO:1990622","CHOP-ATF3 complex","CC",1,1,0,1
"GO:1990635","proximal dendrite","CC",1,1,0,1
"GO:1990682","CSF1-CSF1R complex","CC",1,1,0,1
"GO:1990726","Lsm1-7-Pat1 complex","CC",1,1,0,2
"GO:1990745","EARP complex","CC",1,1,0,2
"GO:1990782","protein tyrosine kinase binding","MF",1,1,0,1
"GO:1990817","poly(A) RNA polymerase activity","MF",1,1,0,2
"GO:1990825","sequence-specific mRNA binding","MF",1,1,0,3
"GO:1990841","promoter-specific chromatin binding","MF",1,1,0,3
"GO:1990845","adaptive thermogenesis","BP",1,1,0,3
"GO:1990879","CST complex","CC",1,1,0,1
"GO:1990907","beta-catenin-TCF complex","CC",1,1,0,3
"GO:2000036","regulation of stem cell population maintenance","BP",1,1,0,1
"GO:2000042","negative regulation of double-strand break repair via homologous recombination","BP",1,1,0,1
"GO:2000045","regulation of G1/S transition of mitotic cell cycle","BP",1,1,0,3
"GO:2000156","regulation of retrograde vesicle-mediated transport, Golgi to ER","BP",1,1,0,1
"GO:2000301","negative regulation of synaptic vesicle exocytosis","BP",1,1,0,2
"GO:2000312","regulation of kainate selective glutamate receptor activity","BP",1,1,0,1
"GO:2000344","positive regulation of acrosome reaction","BP",1,1,0,1
"GO:2000369","regulation of clathrin-dependent endocytosis","BP",1,1,0,3
"GO:2000406","positive regulation of T cell migration","BP",1,1,0,1
"GO:2000435","negative regulation of protein neddylation","BP",1,1,0,1
"GO:2000562","negative regulation of CD4-positive, alpha-beta T cell proliferation","BP",1,1,0,2
"GO:2000641","regulation of early endosome to late endosome transport","BP",1,1,0,1
"GO:2000643","positive regulation of early endosome to late endosome transport","BP",1,1,0,3
"GO:2000649","regulation of sodium ion transmembrane transporter activity","BP",1,1,0,1
"GO:2000650","negative regulation of sodium ion transmembrane transporter activity","BP",1,1,0,1
"GO:2000766","negative regulation of cytoplasmic translation","BP",1,1,0,2
"GO:2000767","positive regulation of cytoplasmic translation","BP",1,1,0,2
"GO:2000779","regulation of double-strand break repair","BP",1,1,0,5
"GO:2000812","regulation of barbed-end actin filament capping","BP",1,1,0,2
"GO:2000815","regulation of mRNA stability involved in response to oxidative stress","BP",1,1,0,1
"GO:2001069","glycogen binding","MF",1,1,0,2
"GO:2001070","starch binding","MF",1,1,0,3
"GO:2001106","regulation of Rho guanyl-nucleotide exchange factor activity","BP",1,1,0,2
"GO:2001136","negative regulation of endocytic recycling","BP",1,1,0,2
"GO:2001224","positive regulation of neuron migration","BP",1,1,0,1
"GO:2001234","negative regulation of apoptotic signaling pathway","BP",1,1,0,4
"GO:2001235","positive regulation of apoptotic signaling pathway","BP",1,1,0,6
"GO:2001238","positive regulation of extrinsic apoptotic signaling pathway","BP",1,1,0,2
"GO:2001240","negative regulation of extrinsic apoptotic signaling pathway in absence of ligand","BP",1,1,0,1
"GO:2001242","regulation of intrinsic apoptotic signaling pathway","BP",1,1,0,2
"GO:2001243","negative regulation of intrinsic apoptotic signaling pathway","BP",1,1,0,2
"GO:2001244","positive regulation of intrinsic apoptotic signaling pathway","BP",1,1,0,1
"GO:2001256","regulation of store-operated calcium entry","BP",1,1,0,1
"GO:2001271","negative regulation of cysteine-type endopeptidase activity involved in execution phase of apoptosis","BP",1,1,0,1
