one:115101128	path:one00010
one:115101415	path:one00010
one:115102136	path:one00010
one:115102194	path:one00010
one:115102563	path:one00010
one:115102656	path:one00010
one:115102664	path:one00010
one:115103140	path:one00010
one:115103731	path:one00010
one:115104366	path:one00010
one:115104854	path:one00010
one:115104976	path:one00010
one:115105089	path:one00010
one:115105493	path:one00010
one:115105501	path:one00010
one:115105631	path:one00010
one:115105801	path:one00010
one:115105947	path:one00010
one:115106353	path:one00010
one:115106445	path:one00010
one:115106737	path:one00010
one:115106814	path:one00010
one:115106885	path:one00010
one:115108629	path:one00010
one:115108631	path:one00010
one:115108661	path:one00010
one:115108704	path:one00010
one:115109699	path:one00010
one:115109706	path:one00010
one:115109744	path:one00010
one:115110005	path:one00010
one:115110049	path:one00010
one:115110372	path:one00010
one:115110842	path:one00010
one:115111335	path:one00010
one:115111772	path:one00010
one:115111839	path:one00010
one:115112482	path:one00010
one:115113020	path:one00010
one:115113021	path:one00010
one:115113064	path:one00010
one:115113130	path:one00010
one:115113260	path:one00010
one:115113617	path:one00010
one:115113763	path:one00010
one:115114355	path:one00010
one:115114631	path:one00010
one:115114862	path:one00010
one:115115104	path:one00010
one:115117337	path:one00010
one:115118459	path:one00010
one:115119498	path:one00010
one:115121312	path:one00010
one:115122080	path:one00010
one:115122119	path:one00010
one:115122349	path:one00010
one:115123453	path:one00010
one:115123663	path:one00010
one:115123912	path:one00010
one:115124238	path:one00010
one:115124881	path:one00010
one:115125326	path:one00010
one:115125449	path:one00010
one:115126857	path:one00010
one:115127099	path:one00010
one:115127127	path:one00010
one:115127546	path:one00010
one:115128063	path:one00010
one:115128351	path:one00010
one:115128352	path:one00010
one:115128359	path:one00010
one:115128361	path:one00010
one:115129160	path:one00010
one:115129275	path:one00010
one:115129349	path:one00010
one:115130229	path:one00010
one:115130546	path:one00010
one:115130799	path:one00010
one:115131638	path:one00010
one:115131639	path:one00010
one:115131646	path:one00010
one:115131989	path:one00010
one:115132559	path:one00010
one:115133233	path:one00010
one:115133937	path:one00010
one:115133988	path:one00010
one:115134466	path:one00010
one:115134561	path:one00010
one:115134644	path:one00010
one:115135101	path:one00010
one:115135210	path:one00010
one:115135548	path:one00010
one:115135951	path:one00010
one:115136747	path:one00010
one:115138339	path:one00010
one:115139750	path:one00010
one:115140150	path:one00010
one:115140238	path:one00010
one:115140290	path:one00010
one:115140761	path:one00010
one:115140891	path:one00010
one:115141324	path:one00010
one:115141963	path:one00010
one:115142010	path:one00010
one:115142093	path:one00010
one:115142177	path:one00010
one:115142515	path:one00010
one:115142862	path:one00010
one:115142990	path:one00010
one:115143179	path:one00010
one:115143979	path:one00010
one:115144055	path:one00010
one:115144289	path:one00010
one:115144431	path:one00010
one:115144542	path:one00010
one:115144793	path:one00010
one:115145241	path:one00010
one:115145335	path:one00010
one:115145365	path:one00010
one:115146120	path:one00010
one:115146378	path:one00010
one:115101316	path:one00020
one:115101415	path:one00020
one:115101740	path:one00020
one:115102253	path:one00020
one:115102427	path:one00020
one:115102682	path:one00020
one:115103852	path:one00020
one:115103895	path:one00020
one:115104273	path:one00020
one:115104854	path:one00020
one:115104976	path:one00020
one:115105477	path:one00020
one:115109431	path:one00020
one:115110263	path:one00020
one:115110344	path:one00020
one:115110417	path:one00020
one:115111616	path:one00020
one:115111997	path:one00020
one:115112917	path:one00020
one:115115336	path:one00020
one:115118410	path:one00020
one:115123341	path:one00020
one:115123453	path:one00020
one:115123663	path:one00020
one:115125586	path:one00020
one:115129332	path:one00020
one:115130229	path:one00020
one:115130242	path:one00020
one:115131351	path:one00020
one:115132396	path:one00020
one:115133560	path:one00020
one:115134227	path:one00020
one:115134466	path:one00020
one:115135548	path:one00020
one:115135653	path:one00020
one:115135968	path:one00020
one:115136882	path:one00020
one:115137258	path:one00020
one:115138186	path:one00020
one:115138501	path:one00020
one:115139140	path:one00020
one:115141348	path:one00020
one:115141717	path:one00020
one:115142758	path:one00020
one:115142862	path:one00020
one:115143221	path:one00020
one:115143323	path:one00020
one:115143961	path:one00020
one:115144176	path:one00020
one:115144793	path:one00020
one:115145826	path:one00020
one:115145858	path:one00020
one:115146233	path:one00020
one:115147132	path:one00020
one:115102144	path:one00030
one:115102167	path:one00030
one:115102656	path:one00030
one:115103140	path:one00030
one:115105089	path:one00030
one:115105524	path:one00030
one:115105631	path:one00030
one:115105646	path:one00030
one:115105947	path:one00030
one:115106737	path:one00030
one:115108661	path:one00030
one:115110005	path:one00030
one:115110097	path:one00030
one:115112482	path:one00030
one:115113763	path:one00030
one:115114355	path:one00030
one:115114862	path:one00030
one:115115934	path:one00030
one:115116705	path:one00030
one:115120322	path:one00030
one:115120397	path:one00030
one:115122498	path:one00030
one:115125201	path:one00030
one:115125449	path:one00030
one:115126857	path:one00030
one:115127127	path:one00030
one:115127546	path:one00030
one:115127930	path:one00030
one:115129349	path:one00030
one:115129745	path:one00030
one:115130546	path:one00030
one:115131922	path:one00030
one:115131951	path:one00030
one:115132200	path:one00030
one:115132516	path:one00030
one:115132995	path:one00030
one:115133988	path:one00030
one:115135815	path:one00030
one:115136313	path:one00030
one:115136747	path:one00030
one:115138254	path:one00030
one:115139750	path:one00030
one:115142177	path:one00030
one:115142709	path:one00030
one:115143035	path:one00030
one:115143179	path:one00030
one:115143434	path:one00030
one:115143453	path:one00030
one:115145241	path:one00030
one:115145335	path:one00030
one:115101431	path:one00040
one:115103854	path:one00040
one:115103897	path:one00040
one:115105382	path:one00040
one:115105546	path:one00040
one:115105666	path:one00040
one:115106928	path:one00040
one:115108631	path:one00040
one:115112116	path:one00040
one:115112173	path:one00040
one:115112194	path:one00040
one:115112200	path:one00040
one:115112529	path:one00040
one:115113591	path:one00040
one:115113613	path:one00040
one:115114346	path:one00040
one:115114612	path:one00040
one:115115747	path:one00040
one:115115934	path:one00040
one:115116354	path:one00040
one:115118706	path:one00040
one:115121523	path:one00040
one:115121524	path:one00040
one:115122635	path:one00040
one:115122716	path:one00040
one:115122717	path:one00040
one:115124247	path:one00040
one:115130191	path:one00040
one:115131067	path:one00040
one:115133187	path:one00040
one:115133621	path:one00040
one:115136236	path:one00040
one:115136406	path:one00040
one:115138006	path:one00040
one:115140150	path:one00040
one:115140934	path:one00040
one:115141141	path:one00040
one:115141705	path:one00040
one:115144261	path:one00040
one:115145134	path:one00040
one:115145365	path:one00040
one:115101893	path:one00051
one:115102504	path:one00051
one:115102656	path:one00051
one:115103140	path:one00051
one:115103731	path:one00051
one:115105089	path:one00051
one:115105164	path:one00051
one:115105501	path:one00051
one:115105631	path:one00051
one:115105801	path:one00051
one:115105947	path:one00051
one:115106737	path:one00051
one:115106928	path:one00051
one:115107054	path:one00051
one:115107366	path:one00051
one:115108148	path:one00051
one:115108601	path:one00051
one:115108606	path:one00051
one:115110005	path:one00051
one:115110420	path:one00051
one:115110524	path:one00051
one:115111772	path:one00051
one:115112173	path:one00051
one:115113020	path:one00051
one:115113021	path:one00051
one:115113591	path:one00051
one:115114355	path:one00051
one:115119429	path:one00051
one:115121161	path:one00051
one:115121666	path:one00051
one:115125449	path:one00051
one:115125800	path:one00051
one:115126857	path:one00051
one:115126931	path:one00051
one:115127127	path:one00051
one:115127546	path:one00051
one:115128361	path:one00051
one:115129349	path:one00051
one:115130546	path:one00051
one:115131638	path:one00051
one:115132281	path:one00051
one:115132458	path:one00051
one:115133051	path:one00051
one:115133088	path:one00051
one:115133187	path:one00051
one:115133268	path:one00051
one:115133272	path:one00051
one:115134533	path:one00051
one:115134625	path:one00051
one:115134704	path:one00051
one:115135359	path:one00051
one:115136747	path:one00051
one:115137999	path:one00051
one:115138634	path:one00051
one:115138842	path:one00051
one:115139750	path:one00051
one:115140036	path:one00051
one:115140238	path:one00051
one:115140934	path:one00051
one:115141324	path:one00051
one:115142177	path:one00051
one:115142515	path:one00051
one:115143150	path:one00051
one:115143179	path:one00051
one:115143282	path:one00051
one:115143339	path:one00051
one:115144431	path:one00051
one:115145241	path:one00051
one:115145401	path:one00051
one:115102656	path:one00052
one:115103087	path:one00052
one:115103140	path:one00052
one:115103731	path:one00052
one:115103854	path:one00052
one:115103897	path:one00052
one:115105089	path:one00052
one:115105501	path:one00052
one:115105631	path:one00052
one:115106320	path:one00052
one:115106445	path:one00052
one:115106928	path:one00052
one:115107792	path:one00052
one:115108661	path:one00052
one:115108704	path:one00052
one:115110372	path:one00052
one:115111772	path:one00052
one:115111839	path:one00052
one:115113020	path:one00052
one:115113021	path:one00052
one:115113130	path:one00052
one:115114355	path:one00052
one:115114420	path:one00052
one:115114862	path:one00052
one:115116423	path:one00052
one:115116662	path:one00052
one:115116883	path:one00052
one:115129493	path:one00052
one:115130741	path:one00052
one:115130869	path:one00052
one:115133187	path:one00052
one:115137314	path:one00052
one:115137371	path:one00052
one:115137545	path:one00052
one:115138408	path:one00052
one:115139750	path:one00052
one:115140238	path:one00052
one:115140290	path:one00052
one:115142515	path:one00052
one:115143179	path:one00052
one:115143979	path:one00052
one:115144289	path:one00052
one:115144431	path:one00052
one:115144542	path:one00052
one:115145335	path:one00052
one:115146318	path:one00052
one:115101431	path:one00053
one:115102563	path:one00053
one:115102664	path:one00053
one:115105382	path:one00053
one:115105666	path:one00053
one:115106814	path:one00053
one:115108629	path:one00053
one:115108631	path:one00053
one:115110049	path:one00053
one:115112194	path:one00053
one:115113613	path:one00053
one:115114346	path:one00053
one:115114631	path:one00053
one:115114973	path:one00053
one:115116354	path:one00053
one:115118459	path:one00053
one:115118706	path:one00053
one:115121523	path:one00053
one:115121524	path:one00053
one:115121666	path:one00053
one:115122635	path:one00053
one:115122716	path:one00053
one:115122717	path:one00053
one:115124247	path:one00053
one:115124881	path:one00053
one:115125326	path:one00053
one:115126931	path:one00053
one:115127930	path:one00053
one:115129275	path:one00053
one:115131067	path:one00053
one:115133621	path:one00053
one:115136236	path:one00053
one:115136406	path:one00053
one:115138006	path:one00053
one:115140150	path:one00053
one:115141705	path:one00053
one:115145134	path:one00053
one:115145365	path:one00053
one:115103148	path:one00061
one:115105276	path:one00061
one:115105658	path:one00061
one:115105779	path:one00061
one:115106672	path:one00061
one:115108378	path:one00061
one:115111035	path:one00061
one:115111329	path:one00061
one:115111402	path:one00061
one:115113588	path:one00061
one:115113815	path:one00061
one:115114344	path:one00061
one:115118691	path:one00061
one:115124325	path:one00061
one:115125773	path:one00061
one:115128270	path:one00061
one:115129040	path:one00061
one:115129262	path:one00061
one:115131608	path:one00061
one:115132936	path:one00061
one:115135711	path:one00061
one:115135804	path:one00061
one:115136190	path:one00061
one:115137220	path:one00061
one:115139472	path:one00061
one:115139760	path:one00061
one:115139834	path:one00061
one:115140020	path:one00061
one:115141233	path:one00061
one:115144264	path:one00061
one:115144952	path:one00061
one:115145106	path:one00061
one:115145809	path:one00061
one:115101576	path:one00062
one:115103022	path:one00062
one:115104282	path:one00062
one:115104342	path:one00062
one:115104868	path:one00062
one:115104959	path:one00062
one:115105162	path:one00062
one:115106502	path:one00062
one:115107850	path:one00062
one:115108091	path:one00062
one:115108103	path:one00062
one:115109061	path:one00062
one:115109064	path:one00062
one:115110758	path:one00062
one:115110976	path:one00062
one:115111718	path:one00062
one:115111834	path:one00062
one:115113038	path:one00062
one:115113292	path:one00062
one:115113942	path:one00062
one:115114041	path:one00062
one:115114483	path:one00062
one:115118405	path:one00062
one:115118970	path:one00062
one:115120017	path:one00062
one:115120682	path:one00062
one:115121675	path:one00062
one:115121941	path:one00062
one:115122832	path:one00062
one:115123622	path:one00062
one:115125593	path:one00062
one:115126486	path:one00062
one:115127863	path:one00062
one:115128315	path:one00062
one:115129546	path:one00062
one:115130125	path:one00062
one:115130382	path:one00062
one:115130803	path:one00062
one:115131690	path:one00062
one:115131741	path:one00062
one:115132045	path:one00062
one:115134524	path:one00062
one:115135357	path:one00062
one:115135838	path:one00062
one:115135853	path:one00062
one:115138119	path:one00062
one:115138738	path:one00062
one:115139313	path:one00062
one:115139472	path:one00062
one:115140188	path:one00062
one:115140285	path:one00062
one:115140537	path:one00062
one:115141233	path:one00062
one:115143918	path:one00062
one:115144411	path:one00062
one:115144780	path:one00062
one:115145942	path:one00062
one:115102563	path:one00071
one:115102664	path:one00071
one:115103148	path:one00071
one:115103807	path:one00071
one:115105124	path:one00071
one:115105276	path:one00071
one:115105658	path:one00071
one:115106619	path:one00071
one:115106672	path:one00071
one:115106814	path:one00071
one:115106836	path:one00071
one:115108378	path:one00071
one:115108624	path:one00071
one:115108629	path:one00071
one:115109485	path:one00071
one:115110049	path:one00071
one:115110063	path:one00071
one:115110447	path:one00071
one:115111035	path:one00071
one:115111402	path:one00071
one:115111718	path:one00071
one:115114344	path:one00071
one:115114631	path:one00071
one:115117608	path:one00071
one:115117891	path:one00071
one:115118459	path:one00071
one:115118691	path:one00071
one:115120885	path:one00071
one:115121047	path:one00071
one:115121742	path:one00071
one:115122832	path:one00071
one:115123733	path:one00071
one:115124881	path:one00071
one:115125326	path:one00071
one:115125773	path:one00071
one:115126484	path:one00071
one:115126486	path:one00071
one:115129160	path:one00071
one:115129262	path:one00071
one:115129275	path:one00071
one:115130430	path:one00071
one:115130799	path:one00071
one:115133333	path:one00071
one:115134194	path:one00071
one:115134631	path:one00071
one:115135357	path:one00071
one:115135804	path:one00071
one:115135873	path:one00071
one:115136190	path:one00071
one:115137220	path:one00071
one:115138738	path:one00071
one:115139309	path:one00071
one:115139834	path:one00071
one:115140020	path:one00071
one:115140188	path:one00071
one:115142597	path:one00071
one:115144952	path:one00071
one:115145809	path:one00071
one:115145942	path:one00071
one:115146120	path:one00071
one:115101219	path:one00100
one:115105426	path:one00100
one:115106357	path:one00100
one:115107809	path:one00100
one:115108434	path:one00100
one:115112100	path:one00100
one:115113560	path:one00100
one:115114123	path:one00100
one:115116668	path:one00100
one:115120175	path:one00100
one:115121138	path:one00100
one:115121375	path:one00100
one:115123484	path:one00100
one:115125232	path:one00100
one:115125623	path:one00100
one:115128486	path:one00100
one:115130984	path:one00100
one:115131522	path:one00100
one:115135622	path:one00100
one:115136340	path:one00100
one:115137059	path:one00100
one:115139301	path:one00100
one:115139361	path:one00100
one:115140935	path:one00100
one:115142853	path:one00100
one:115143688	path:one00100
one:115144050	path:one00100
one:115145092	path:one00100
one:115146075	path:one00100
one:115146913	path:one00100
one:115102943	path:one00120
one:115102944	path:one00120
one:115103117	path:one00120
one:115103177	path:one00120
one:115106155	path:one00120
one:115107524	path:one00120
one:115107908	path:one00120
one:115108916	path:one00120
one:115110771	path:one00120
one:115110772	path:one00120
one:115110822	path:one00120
one:115111060	path:one00120
one:115111275	path:one00120
one:115113922	path:one00120
one:115114032	path:one00120
one:115114379	path:one00120
one:115114571	path:one00120
one:115117321	path:one00120
one:115122868	path:one00120
one:115123412	path:one00120
one:115124767	path:one00120
one:115125846	path:one00120
one:115129706	path:one00120
one:115133470	path:one00120
one:115134240	path:one00120
one:115134781	path:one00120
one:115136334	path:one00120
one:115136440	path:one00120
one:115139368	path:one00120
one:115140690	path:one00120
one:115143032	path:one00120
one:115144560	path:one00120
one:115144561	path:one00120
one:115101259	path:one00130
one:115105380	path:one00130
one:115106538	path:one00130
one:115109329	path:one00130
one:115111020	path:one00130
one:115111077	path:one00130
one:115111179	path:one00130
one:115122305	path:one00130
one:115122495	path:one00130
one:115125890	path:one00130
one:115134345	path:one00130
one:115136237	path:one00130
one:115136328	path:one00130
one:115138525	path:one00130
one:115139840	path:one00130
one:115139952	path:one00130
one:115141398	path:one00130
one:115142409	path:one00130
one:115144994	path:one00130
one:115101538	path:one00140
one:115101972	path:one00140
one:115102169	path:one00140
one:115103117	path:one00140
one:115103177	path:one00140
one:115103611	path:one00140
one:115103927	path:one00140
one:115105516	path:one00140
one:115105666	path:one00140
one:115107391	path:one00140
one:115109868	path:one00140
one:115111821	path:one00140
one:115112194	path:one00140
one:115112196	path:one00140
one:115113365	path:one00140
one:115113613	path:one00140
one:115113922	path:one00140
one:115114123	path:one00140
one:115114346	path:one00140
one:115114379	path:one00140
one:115115032	path:one00140
one:115116354	path:one00140
one:115116861	path:one00140
one:115118706	path:one00140
one:115121523	path:one00140
one:115121524	path:one00140
one:115121941	path:one00140
one:115122218	path:one00140
one:115122635	path:one00140
one:115122716	path:one00140
one:115122717	path:one00140
one:115122985	path:one00140
one:115125444	path:one00140
one:115125603	path:one00140
one:115127863	path:one00140
one:115128594	path:one00140
one:115131067	path:one00140
one:115131608	path:one00140
one:115133621	path:one00140
one:115133680	path:one00140
one:115133991	path:one00140
one:115134524	path:one00140
one:115134781	path:one00140
one:115135284	path:one00140
one:115135838	path:one00140
one:115135853	path:one00140
one:115135930	path:one00140
one:115136350	path:one00140
one:115137330	path:one00140
one:115137610	path:one00140
one:115138006	path:one00140
one:115140278	path:one00140
one:115141997	path:one00140
one:115143579	path:one00140
one:115144155	path:one00140
one:115144680	path:one00140
one:115145132	path:one00140
one:115145134	path:one00140
one:115145448	path:one00140
one:115101017	path:one00190
one:115101021	path:one00190
one:115101141	path:one00190
one:115101272	path:one00190
one:115101425	path:one00190
one:115101480	path:one00190
one:115101634	path:one00190
one:115101638	path:one00190
one:115101740	path:one00190
one:115101820	path:one00190
one:115101945	path:one00190
one:115102130	path:one00190
one:115102157	path:one00190
one:115102211	path:one00190
one:115102234	path:one00190
one:115102253	path:one00190
one:115102501	path:one00190
one:115102873	path:one00190
one:115103088	path:one00190
one:115104066	path:one00190
one:115104131	path:one00190
one:115104549	path:one00190
one:115104581	path:one00190
one:115104729	path:one00190
one:115104897	path:one00190
one:115104964	path:one00190
one:115105494	path:one00190
one:115105984	path:one00190
one:115106253	path:one00190
one:115106271	path:one00190
one:115106535	path:one00190
one:115106595	path:one00190
one:115106653	path:one00190
one:115106897	path:one00190
one:115107021	path:one00190
one:115107327	path:one00190
one:115107905	path:one00190
one:115107912	path:one00190
one:115108107	path:one00190
one:115108195	path:one00190
one:115108201	path:one00190
one:115108251	path:one00190
one:115108282	path:one00190
one:115108996	path:one00190
one:115109035	path:one00190
one:115109070	path:one00190
one:115109168	path:one00190
one:115109228	path:one00190
one:115109260	path:one00190
one:115109270	path:one00190
one:115109380	path:one00190
one:115109457	path:one00190
one:115109596	path:one00190
one:115109805	path:one00190
one:115109931	path:one00190
one:115109966	path:one00190
one:115110178	path:one00190
one:115110285	path:one00190
one:115110483	path:one00190
one:115110500	path:one00190
one:115110759	path:one00190
one:115110806	path:one00190
one:115110978	path:one00190
one:115111015	path:one00190
one:115111656	path:one00190
one:115111850	path:one00190
one:115112067	path:one00190
one:115112120	path:one00190
one:115112201	path:one00190
one:115112206	path:one00190
one:115112549	path:one00190
one:115112871	path:one00190
one:115112994	path:one00190
one:115113118	path:one00190
one:115113259	path:one00190
one:115113400	path:one00190
one:115113482	path:one00190
one:115113540	path:one00190
one:115113565	path:one00190
one:115113623	path:one00190
one:115113675	path:one00190
one:115114151	path:one00190
one:115114421	path:one00190
one:115114749	path:one00190
one:115115094	path:one00190
one:115115336	path:one00190
one:115115952	path:one00190
one:115116349	path:one00190
one:115116375	path:one00190
one:115116869	path:one00190
one:115117582	path:one00190
one:115118064	path:one00190
one:115118343	path:one00190
one:115118355	path:one00190
one:115118410	path:one00190
one:115118582	path:one00190
one:115119155	path:one00190
one:115119184	path:one00190
one:115119577	path:one00190
one:115120073	path:one00190
one:115120244	path:one00190
one:115120964	path:one00190
one:115121021	path:one00190
one:115121186	path:one00190
one:115121311	path:one00190
one:115121568	path:one00190
one:115121614	path:one00190
one:115123317	path:one00190
one:115123537	path:one00190
one:115124239	path:one00190
one:115124381	path:one00190
one:115125163	path:one00190
one:115125694	path:one00190
one:115126009	path:one00190
one:115126314	path:one00190
one:115127371	path:one00190
one:115127480	path:one00190
one:115127971	path:one00190
one:115128181	path:one00190
one:115128329	path:one00190
one:115128392	path:one00190
one:115128423	path:one00190
one:115128587	path:one00190
one:115128691	path:one00190
one:115128695	path:one00190
one:115128941	path:one00190
one:115129370	path:one00190
one:115129457	path:one00190
one:115129471	path:one00190
one:115129611	path:one00190
one:115129765	path:one00190
one:115130119	path:one00190
one:115130433	path:one00190
one:115130596	path:one00190
one:115130856	path:one00190
one:115131303	path:one00190
one:115131351	path:one00190
one:115131400	path:one00190
one:115131673	path:one00190
one:115131938	path:one00190
one:115132135	path:one00190
one:115132137	path:one00190
one:115132456	path:one00190
one:115132550	path:one00190
one:115132748	path:one00190
one:115132778	path:one00190
one:115132781	path:one00190
one:115132815	path:one00190
one:115132993	path:one00190
one:115133049	path:one00190
one:115133083	path:one00190
one:115133149	path:one00190
one:115133217	path:one00190
one:115133508	path:one00190
one:115133703	path:one00190
one:115133707	path:one00190
one:115134051	path:one00190
one:115134057	path:one00190
one:115134083	path:one00190
one:115134455	path:one00190
one:115134683	path:one00190
one:115134708	path:one00190
one:115134813	path:one00190
one:115134981	path:one00190
one:115135016	path:one00190
one:115135169	path:one00190
one:115135239	path:one00190
one:115135321	path:one00190
one:115135390	path:one00190
one:115135462	path:one00190
one:115135536	path:one00190
one:115136404	path:one00190
one:115136485	path:one00190
one:115136882	path:one00190
one:115137352	path:one00190
one:115137929	path:one00190
one:115138378	path:one00190
one:115139156	path:one00190
one:115139617	path:one00190
one:115139733	path:one00190
one:115139938	path:one00190
one:115140109	path:one00190
one:115140301	path:one00190
one:115140890	path:one00190
one:115140930	path:one00190
one:115141572	path:one00190
one:115141717	path:one00190
one:115142016	path:one00190
one:115142868	path:one00190
one:115143221	path:one00190
one:115143345	path:one00190
one:115143646	path:one00190
one:115143933	path:one00190
one:115144246	path:one00190
one:115144281	path:one00190
one:115144689	path:one00190
one:115145216	path:one00190
one:115145288	path:one00190
one:115145310	path:one00190
one:115145771	path:one00190
one:115145775	path:one00190
one:115145858	path:one00190
one:115146361	path:one00190
one:115147016	path:one00190
one:115147086	path:one00190
one:115147170	path:one00190
one:4555706	path:one00190
one:4555707	path:one00190
one:4555708	path:one00190
one:4555709	path:one00190
one:4555710	path:one00190
one:4555711	path:one00190
one:4555712	path:one00190
one:4555713	path:one00190
one:4555714	path:one00190
one:4555715	path:one00190
one:4555716	path:one00190
one:4555717	path:one00190
one:4555718	path:one00190
one:115101173	path:one00220
one:115102925	path:one00220
one:115103021	path:one00220
one:115104045	path:one00220
one:115104918	path:one00220
one:115106396	path:one00220
one:115106802	path:one00220
one:115107794	path:one00220
one:115108057	path:one00220
one:115108618	path:one00220
one:115109396	path:one00220
one:115111283	path:one00220
one:115111915	path:one00220
one:115112127	path:one00220
one:115112316	path:one00220
one:115112322	path:one00220
one:115112700	path:one00220
one:115113060	path:one00220
one:115113288	path:one00220
one:115113531	path:one00220
one:115114484	path:one00220
one:115114594	path:one00220
one:115114859	path:one00220
one:115114860	path:one00220
one:115115929	path:one00220
one:115121298	path:one00220
one:115121514	path:one00220
one:115122139	path:one00220
one:115122723	path:one00220
one:115123382	path:one00220
one:115124299	path:one00220
one:115129671	path:one00220
one:115130147	path:one00220
one:115131929	path:one00220
one:115134001	path:one00220
one:115134274	path:one00220
one:115134719	path:one00220
one:115135202	path:one00220
one:115139375	path:one00220
one:115140578	path:one00220
one:115141939	path:one00220
one:115142734	path:one00220
one:115144019	path:one00220
one:115144084	path:one00220
one:115145191	path:one00220
one:115101146	path:one00230
one:115101186	path:one00230
one:115101214	path:one00230
one:115101248	path:one00230
one:115101334	path:one00230
one:115101465	path:one00230
one:115102182	path:one00230
one:115102246	path:one00230
one:115102506	path:one00230
one:115102673	path:one00230
one:115102836	path:one00230
one:115102951	path:one00230
one:115102992	path:one00230
one:115103120	path:one00230
one:115103122	path:one00230
one:115103243	path:one00230
one:115103335	path:one00230
one:115103637	path:one00230
one:115103880	path:one00230
one:115104013	path:one00230
one:115104238	path:one00230
one:115104560	path:one00230
one:115104933	path:one00230
one:115105071	path:one00230
one:115105619	path:one00230
one:115105642	path:one00230
one:115105646	path:one00230
one:115105661	path:one00230
one:115105887	path:one00230
one:115105889	path:one00230
one:115105994	path:one00230
one:115106324	path:one00230
one:115106354	path:one00230
one:115106380	path:one00230
one:115106422	path:one00230
one:115106654	path:one00230
one:115106739	path:one00230
one:115106978	path:one00230
one:115107518	path:one00230
one:115107589	path:one00230
one:115107615	path:one00230
one:115107639	path:one00230
one:115107834	path:one00230
one:115107914	path:one00230
one:115107945	path:one00230
one:115107985	path:one00230
one:115108179	path:one00230
one:115108473	path:one00230
one:115108542	path:one00230
one:115108543	path:one00230
one:115108658	path:one00230
one:115108661	path:one00230
one:115109146	path:one00230
one:115109372	path:one00230
one:115109393	path:one00230
one:115109465	path:one00230
one:115109491	path:one00230
one:115109634	path:one00230
one:115109963	path:one00230
one:115109965	path:one00230
one:115110006	path:one00230
one:115110114	path:one00230
one:115110214	path:one00230
one:115110215	path:one00230
one:115110421	path:one00230
one:115110464	path:one00230
one:115110523	path:one00230
one:115110765	path:one00230
one:115110884	path:one00230
one:115111123	path:one00230
one:115111375	path:one00230
one:115111384	path:one00230
one:115111433	path:one00230
one:115111574	path:one00230
one:115111982	path:one00230
one:115112207	path:one00230
one:115112334	path:one00230
one:115112487	path:one00230
one:115112916	path:one00230
one:115112962	path:one00230
one:115112976	path:one00230
one:115113296	path:one00230
one:115113572	path:one00230
one:115113629	path:one00230
one:115113630	path:one00230
one:115113769	path:one00230
one:115114051	path:one00230
one:115114118	path:one00230
one:115114225	path:one00230
one:115114377	path:one00230
one:115114521	path:one00230
one:115114549	path:one00230
one:115114567	path:one00230
one:115114758	path:one00230
one:115114862	path:one00230
one:115115788	path:one00230
one:115115913	path:one00230
one:115116132	path:one00230
one:115116666	path:one00230
one:115116706	path:one00230
one:115117311	path:one00230
one:115117685	path:one00230
one:115117850	path:one00230
one:115118273	path:one00230
one:115118671	path:one00230
one:115118700	path:one00230
one:115119144	path:one00230
one:115119431	path:one00230
one:115120219	path:one00230
one:115120322	path:one00230
one:115120342	path:one00230
one:115121028	path:one00230
one:115121054	path:one00230
one:115121140	path:one00230
one:115121694	path:one00230
one:115121793	path:one00230
one:115122377	path:one00230
one:115122400	path:one00230
one:115123085	path:one00230
one:115123114	path:one00230
one:115123121	path:one00230
one:115123347	path:one00230
one:115123399	path:one00230
one:115123485	path:one00230
one:115123794	path:one00230
one:115124120	path:one00230
one:115124261	path:one00230
one:115124313	path:one00230
one:115124348	path:one00230
one:115125018	path:one00230
one:115125044	path:one00230
one:115125509	path:one00230
one:115125686	path:one00230
one:115125871	path:one00230
one:115125872	path:one00230
one:115125918	path:one00230
one:115126107	path:one00230
one:115126844	path:one00230
one:115127696	path:one00230
one:115128175	path:one00230
one:115128327	path:one00230
one:115128417	path:one00230
one:115128434	path:one00230
one:115128449	path:one00230
one:115128595	path:one00230
one:115128640	path:one00230
one:115129238	path:one00230
one:115129314	path:one00230
one:115129745	path:one00230
one:115130118	path:one00230
one:115130135	path:one00230
one:115130849	path:one00230
one:115131142	path:one00230
one:115131254	path:one00230
one:115131549	path:one00230
one:115131566	path:one00230
one:115131669	path:one00230
one:115131798	path:one00230
one:115131919	path:one00230
one:115131974	path:one00230
one:115132037	path:one00230
one:115132227	path:one00230
one:115132460	path:one00230
one:115132942	path:one00230
one:115132995	path:one00230
one:115133048	path:one00230
one:115133094	path:one00230
one:115133390	path:one00230
one:115133758	path:one00230
one:115133824	path:one00230
one:115134007	path:one00230
one:115134053	path:one00230
one:115134205	path:one00230
one:115134535	path:one00230
one:115134736	path:one00230
one:115134759	path:one00230
one:115134790	path:one00230
one:115135100	path:one00230
one:115135182	path:one00230
one:115135362	path:one00230
one:115135620	path:one00230
one:115135797	path:one00230
one:115135815	path:one00230
one:115135824	path:one00230
one:115135839	path:one00230
one:115136093	path:one00230
one:115136165	path:one00230
one:115136573	path:one00230
one:115136628	path:one00230
one:115137125	path:one00230
one:115137233	path:one00230
one:115137234	path:one00230
one:115137942	path:one00230
one:115137966	path:one00230
one:115138198	path:one00230
one:115138430	path:one00230
one:115138458	path:one00230
one:115138523	path:one00230
one:115139165	path:one00230
one:115139205	path:one00230
one:115139286	path:one00230
one:115139332	path:one00230
one:115139343	path:one00230
one:115139545	path:one00230
one:115139608	path:one00230
one:115139620	path:one00230
one:115139636	path:one00230
one:115139663	path:one00230
one:115139814	path:one00230
one:115139824	path:one00230
one:115139865	path:one00230
one:115140099	path:one00230
one:115140427	path:one00230
one:115140444	path:one00230
one:115140497	path:one00230
one:115140957	path:one00230
one:115140990	path:one00230
one:115141002	path:one00230
one:115141050	path:one00230
one:115141418	path:one00230
one:115141487	path:one00230
one:115141944	path:one00230
one:115142115	path:one00230
one:115142270	path:one00230
one:115142972	path:one00230
one:115143021	path:one00230
one:115143188	path:one00230
one:115143264	path:one00230
one:115143307	path:one00230
one:115144029	path:one00230
one:115144179	path:one00230
one:115144341	path:one00230
one:115144570	path:one00230
one:115144576	path:one00230
one:115144815	path:one00230
one:115145144	path:one00230
one:115145145	path:one00230
one:115145291	path:one00230
one:115145335	path:one00230
one:115145342	path:one00230
one:115145483	path:one00230
one:115145808	path:one00230
one:115145970	path:one00230
one:115146127	path:one00230
one:115146211	path:one00230
one:115146260	path:one00230
one:115146402	path:one00230
one:115146500	path:one00230
one:115146565	path:one00230
one:115147172	path:one00230
one:115111137	path:one00232
one:115118700	path:one00232
one:115139545	path:one00232
one:115101248	path:one00240
one:115102013	path:one00240
one:115102460	path:one00240
one:115102836	path:one00240
one:115103676	path:one00240
one:115105060	path:one00240
one:115105642	path:one00240
one:115106324	path:one00240
one:115106422	path:one00240
one:115106622	path:one00240
one:115106795	path:one00240
one:115107522	path:one00240
one:115107589	path:one00240
one:115107615	path:one00240
one:115107639	path:one00240
one:115107794	path:one00240
one:115107914	path:one00240
one:115107985	path:one00240
one:115108191	path:one00240
one:115108375	path:one00240
one:115108627	path:one00240
one:115109963	path:one00240
one:115109965	path:one00240
one:115110214	path:one00240
one:115110215	path:one00240
one:115110270	path:one00240
one:115111574	path:one00240
one:115112139	path:one00240
one:115112168	path:one00240
one:115113296	path:one00240
one:115113517	path:one00240
one:115113589	path:one00240
one:115114160	path:one00240
one:115114290	path:one00240
one:115114761	path:one00240
one:115115099	path:one00240
one:115115788	path:one00240
one:115116111	path:one00240
one:115116132	path:one00240
one:115118037	path:one00240
one:115118650	path:one00240
one:115118671	path:one00240
one:115119267	path:one00240
one:115119337	path:one00240
one:115120342	path:one00240
one:115120439	path:one00240
one:115123121	path:one00240
one:115123339	path:one00240
one:115123794	path:one00240
one:115124120	path:one00240
one:115124261	path:one00240
one:115125044	path:one00240
one:115128175	path:one00240
one:115128417	path:one00240
one:115128548	path:one00240
one:115130380	path:one00240
one:115131254	path:one00240
one:115131451	path:one00240
one:115132282	path:one00240
one:115132350	path:one00240
one:115132423	path:one00240
one:115133766	path:one00240
one:115134790	path:one00240
one:115135182	path:one00240
one:115135455	path:one00240
one:115135824	path:one00240
one:115136165	path:one00240
one:115137480	path:one00240
one:115138319	path:one00240
one:115138430	path:one00240
one:115138523	path:one00240
one:115139165	path:one00240
one:115139205	path:one00240
one:115139286	path:one00240
one:115139375	path:one00240
one:115139378	path:one00240
one:115139401	path:one00240
one:115139608	path:one00240
one:115139636	path:one00240
one:115139663	path:one00240
one:115139908	path:one00240
one:115140444	path:one00240
one:115140497	path:one00240
one:115140957	path:one00240
one:115141038	path:one00240
one:115141376	path:one00240
one:115142115	path:one00240
one:115142972	path:one00240
one:115143264	path:one00240
one:115144570	path:one00240
one:115145366	path:one00240
one:115145603	path:one00240
one:115145624	path:one00240
one:115146211	path:one00240
one:115146402	path:one00240
one:115146500	path:one00240
one:115147106	path:one00240
one:115101173	path:one00250
one:115101334	path:one00250
one:115101419	path:one00250
one:115102623	path:one00250
one:115102736	path:one00250
one:115102925	path:one00250
one:115103021	path:one00250
one:115104013	path:one00250
one:115104918	path:one00250
one:115106020	path:one00250
one:115106802	path:one00250
one:115107794	path:one00250
one:115107834	path:one00250
one:115108057	path:one00250
one:115108543	path:one00250
one:115108618	path:one00250
one:115108955	path:one00250
one:115109396	path:one00250
one:115110114	path:one00250
one:115111283	path:one00250
one:115111591	path:one00250
one:115112127	path:one00250
one:115112316	path:one00250
one:115112322	path:one00250
one:115113060	path:one00250
one:115113288	path:one00250
one:115113531	path:one00250
one:115113946	path:one00250
one:115113949	path:one00250
one:115114170	path:one00250
one:115114484	path:one00250
one:115114555	path:one00250
one:115114594	path:one00250
one:115114859	path:one00250
one:115114860	path:one00250
one:115115913	path:one00250
one:115118259	path:one00250
one:115121298	path:one00250
one:115121514	path:one00250
one:115122096	path:one00250
one:115122723	path:one00250
one:115123382	path:one00250
one:115124493	path:one00250
one:115126274	path:one00250
one:115128571	path:one00250
one:115129333	path:one00250
one:115129671	path:one00250
one:115130147	path:one00250
one:115130290	path:one00250
one:115130521	path:one00250
one:115131424	path:one00250
one:115131929	path:one00250
one:115132092	path:one00250
one:115133428	path:one00250
one:115134001	path:one00250
one:115134274	path:one00250
one:115134719	path:one00250
one:115134799	path:one00250
one:115135123	path:one00250
one:115135202	path:one00250
one:115135620	path:one00250
one:115135916	path:one00250
one:115138458	path:one00250
one:115138745	path:one00250
one:115139006	path:one00250
one:115139343	path:one00250
one:115139375	path:one00250
one:115140031	path:one00250
one:115140578	path:one00250
one:115141004	path:one00250
one:115141709	path:one00250
one:115143253	path:one00250
one:115144084	path:one00250
one:115144341	path:one00250
one:115145145	path:one00250
one:115145191	path:one00250
one:115146260	path:one00250
one:115146823	path:one00250
one:115101008	path:one00260
one:115101012	path:one00260
one:115101128	path:one00260
one:115102102	path:one00260
one:115102175	path:one00260
one:115106020	path:one00260
one:115108197	path:one00260
one:115108213	path:one00260
one:115108825	path:one00260
one:115108921	path:one00260
one:115109169	path:one00260
one:115109183	path:one00260
one:115109699	path:one00260
one:115110537	path:one00260
one:115111045	path:one00260
one:115111413	path:one00260
one:115112239	path:one00260
one:115112240	path:one00260
one:115112455	path:one00260
one:115112893	path:one00260
one:115112929	path:one00260
one:115113064	path:one00260
one:115113338	path:one00260
one:115113437	path:one00260
one:115114170	path:one00260
one:115115104	path:one00260
one:115116925	path:one00260
one:115117337	path:one00260
one:115117646	path:one00260
one:115118259	path:one00260
one:115118459	path:one00260
one:115121040	path:one00260
one:115121049	path:one00260
one:115121129	path:one00260
one:115121255	path:one00260
one:115121723	path:one00260
one:115122119	path:one00260
one:115122192	path:one00260
one:115123738	path:one00260
one:115123912	path:one00260
one:115124619	path:one00260
one:115125126	path:one00260
one:115125159	path:one00260
one:115125576	path:one00260
one:115127526	path:one00260
one:115129368	path:one00260
one:115130593	path:one00260
one:115131955	path:one00260
one:115132099	path:one00260
one:115134206	path:one00260
one:115134466	path:one00260
one:115135255	path:one00260
one:115136795	path:one00260
one:115138951	path:one00260
one:115139842	path:one00260
one:115140054	path:one00260
one:115140122	path:one00260
one:115140363	path:one00260
one:115141786	path:one00260
one:115141925	path:one00260
one:115143434	path:one00260
one:115144793	path:one00260
one:115146040	path:one00260
one:115146307	path:one00260
one:115146494	path:one00260
one:115101008	path:one00270
one:115101012	path:one00270
one:115101264	path:one00270
one:115101397	path:one00270
one:115101925	path:one00270
one:115102196	path:one00270
one:115102197	path:one00270
one:115102388	path:one00270
one:115103852	path:one00270
one:115103895	path:one00270
one:115104249	path:one00270
one:115105477	path:one00270
one:115105923	path:one00270
one:115105928	path:one00270
one:115106020	path:one00270
one:115106298	path:one00270
one:115106504	path:one00270
one:115106885	path:one00270
one:115106934	path:one00270
one:115106986	path:one00270
one:115107678	path:one00270
one:115108213	path:one00270
one:115108420	path:one00270
one:115108703	path:one00270
one:115108825	path:one00270
one:115109183	path:one00270
one:115109329	path:one00270
one:115109396	path:one00270
one:115109508	path:one00270
one:115109706	path:one00270
one:115109744	path:one00270
one:115109845	path:one00270
one:115109846	path:one00270
one:115110546	path:one00270
one:115111045	path:one00270
one:115111268	path:one00270
one:115111640	path:one00270
one:115112316	path:one00270
one:115112322	path:one00270
one:115112893	path:one00270
one:115113039	path:one00270
one:115113060	path:one00270
one:115113080	path:one00270
one:115113437	path:one00270
one:115117646	path:one00270
one:115118658	path:one00270
one:115118751	path:one00270
one:115119144	path:one00270
one:115119615	path:one00270
one:115120208	path:one00270
one:115121040	path:one00270
one:115121058	path:one00270
one:115121514	path:one00270
one:115121664	path:one00270
one:115122807	path:one00270
one:115124117	path:one00270
one:115124192	path:one00270
one:115124262	path:one00270
one:115124619	path:one00270
one:115126441	path:one00270
one:115131991	path:one00270
one:115132173	path:one00270
one:115132192	path:one00270
one:115132360	path:one00270
one:115133185	path:one00270
one:115133233	path:one00270
one:115133937	path:one00270
one:115134171	path:one00270
one:115134274	path:one00270
one:115134345	path:one00270
one:115134644	path:one00270
one:115134799	path:one00270
one:115134949	path:one00270
one:115134950	path:one00270
one:115135569	path:one00270
one:115135968	path:one00270
one:115136161	path:one00270
one:115138374	path:one00270
one:115138843	path:one00270
one:115139494	path:one00270
one:115139547	path:one00270
one:115139699	path:one00270
one:115140054	path:one00270
one:115140091	path:one00270
one:115140363	path:one00270
one:115140578	path:one00270
one:115141709	path:one00270
one:115143200	path:one00270
one:115144409	path:one00270
one:115145003	path:one00270
one:115145935	path:one00270
one:115146040	path:one00270
one:115102563	path:one00280
one:115102664	path:one00280
one:115106020	path:one00280
one:115106398	path:one00280
one:115106814	path:one00280
one:115106986	path:one00280
one:115107953	path:one00280
one:115107986	path:one00280
one:115108009	path:one00280
one:115108145	path:one00280
one:115108416	path:one00280
one:115108456	path:one00280
one:115108629	path:one00280
one:115109103	path:one00280
one:115110049	path:one00280
one:115111247	path:one00280
one:115111718	path:one00280
one:115111874	path:one00280
one:115112171	path:one00280
one:115113044	path:one00280
one:115113588	path:one00280
one:115113594	path:one00280
one:115114631	path:one00280
one:115117879	path:one00280
one:115118093	path:one00280
one:115118459	path:one00280
one:115120885	path:one00280
one:115121047	path:one00280
one:115121058	path:one00280
one:115121664	path:one00280
one:115121742	path:one00280
one:115122832	path:one00280
one:115123733	path:one00280
one:115124881	path:one00280
one:115125326	path:one00280
one:115125423	path:one00280
one:115125505	path:one00280
one:115126100	path:one00280
one:115126486	path:one00280
one:115129275	path:one00280
one:115129646	path:one00280
one:115129647	path:one00280
one:115131279	path:one00280
one:115134466	path:one00280
one:115134799	path:one00280
one:115135357	path:one00280
one:115135873	path:one00280
one:115136711	path:one00280
one:115138409	path:one00280
one:115138738	path:one00280
one:115139206	path:one00280
one:115139309	path:one00280
one:115140188	path:one00280
one:115140704	path:one00280
one:115141388	path:one00280
one:115141709	path:one00280
one:115144398	path:one00280
one:115144793	path:one00280
one:115145044	path:one00280
one:115145942	path:one00280
one:115146212	path:one00280
one:115146315	path:one00280
one:115146468	path:one00280
one:115147012	path:one00280
one:115106986	path:one00290
one:115111045	path:one00290
one:115113338	path:one00290
one:115121058	path:one00290
one:115121664	path:one00290
one:115135255	path:one00290
one:115140054	path:one00290
one:115146040	path:one00290
one:115101199	path:one00310
one:115101297	path:one00310
one:115101452	path:one00310
one:115101596	path:one00310
one:115102224	path:one00310
one:115102563	path:one00310
one:115102572	path:one00310
one:115102664	path:one00310
one:115103015	path:one00310
one:115103999	path:one00310
one:115104148	path:one00310
one:115104488	path:one00310
one:115105003	path:one00310
one:115105497	path:one00310
one:115105818	path:one00310
one:115105910	path:one00310
one:115106814	path:one00310
one:115108316	path:one00310
one:115108364	path:one00310
one:115108629	path:one00310
one:115109021	path:one00310
one:115109400	path:one00310
one:115109716	path:one00310
one:115110049	path:one00310
one:115110086	path:one00310
one:115110290	path:one00310
one:115110447	path:one00310
one:115110747	path:one00310
one:115110761	path:one00310
one:115110921	path:one00310
one:115111191	path:one00310
one:115111441	path:one00310
one:115111631	path:one00310
one:115111712	path:one00310
one:115112017	path:one00310
one:115112061	path:one00310
one:115113476	path:one00310
one:115113782	path:one00310
one:115114491	path:one00310
one:115114631	path:one00310
one:115115571	path:one00310
one:115115615	path:one00310
one:115116302	path:one00310
one:115117565	path:one00310
one:115117608	path:one00310
one:115118053	path:one00310
one:115118459	path:one00310
one:115119422	path:one00310
one:115120485	path:one00310
one:115120562	path:one00310
one:115121181	path:one00310
one:115121652	path:one00310
one:115121742	path:one00310
one:115123272	path:one00310
one:115123402	path:one00310
one:115123820	path:one00310
one:115124051	path:one00310
one:115124052	path:one00310
one:115124511	path:one00310
one:115124735	path:one00310
one:115124881	path:one00310
one:115125326	path:one00310
one:115126209	path:one00310
one:115126486	path:one00310
one:115127516	path:one00310
one:115127850	path:one00310
one:115128210	path:one00310
one:115128219	path:one00310
one:115128277	path:one00310
one:115128285	path:one00310
one:115129191	path:one00310
one:115129275	path:one00310
one:115130171	path:one00310
one:115130512	path:one00310
one:115130681	path:one00310
one:115131723	path:one00310
one:115131772	path:one00310
one:115131800	path:one00310
one:115132021	path:one00310
one:115132052	path:one00310
one:115132054	path:one00310
one:115132107	path:one00310
one:115132329	path:one00310
one:115132488	path:one00310
one:115132988	path:one00310
one:115133410	path:one00310
one:115133925	path:one00310
one:115134271	path:one00310
one:115134466	path:one00310
one:115135357	path:one00310
one:115135673	path:one00310
one:115135873	path:one00310
one:115135948	path:one00310
one:115136683	path:one00310
one:115136895	path:one00310
one:115137115	path:one00310
one:115138342	path:one00310
one:115138501	path:one00310
one:115138738	path:one00310
one:115139140	path:one00310
one:115139304	path:one00310
one:115139309	path:one00310
one:115140198	path:one00310
one:115140308	path:one00310
one:115140822	path:one00310
one:115141498	path:one00310
one:115141695	path:one00310
one:115141925	path:one00310
one:115143395	path:one00310
one:115144283	path:one00310
one:115144356	path:one00310
one:115144791	path:one00310
one:115144793	path:one00310
one:115144895	path:one00310
one:115144941	path:one00310
one:115145942	path:one00310
one:115146233	path:one00310
one:115147148	path:one00310
one:115101397	path:one00330
one:115101417	path:one00330
one:115102563	path:one00330
one:115102664	path:one00330
one:115103969	path:one00330
one:115104538	path:one00330
one:115104974	path:one00330
one:115105272	path:one00330
one:115105273	path:one00330
one:115105358	path:one00330
one:115105845	path:one00330
one:115105906	path:one00330
one:115106395	path:one00330
one:115106396	path:one00330
one:115106436	path:one00330
one:115106753	path:one00330
one:115106814	path:one00330
one:115107531	path:one00330
one:115107678	path:one00330
one:115107855	path:one00330
one:115108197	path:one00330
one:115108603	path:one00330
one:115108629	path:one00330
one:115109169	path:one00330
one:115109396	path:one00330
one:115110049	path:one00330
one:115111902	path:one00330
one:115111915	path:one00330
one:115112316	path:one00330
one:115112322	path:one00330
one:115112455	path:one00330
one:115113060	path:one00330
one:115114631	path:one00330
one:115115929	path:one00330
one:115116925	path:one00330
one:115118459	path:one00330
one:115119097	path:one00330
one:115119417	path:one00330
one:115121010	path:one00330
one:115121014	path:one00330
one:115121514	path:one00330
one:115121723	path:one00330
one:115122139	path:one00330
one:115123738	path:one00330
one:115124299	path:one00330
one:115124881	path:one00330
one:115125154	path:one00330
one:115125326	path:one00330
one:115126154	path:one00330
one:115127679	path:one00330
one:115128481	path:one00330
one:115129275	path:one00330
one:115129348	path:one00330
one:115130247	path:one00330
one:115130544	path:one00330
one:115132192	path:one00330
one:115132419	path:one00330
one:115133521	path:one00330
one:115134274	path:one00330
one:115134536	path:one00330
one:115134596	path:one00330
one:115135054	path:one00330
one:115135546	path:one00330
one:115135569	path:one00330
one:115136045	path:one00330
one:115136198	path:one00330
one:115136770	path:one00330
one:115136924	path:one00330
one:115137266	path:one00330
one:115138587	path:one00330
one:115138620	path:one00330
one:115139006	path:one00330
one:115139494	path:one00330
one:115139573	path:one00330
one:115140122	path:one00330
one:115140578	path:one00330
one:115140919	path:one00330
one:115141673	path:one00330
one:115141812	path:one00330
one:115141939	path:one00330
one:115143253	path:one00330
one:115143935	path:one00330
one:115143986	path:one00330
one:115144018	path:one00330
one:115144019	path:one00330
one:115145831	path:one00330
one:115146108	path:one00330
one:115146141	path:one00330
one:115102563	path:one00340
one:115102664	path:one00340
one:115104366	path:one00340
one:115104538	path:one00340
one:115106814	path:one00340
one:115107023	path:one00340
one:115108629	path:one00340
one:115110049	path:one00340
one:115110842	path:one00340
one:115111335	path:one00340
one:115112455	path:one00340
one:115114247	path:one00340
one:115114631	path:one00340
one:115118459	path:one00340
one:115121723	path:one00340
one:115123738	path:one00340
one:115124003	path:one00340
one:115124881	path:one00340
one:115125326	path:one00340
one:115128481	path:one00340
one:115129275	path:one00340
one:115129348	path:one00340
one:115129674	path:one00340
one:115130247	path:one00340
one:115130544	path:one00340
one:115133024	path:one00340
one:115133921	path:one00340
one:115135916	path:one00340
one:115139800	path:one00340
one:115140055	path:one00340
one:115140919	path:one00340
one:115101972	path:one00350
one:115104366	path:one00350
one:115105985	path:one00350
one:115106201	path:one00350
one:115109329	path:one00350
one:115109396	path:one00350
one:115109693	path:one00350
one:115109696	path:one00350
one:115110537	path:one00350
one:115110842	path:one00350
one:115111020	path:one00350
one:115111335	path:one00350
one:115112316	path:one00350
one:115112322	path:one00350
one:115112455	path:one00350
one:115113060	path:one00350
one:115117118	path:one00350
one:115120162	path:one00350
one:115121024	path:one00350
one:115121514	path:one00350
one:115121723	path:one00350
one:115123536	path:one00350
one:115123738	path:one00350
one:115128456	path:one00350
one:115129160	path:one00350
one:115129646	path:one00350
one:115129647	path:one00350
one:115130553	path:one00350
one:115130799	path:one00350
one:115131330	path:one00350
one:115133548	path:one00350
one:115133706	path:one00350
one:115134274	path:one00350
one:115134345	path:one00350
one:115134621	path:one00350
one:115134799	path:one00350
one:115137330	path:one00350
one:115138898	path:one00350
one:115139952	path:one00350
one:115140578	path:one00350
one:115140956	path:one00350
one:115141709	path:one00350
one:115141997	path:one00350
one:115144994	path:one00350
one:115146120	path:one00350
one:115146215	path:one00350
one:115104366	path:one00360
one:115107068	path:one00360
one:115109329	path:one00360
one:115109396	path:one00360
one:115110537	path:one00360
one:115110842	path:one00360
one:115111020	path:one00360
one:115111335	path:one00360
one:115112316	path:one00360
one:115112322	path:one00360
one:115112455	path:one00360
one:115113060	path:one00360
one:115121514	path:one00360
one:115121723	path:one00360
one:115123738	path:one00360
one:115130553	path:one00360
one:115133030	path:one00360
one:115134274	path:one00360
one:115134345	path:one00360
one:115134799	path:one00360
one:115139952	path:one00360
one:115140578	path:one00360
one:115140956	path:one00360
one:115141709	path:one00360
one:115144994	path:one00360
one:115102563	path:one00380
one:115102664	path:one00380
one:115103555	path:one00380
one:115103628	path:one00380
one:115103642	path:one00380
one:115103924	path:one00380
one:115104538	path:one00380
one:115106814	path:one00380
one:115108629	path:one00380
one:115108703	path:one00380
one:115109716	path:one00380
one:115109882	path:one00380
one:115110049	path:one00380
one:115110447	path:one00380
one:115110646	path:one00380
one:115111128	path:one00380
one:115111577	path:one00380
one:115111702	path:one00380
one:115112455	path:one00380
one:115113325	path:one00380
one:115113360	path:one00380
one:115113365	path:one00380
one:115113690	path:one00380
one:115114631	path:one00380
one:115117608	path:one00380
one:115118459	path:one00380
one:115119615	path:one00380
one:115121723	path:one00380
one:115121737	path:one00380
one:115121742	path:one00380
one:115121856	path:one00380
one:115123738	path:one00380
one:115124881	path:one00380
one:115125326	path:one00380
one:115126486	path:one00380
one:115126650	path:one00380
one:115129275	path:one00380
one:115129550	path:one00380
one:115129646	path:one00380
one:115129647	path:one00380
one:115129650	path:one00380
one:115130247	path:one00380
one:115130809	path:one00380
one:115133410	path:one00380
one:115133925	path:one00380
one:115133981	path:one00380
one:115134466	path:one00380
one:115134617	path:one00380
one:115134799	path:one00380
one:115134914	path:one00380
one:115135078	path:one00380
one:115135284	path:one00380
one:115135357	path:one00380
one:115135873	path:one00380
one:115138501	path:one00380
one:115138738	path:one00380
one:115139140	path:one00380
one:115139309	path:one00380
one:115140017	path:one00380
one:115140956	path:one00380
one:115141709	path:one00380
one:115142636	path:one00380
one:115144793	path:one00380
one:115145942	path:one00380
one:115146233	path:one00380
one:115107068	path:one00400
one:115109329	path:one00400
one:115109396	path:one00400
one:115112316	path:one00400
one:115112322	path:one00400
one:115113060	path:one00400
one:115121514	path:one00400
one:115133030	path:one00400
one:115134274	path:one00400
one:115134345	path:one00400
one:115134799	path:one00400
one:115140578	path:one00400
one:115141709	path:one00400
one:115101419	path:one00410
one:115102563	path:one00410
one:115102664	path:one00410
one:115102736	path:one00410
one:115103807	path:one00410
one:115104366	path:one00410
one:115105060	path:one00410
one:115106814	path:one00410
one:115107953	path:one00410
one:115107986	path:one00410
one:115108629	path:one00410
one:115108955	path:one00410
one:115109349	path:one00410
one:115110049	path:one00410
one:115110537	path:one00410
one:115110842	path:one00410
one:115111335	path:one00410
one:115113342	path:one00410
one:115113946	path:one00410
one:115113949	path:one00410
one:115114290	path:one00410
one:115114631	path:one00410
one:115118459	path:one00410
one:115120439	path:one00410
one:115120885	path:one00410
one:115121742	path:one00410
one:115122096	path:one00410
one:115124881	path:one00410
one:115125326	path:one00410
one:115128481	path:one00410
one:115129275	path:one00410
one:115129348	path:one00410
one:115130290	path:one00410
one:115130544	path:one00410
one:115133333	path:one00410
one:115134322	path:one00410
one:115135264	path:one00410
one:115135357	path:one00410
one:115137266	path:one00410
one:115138738	path:one00410
one:115139206	path:one00410
one:115139908	path:one00410
one:115140919	path:one00410
one:115142597	path:one00410
one:115145831	path:one00410
one:115145942	path:one00410
one:115146212	path:one00410
one:115101419	path:one00430
one:115101996	path:one00430
one:115102736	path:one00430
one:115105813	path:one00430
one:115108487	path:one00430
one:115108488	path:one00430
one:115108489	path:one00430
one:115108955	path:one00430
one:115111019	path:one00430
one:115111268	path:one00430
one:115111509	path:one00430
one:115113168	path:one00430
one:115113342	path:one00430
one:115113946	path:one00430
one:115113949	path:one00430
one:115121207	path:one00430
one:115122096	path:one00430
one:115124623	path:one00430
one:115124631	path:one00430
one:115130290	path:one00430
one:115135035	path:one00430
one:115135264	path:one00430
one:115139699	path:one00430
one:115139947	path:one00430
one:115143032	path:one00430
one:115143753	path:one00430
one:115145283	path:one00430
one:115101404	path:one00440
one:115102592	path:one00440
one:115103226	path:one00440
one:115105018	path:one00440
one:115106786	path:one00440
one:115107060	path:one00440
one:115114263	path:one00440
one:115123209	path:one00440
one:115132076	path:one00440
one:115133040	path:one00440
one:115135561	path:one00440
one:115142723	path:one00440
one:115142920	path:one00440
one:115106354	path:one00450
one:115108213	path:one00450
one:115108703	path:one00450
one:115109183	path:one00450
one:115109487	path:one00450
one:115111763	path:one00450
one:115119615	path:one00450
one:115121853	path:one00450
one:115125296	path:one00450
one:115130868	path:one00450
one:115133299	path:one00450
one:115134738	path:one00450
one:115135100	path:one00450
one:115142802	path:one00450
one:115143692	path:one00450
one:115108057	path:one00470
one:115121298	path:one00470
one:115125576	path:one00470
one:115129671	path:one00470
one:115131929	path:one00470
one:115134001	path:one00470
one:115134719	path:one00470
one:115138649	path:one00470
one:115138745	path:one00470
one:115140122	path:one00470
one:115101231	path:one00480
one:115101397	path:one00480
one:115101688	path:one00480
one:115101996	path:one00480
one:115102144	path:one00480
one:115102909	path:one00480
one:115103396	path:one00480
one:115104492	path:one00480
one:115105642	path:one00480
one:115105813	path:one00480
one:115107615	path:one00480
one:115108420	path:one00480
one:115108623	path:one00480
one:115109399	path:one00480
one:115109431	path:one00480
one:115110344	path:one00480
one:115111019	path:one00480
one:115111261	path:one00480
one:115111476	path:one00480
one:115111509	path:one00480
one:115111739	path:one00480
one:115113034	path:one00480
one:115113039	path:one00480
one:115113219	path:one00480
one:115113988	path:one00480
one:115114447	path:one00480
one:115114455	path:one00480
one:115114610	path:one00480
one:115114709	path:one00480
one:115115624	path:one00480
one:115119134	path:one00480
one:115120942	path:one00480
one:115123726	path:one00480
one:115124623	path:one00480
one:115124631	path:one00480
one:115126007	path:one00480
one:115126080	path:one00480
one:115128635	path:one00480
one:115129573	path:one00480
one:115129946	path:one00480
one:115130242	path:one00480
one:115130679	path:one00480
one:115130839	path:one00480
one:115130891	path:one00480
one:115131254	path:one00480
one:115131372	path:one00480
one:115131922	path:one00480
one:115132173	path:one00480
one:115132192	path:one00480
one:115132200	path:one00480
one:115132516	path:one00480
one:115134227	path:one00480
one:115134268	path:one00480
one:115134402	path:one00480
one:115135569	path:one00480
one:115135824	path:one00480
one:115138620	path:one00480
one:115138966	path:one00480
one:115139636	path:one00480
one:115139947	path:one00480
one:115140205	path:one00480
one:115140359	path:one00480
one:115140540	path:one00480
one:115140807	path:one00480
one:115140908	path:one00480
one:115143753	path:one00480
one:115144409	path:one00480
one:115144414	path:one00480
one:115144432	path:one00480
one:115145003	path:one00480
one:115145073	path:one00480
one:115145283	path:one00480
one:115146108	path:one00480
one:115146300	path:one00480
one:115146651	path:one00480
one:115146652	path:one00480
one:115147113	path:one00480
one:115101439	path:one00500
one:115103201	path:one00500
one:115103393	path:one00500
one:115103731	path:one00500
one:115103854	path:one00500
one:115103897	path:one00500
one:115105044	path:one00500
one:115105065	path:one00500
one:115105501	path:one00500
one:115106445	path:one00500
one:115106883	path:one00500
one:115107589	path:one00500
one:115108661	path:one00500
one:115108704	path:one00500
one:115110372	path:one00500
one:115111772	path:one00500
one:115111839	path:one00500
one:115112482	path:one00500
one:115113020	path:one00500
one:115113021	path:one00500
one:115113763	path:one00500
one:115114284	path:one00500
one:115114862	path:one00500
one:115116423	path:one00500
one:115120736	path:one00500
one:115123273	path:one00500
one:115124203	path:one00500
one:115125051	path:one00500
one:115126489	path:one00500
one:115126993	path:one00500
one:115128417	path:one00500
one:115133635	path:one00500
one:115133988	path:one00500
one:115135205	path:one00500
one:115135513	path:one00500
one:115138089	path:one00500
one:115138171	path:one00500
one:115139663	path:one00500
one:115140238	path:one00500
one:115140290	path:one00500
one:115141464	path:one00500
one:115142515	path:one00500
one:115143979	path:one00500
one:115144289	path:one00500
one:115144431	path:one00500
one:115144542	path:one00500
one:115145335	path:one00500
one:115101346	path:one00510
one:115101612	path:one00510
one:115101978	path:one00510
one:115102263	path:one00510
one:115102851	path:one00510
one:115103087	path:one00510
one:115103797	path:one00510
one:115104299	path:one00510
one:115104926	path:one00510
one:115105038	path:one00510
one:115105343	path:one00510
one:115105571	path:one00510
one:115105938	path:one00510
one:115106807	path:one00510
one:115106811	path:one00510
one:115106856	path:one00510
one:115106868	path:one00510
one:115107726	path:one00510
one:115107821	path:one00510
one:115107907	path:one00510
one:115107970	path:one00510
one:115108468	path:one00510
one:115108663	path:one00510
one:115108992	path:one00510
one:115109522	path:one00510
one:115109671	path:one00510
one:115110123	path:one00510
one:115110124	path:one00510
one:115110655	path:one00510
one:115111439	path:one00510
one:115112303	path:one00510
one:115113127	path:one00510
one:115114420	path:one00510
one:115115430	path:one00510
one:115115536	path:one00510
one:115115583	path:one00510
one:115115648	path:one00510
one:115115804	path:one00510
one:115115907	path:one00510
one:115116044	path:one00510
one:115116662	path:one00510
one:115116883	path:one00510
one:115117026	path:one00510
one:115117282	path:one00510
one:115118672	path:one00510
one:115118840	path:one00510
one:115118961	path:one00510
one:115119249	path:one00510
one:115119414	path:one00510
one:115119579	path:one00510
one:115119692	path:one00510
one:115121265	path:one00510
one:115122029	path:one00510
one:115122625	path:one00510
one:115122670	path:one00510
one:115123753	path:one00510
one:115124626	path:one00510
one:115124760	path:one00510
one:115125434	path:one00510
one:115125615	path:one00510
one:115126306	path:one00510
one:115126674	path:one00510
one:115128231	path:one00510
one:115128576	path:one00510
one:115128742	path:one00510
one:115129232	path:one00510
one:115129449	path:one00510
one:115129455	path:one00510
one:115129493	path:one00510
one:115129533	path:one00510
one:115129624	path:one00510
one:115129626	path:one00510
one:115129679	path:one00510
one:115129715	path:one00510
one:115130678	path:one00510
one:115130741	path:one00510
one:115130791	path:one00510
one:115130934	path:one00510
one:115131013	path:one00510
one:115131359	path:one00510
one:115131752	path:one00510
one:115131782	path:one00510
one:115132243	path:one00510
one:115132806	path:one00510
one:115133197	path:one00510
one:115133295	path:one00510
one:115133741	path:one00510
one:115133823	path:one00510
one:115133953	path:one00510
one:115134299	path:one00510
one:115135394	path:one00510
one:115135472	path:one00510
one:115135887	path:one00510
one:115136867	path:one00510
one:115137269	path:one00510
one:115137371	path:one00510
one:115137545	path:one00510
one:115138070	path:one00510
one:115138225	path:one00510
one:115138729	path:one00510
one:115139349	path:one00510
one:115139444	path:one00510
one:115139862	path:one00510
one:115141151	path:one00510
one:115141165	path:one00510
one:115141202	path:one00510
one:115142587	path:one00510
one:115143334	path:one00510
one:115145132	path:one00510
one:115145480	path:one00510
one:115145961	path:one00510
one:115147101	path:one00510
one:115147107	path:one00510
one:115147146	path:one00510
one:115101098	path:one00511
one:115101378	path:one00511
one:115113278	path:one00511
one:115117514	path:one00511
one:115120426	path:one00511
one:115121578	path:one00511
one:115122789	path:one00511
one:115123140	path:one00511
one:115128279	path:one00511
one:115130087	path:one00511
one:115130806	path:one00511
one:115131731	path:one00511
one:115133656	path:one00511
one:115135581	path:one00511
one:115137314	path:one00511
one:115137960	path:one00511
one:115144113	path:one00511
one:115145902	path:one00511
one:115102006	path:one00512
one:115102143	path:one00512
one:115102577	path:one00512
one:115102674	path:one00512
one:115104302	path:one00512
one:115104726	path:one00512
one:115104901	path:one00512
one:115105515	path:one00512
one:115105934	path:one00512
one:115107780	path:one00512
one:115108299	path:one00512
one:115108332	path:one00512
one:115108641	path:one00512
one:115109173	path:one00512
one:115109357	path:one00512
one:115109612	path:one00512
one:115110926	path:one00512
one:115110990	path:one00512
one:115111747	path:one00512
one:115112210	path:one00512
one:115112845	path:one00512
one:115112982	path:one00512
one:115113634	path:one00512
one:115116456	path:one00512
one:115118143	path:one00512
one:115118281	path:one00512
one:115118775	path:one00512
one:115118776	path:one00512
one:115119707	path:one00512
one:115121789	path:one00512
one:115122721	path:one00512
one:115124931	path:one00512
one:115125258	path:one00512
one:115127737	path:one00512
one:115128521	path:one00512
one:115128668	path:one00512
one:115128797	path:one00512
one:115128953	path:one00512
one:115129948	path:one00512
one:115130173	path:one00512
one:115131188	path:one00512
one:115131324	path:one00512
one:115131480	path:one00512
one:115131502	path:one00512
one:115132513	path:one00512
one:115132713	path:one00512
one:115133045	path:one00512
one:115133047	path:one00512
one:115133807	path:one00512
one:115134033	path:one00512
one:115134050	path:one00512
one:115134052	path:one00512
one:115134311	path:one00512
one:115135931	path:one00512
one:115136779	path:one00512
one:115137490	path:one00512
one:115137568	path:one00512
one:115139388	path:one00512
one:115140216	path:one00512
one:115140350	path:one00512
one:115140396	path:one00512
one:115140838	path:one00512
one:115141802	path:one00512
one:115143173	path:one00512
one:115143588	path:one00512
one:115144317	path:one00512
one:115144442	path:one00512
one:115144902	path:one00512
one:115145615	path:one00512
one:115145616	path:one00512
one:115146848	path:one00512
one:115101098	path:one00513
one:115101978	path:one00513
one:115102263	path:one00513
one:115102851	path:one00513
one:115103087	path:one00513
one:115103268	path:one00513
one:115104926	path:one00513
one:115105038	path:one00513
one:115105343	path:one00513
one:115105571	path:one00513
one:115105938	path:one00513
one:115106856	path:one00513
one:115107726	path:one00513
one:115107821	path:one00513
one:115107907	path:one00513
one:115107970	path:one00513
one:115108468	path:one00513
one:115108588	path:one00513
one:115108987	path:one00513
one:115108992	path:one00513
one:115109478	path:one00513
one:115109522	path:one00513
one:115109671	path:one00513
one:115111439	path:one00513
one:115112303	path:one00513
one:115112475	path:one00513
one:115113127	path:one00513
one:115114194	path:one00513
one:115114420	path:one00513
one:115115430	path:one00513
one:115115583	path:one00513
one:115115648	path:one00513
one:115115804	path:one00513
one:115115907	path:one00513
one:115116662	path:one00513
one:115116883	path:one00513
one:115117026	path:one00513
one:115118672	path:one00513
one:115118840	path:one00513
one:115118961	path:one00513
one:115119249	path:one00513
one:115119692	path:one00513
one:115120426	path:one00513
one:115122029	path:one00513
one:115122625	path:one00513
one:115122670	path:one00513
one:115123129	path:one00513
one:115123753	path:one00513
one:115124626	path:one00513
one:115124760	path:one00513
one:115125615	path:one00513
one:115126306	path:one00513
one:115126674	path:one00513
one:115128231	path:one00513
one:115128576	path:one00513
one:115128742	path:one00513
one:115129449	path:one00513
one:115129455	path:one00513
one:115129493	path:one00513
one:115129533	path:one00513
one:115129624	path:one00513
one:115130087	path:one00513
one:115130678	path:one00513
one:115130741	path:one00513
one:115130791	path:one00513
one:115131013	path:one00513
one:115131359	path:one00513
one:115131752	path:one00513
one:115132243	path:one00513
one:115133295	path:one00513
one:115133953	path:one00513
one:115133983	path:one00513
one:115134198	path:one00513
one:115134636	path:one00513
one:115135472	path:one00513
one:115135887	path:one00513
one:115136867	path:one00513
one:115137371	path:one00513
one:115137545	path:one00513
one:115138070	path:one00513
one:115138225	path:one00513
one:115138729	path:one00513
one:115139349	path:one00513
one:115139444	path:one00513
one:115139862	path:one00513
one:115141151	path:one00513
one:115141165	path:one00513
one:115141202	path:one00513
one:115143334	path:one00513
one:115144113	path:one00513
one:115145200	path:one00513
one:115145480	path:one00513
one:115145961	path:one00513
one:115147146	path:one00513
one:115101596	path:one00514
one:115101978	path:one00514
one:115102143	path:one00514
one:115102577	path:one00514
one:115102674	path:one00514
one:115103087	path:one00514
one:115103268	path:one00514
one:115103999	path:one00514
one:115104164	path:one00514
one:115104726	path:one00514
one:115104901	path:one00514
one:115105038	path:one00514
one:115105515	path:one00514
one:115106799	path:one00514
one:115106811	path:one00514
one:115107780	path:one00514
one:115108299	path:one00514
one:115108332	path:one00514
one:115108364	path:one00514
one:115108588	path:one00514
one:115108641	path:one00514
one:115109182	path:one00514
one:115109612	path:one00514
one:115109690	path:one00514
one:115110086	path:one00514
one:115110309	path:one00514
one:115110926	path:one00514
one:115111747	path:one00514
one:115112210	path:one00514
one:115112845	path:one00514
one:115113634	path:one00514
one:115114194	path:one00514
one:115114420	path:one00514
one:115115698	path:one00514
one:115115732	path:one00514
one:115115752	path:one00514
one:115116456	path:one00514
one:115116662	path:one00514
one:115116883	path:one00514
one:115117282	path:one00514
one:115118143	path:one00514
one:115118297	path:one00514
one:115118775	path:one00514
one:115118776	path:one00514
one:115119422	path:one00514
one:115123394	path:one00514
one:115124931	path:one00514
one:115125405	path:one00514
one:115125434	path:one00514
one:115125852	path:one00514
one:115127516	path:one00514
one:115127654	path:one00514
one:115128668	path:one00514
one:115128797	path:one00514
one:115129195	path:one00514
one:115129493	path:one00514
one:115129715	path:one00514
one:115129773	path:one00514
one:115129948	path:one00514
one:115130084	path:one00514
one:115130173	path:one00514
one:115130741	path:one00514
one:115131188	path:one00514
one:115131263	path:one00514
one:115131324	path:one00514
one:115132513	path:one00514
one:115132713	path:one00514
one:115133045	path:one00514
one:115133047	path:one00514
one:115133197	path:one00514
one:115133807	path:one00514
one:115134033	path:one00514
one:115134050	path:one00514
one:115134052	path:one00514
one:115135931	path:one00514
one:115136779	path:one00514
one:115137055	path:one00514
one:115137371	path:one00514
one:115137490	path:one00514
one:115137514	path:one00514
one:115137545	path:one00514
one:115137568	path:one00514
one:115138492	path:one00514
one:115139388	path:one00514
one:115139749	path:one00514
one:115140216	path:one00514
one:115140396	path:one00514
one:115140838	path:one00514
one:115141165	path:one00514
one:115141802	path:one00514
one:115143173	path:one00514
one:115143326	path:one00514
one:115143407	path:one00514
one:115144263	path:one00514
one:115144317	path:one00514
one:115144866	path:one00514
one:115144902	path:one00514
one:115144941	path:one00514
one:115145200	path:one00514
one:115145615	path:one00514
one:115145616	path:one00514
one:115101978	path:one00515
one:115102845	path:one00515
one:115103087	path:one00515
one:115103268	path:one00515
one:115103797	path:one00515
one:115104299	path:one00515
one:115104355	path:one00515
one:115105038	path:one00515
one:115105364	path:one00515
one:115107338	path:one00515
one:115107343	path:one00515
one:115108588	path:one00515
one:115108969	path:one00515
one:115110655	path:one00515
one:115112039	path:one00515
one:115113229	path:one00515
one:115113439	path:one00515
one:115113453	path:one00515
one:115114194	path:one00515
one:115114420	path:one00515
one:115115805	path:one00515
one:115116662	path:one00515
one:115116763	path:one00515
one:115116883	path:one00515
one:115119926	path:one00515
one:115124479	path:one00515
one:115124733	path:one00515
one:115125380	path:one00515
one:115125460	path:one00515
one:115129493	path:one00515
one:115130741	path:one00515
one:115132924	path:one00515
one:115135120	path:one00515
one:115136036	path:one00515
one:115136659	path:one00515
one:115137072	path:one00515
one:115137371	path:one00515
one:115137545	path:one00515
one:115137946	path:one00515
one:115138268	path:one00515
one:115138492	path:one00515
one:115139182	path:one00515
one:115139749	path:one00515
one:115140449	path:one00515
one:115140450	path:one00515
one:115140508	path:one00515
one:115140959	path:one00515
one:115141141	path:one00515
one:115141165	path:one00515
one:115141443	path:one00515
one:115141918	path:one00515
one:115142587	path:one00515
one:115143587	path:one00515
one:115145200	path:one00515
one:115145316	path:one00515
one:115146469	path:one00515
one:115101098	path:one00520
one:115101431	path:one00520
one:115101677	path:one00520
one:115102337	path:one00520
one:115102628	path:one00520
one:115103731	path:one00520
one:115103854	path:one00520
one:115103897	path:one00520
one:115105501	path:one00520
one:115106320	path:one00520
one:115107366	path:one00520
one:115108148	path:one00520
one:115108552	path:one00520
one:115108661	path:one00520
one:115109959	path:one00520
one:115110420	path:one00520
one:115110524	path:one00520
one:115111591	path:one00520
one:115111772	path:one00520
one:115111839	path:one00520
one:115112482	path:one00520
one:115113020	path:one00520
one:115113021	path:one00520
one:115113025	path:one00520
one:115113763	path:one00520
one:115114862	path:one00520
one:115115881	path:one00520
one:115118072	path:one00520
one:115119005	path:one00520
one:115119296	path:one00520
one:115120426	path:one00520
one:115123517	path:one00520
one:115125800	path:one00520
one:115125896	path:one00520
one:115129333	path:one00520
one:115130087	path:one00520
one:115130521	path:one00520
one:115132316	path:one00520
one:115132574	path:one00520
one:115133988	path:one00520
one:115134533	path:one00520
one:115134625	path:one00520
one:115136406	path:one00520
one:115137365	path:one00520
one:115138191	path:one00520
one:115138251	path:one00520
one:115138408	path:one00520
one:115138842	path:one00520
one:115139323	path:one00520
one:115140031	path:one00520
one:115140238	path:one00520
one:115140290	path:one00520
one:115141705	path:one00520
one:115142515	path:one00520
one:115142559	path:one00520
one:115142566	path:one00520
one:115142942	path:one00520
one:115142943	path:one00520
one:115142947	path:one00520
one:115142948	path:one00520
one:115144422	path:one00520
one:115144431	path:one00520
one:115145157	path:one00520
one:115145335	path:one00520
one:115146116	path:one00520
one:115146318	path:one00520
one:115146823	path:one00520
one:115103731	path:one00524
one:115105501	path:one00524
one:115111772	path:one00524
one:115111839	path:one00524
one:115113020	path:one00524
one:115113021	path:one00524
one:115140238	path:one00524
one:115140290	path:one00524
one:115142515	path:one00524
one:115144431	path:one00524
one:115101010	path:one00531
one:115101098	path:one00531
one:115102173	path:one00531
one:115105382	path:one00531
one:115105879	path:one00531
one:115106106	path:one00531
one:115106655	path:one00531
one:115112157	path:one00531
one:115113852	path:one00531
one:115117171	path:one00531
one:115120065	path:one00531
one:115120426	path:one00531
one:115125824	path:one00531
one:115127606	path:one00531
one:115128110	path:one00531
one:115129288	path:one00531
one:115130087	path:one00531
one:115131978	path:one00531
one:115133825	path:one00531
one:115134473	path:one00531
one:115134795	path:one00531
one:115134796	path:one00531
one:115135307	path:one00531
one:115136236	path:one00531
one:115136441	path:one00531
one:115137314	path:one00531
one:115140211	path:one00531
one:115142732	path:one00531
one:115143155	path:one00531
one:115143443	path:one00531
one:115143445	path:one00531
one:115145439	path:one00531
one:115101710	path:one00532
one:115103356	path:one00532
one:115105185	path:one00532
one:115105637	path:one00532
one:115105966	path:one00532
one:115107665	path:one00532
one:115108038	path:one00532
one:115108170	path:one00532
one:115110669	path:one00532
one:115110671	path:one00532
one:115113200	path:one00532
one:115113391	path:one00532
one:115115254	path:one00532
one:115117060	path:one00532
one:115117768	path:one00532
one:115118245	path:one00532
one:115119021	path:one00532
one:115119835	path:one00532
one:115120586	path:one00532
one:115121443	path:one00532
one:115123710	path:one00532
one:115127070	path:one00532
one:115127288	path:one00532
one:115129185	path:one00532
one:115130325	path:one00532
one:115130346	path:one00532
one:115135067	path:one00532
one:115135311	path:one00532
one:115138997	path:one00532
one:115139281	path:one00532
one:115139515	path:one00532
one:115140299	path:one00532
one:115142803	path:one00532
one:115143517	path:one00532
one:115143717	path:one00532
one:115145140	path:one00532
one:115145326	path:one00532
one:115101978	path:one00533
one:115102278	path:one00533
one:115103087	path:one00533
one:115103268	path:one00533
one:115103850	path:one00533
one:115103893	path:one00533
one:115104588	path:one00533
one:115105038	path:one00533
one:115107907	path:one00533
one:115108588	path:one00533
one:115108966	path:one00533
one:115108993	path:one00533
one:115109010	path:one00533
one:115109317	path:one00533
one:115109357	path:one00533
one:115114194	path:one00533
one:115114420	path:one00533
one:115115430	path:one00533
one:115116498	path:one00533
one:115116662	path:one00533
one:115116883	path:one00533
one:115125258	path:one00533
one:115128521	path:one00533
one:115129130	path:one00533
one:115129493	path:one00533
one:115130077	path:one00533
one:115130741	path:one00533
one:115131480	path:one00533
one:115132263	path:one00533
one:115132716	path:one00533
one:115134311	path:one00533
one:115134711	path:one00533
one:115135528	path:one00533
one:115137371	path:one00533
one:115137545	path:one00533
one:115138729	path:one00533
one:115141165	path:one00533
one:115145200	path:one00533
one:115145961	path:one00533
one:115146848	path:one00533
one:115147036	path:one00533
one:115101485	path:one00534
one:115103287	path:one00534
one:115103346	path:one00534
one:115103624	path:one00534
one:115104893	path:one00534
one:115106302	path:one00534
one:115106603	path:one00534
one:115107287	path:one00534
one:115107361	path:one00534
one:115107751	path:one00534
one:115107913	path:one00534
one:115109628	path:one00534
one:115109878	path:one00534
one:115110669	path:one00534
one:115110671	path:one00534
one:115110722	path:one00534
one:115110723	path:one00534
one:115111929	path:one00534
one:115112435	path:one00534
one:115113237	path:one00534
one:115113349	path:one00534
one:115114172	path:one00534
one:115116131	path:one00534
one:115119021	path:one00534
one:115119293	path:one00534
one:115119888	path:one00534
one:115120367	path:one00534
one:115120586	path:one00534
one:115123710	path:one00534
one:115123875	path:one00534
one:115127143	path:one00534
one:115128292	path:one00534
one:115128299	path:one00534
one:115129185	path:one00534
one:115129767	path:one00534
one:115129797	path:one00534
one:115130178	path:one00534
one:115130530	path:one00534
one:115131193	path:one00534
one:115131341	path:one00534
one:115131708	path:one00534
one:115131715	path:one00534
one:115135140	path:one00534
one:115135450	path:one00534
one:115136365	path:one00534
one:115139163	path:one00534
one:115139415	path:one00534
one:115139511	path:one00534
one:115143517	path:one00534
one:115144580	path:one00534
one:115144606	path:one00534
one:115145054	path:one00534
one:115145326	path:one00534
one:115101431	path:one00541
one:115102498	path:one00541
one:115103854	path:one00541
one:115103897	path:one00541
one:115107097	path:one00541
one:115108148	path:one00541
one:115108368	path:one00541
one:115108552	path:one00541
one:115108601	path:one00541
one:115108606	path:one00541
one:115109621	path:one00541
one:115112719	path:one00541
one:115116565	path:one00541
one:115119296	path:one00541
one:115121161	path:one00541
one:115123630	path:one00541
one:115125015	path:one00541
one:115125800	path:one00541
one:115132193	path:one00541
one:115133005	path:one00541
one:115136406	path:one00541
one:115137363	path:one00541
one:115137365	path:one00541
one:115137722	path:one00541
one:115138842	path:one00541
one:115141325	path:one00541
one:115143054	path:one00541
one:115145157	path:one00541
one:115145401	path:one00541
one:115145762	path:one00541
one:115146546	path:one00541
one:115146547	path:one00541
one:115101090	path:one00561
one:115101219	path:one00561
one:115102178	path:one00561
one:115102423	path:one00561
one:115102563	path:one00561
one:115102664	path:one00561
one:115102917	path:one00561
one:115103072	path:one00561
one:115103822	path:one00561
one:115104354	path:one00561
one:115104779	path:one00561
one:115104856	path:one00561
one:115105167	path:one00561
one:115105563	path:one00561
one:115105564	path:one00561
one:115105810	path:one00561
one:115105877	path:one00561
one:115105970	path:one00561
one:115106642	path:one00561
one:115106762	path:one00561
one:115106814	path:one00561
one:115106928	path:one00561
one:115106948	path:one00561
one:115106995	path:one00561
one:115106996	path:one00561
one:115107210	path:one00561
one:115107611	path:one00561
one:115108237	path:one00561
one:115108239	path:one00561
one:115108335	path:one00561
one:115108629	path:one00561
one:115108631	path:one00561
one:115109211	path:one00561
one:115109213	path:one00561
one:115109592	path:one00561
one:115109723	path:one00561
one:115110049	path:one00561
one:115110616	path:one00561
one:115111054	path:one00561
one:115111091	path:one00561
one:115111602	path:one00561
one:115111838	path:one00561
one:115111849	path:one00561
one:115112075	path:one00561
one:115112540	path:one00561
one:115113033	path:one00561
one:115113490	path:one00561
one:115113702	path:one00561
one:115114434	path:one00561
one:115114605	path:one00561
one:115114631	path:one00561
one:115116417	path:one00561
one:115116727	path:one00561
one:115117068	path:one00561
one:115118459	path:one00561
one:115118838	path:one00561
one:115120290	path:one00561
one:115120472	path:one00561
one:115121032	path:one00561
one:115122496	path:one00561
one:115122532	path:one00561
one:115122993	path:one00561
one:115123484	path:one00561
one:115123893	path:one00561
one:115124881	path:one00561
one:115125326	path:one00561
one:115125335	path:one00561
one:115125484	path:one00561
one:115125495	path:one00561
one:115125774	path:one00561
one:115126136	path:one00561
one:115126225	path:one00561
one:115127098	path:one00561
one:115127782	path:one00561
one:115128727	path:one00561
one:115129275	path:one00561
one:115129374	path:one00561
one:115129628	path:one00561
one:115129802	path:one00561
one:115130198	path:one00561
one:115130368	path:one00561
one:115130461	path:one00561
one:115130602	path:one00561
one:115130869	path:one00561
one:115131337	path:one00561
one:115131967	path:one00561
one:115132392	path:one00561
one:115133126	path:one00561
one:115133170	path:one00561
one:115133187	path:one00561
one:115133293	path:one00561
one:115133727	path:one00561
one:115134061	path:one00561
one:115134283	path:one00561
one:115134358	path:one00561
one:115134556	path:one00561
one:115135832	path:one00561
one:115135895	path:one00561
one:115135896	path:one00561
one:115136377	path:one00561
one:115138327	path:one00561
one:115138347	path:one00561
one:115139646	path:one00561
one:115140043	path:one00561
one:115140150	path:one00561
one:115140207	path:one00561
one:115140289	path:one00561
one:115140300	path:one00561
one:115140947	path:one00561
one:115141139	path:one00561
one:115141301	path:one00561
one:115141716	path:one00561
one:115141960	path:one00561
one:115142614	path:one00561
one:115142781	path:one00561
one:115143040	path:one00561
one:115143434	path:one00561
one:115143456	path:one00561
one:115144389	path:one00561
one:115144415	path:one00561
one:115145365	path:one00561
one:115145460	path:one00561
one:115146093	path:one00561
one:115146391	path:one00561
one:115146913	path:one00561
one:115101137	path:one00562
one:115101266	path:one00562
one:115101998	path:one00562
one:115102421	path:one00562
one:115102528	path:one00562
one:115102603	path:one00562
one:115102756	path:one00562
one:115103316	path:one00562
one:115103773	path:one00562
one:115104086	path:one00562
one:115104616	path:one00562
one:115104997	path:one00562
one:115105011	path:one00562
one:115105386	path:one00562
one:115105659	path:one00562
one:115105662	path:one00562
one:115105711	path:one00562
one:115105801	path:one00562
one:115105894	path:one00562
one:115106346	path:one00562
one:115106353	path:one00562
one:115106356	path:one00562
one:115106375	path:one00562
one:115106681	path:one00562
one:115106957	path:one00562
one:115107502	path:one00562
one:115107503	path:one00562
one:115107784	path:one00562
one:115107882	path:one00562
one:115107916	path:one00562
one:115107986	path:one00562
one:115108259	path:one00562
one:115108455	path:one00562
one:115108766	path:one00562
one:115109239	path:one00562
one:115109334	path:one00562
one:115110045	path:one00562
one:115110234	path:one00562
one:115110474	path:one00562
one:115110509	path:one00562
one:115111436	path:one00562
one:115111462	path:one00562
one:115111490	path:one00562
one:115111601	path:one00562
one:115111639	path:one00562
one:115111705	path:one00562
one:115113065	path:one00562
one:115113112	path:one00562
one:115113222	path:one00562
one:115113343	path:one00562
one:115113394	path:one00562
one:115114142	path:one00562
one:115114710	path:one00562
one:115114789	path:one00562
one:115114973	path:one00562
one:115115089	path:one00562
one:115117022	path:one00562
one:115117107	path:one00562
one:115117335	path:one00562
one:115117936	path:one00562
one:115117971	path:one00562
one:115118155	path:one00562
one:115118156	path:one00562
one:115118285	path:one00562
one:115118452	path:one00562
one:115118453	path:one00562
one:115118467	path:one00562
one:115119147	path:one00562
one:115119151	path:one00562
one:115119238	path:one00562
one:115119426	path:one00562
one:115120537	path:one00562
one:115120807	path:one00562
one:115121083	path:one00562
one:115122042	path:one00562
one:115122265	path:one00562
one:115122517	path:one00562
one:115122774	path:one00562
one:115122820	path:one00562
one:115124335	path:one00562
one:115124985	path:one00562
one:115125060	path:one00562
one:115125070	path:one00562
one:115125771	path:one00562
one:115126122	path:one00562
one:115126191	path:one00562
one:115127830	path:one00562
one:115128185	path:one00562
one:115128361	path:one00562
one:115128437	path:one00562
one:115128736	path:one00562
one:115129247	path:one00562
one:115129413	path:one00562
one:115129578	path:one00562
one:115129807	path:one00562
one:115130207	path:one00562
one:115130639	path:one00562
one:115131563	path:one00562
one:115131638	path:one00562
one:115132146	path:one00562
one:115132207	path:one00562
one:115132345	path:one00562
one:115132444	path:one00562
one:115132727	path:one00562
one:115133160	path:one00562
one:115133275	path:one00562
one:115133276	path:one00562
one:115133302	path:one00562
one:115133421	path:one00562
one:115133935	path:one00562
one:115134515	path:one00562
one:115134530	path:one00562
one:115134975	path:one00562
one:115135099	path:one00562
one:115135101	path:one00562
one:115135265	path:one00562
one:115135312	path:one00562
one:115135770	path:one00562
one:115135798	path:one00562
one:115136445	path:one00562
one:115136609	path:one00562
one:115136637	path:one00562
one:115136819	path:one00562
one:115136990	path:one00562
one:115137105	path:one00562
one:115137805	path:one00562
one:115137959	path:one00562
one:115138359	path:one00562
one:115138441	path:one00562
one:115138552	path:one00562
one:115138594	path:one00562
one:115139206	path:one00562
one:115139284	path:one00562
one:115139385	path:one00562
one:115139858	path:one00562
one:115139893	path:one00562
one:115139924	path:one00562
one:115140042	path:one00562
one:115140072	path:one00562
one:115140089	path:one00562
one:115140166	path:one00562
one:115140388	path:one00562
one:115140910	path:one00562
one:115141089	path:one00562
one:115141231	path:one00562
one:115141324	path:one00562
one:115141503	path:one00562
one:115141596	path:one00562
one:115141974	path:one00562
one:115142000	path:one00562
one:115142373	path:one00562
one:115142558	path:one00562
one:115142811	path:one00562
one:115142939	path:one00562
one:115143033	path:one00562
one:115143087	path:one00562
one:115143144	path:one00562
one:115143344	path:one00562
one:115143757	path:one00562
one:115144032	path:one00562
one:115144052	path:one00562
one:115144055	path:one00562
one:115144063	path:one00562
one:115144699	path:one00562
one:115144709	path:one00562
one:115146133	path:one00562
one:115146182	path:one00562
one:115146212	path:one00562
one:115146704	path:one00562
one:115146908	path:one00562
one:115147102	path:one00562
one:115101626	path:one00563
one:115102619	path:one00563
one:115104871	path:one00563
one:115105528	path:one00563
one:115105689	path:one00563
one:115106340	path:one00563
one:115106707	path:one00563
one:115106829	path:one00563
one:115107000	path:one00563
one:115107690	path:one00563
one:115108399	path:one00563
one:115108745	path:one00563
one:115112289	path:one00563
one:115112761	path:one00563
one:115114534	path:one00563
one:115119414	path:one00563
one:115120266	path:one00563
one:115121486	path:one00563
one:115123836	path:one00563
one:115125297	path:one00563
one:115125418	path:one00563
one:115129571	path:one00563
one:115130261	path:one00563
one:115130837	path:one00563
one:115131850	path:one00563
one:115134032	path:one00563
one:115135021	path:one00563
one:115136239	path:one00563
one:115141988	path:one00563
one:115142663	path:one00563
one:115144564	path:one00563
one:115145485	path:one00563
one:115147101	path:one00563
one:115101090	path:one00564
one:115101347	path:one00564
one:115101404	path:one00564
one:115102145	path:one00564
one:115102423	path:one00564
one:115102592	path:one00564
one:115102917	path:one00564
one:115103208	path:one00564
one:115103226	path:one00564
one:115103781	path:one00564
one:115103822	path:one00564
one:115104098	path:one00564
one:115104179	path:one00564
one:115104354	path:one00564
one:115104856	path:one00564
one:115104991	path:one00564
one:115105018	path:one00564
one:115105167	path:one00564
one:115105624	path:one00564
one:115105805	path:one00564
one:115105810	path:one00564
one:115105877	path:one00564
one:115105970	path:one00564
one:115106352	path:one00564
one:115106423	path:one00564
one:115106628	path:one00564
one:115106642	path:one00564
one:115106762	path:one00564
one:115106786	path:one00564
one:115106948	path:one00564
one:115106989	path:one00564
one:115107060	path:one00564
one:115107156	path:one00564
one:115107210	path:one00564
one:115107328	path:one00564
one:115107582	path:one00564
one:115107611	path:one00564
one:115107748	path:one00564
one:115107933	path:one00564
one:115108001	path:one00564
one:115108335	path:one00564
one:115109291	path:one00564
one:115109398	path:one00564
one:115109723	path:one00564
one:115109876	path:one00564
one:115110045	path:one00564
one:115110245	path:one00564
one:115110616	path:one00564
one:115111046	path:one00564
one:115111054	path:one00564
one:115111091	path:one00564
one:115111500	path:one00564
one:115111501	path:one00564
one:115111602	path:one00564
one:115111777	path:one00564
one:115111819	path:one00564
one:115111838	path:one00564
one:115111849	path:one00564
one:115112075	path:one00564
one:115112170	path:one00564
one:115112492	path:one00564
one:115112945	path:one00564
one:115112957	path:one00564
one:115113011	path:one00564
one:115113033	path:one00564
one:115113490	path:one00564
one:115113873	path:one00564
one:115114263	path:one00564
one:115114605	path:one00564
one:115115419	path:one00564
one:115115763	path:one00564
one:115116217	path:one00564
one:115116417	path:one00564
one:115116727	path:one00564
one:115118189	path:one00564
one:115118796	path:one00564
one:115118838	path:one00564
one:115120290	path:one00564
one:115120472	path:one00564
one:115121032	path:one00564
one:115121095	path:one00564
one:115121214	path:one00564
one:115122638	path:one00564
one:115122973	path:one00564
one:115123209	path:one00564
one:115123577	path:one00564
one:115123851	path:one00564
one:115123893	path:one00564
one:115124277	path:one00564
one:115124863	path:one00564
one:115125276	path:one00564
one:115125335	path:one00564
one:115125346	path:one00564
one:115125403	path:one00564
one:115125526	path:one00564
one:115125774	path:one00564
one:115125787	path:one00564
one:115126800	path:one00564
one:115127098	path:one00564
one:115127746	path:one00564
one:115127782	path:one00564
one:115128055	path:one00564
one:115128322	path:one00564
one:115128586	path:one00564
one:115128659	path:one00564
one:115129063	path:one00564
one:115129233	path:one00564
one:115129374	path:one00564
one:115129628	path:one00564
one:115129724	path:one00564
one:115129802	path:one00564
one:115129884	path:one00564
one:115130198	path:one00564
one:115130362	path:one00564
one:115130368	path:one00564
one:115130461	path:one00564
one:115130602	path:one00564
one:115130932	path:one00564
one:115130933	path:one00564
one:115131403	path:one00564
one:115131680	path:one00564
one:115131924	path:one00564
one:115132076	path:one00564
one:115132392	path:one00564
one:115133040	path:one00564
one:115133133	path:one00564
one:115133170	path:one00564
one:115133174	path:one00564
one:115133293	path:one00564
one:115133317	path:one00564
one:115133350	path:one00564
one:115134193	path:one00564
one:115134273	path:one00564
one:115134283	path:one00564
one:115134382	path:one00564
one:115134388	path:one00564
one:115134509	path:one00564
one:115134556	path:one00564
one:115134620	path:one00564
one:115135102	path:one00564
one:115135561	path:one00564
one:115135834	path:one00564
one:115136157	path:one00564
one:115136344	path:one00564
one:115136377	path:one00564
one:115137038	path:one00564
one:115137609	path:one00564
one:115138226	path:one00564
one:115138327	path:one00564
one:115138347	path:one00564
one:115138451	path:one00564
one:115139221	path:one00564
one:115139263	path:one00564
one:115139646	path:one00564
one:115139671	path:one00564
one:115139937	path:one00564
one:115140043	path:one00564
one:115140207	path:one00564
one:115140243	path:one00564
one:115140276	path:one00564
one:115140289	path:one00564
one:115140300	path:one00564
one:115140652	path:one00564
one:115141139	path:one00564
one:115141326	path:one00564
one:115141552	path:one00564
one:115141716	path:one00564
one:115141818	path:one00564
one:115141946	path:one00564
one:115142432	path:one00564
one:115142440	path:one00564
one:115142570	path:one00564
one:115142614	path:one00564
one:115142723	path:one00564
one:115142781	path:one00564
one:115142920	path:one00564
one:115143040	path:one00564
one:115143239	path:one00564
one:115143456	path:one00564
one:115143532	path:one00564
one:115144056	path:one00564
one:115144389	path:one00564
one:115144415	path:one00564
one:115144437	path:one00564
one:115144462	path:one00564
one:115144576	path:one00564
one:115145305	path:one00564
one:115145460	path:one00564
one:115146093	path:one00564
one:115146131	path:one00564
one:115146265	path:one00564
one:115146391	path:one00564
one:115146705	path:one00564
one:115147138	path:one00564
one:115147163	path:one00564
one:115101347	path:one00565
one:115101367	path:one00565
one:115102403	path:one00565
one:115102592	path:one00565
one:115102917	path:one00565
one:115103208	path:one00565
one:115103781	path:one00565
one:115104179	path:one00565
one:115104354	path:one00565
one:115104732	path:one00565
one:115104991	path:one00565
one:115105624	path:one00565
one:115105675	path:one00565
one:115105970	path:one00565
one:115106818	path:one00565
one:115107060	path:one00565
one:115107328	path:one00565
one:115107933	path:one00565
one:115107950	path:one00565
one:115108335	path:one00565
one:115109366	path:one00565
one:115109876	path:one00565
one:115110013	path:one00565
one:115110614	path:one00565
one:115110615	path:one00565
one:115110985	path:one00565
one:115111046	path:one00565
one:115111500	path:one00565
one:115111501	path:one00565
one:115111849	path:one00565
one:115112492	path:one00565
one:115113873	path:one00565
one:115114605	path:one00565
one:115115419	path:one00565
one:115116217	path:one00565
one:115116417	path:one00565
one:115118189	path:one00565
one:115118296	path:one00565
one:115118796	path:one00565
one:115120290	path:one00565
one:115121032	path:one00565
one:115124277	path:one00565
one:115124863	path:one00565
one:115125335	path:one00565
one:115125526	path:one00565
one:115127098	path:one00565
one:115127782	path:one00565
one:115127895	path:one00565
one:115128055	path:one00565
one:115128415	path:one00565
one:115128586	path:one00565
one:115129233	path:one00565
one:115129263	path:one00565
one:115129802	path:one00565
one:115129884	path:one00565
one:115130932	path:one00565
one:115130933	path:one00565
one:115131403	path:one00565
one:115131584	path:one00565
one:115132076	path:one00565
one:115133040	path:one00565
one:115133350	path:one00565
one:115134320	path:one00565
one:115134590	path:one00565
one:115134635	path:one00565
one:115135834	path:one00565
one:115136157	path:one00565
one:115136344	path:one00565
one:115136804	path:one00565
one:115137038	path:one00565
one:115137151	path:one00565
one:115137609	path:one00565
one:115138451	path:one00565
one:115139186	path:one00565
one:115139937	path:one00565
one:115140300	path:one00565
one:115140542	path:one00565
one:115140813	path:one00565
one:115141552	path:one00565
one:115141777	path:one00565
one:115141818	path:one00565
one:115142570	path:one00565
one:115142723	path:one00565
one:115142920	path:one00565
one:115145249	path:one00565
one:115145305	path:one00565
one:115145460	path:one00565
one:115146265	path:one00565
one:115101347	path:one00590
one:115101395	path:one00590
one:115101396	path:one00590
one:115101421	path:one00590
one:115102138	path:one00590
one:115102668	path:one00590
one:115103206	path:one00590
one:115103208	path:one00590
one:115103781	path:one00590
one:115104179	path:one00590
one:115104995	path:one00590
one:115105813	path:one00590
one:115105834	path:one00590
one:115106902	path:one00590
one:115107328	path:one00590
one:115107933	path:one00590
one:115109876	path:one00590
one:115111019	path:one00590
one:115111046	path:one00590
one:115111261	path:one00590
one:115111434	path:one00590
one:115111471	path:one00590
one:115111500	path:one00590
one:115111501	path:one00590
one:115111509	path:one00590
one:115112530	path:one00590
one:115113091	path:one00590
one:115113794	path:one00590
one:115113873	path:one00590
one:115114277	path:one00590
one:115114709	path:one00590
one:115115419	path:one00590
one:115116217	path:one00590
one:115117449	path:one00590
one:115118188	path:one00590
one:115118189	path:one00590
one:115118596	path:one00590
one:115118796	path:one00590
one:115119082	path:one00590
one:115120183	path:one00590
one:115120915	path:one00590
one:115121505	path:one00590
one:115122959	path:one00590
one:115124277	path:one00590
one:115124623	path:one00590
one:115124631	path:one00590
one:115124863	path:one00590
one:115125526	path:one00590
one:115126421	path:one00590
one:115126484	path:one00590
one:115126767	path:one00590
one:115128055	path:one00590
one:115128059	path:one00590
one:115129233	path:one00590
one:115129530	path:one00590
one:115130932	path:one00590
one:115130933	path:one00590
one:115131912	path:one00590
one:115133212	path:one00590
one:115133313	path:one00590
one:115133431	path:one00590
one:115134080	path:one00590
one:115134204	path:one00590
one:115134602	path:one00590
one:115134961	path:one00590
one:115135541	path:one00590
one:115136344	path:one00590
one:115136777	path:one00590
one:115137487	path:one00590
one:115137609	path:one00590
one:115139270	path:one00590
one:115139855	path:one00590
one:115139902	path:one00590
one:115139937	path:one00590
one:115139947	path:one00590
one:115140159	path:one00590
one:115141370	path:one00590
one:115141818	path:one00590
one:115142570	path:one00590
one:115142963	path:one00590
one:115143122	path:one00590
one:115145304	path:one00590
one:115145305	path:one00590
one:115145370	path:one00590
one:115145622	path:one00590
one:115145954	path:one00590
one:115146132	path:one00590
one:115101347	path:one00591
one:115103208	path:one00591
one:115103781	path:one00591
one:115104179	path:one00591
one:115107328	path:one00591
one:115107933	path:one00591
one:115109876	path:one00591
one:115111046	path:one00591
one:115111500	path:one00591
one:115111501	path:one00591
one:115113873	path:one00591
one:115115032	path:one00591
one:115115419	path:one00591
one:115116217	path:one00591
one:115118189	path:one00591
one:115118796	path:one00591
one:115124277	path:one00591
one:115124863	path:one00591
one:115125444	path:one00591
one:115125526	path:one00591
one:115128055	path:one00591
one:115129233	path:one00591
one:115130932	path:one00591
one:115130933	path:one00591
one:115136344	path:one00591
one:115137609	path:one00591
one:115139937	path:one00591
one:115141818	path:one00591
one:115142570	path:one00591
one:115145305	path:one00591
one:115145370	path:one00591
one:115101347	path:one00592
one:115103208	path:one00592
one:115103781	path:one00592
one:115103807	path:one00592
one:115104179	path:one00592
one:115107328	path:one00592
one:115107933	path:one00592
one:115109876	path:one00592
one:115111046	path:one00592
one:115111500	path:one00592
one:115111501	path:one00592
one:115113873	path:one00592
one:115115419	path:one00592
one:115116217	path:one00592
one:115118189	path:one00592
one:115118796	path:one00592
one:115121047	path:one00592
one:115124277	path:one00592
one:115124847	path:one00592
one:115124863	path:one00592
one:115124994	path:one00592
one:115125526	path:one00592
one:115128055	path:one00592
one:115128068	path:one00592
one:115129233	path:one00592
one:115130932	path:one00592
one:115130933	path:one00592
one:115133333	path:one00592
one:115136344	path:one00592
one:115137609	path:one00592
one:115139937	path:one00592
one:115141818	path:one00592
one:115142570	path:one00592
one:115142597	path:one00592
one:115144681	path:one00592
one:115145305	path:one00592
one:115101098	path:one00600
one:115101123	path:one00600
one:115101265	path:one00600
one:115101378	path:one00600
one:115102006	path:one00600
one:115102035	path:one00600
one:115102676	path:one00600
one:115102917	path:one00600
one:115103805	path:one00600
one:115104292	path:one00600
one:115104354	path:one00600
one:115104678	path:one00600
one:115104732	path:one00600
one:115105970	path:one00600
one:115106352	path:one00600
one:115106863	path:one00600
one:115107156	path:one00600
one:115107386	path:one00600
one:115107406	path:one00600
one:115107859	path:one00600
one:115107894	path:one00600
one:115108216	path:one00600
one:115108335	path:one00600
one:115108597	path:one00600
one:115108751	path:one00600
one:115109189	path:one00600
one:115109304	path:one00600
one:115110614	path:one00600
one:115110615	path:one00600
one:115110645	path:one00600
one:115110707	path:one00600
one:115110985	path:one00600
one:115111024	path:one00600
one:115111642	path:one00600
one:115111849	path:one00600
one:115112957	path:one00600
one:115113246	path:one00600
one:115113388	path:one00600
one:115113842	path:one00600
one:115114235	path:one00600
one:115114498	path:one00600
one:115114605	path:one00600
one:115115054	path:one00600
one:115116417	path:one00600
one:115117514	path:one00600
one:115117575	path:one00600
one:115117695	path:one00600
one:115117835	path:one00600
one:115120290	path:one00600
one:115120426	path:one00600
one:115120930	path:one00600
one:115121032	path:one00600
one:115121086	path:one00600
one:115122038	path:one00600
one:115122789	path:one00600
one:115122869	path:one00600
one:115123331	path:one00600
one:115124173	path:one00600
one:115124271	path:one00600
one:115125281	path:one00600
one:115125322	path:one00600
one:115125335	path:one00600
one:115125518	path:one00600
one:115125666	path:one00600
one:115126316	path:one00600
one:115126800	path:one00600
one:115127098	path:one00600
one:115127374	path:one00600
one:115127551	path:one00600
one:115127782	path:one00600
one:115128218	path:one00600
one:115128279	path:one00600
one:115129802	path:one00600
one:115130087	path:one00600
one:115130869	path:one00600
one:115131731	path:one00600
one:115131766	path:one00600
one:115131870	path:one00600
one:115132514	path:one00600
one:115133558	path:one00600
one:115134184	path:one00600
one:115134367	path:one00600
one:115134476	path:one00600
one:115135102	path:one00600
one:115135148	path:one00600
one:115135306	path:one00600
one:115135581	path:one00600
one:115135796	path:one00600
one:115135875	path:one00600
one:115136129	path:one00600
one:115137213	path:one00600
one:115137314	path:one00600
one:115137319	path:one00600
one:115137960	path:one00600
one:115139823	path:one00600
one:115140300	path:one00600
one:115140542	path:one00600
one:115141962	path:one00600
one:115142593	path:one00600
one:115143172	path:one00600
one:115144056	path:one00600
one:115144057	path:one00600
one:115144462	path:one00600
one:115144772	path:one00600
one:115145403	path:one00600
one:115145419	path:one00600
one:115145460	path:one00600
one:115145863	path:one00600
one:115145879	path:one00600
one:115145972	path:one00600
one:115146155	path:one00600
one:115146459	path:one00600
one:115146705	path:one00600
one:115101832	path:one00601
one:115101978	path:one00601
one:115103087	path:one00601
one:115103268	path:one00601
one:115103330	path:one00601
one:115103850	path:one00601
one:115103893	path:one00601
one:115104355	path:one00601
one:115105038	path:one00601
one:115107338	path:one00601
one:115107343	path:one00601
one:115108447	path:one00601
one:115108588	path:one00601
one:115108896	path:one00601
one:115109173	path:one00601
one:115111815	path:one00601
one:115111886	path:one00601
one:115113439	path:one00601
one:115114130	path:one00601
one:115114145	path:one00601
one:115114194	path:one00601
one:115114420	path:one00601
one:115114980	path:one00601
one:115115359	path:one00601
one:115116215	path:one00601
one:115116498	path:one00601
one:115116662	path:one00601
one:115116747	path:one00601
one:115116763	path:one00601
one:115116883	path:one00601
one:115117383	path:one00601
one:115119926	path:one00601
one:115120774	path:one00601
one:115124479	path:one00601
one:115125380	path:one00601
one:115125460	path:one00601
one:115126061	path:one00601
one:115126318	path:one00601
one:115129130	path:one00601
one:115129493	path:one00601
one:115129761	path:one00601
one:115130077	path:one00601
one:115130741	path:one00601
one:115130810	path:one00601
one:115132854	path:one00601
one:115132924	path:one00601
one:115135528	path:one00601
one:115136122	path:one00601
one:115136662	path:one00601
one:115137371	path:one00601
one:115137545	path:one00601
one:115138268	path:one00601
one:115139182	path:one00601
one:115140068	path:one00601
one:115140326	path:one00601
one:115140449	path:one00601
one:115140450	path:one00601
one:115140508	path:one00601
one:115141165	path:one00601
one:115141912	path:one00601
one:115143587	path:one00601
one:115145031	path:one00601
one:115145190	path:one00601
one:115145200	path:one00601
one:115145303	path:one00601
one:115147036	path:one00601
one:115147139	path:one00601
one:115101098	path:one00603
one:115104034	path:one00603
one:115104355	path:one00603
one:115107338	path:one00603
one:115107343	path:one00603
one:115107842	path:one00603
one:115109357	path:one00603
one:115110144	path:one00603
one:115113439	path:one00603
one:115114980	path:one00603
one:115116763	path:one00603
one:115119926	path:one00603
one:115120426	path:one00603
one:115122935	path:one00603
one:115124479	path:one00603
one:115125258	path:one00603
one:115128521	path:one00603
one:115130087	path:one00603
one:115130869	path:one00603
one:115131480	path:one00603
one:115132924	path:one00603
one:115133691	path:one00603
one:115134311	path:one00603
one:115136718	path:one00603
one:115138268	path:one00603
one:115139182	path:one00603
one:115140449	path:one00603
one:115140450	path:one00603
one:115140508	path:one00603
one:115141424	path:one00603
one:115143428	path:one00603
one:115143587	path:one00603
one:115143597	path:one00603
one:115146848	path:one00603
one:115146862	path:one00603
one:115101098	path:one00604
one:115101115	path:one00604
one:115101626	path:one00604
one:115108098	path:one00604
one:115108853	path:one00604
one:115109357	path:one00604
one:115114980	path:one00604
one:115119666	path:one00604
one:115119707	path:one00604
one:115120182	path:one00604
one:115120426	path:one00604
one:115125258	path:one00604
one:115125666	path:one00604
one:115128089	path:one00604
one:115128521	path:one00604
one:115129272	path:one00604
one:115130087	path:one00604
one:115131480	path:one00604
one:115131850	path:one00604
one:115134311	path:one00604
one:115136572	path:one00604
one:115137314	path:one00604
one:115139823	path:one00604
one:115143172	path:one00604
one:115146848	path:one00604
one:115147108	path:one00604
one:115101316	path:one00620
one:115101415	path:one00620
one:115102194	path:one00620
one:115102563	path:one00620
one:115102664	path:one00620
one:115102811	path:one00620
one:115103852	path:one00620
one:115103895	path:one00620
one:115104854	path:one00620
one:115104976	path:one00620
one:115105477	path:one00620
one:115105779	path:one00620
one:115106495	path:one00620
one:115106814	path:one00620
one:115106885	path:one00620
one:115107341	path:one00620
one:115108629	path:one00620
one:115108631	path:one00620
one:115109706	path:one00620
one:115109744	path:one00620
one:115110049	path:one00620
one:115111253	path:one00620
one:115111329	path:one00620
one:115111740	path:one00620
one:115113149	path:one00620
one:115113267	path:one00620
one:115113617	path:one00620
one:115114631	path:one00620
one:115115166	path:one00620
one:115118459	path:one00620
one:115119498	path:one00620
one:115121312	path:one00620
one:115122080	path:one00620
one:115123453	path:one00620
one:115123663	path:one00620
one:115124238	path:one00620
one:115124688	path:one00620
one:115124881	path:one00620
one:115125326	path:one00620
one:115128063	path:one00620
one:115129160	path:one00620
one:115129275	path:one00620
one:115129368	path:one00620
one:115130229	path:one00620
one:115130593	path:one00620
one:115130799	path:one00620
one:115131989	path:one00620
one:115133233	path:one00620
one:115133937	path:one00620
one:115134375	path:one00620
one:115134466	path:one00620
one:115134644	path:one00620
one:115135210	path:one00620
one:115135548	path:one00620
one:115135653	path:one00620
one:115135711	path:one00620
one:115135873	path:one00620
one:115135968	path:one00620
one:115138517	path:one00620
one:115139171	path:one00620
one:115139309	path:one00620
one:115139760	path:one00620
one:115140150	path:one00620
one:115141395	path:one00620
one:115142693	path:one00620
one:115142862	path:one00620
one:115144793	path:one00620
one:115145365	path:one00620
one:115146120	path:one00620
one:115102175	path:one00630
one:115102194	path:one00630
one:115102427	path:one00630
one:115103021	path:one00630
one:115103852	path:one00630
one:115103895	path:one00630
one:115103924	path:one00630
one:115104273	path:one00630
one:115105477	path:one00630
one:115106020	path:one00630
one:115108009	path:one00630
one:115108586	path:one00630
one:115108921	path:one00630
one:115110417	path:one00630
one:115111413	path:one00630
one:115112171	path:one00630
one:115112219	path:one00630
one:115112239	path:one00630
one:115112240	path:one00630
one:115112917	path:one00630
one:115113594	path:one00630
one:115114170	path:one00630
one:115114484	path:one00630
one:115118259	path:one00630
one:115122080	path:one00630
one:115122723	path:one00630
one:115123382	path:one00630
one:115124238	path:one00630
one:115125126	path:one00630
one:115125423	path:one00630
one:115125505	path:one00630
one:115127679	path:one00630
one:115128625	path:one00630
one:115129368	path:one00630
one:115130593	path:one00630
one:115131989	path:one00630
one:115132396	path:one00630
one:115133560	path:one00630
one:115134206	path:one00630
one:115134466	path:one00630
one:115134617	path:one00630
one:115135210	path:one00630
one:115135873	path:one00630
one:115135968	path:one00630
one:115138597	path:one00630
one:115139309	path:one00630
one:115139842	path:one00630
one:115141348	path:one00630
one:115142636	path:one00630
one:115143434	path:one00630
one:115144176	path:one00630
one:115144210	path:one00630
one:115144793	path:one00630
one:115145191	path:one00630
one:115102194	path:one00640
one:115103807	path:one00640
one:115105779	path:one00640
one:115106131	path:one00640
one:115106398	path:one00640
one:115106885	path:one00640
one:115107953	path:one00640
one:115107986	path:one00640
one:115108009	path:one00640
one:115108145	path:one00640
one:115109103	path:one00640
one:115109349	path:one00640
one:115109706	path:one00640
one:115109744	path:one00640
one:115111329	path:one00640
one:115111616	path:one00640
one:115112171	path:one00640
one:115113594	path:one00640
one:115120885	path:one00640
one:115121742	path:one00640
one:115122080	path:one00640
one:115124238	path:one00640
one:115125423	path:one00640
one:115125505	path:one00640
one:115127936	path:one00640
one:115129332	path:one00640
one:115131989	path:one00640
one:115133233	path:one00640
one:115133333	path:one00640
one:115133937	path:one00640
one:115134322	path:one00640
one:115134466	path:one00640
one:115134644	path:one00640
one:115135210	path:one00640
one:115135357	path:one00640
one:115135711	path:one00640
one:115137258	path:one00640
one:115138186	path:one00640
one:115138738	path:one00640
one:115139206	path:one00640
one:115139760	path:one00640
one:115141388	path:one00640
one:115142597	path:one00640
one:115143323	path:one00640
one:115144793	path:one00640
one:115145826	path:one00640
one:115145942	path:one00640
one:115146212	path:one00640
one:115101419	path:one00650
one:115102736	path:one00650
one:115108955	path:one00650
one:115111247	path:one00650
one:115111874	path:one00650
one:115113044	path:one00650
one:115113946	path:one00650
one:115113949	path:one00650
one:115114555	path:one00650
one:115118093	path:one00650
one:115120885	path:one00650
one:115121742	path:one00650
one:115122096	path:one00650
one:115123271	path:one00650
one:115123468	path:one00650
one:115125120	path:one00650
one:115126486	path:one00650
one:115130290	path:one00650
one:115135357	path:one00650
one:115135873	path:one00650
one:115138409	path:one00650
one:115138738	path:one00650
one:115139309	path:one00650
one:115140704	path:one00650
one:115141004	path:one00650
one:115144398	path:one00650
one:115145942	path:one00650
one:115146315	path:one00650
one:115147012	path:one00650
one:115107034	path:one00660
one:115119987	path:one00660
one:115130721	path:one00660
one:115101012	path:one00670
one:115101264	path:one00670
one:115101925	path:one00670
one:115102175	path:one00670
one:115102605	path:one00670
one:115105923	path:one00670
one:115106504	path:one00670
one:115106934	path:one00670
one:115106988	path:one00670
one:115108213	path:one00670
one:115108921	path:one00670
one:115108967	path:one00670
one:115109183	path:one00670
one:115109508	path:one00670
one:115111413	path:one00670
one:115111635	path:one00670
one:115111640	path:one00670
one:115112239	path:one00670
one:115112240	path:one00670
one:115112893	path:one00670
one:115113080	path:one00670
one:115113437	path:one00670
one:115115646	path:one00670
one:115117646	path:one00670
one:115118459	path:one00670
one:115120120	path:one00670
one:115120208	path:one00670
one:115121040	path:one00670
one:115121049	path:one00670
one:115124117	path:one00670
one:115124262	path:one00670
one:115124619	path:one00670
one:115125126	path:one00670
one:115127526	path:one00670
one:115128117	path:one00670
one:115129674	path:one00670
one:115130380	path:one00670
one:115131955	path:one00670
one:115132037	path:one00670
one:115132121	path:one00670
one:115133131	path:one00670
one:115133185	path:one00670
one:115134171	path:one00670
one:115134206	path:one00670
one:115134466	path:one00670
one:115134535	path:one00670
one:115134949	path:one00670
one:115134950	path:one00670
one:115136161	path:one00670
one:115139267	path:one00670
one:115139547	path:one00670
one:115139842	path:one00670
one:115140084	path:one00670
one:115140091	path:one00670
one:115140432	path:one00670
one:115143200	path:one00670
one:115143729	path:one00670
one:115144793	path:one00670
one:115146277	path:one00670
one:115101186	path:one00730
one:115107518	path:one00730
one:115108658	path:one00730
one:115108846	path:one00730
one:115109012	path:one00730
one:115111982	path:one00730
one:115119538	path:one00730
one:115123085	path:one00730
one:115128327	path:one00730
one:115130234	path:one00730
one:115131669	path:one00730
one:115135104	path:one00730
one:115137747	path:one00730
one:115138771	path:one00730
one:115139250	path:one00730
one:115143273	path:one00730
one:115143274	path:one00730
one:115145342	path:one00730
one:115145970	path:one00730
one:115105052	path:one00740
one:115107589	path:one00740
one:115111356	path:one00740
one:115112071	path:one00740
one:115113486	path:one00740
one:115119085	path:one00740
one:115120883	path:one00740
one:115127024	path:one00740
one:115127205	path:one00740
one:115128417	path:one00740
one:115137042	path:one00740
one:115139250	path:one00740
one:115139663	path:one00740
one:115139788	path:one00740
one:115141548	path:one00740
one:115106472	path:one00750
one:115109714	path:one00750
one:115128060	path:one00750
one:115129629	path:one00750
one:115129646	path:one00750
one:115129647	path:one00750
one:115130476	path:one00750
one:115134264	path:one00750
one:115140158	path:one00750
one:115140363	path:one00750
one:115143894	path:one00750
one:115101248	path:one00760
one:115102272	path:one00760
one:115102723	path:one00760
one:115102991	path:one00760
one:115103112	path:one00760
one:115103231	path:one00760
one:115103785	path:one00760
one:115105884	path:one00760
one:115106385	path:one00760
one:115106422	path:one00760
one:115106959	path:one00760
one:115107589	path:one00760
one:115107639	path:one00760
one:115107914	path:one00760
one:115108221	path:one00760
one:115109393	path:one00760
one:115112014	path:one00760
one:115112334	path:one00760
one:115113398	path:one00760
one:115113561	path:one00760
one:115113803	path:one00760
one:115114403	path:one00760
one:115114549	path:one00760
one:115114758	path:one00760
one:115114766	path:one00760
one:115115088	path:one00760
one:115115788	path:one00760
one:115116132	path:one00760
one:115116138	path:one00760
one:115116225	path:one00760
one:115116328	path:one00760
one:115120156	path:one00760
one:115123794	path:one00760
one:115124120	path:one00760
one:115124261	path:one00760
one:115125013	path:one00760
one:115125044	path:one00760
one:115125616	path:one00760
one:115126853	path:one00760
one:115128417	path:one00760
one:115129646	path:one00760
one:115129647	path:one00760
one:115130320	path:one00760
one:115131105	path:one00760
one:115132203	path:one00760
one:115132253	path:one00760
one:115133159	path:one00760
one:115133390	path:one00760
one:115134104	path:one00760
one:115134759	path:one00760
one:115134790	path:one00760
one:115135182	path:one00760
one:115135319	path:one00760
one:115136815	path:one00760
one:115136946	path:one00760
one:115137942	path:one00760
one:115138430	path:one00760
one:115139165	path:one00760
one:115139608	path:one00760
one:115139663	path:one00760
one:115140444	path:one00760
one:115141002	path:one00760
one:115141762	path:one00760
one:115142574	path:one00760
one:115142981	path:one00760
one:115143021	path:one00760
one:115143310	path:one00760
one:115145384	path:one00760
one:115146402	path:one00760
one:115146500	path:one00760
one:115102563	path:one00770
one:115102664	path:one00770
one:115105060	path:one00770
one:115106297	path:one00770
one:115106364	path:one00770
one:115106656	path:one00770
one:115106658	path:one00770
one:115106814	path:one00770
one:115106986	path:one00770
one:115107589	path:one00770
one:115110049	path:one00770
one:115113342	path:one00770
one:115114290	path:one00770
one:115120439	path:one00770
one:115121058	path:one00770
one:115121664	path:one00770
one:115123145	path:one00770
one:115124881	path:one00770
one:115125326	path:one00770
one:115126022	path:one00770
one:115128417	path:one00770
one:115129275	path:one00770
one:115135264	path:one00770
one:115139663	path:one00770
one:115139908	path:one00770
one:115141991	path:one00770
one:115144044	path:one00770
one:115145423	path:one00770
one:115105454	path:one00780
one:115129040	path:one00780
one:115132671	path:one00780
one:115101415	path:one00785
one:115102175	path:one00785
one:115104976	path:one00785
one:115106398	path:one00785
one:115108145	path:one00785
one:115108921	path:one00785
one:115109103	path:one00785
one:115109716	path:one00785
one:115111413	path:one00785
one:115111997	path:one00785
one:115112239	path:one00785
one:115112240	path:one00785
one:115123080	path:one00785
one:115123453	path:one00785
one:115123663	path:one00785
one:115125936	path:one00785
one:115133925	path:one00785
one:115134206	path:one00785
one:115134466	path:one00785
one:115135548	path:one00785
one:115137193	path:one00785
one:115138501	path:one00785
one:115139140	path:one00785
one:115139842	path:one00785
one:115141388	path:one00785
one:115144793	path:one00785
one:115146233	path:one00785
one:115147132	path:one00785
one:115101201	path:one00790
one:115101395	path:one00790
one:115101396	path:one00790
one:115102633	path:one00790
one:115104551	path:one00790
one:115106928	path:one00790
one:115107068	path:one00790
one:115107906	path:one00790
one:115108846	path:one00790
one:115108967	path:one00790
one:115109012	path:one00790
one:115111128	path:one00790
one:115112530	path:one00790
one:115113335	path:one00790
one:115113373	path:one00790
one:115113389	path:one00790
one:115113430	path:one00790
one:115113690	path:one00790
one:115118957	path:one00790
one:115120120	path:one00790
one:115126650	path:one00790
one:115127209	path:one00790
one:115129560	path:one00790
one:115130168	path:one00790
one:115130825	path:one00790
one:115133030	path:one00790
one:115133187	path:one00790
one:115133706	path:one00790
one:115133981	path:one00790
one:115134204	path:one00790
one:115134621	path:one00790
one:115135291	path:one00790
one:115136251	path:one00790
one:115137747	path:one00790
one:115138249	path:one00790
one:115138266	path:one00790
one:115138728	path:one00790
one:115138771	path:one00790
one:115139157	path:one00790
one:115139864	path:one00790
one:115140607	path:one00790
one:115143273	path:one00790
one:115143274	path:one00790
one:115143531	path:one00790
one:115144069	path:one00790
one:115144577	path:one00790
one:115145869	path:one00790
one:115146762	path:one00790
one:115102208	path:one00830
one:115103054	path:one00830
one:115103179	path:one00830
one:115104037	path:one00830
one:115104082	path:one00830
one:115105666	path:one00830
one:115106187	path:one00830
one:115107795	path:one00830
one:115108415	path:one00830
one:115108581	path:one00830
one:115110230	path:one00830
one:115110375	path:one00830
one:115110376	path:one00830
one:115110540	path:one00830
one:115110721	path:one00830
one:115110728	path:one00830
one:115110891	path:one00830
one:115112194	path:one00830
one:115112228	path:one00830
one:115112229	path:one00830
one:115112230	path:one00830
one:115112685	path:one00830
one:115113165	path:one00830
one:115113613	path:one00830
one:115113656	path:one00830
one:115113960	path:one00830
one:115114346	path:one00830
one:115114543	path:one00830
one:115115032	path:one00830
one:115116005	path:one00830
one:115116354	path:one00830
one:115118706	path:one00830
one:115119537	path:one00830
one:115120101	path:one00830
one:115120270	path:one00830
one:115121523	path:one00830
one:115121524	path:one00830
one:115122138	path:one00830
one:115122218	path:one00830
one:115122635	path:one00830
one:115122716	path:one00830
one:115122717	path:one00830
one:115122876	path:one00830
one:115125444	path:one00830
one:115126778	path:one00830
one:115127009	path:one00830
one:115128727	path:one00830
one:115129013	path:one00830
one:115129160	path:one00830
one:115129404	path:one00830
one:115129646	path:one00830
one:115129647	path:one00830
one:115129684	path:one00830
one:115130263	path:one00830
one:115130303	path:one00830
one:115130799	path:one00830
one:115131067	path:one00830
one:115131337	path:one00830
one:115131561	path:one00830
one:115132008	path:one00830
one:115133438	path:one00830
one:115133621	path:one00830
one:115134358	path:one00830
one:115136320	path:one00830
one:115136321	path:one00830
one:115137336	path:one00830
one:115137972	path:one00830
one:115138006	path:one00830
one:115138849	path:one00830
one:115139809	path:one00830
one:115143269	path:one00830
one:115144149	path:one00830
one:115145134	path:one00830
one:115145473	path:one00830
one:115146120	path:one00830
one:115146554	path:one00830
one:115146555	path:one00830
one:115101150	path:one00860
one:115101807	path:one00860
one:115102102	path:one00860
one:115102697	path:one00860
one:115102809	path:one00860
one:115103034	path:one00860
one:115103074	path:one00860
one:115105057	path:one00860
one:115105382	path:one00860
one:115105666	path:one00860
one:115106616	path:one00860
one:115108078	path:one00860
one:115109051	path:one00860
one:115110051	path:one00860
one:115110052	path:one00860
one:115110055	path:one00860
one:115110056	path:one00860
one:115110057	path:one00860
one:115112194	path:one00860
one:115112425	path:one00860
one:115113400	path:one00860
one:115113613	path:one00860
one:115113712	path:one00860
one:115114346	path:one00860
one:115114433	path:one00860
one:115114471	path:one00860
one:115115363	path:one00860
one:115115418	path:one00860
one:115115546	path:one00860
one:115116354	path:one00860
one:115117270	path:one00860
one:115117702	path:one00860
one:115118606	path:one00860
one:115118706	path:one00860
one:115119255	path:one00860
one:115119931	path:one00860
one:115121256	path:one00860
one:115121523	path:one00860
one:115121524	path:one00860
one:115121534	path:one00860
one:115122192	path:one00860
one:115122451	path:one00860
one:115122635	path:one00860
one:115122716	path:one00860
one:115122717	path:one00860
one:115123159	path:one00860
one:115123160	path:one00860
one:115123161	path:one00860
one:115123564	path:one00860
one:115123565	path:one00860
one:115123566	path:one00860
one:115123568	path:one00860
one:115123569	path:one00860
one:115125159	path:one00860
one:115126268	path:one00860
one:115126906	path:one00860
one:115126907	path:one00860
one:115127027	path:one00860
one:115131067	path:one00860
one:115132099	path:one00860
one:115133621	path:one00860
one:115135396	path:one00860
one:115136236	path:one00860
one:115137042	path:one00860
one:115137111	path:one00860
one:115138006	path:one00860
one:115138046	path:one00860
one:115138265	path:one00860
one:115139768	path:one00860
one:115140896	path:one00860
one:115141505	path:one00860
one:115141548	path:one00860
one:115144281	path:one00860
one:115145134	path:one00860
one:115101646	path:one00900
one:115103280	path:one00900
one:115104619	path:one00900
one:115105087	path:one00900
one:115105307	path:one00900
one:115107733	path:one00900
one:115110986	path:one00900
one:115112357	path:one00900
one:115112379	path:one00900
one:115115079	path:one00900
one:115117881	path:one00900
one:115118093	path:one00900
one:115121148	path:one00900
one:115123124	path:one00900
one:115124212	path:one00900
one:115129572	path:one00900
one:115130273	path:one00900
one:115130838	path:one00900
one:115132001	path:one00900
one:115133653	path:one00900
one:115135873	path:one00900
one:115138189	path:one00900
one:115138300	path:one00900
one:115139309	path:one00900
one:115139438	path:one00900
one:115139767	path:one00900
one:115140349	path:one00900
one:115141196	path:one00900
one:115146103	path:one00900
one:115146681	path:one00900
one:115103021	path:one00910
one:115103065	path:one00910
one:115103171	path:one00910
one:115105384	path:one00910
one:115109288	path:one00910
one:115111283	path:one00910
one:115112146	path:one00910
one:115113288	path:one00910
one:115113510	path:one00910
one:115114317	path:one00910
one:115114443	path:one00910
one:115114484	path:one00910
one:115114714	path:one00910
one:115114715	path:one00910
one:115114716	path:one00910
one:115118082	path:one00910
one:115120950	path:one00910
one:115122723	path:one00910
one:115123382	path:one00910
one:115124744	path:one00910
one:115124886	path:one00910
one:115127560	path:one00910
one:115127641	path:one00910
one:115130311	path:one00910
one:115132659	path:one00910
one:115134389	path:one00910
one:115135202	path:one00910
one:115136764	path:one00910
one:115141815	path:one00910
one:115144084	path:one00910
one:115145191	path:one00910
one:115105156	path:one00920
one:115106354	path:one00920
one:115107935	path:one00920
one:115109845	path:one00920
one:115109846	path:one00920
one:115114309	path:one00920
one:115117275	path:one00920
one:115124975	path:one00920
one:115135100	path:one00920
one:115141005	path:one00920
one:115141175	path:one00920
one:115102057	path:one00970
one:115102596	path:one00970
one:115102809	path:one00970
one:115103103	path:one00970
one:115105129	path:one00970
one:115105245	path:one00970
one:115105508	path:one00970
one:115108105	path:one00970
one:115108653	path:one00970
one:115110446	path:one00970
one:115110576	path:one00970
one:115111670	path:one00970
one:115112224	path:one00970
one:115112225	path:one00970
one:115112244	path:one00970
one:115112467	path:one00970
one:115113751	path:one00970
one:115117686	path:one00970
one:115119645	path:one00970
one:115122531	path:one00970
one:115122602	path:one00970
one:115122773	path:one00970
one:115124489	path:one00970
one:115125284	path:one00970
one:115126334	path:one00970
one:115126369	path:one00970
one:115126628	path:one00970
one:115128740	path:one00970
one:115129450	path:one00970
one:115130676	path:one00970
one:115130868	path:one00970
one:115133299	path:one00970
one:115134308	path:one00970
one:115134428	path:one00970
one:115134587	path:one00970
one:115135937	path:one00970
one:115138265	path:one00970
one:115138366	path:one00970
one:115138755	path:one00970
one:115139596	path:one00970
one:115140946	path:one00970
one:115141640	path:one00970
one:115141961	path:one00970
one:115142180	path:one00970
one:115142695	path:one00970
one:115145349	path:one00970
one:115145601	path:one00970
one:115145609	path:one00970
one:115146353	path:one00970
one:115146440	path:one00970
one:64987366	path:one00970
one:64987367	path:one00970
one:64987368	path:one00970
one:64987369	path:one00970
one:64987370	path:one00970
one:64987371	path:one00970
one:64987372	path:one00970
one:64987373	path:one00970
one:64987374	path:one00970
one:64987376	path:one00970
one:64987378	path:one00970
one:64987379	path:one00970
one:64987380	path:one00970
one:64987381	path:one00970
one:64987382	path:one00970
one:64987383	path:one00970
one:64987384	path:one00970
one:64987385	path:one00970
one:64987386	path:one00970
one:64987387	path:one00970
one:64987388	path:one00970
one:64987389	path:one00970
one:115101231	path:one00980
one:115101395	path:one00980
one:115101396	path:one00980
one:115101538	path:one00980
one:115102909	path:one00980
one:115104366	path:one00980
one:115105666	path:one00980
one:115107391	path:one00980
one:115107806	path:one00980
one:115110842	path:one00980
one:115111261	path:one00980
one:115111335	path:one00980
one:115111476	path:one00980
one:115112194	path:one00980
one:115112200	path:one00980
one:115112529	path:one00980
one:115112530	path:one00980
one:115113034	path:one00980
one:115113219	path:one00980
one:115113365	path:one00980
one:115113613	path:one00980
one:115113988	path:one00980
one:115114346	path:one00980
one:115115747	path:one00980
one:115116354	path:one00980
one:115118706	path:one00980
one:115118720	path:one00980
one:115121523	path:one00980
one:115121524	path:one00980
one:115122635	path:one00980
one:115122716	path:one00980
one:115122717	path:one00980
one:115126007	path:one00980
one:115126080	path:one00980
one:115129160	path:one00980
one:115129573	path:one00980
one:115129946	path:one00980
one:115130679	path:one00980
one:115130799	path:one00980
one:115130839	path:one00980
one:115131067	path:one00980
one:115131372	path:one00980
one:115133621	path:one00980
one:115134204	path:one00980
one:115135284	path:one00980
one:115138006	path:one00980
one:115139362	path:one00980
one:115140540	path:one00980
one:115140807	path:one00980
one:115143250	path:one00980
one:115144414	path:one00980
one:115144473	path:one00980
one:115145134	path:one00980
one:115145448	path:one00980
one:115146120	path:one00980
one:115146300	path:one00980
one:115147113	path:one00980
one:115101231	path:one00982
one:115102909	path:one00982
one:115104366	path:one00982
one:115105666	path:one00982
one:115108487	path:one00982
one:115108488	path:one00982
one:115108489	path:one00982
one:115110842	path:one00982
one:115111261	path:one00982
one:115111335	path:one00982
one:115111476	path:one00982
one:115112194	path:one00982
one:115112455	path:one00982
one:115113034	path:one00982
one:115113219	path:one00982
one:115113613	path:one00982
one:115113988	path:one00982
one:115114346	path:one00982
one:115116354	path:one00982
one:115118706	path:one00982
one:115121523	path:one00982
one:115121524	path:one00982
one:115121723	path:one00982
one:115122635	path:one00982
one:115122716	path:one00982
one:115122717	path:one00982
one:115123738	path:one00982
one:115126007	path:one00982
one:115126080	path:one00982
one:115129160	path:one00982
one:115129573	path:one00982
one:115129646	path:one00982
one:115129647	path:one00982
one:115129946	path:one00982
one:115130679	path:one00982
one:115130799	path:one00982
one:115130839	path:one00982
one:115131067	path:one00982
one:115131372	path:one00982
one:115133621	path:one00982
one:115138006	path:one00982
one:115140540	path:one00982
one:115140807	path:one00982
one:115144414	path:one00982
one:115145134	path:one00982
one:115146120	path:one00982
one:115146300	path:one00982
one:115147113	path:one00982
one:115102013	path:one00983
one:115102182	path:one00983
one:115102460	path:one00983
one:115102909	path:one00983
one:115105060	path:one00983
one:115105382	path:one00983
one:115105642	path:one00983
one:115105666	path:one00983
one:115106324	path:one00983
one:115107615	path:one00983
one:115108191	path:one00983
one:115108375	path:one00983
one:115108627	path:one00983
one:115109465	path:one00983
one:115109491	path:one00983
one:115109963	path:one00983
one:115109965	path:one00983
one:115110214	path:one00983
one:115110215	path:one00983
one:115111137	path:one00983
one:115111476	path:one00983
one:115112139	path:one00983
one:115112194	path:one00983
one:115113034	path:one00983
one:115113219	path:one00983
one:115113517	path:one00983
one:115113613	path:one00983
one:115113988	path:one00983
one:115114160	path:one00983
one:115114290	path:one00983
one:115114346	path:one00983
one:115114761	path:one00983
one:115116354	path:one00983
one:115118037	path:one00983
one:115118650	path:one00983
one:115118671	path:one00983
one:115118700	path:one00983
one:115118706	path:one00983
one:115119267	path:one00983
one:115120439	path:one00983
one:115121523	path:one00983
one:115121524	path:one00983
one:115121793	path:one00983
one:115122635	path:one00983
one:115122716	path:one00983
one:115122717	path:one00983
one:115123121	path:one00983
one:115124313	path:one00983
one:115126007	path:one00983
one:115126080	path:one00983
one:115129238	path:one00983
one:115129573	path:one00983
one:115129946	path:one00983
one:115130679	path:one00983
one:115130839	path:one00983
one:115131067	path:one00983
one:115131254	path:one00983
one:115131372	path:one00983
one:115131974	path:one00983
one:115132282	path:one00983
one:115132350	path:one00983
one:115132423	path:one00983
one:115132758	path:one00983
one:115133621	path:one00983
one:115133766	path:one00983
one:115134122	path:one00983
one:115134205	path:one00983
one:115134736	path:one00983
one:115135455	path:one00983
one:115135824	path:one00983
one:115136236	path:one00983
one:115136573	path:one00983
one:115138006	path:one00983
one:115139378	path:one00983
one:115139401	path:one00983
one:115139636	path:one00983
one:115139908	path:one00983
one:115140540	path:one00983
one:115141376	path:one00983
one:115144414	path:one00983
one:115144570	path:one00983
one:115145134	path:one00983
one:115145366	path:one00983
one:115145483	path:one00983
one:115146300	path:one00983
one:115147106	path:one00983
one:115147113	path:one00983
one:115101576	path:one01040
one:115103022	path:one01040
one:115103807	path:one01040
one:115104282	path:one01040
one:115104342	path:one01040
one:115104820	path:one01040
one:115104868	path:one01040
one:115105162	path:one01040
one:115106502	path:one01040
one:115107850	path:one01040
one:115108091	path:one01040
one:115108103	path:one01040
one:115109061	path:one01040
one:115109064	path:one01040
one:115110758	path:one01040
one:115111275	path:one01040
one:115111834	path:one01040
one:115113038	path:one01040
one:115113114	path:one01040
one:115113292	path:one01040
one:115113942	path:one01040
one:115114032	path:one01040
one:115114041	path:one01040
one:115114483	path:one01040
one:115118405	path:one01040
one:115120017	path:one01040
one:115120682	path:one01040
one:115121047	path:one01040
one:115121941	path:one01040
one:115123622	path:one01040
one:115124847	path:one01040
one:115124994	path:one01040
one:115126503	path:one01040
one:115127863	path:one01040
one:115128068	path:one01040
one:115129546	path:one01040
one:115130125	path:one01040
one:115130382	path:one01040
one:115130803	path:one01040
one:115132045	path:one01040
one:115133333	path:one01040
one:115134524	path:one01040
one:115134978	path:one01040
one:115135838	path:one01040
one:115135853	path:one01040
one:115138119	path:one01040
one:115139313	path:one01040
one:115140285	path:one01040
one:115142597	path:one01040
one:115143032	path:one01040
one:115143918	path:one01040
one:115144411	path:one01040
one:115144681	path:one01040
one:115144780	path:one01040
one:115101008	path:one01100
one:115101010	path:one01100
one:115101012	path:one01100
one:115101017	path:one01100
one:115101021	path:one01100
one:115101090	path:one01100
one:115101098	path:one01100
one:115101115	path:one01100
one:115101123	path:one01100
one:115101128	path:one01100
one:115101137	path:one01100
one:115101141	path:one01100
one:115101146	path:one01100
one:115101150	path:one01100
one:115101173	path:one01100
one:115101186	path:one01100
one:115101199	path:one01100
one:115101201	path:one01100
one:115101214	path:one01100
one:115101219	path:one01100
one:115101231	path:one01100
one:115101248	path:one01100
one:115101259	path:one01100
one:115101264	path:one01100
one:115101266	path:one01100
one:115101272	path:one01100
one:115101297	path:one01100
one:115101316	path:one01100
one:115101334	path:one01100
one:115101346	path:one01100
one:115101347	path:one01100
one:115101367	path:one01100
one:115101378	path:one01100
one:115101395	path:one01100
one:115101396	path:one01100
one:115101397	path:one01100
one:115101404	path:one01100
one:115101415	path:one01100
one:115101417	path:one01100
one:115101419	path:one01100
one:115101421	path:one01100
one:115101425	path:one01100
one:115101431	path:one01100
one:115101439	path:one01100
one:115101452	path:one01100
one:115101465	path:one01100
one:115101480	path:one01100
one:115101485	path:one01100
one:115101538	path:one01100
one:115101576	path:one01100
one:115101596	path:one01100
one:115101612	path:one01100
one:115101626	path:one01100
one:115101634	path:one01100
one:115101638	path:one01100
one:115101677	path:one01100
one:115101688	path:one01100
one:115101740	path:one01100
one:115101807	path:one01100
one:115101820	path:one01100
one:115101832	path:one01100
one:115101893	path:one01100
one:115101925	path:one01100
one:115101945	path:one01100
one:115101972	path:one01100
one:115101978	path:one01100
one:115101996	path:one01100
one:115101998	path:one01100
one:115102006	path:one01100
one:115102013	path:one01100
one:115102035	path:one01100
one:115102057	path:one01100
one:115102102	path:one01100
one:115102130	path:one01100
one:115102136	path:one01100
one:115102138	path:one01100
one:115102143	path:one01100
one:115102144	path:one01100
one:115102145	path:one01100
one:115102157	path:one01100
one:115102167	path:one01100
one:115102169	path:one01100
one:115102173	path:one01100
one:115102175	path:one01100
one:115102178	path:one01100
one:115102182	path:one01100
one:115102194	path:one01100
one:115102196	path:one01100
one:115102197	path:one01100
one:115102208	path:one01100
one:115102211	path:one01100
one:115102224	path:one01100
one:115102234	path:one01100
one:115102246	path:one01100
one:115102253	path:one01100
one:115102263	path:one01100
one:115102272	path:one01100
one:115102337	path:one01100
one:115102388	path:one01100
one:115102403	path:one01100
one:115102421	path:one01100
one:115102423	path:one01100
one:115102427	path:one01100
one:115102460	path:one01100
one:115102501	path:one01100
one:115102504	path:one01100
one:115102506	path:one01100
one:115102528	path:one01100
one:115102563	path:one01100
one:115102572	path:one01100
one:115102577	path:one01100
one:115102592	path:one01100
one:115102603	path:one01100
one:115102605	path:one01100
one:115102619	path:one01100
one:115102623	path:one01100
one:115102628	path:one01100
one:115102633	path:one01100
one:115102656	path:one01100
one:115102664	path:one01100
one:115102668	path:one01100
one:115102673	path:one01100
one:115102674	path:one01100
one:115102676	path:one01100
one:115102682	path:one01100
one:115102697	path:one01100
one:115102723	path:one01100
one:115102736	path:one01100
one:115102756	path:one01100
one:115102809	path:one01100
one:115102811	path:one01100
one:115102836	path:one01100
one:115102845	path:one01100
one:115102851	path:one01100
one:115102873	path:one01100
one:115102909	path:one01100
one:115102917	path:one01100
one:115102925	path:one01100
one:115102943	path:one01100
one:115102944	path:one01100
one:115102951	path:one01100
one:115102991	path:one01100
one:115102992	path:one01100
one:115103015	path:one01100
one:115103021	path:one01100
one:115103022	path:one01100
one:115103034	path:one01100
one:115103054	path:one01100
one:115103065	path:one01100
one:115103074	path:one01100
one:115103087	path:one01100
one:115103088	path:one01100
one:115103112	path:one01100
one:115103120	path:one01100
one:115103122	path:one01100
one:115103140	path:one01100
one:115103148	path:one01100
one:115103171	path:one01100
one:115103177	path:one01100
one:115103179	path:one01100
one:115103201	path:one01100
one:115103206	path:one01100
one:115103208	path:one01100
one:115103226	path:one01100
one:115103231	path:one01100
one:115103243	path:one01100
one:115103268	path:one01100
one:115103280	path:one01100
one:115103316	path:one01100
one:115103330	path:one01100
one:115103335	path:one01100
one:115103346	path:one01100
one:115103356	path:one01100
one:115103393	path:one01100
one:115103396	path:one01100
one:115103555	path:one01100
one:115103611	path:one01100
one:115103628	path:one01100
one:115103637	path:one01100
one:115103642	path:one01100
one:115103676	path:one01100
one:115103731	path:one01100
one:115103773	path:one01100
one:115103781	path:one01100
one:115103785	path:one01100
one:115103797	path:one01100
one:115103805	path:one01100
one:115103807	path:one01100
one:115103822	path:one01100
one:115103850	path:one01100
one:115103852	path:one01100
one:115103854	path:one01100
one:115103880	path:one01100
one:115103893	path:one01100
one:115103895	path:one01100
one:115103897	path:one01100
one:115103924	path:one01100
one:115103927	path:one01100
one:115103969	path:one01100
one:115103999	path:one01100
one:115104013	path:one01100
one:115104034	path:one01100
one:115104045	path:one01100
one:115104066	path:one01100
one:115104086	path:one01100
one:115104098	path:one01100
one:115104131	path:one01100
one:115104148	path:one01100
one:115104179	path:one01100
one:115104238	path:one01100
one:115104249	path:one01100
one:115104273	path:one01100
one:115104282	path:one01100
one:115104292	path:one01100
one:115104299	path:one01100
one:115104302	path:one01100
one:115104342	path:one01100
one:115104354	path:one01100
one:115104355	path:one01100
one:115104366	path:one01100
one:115104488	path:one01100
one:115104492	path:one01100
one:115104538	path:one01100
one:115104549	path:one01100
one:115104560	path:one01100
one:115104581	path:one01100
one:115104616	path:one01100
one:115104678	path:one01100
one:115104726	path:one01100
one:115104729	path:one01100
one:115104732	path:one01100
one:115104779	path:one01100
one:115104820	path:one01100
one:115104854	path:one01100
one:115104856	path:one01100
one:115104868	path:one01100
one:115104871	path:one01100
one:115104897	path:one01100
one:115104901	path:one01100
one:115104918	path:one01100
one:115104926	path:one01100
one:115104933	path:one01100
one:115104959	path:one01100
one:115104964	path:one01100
one:115104974	path:one01100
one:115104976	path:one01100
one:115104991	path:one01100
one:115104995	path:one01100
one:115104997	path:one01100
one:115105003	path:one01100
one:115105011	path:one01100
one:115105018	path:one01100
one:115105038	path:one01100
one:115105044	path:one01100
one:115105052	path:one01100
one:115105057	path:one01100
one:115105060	path:one01100
one:115105065	path:one01100
one:115105071	path:one01100
one:115105087	path:one01100
one:115105089	path:one01100
one:115105156	path:one01100
one:115105162	path:one01100
one:115105164	path:one01100
one:115105167	path:one01100
one:115105185	path:one01100
one:115105272	path:one01100
one:115105273	path:one01100
one:115105276	path:one01100
one:115105343	path:one01100
one:115105358	path:one01100
one:115105364	path:one01100
one:115105380	path:one01100
one:115105382	path:one01100
one:115105384	path:one01100
one:115105386	path:one01100
one:115105426	path:one01100
one:115105454	path:one01100
one:115105477	path:one01100
one:115105493	path:one01100
one:115105494	path:one01100
one:115105497	path:one01100
one:115105501	path:one01100
one:115105515	path:one01100
one:115105524	path:one01100
one:115105528	path:one01100
one:115105546	path:one01100
one:115105563	path:one01100
one:115105564	path:one01100
one:115105571	path:one01100
one:115105619	path:one01100
one:115105624	path:one01100
one:115105631	path:one01100
one:115105642	path:one01100
one:115105646	path:one01100
one:115105658	path:one01100
one:115105659	path:one01100
one:115105661	path:one01100
one:115105662	path:one01100
one:115105666	path:one01100
one:115105675	path:one01100
one:115105689	path:one01100
one:115105711	path:one01100
one:115105779	path:one01100
one:115105801	path:one01100
one:115105810	path:one01100
one:115105813	path:one01100
one:115105818	path:one01100
one:115105845	path:one01100
one:115105877	path:one01100
one:115105879	path:one01100
one:115105884	path:one01100
one:115105887	path:one01100
one:115105894	path:one01100
one:115105906	path:one01100
one:115105910	path:one01100
one:115105923	path:one01100
one:115105928	path:one01100
one:115105934	path:one01100
one:115105938	path:one01100
one:115105947	path:one01100
one:115105966	path:one01100
one:115105970	path:one01100
one:115105984	path:one01100
one:115105985	path:one01100
one:115106020	path:one01100
one:115106106	path:one01100
one:115106131	path:one01100
one:115106187	path:one01100
one:115106201	path:one01100
one:115106253	path:one01100
one:115106271	path:one01100
one:115106297	path:one01100
one:115106298	path:one01100
one:115106320	path:one01100
one:115106324	path:one01100
one:115106340	path:one01100
one:115106346	path:one01100
one:115106352	path:one01100
one:115106353	path:one01100
one:115106354	path:one01100
one:115106356	path:one01100
one:115106364	path:one01100
one:115106375	path:one01100
one:115106380	path:one01100
one:115106385	path:one01100
one:115106395	path:one01100
one:115106396	path:one01100
one:115106398	path:one01100
one:115106422	path:one01100
one:115106423	path:one01100
one:115106436	path:one01100
one:115106445	path:one01100
one:115106472	path:one01100
one:115106495	path:one01100
one:115106502	path:one01100
one:115106504	path:one01100
one:115106535	path:one01100
one:115106538	path:one01100
one:115106595	path:one01100
one:115106622	path:one01100
one:115106628	path:one01100
one:115106642	path:one01100
one:115106653	path:one01100
one:115106654	path:one01100
one:115106655	path:one01100
one:115106656	path:one01100
one:115106658	path:one01100
one:115106672	path:one01100
one:115106681	path:one01100
one:115106707	path:one01100
one:115106737	path:one01100
one:115106739	path:one01100
one:115106753	path:one01100
one:115106762	path:one01100
one:115106786	path:one01100
one:115106795	path:one01100
one:115106802	path:one01100
one:115106807	path:one01100
one:115106811	path:one01100
one:115106814	path:one01100
one:115106818	path:one01100
one:115106829	path:one01100
one:115106836	path:one01100
one:115106856	path:one01100
one:115106863	path:one01100
one:115106868	path:one01100
one:115106883	path:one01100
one:115106885	path:one01100
one:115106897	path:one01100
one:115106902	path:one01100
one:115106928	path:one01100
one:115106934	path:one01100
one:115106948	path:one01100
one:115106957	path:one01100
one:115106959	path:one01100
one:115106978	path:one01100
one:115106986	path:one01100
one:115106988	path:one01100
one:115106989	path:one01100
one:115106995	path:one01100
one:115106996	path:one01100
one:115107000	path:one01100
one:115107021	path:one01100
one:115107023	path:one01100
one:115107034	path:one01100
one:115107054	path:one01100
one:115107060	path:one01100
one:115107068	path:one01100
one:115107327	path:one01100
one:115107328	path:one01100
one:115107338	path:one01100
one:115107341	path:one01100
one:115107343	path:one01100
one:115107366	path:one01100
one:115107386	path:one01100
one:115107391	path:one01100
one:115107406	path:one01100
one:115107502	path:one01100
one:115107503	path:one01100
one:115107518	path:one01100
one:115107522	path:one01100
one:115107531	path:one01100
one:115107589	path:one01100
one:115107611	path:one01100
one:115107615	path:one01100
one:115107639	path:one01100
one:115107665	path:one01100
one:115107678	path:one01100
one:115107690	path:one01100
one:115107726	path:one01100
one:115107751	path:one01100
one:115107780	path:one01100
one:115107784	path:one01100
one:115107792	path:one01100
one:115107794	path:one01100
one:115107795	path:one01100
one:115107809	path:one01100
one:115107821	path:one01100
one:115107834	path:one01100
one:115107842	path:one01100
one:115107850	path:one01100
one:115107855	path:one01100
one:115107859	path:one01100
one:115107882	path:one01100
one:115107894	path:one01100
one:115107905	path:one01100
one:115107906	path:one01100
one:115107907	path:one01100
one:115107908	path:one01100
one:115107912	path:one01100
one:115107913	path:one01100
one:115107914	path:one01100
one:115107916	path:one01100
one:115107933	path:one01100
one:115107935	path:one01100
one:115107945	path:one01100
one:115107950	path:one01100
one:115107953	path:one01100
one:115107970	path:one01100
one:115107985	path:one01100
one:115107986	path:one01100
one:115108009	path:one01100
one:115108057	path:one01100
one:115108078	path:one01100
one:115108091	path:one01100
one:115108098	path:one01100
one:115108103	path:one01100
one:115108107	path:one01100
one:115108145	path:one01100
one:115108148	path:one01100
one:115108170	path:one01100
one:115108179	path:one01100
one:115108191	path:one01100
one:115108195	path:one01100
one:115108197	path:one01100
one:115108201	path:one01100
one:115108213	path:one01100
one:115108216	path:one01100
one:115108221	path:one01100
one:115108251	path:one01100
one:115108259	path:one01100
one:115108282	path:one01100
one:115108299	path:one01100
one:115108316	path:one01100
one:115108332	path:one01100
one:115108335	path:one01100
one:115108364	path:one01100
one:115108368	path:one01100
one:115108375	path:one01100
one:115108378	path:one01100
one:115108399	path:one01100
one:115108415	path:one01100
one:115108416	path:one01100
one:115108420	path:one01100
one:115108447	path:one01100
one:115108455	path:one01100
one:115108456	path:one01100
one:115108468	path:one01100
one:115108473	path:one01100
one:115108487	path:one01100
one:115108488	path:one01100
one:115108489	path:one01100
one:115108542	path:one01100
one:115108543	path:one01100
one:115108552	path:one01100
one:115108581	path:one01100
one:115108586	path:one01100
one:115108588	path:one01100
one:115108597	path:one01100
one:115108601	path:one01100
one:115108603	path:one01100
one:115108606	path:one01100
one:115108618	path:one01100
one:115108623	path:one01100
one:115108627	path:one01100
one:115108629	path:one01100
one:115108631	path:one01100
one:115108641	path:one01100
one:115108658	path:one01100
one:115108661	path:one01100
one:115108663	path:one01100
one:115108703	path:one01100
one:115108704	path:one01100
one:115108745	path:one01100
one:115108751	path:one01100
one:115108766	path:one01100
one:115108825	path:one01100
one:115108846	path:one01100
one:115108853	path:one01100
one:115108896	path:one01100
one:115108921	path:one01100
one:115108955	path:one01100
one:115108967	path:one01100
one:115108969	path:one01100
one:115108987	path:one01100
one:115108992	path:one01100
one:115108996	path:one01100
one:115109012	path:one01100
one:115109021	path:one01100
one:115109035	path:one01100
one:115109051	path:one01100
one:115109061	path:one01100
one:115109064	path:one01100
one:115109070	path:one01100
one:115109103	path:one01100
one:115109146	path:one01100
one:115109168	path:one01100
one:115109169	path:one01100
one:115109173	path:one01100
one:115109183	path:one01100
one:115109189	path:one01100
one:115109228	path:one01100
one:115109239	path:one01100
one:115109260	path:one01100
one:115109270	path:one01100
one:115109288	path:one01100
one:115109304	path:one01100
one:115109329	path:one01100
one:115109334	path:one01100
one:115109349	path:one01100
one:115109357	path:one01100
one:115109366	path:one01100
one:115109372	path:one01100
one:115109380	path:one01100
one:115109393	path:one01100
one:115109396	path:one01100
one:115109398	path:one01100
one:115109399	path:one01100
one:115109400	path:one01100
one:115109431	path:one01100
one:115109457	path:one01100
one:115109465	path:one01100
one:115109478	path:one01100
one:115109487	path:one01100
one:115109491	path:one01100
one:115109508	path:one01100
one:115109518	path:one01100
one:115109522	path:one01100
one:115109592	path:one01100
one:115109596	path:one01100
one:115109612	path:one01100
one:115109634	path:one01100
one:115109671	path:one01100
one:115109693	path:one01100
one:115109696	path:one01100
one:115109699	path:one01100
one:115109706	path:one01100
one:115109714	path:one01100
one:115109716	path:one01100
one:115109723	path:one01100
one:115109744	path:one01100
one:115109805	path:one01100
one:115109845	path:one01100
one:115109846	path:one01100
one:115109868	path:one01100
one:115109876	path:one01100
one:115109882	path:one01100
one:115109931	path:one01100
one:115109959	path:one01100
one:115109963	path:one01100
one:115109965	path:one01100
one:115109966	path:one01100
one:115110005	path:one01100
one:115110006	path:one01100
one:115110013	path:one01100
one:115110045	path:one01100
one:115110049	path:one01100
one:115110086	path:one01100
one:115110097	path:one01100
one:115110114	path:one01100
one:115110123	path:one01100
one:115110124	path:one01100
one:115110144	path:one01100
one:115110178	path:one01100
one:115110214	path:one01100
one:115110215	path:one01100
one:115110234	path:one01100
one:115110245	path:one01100
one:115110263	path:one01100
one:115110270	path:one01100
one:115110285	path:one01100
one:115110290	path:one01100
one:115110344	path:one01100
one:115110372	path:one01100
one:115110375	path:one01100
one:115110376	path:one01100
one:115110417	path:one01100
one:115110420	path:one01100
one:115110421	path:one01100
one:115110447	path:one01100
one:115110464	path:one01100
one:115110474	path:one01100
one:115110483	path:one01100
one:115110500	path:one01100
one:115110509	path:one01100
one:115110523	path:one01100
one:115110524	path:one01100
one:115110537	path:one01100
one:115110540	path:one01100
one:115110546	path:one01100
one:115110614	path:one01100
one:115110615	path:one01100
one:115110616	path:one01100
one:115110645	path:one01100
one:115110646	path:one01100
one:115110655	path:one01100
one:115110669	path:one01100
one:115110671	path:one01100
one:115110707	path:one01100
one:115110721	path:one01100
one:115110728	path:one01100
one:115110747	path:one01100
one:115110758	path:one01100
one:115110759	path:one01100
one:115110761	path:one01100
one:115110765	path:one01100
one:115110771	path:one01100
one:115110772	path:one01100
one:115110806	path:one01100
one:115110822	path:one01100
one:115110842	path:one01100
one:115110884	path:one01100
one:115110891	path:one01100
one:115110921	path:one01100
one:115110926	path:one01100
one:115110976	path:one01100
one:115110978	path:one01100
one:115110985	path:one01100
one:115110986	path:one01100
one:115110990	path:one01100
one:115111015	path:one01100
one:115111019	path:one01100
one:115111020	path:one01100
one:115111024	path:one01100
one:115111035	path:one01100
one:115111045	path:one01100
one:115111046	path:one01100
one:115111077	path:one01100
one:115111091	path:one01100
one:115111123	path:one01100
one:115111128	path:one01100
one:115111137	path:one01100
one:115111179	path:one01100
one:115111191	path:one01100
one:115111247	path:one01100
one:115111261	path:one01100
one:115111268	path:one01100
one:115111275	path:one01100
one:115111283	path:one01100
one:115111329	path:one01100
one:115111335	path:one01100
one:115111356	path:one01100
one:115111375	path:one01100
one:115111384	path:one01100
one:115111402	path:one01100
one:115111413	path:one01100
one:115111433	path:one01100
one:115111434	path:one01100
one:115111436	path:one01100
one:115111439	path:one01100
one:115111441	path:one01100
one:115111462	path:one01100
one:115111471	path:one01100
one:115111476	path:one01100
one:115111490	path:one01100
one:115111500	path:one01100
one:115111501	path:one01100
one:115111509	path:one01100
one:115111574	path:one01100
one:115111577	path:one01100
one:115111591	path:one01100
one:115111601	path:one01100
one:115111602	path:one01100
one:115111616	path:one01100
one:115111631	path:one01100
one:115111635	path:one01100
one:115111639	path:one01100
one:115111640	path:one01100
one:115111656	path:one01100
one:115111670	path:one01100
one:115111702	path:one01100
one:115111705	path:one01100
one:115111712	path:one01100
one:115111718	path:one01100
one:115111739	path:one01100
one:115111740	path:one01100
one:115111747	path:one01100
one:115111772	path:one01100
one:115111777	path:one01100
one:115111815	path:one01100
one:115111821	path:one01100
one:115111834	path:one01100
one:115111838	path:one01100
one:115111839	path:one01100
one:115111849	path:one01100
one:115111850	path:one01100
one:115111874	path:one01100
one:115111886	path:one01100
one:115111902	path:one01100
one:115111915	path:one01100
one:115111982	path:one01100
one:115111997	path:one01100
one:115112014	path:one01100
one:115112017	path:one01100
one:115112039	path:one01100
one:115112061	path:one01100
one:115112067	path:one01100
one:115112071	path:one01100
one:115112075	path:one01100
one:115112100	path:one01100
one:115112116	path:one01100
one:115112120	path:one01100
one:115112127	path:one01100
one:115112139	path:one01100
one:115112146	path:one01100
one:115112157	path:one01100
one:115112168	path:one01100
one:115112171	path:one01100
one:115112173	path:one01100
one:115112194	path:one01100
one:115112196	path:one01100
one:115112200	path:one01100
one:115112201	path:one01100
one:115112206	path:one01100
one:115112207	path:one01100
one:115112210	path:one01100
one:115112219	path:one01100
one:115112228	path:one01100
one:115112229	path:one01100
one:115112230	path:one01100
one:115112239	path:one01100
one:115112240	path:one01100
one:115112289	path:one01100
one:115112303	path:one01100
one:115112316	path:one01100
one:115112322	path:one01100
one:115112334	path:one01100
one:115112357	path:one01100
one:115112379	path:one01100
one:115112435	path:one01100
one:115112455	path:one01100
one:115112475	path:one01100
one:115112482	path:one01100
one:115112487	path:one01100
one:115112492	path:one01100
one:115112529	path:one01100
one:115112530	path:one01100
one:115112540	path:one01100
one:115112549	path:one01100
one:115112685	path:one01100
one:115112700	path:one01100
one:115112719	path:one01100
one:115112761	path:one01100
one:115112845	path:one01100
one:115112871	path:one01100
one:115112893	path:one01100
one:115112916	path:one01100
one:115112917	path:one01100
one:115112929	path:one01100
one:115112962	path:one01100
one:115112976	path:one01100
one:115112982	path:one01100
one:115112994	path:one01100
one:115113011	path:one01100
one:115113020	path:one01100
one:115113021	path:one01100
one:115113025	path:one01100
one:115113033	path:one01100
one:115113034	path:one01100
one:115113038	path:one01100
one:115113039	path:one01100
one:115113044	path:one01100
one:115113060	path:one01100
one:115113064	path:one01100
one:115113065	path:one01100
one:115113080	path:one01100
one:115113091	path:one01100
one:115113112	path:one01100
one:115113114	path:one01100
one:115113127	path:one01100
one:115113130	path:one01100
one:115113149	path:one01100
one:115113165	path:one01100
one:115113168	path:one01100
one:115113219	path:one01100
one:115113222	path:one01100
one:115113229	path:one01100
one:115113237	path:one01100
one:115113246	path:one01100
one:115113259	path:one01100
one:115113260	path:one01100
one:115113267	path:one01100
one:115113288	path:one01100
one:115113292	path:one01100
one:115113296	path:one01100
one:115113325	path:one01100
one:115113335	path:one01100
one:115113338	path:one01100
one:115113342	path:one01100
one:115113343	path:one01100
one:115113360	path:one01100
one:115113373	path:one01100
one:115113388	path:one01100
one:115113389	path:one01100
one:115113391	path:one01100
one:115113394	path:one01100
one:115113398	path:one01100
one:115113400	path:one01100
one:115113430	path:one01100
one:115113437	path:one01100
one:115113439	path:one01100
one:115113453	path:one01100
one:115113476	path:one01100
one:115113482	path:one01100
one:115113486	path:one01100
one:115113490	path:one01100
one:115113495	path:one01100
one:115113510	path:one01100
one:115113517	path:one01100
one:115113531	path:one01100
one:115113540	path:one01100
one:115113560	path:one01100
one:115113561	path:one01100
one:115113565	path:one01100
one:115113572	path:one01100
one:115113588	path:one01100
one:115113589	path:one01100
one:115113591	path:one01100
one:115113594	path:one01100
one:115113613	path:one01100
one:115113617	path:one01100
one:115113623	path:one01100
one:115113629	path:one01100
one:115113630	path:one01100
one:115113634	path:one01100
one:115113656	path:one01100
one:115113675	path:one01100
one:115113690	path:one01100
one:115113702	path:one01100
one:115113763	path:one01100
one:115113769	path:one01100
one:115113782	path:one01100
one:115113794	path:one01100
one:115113803	path:one01100
one:115113815	path:one01100
one:115113842	path:one01100
one:115113852	path:one01100
one:115113873	path:one01100
one:115113922	path:one01100
one:115113942	path:one01100
one:115113946	path:one01100
one:115113949	path:one01100
one:115113960	path:one01100
one:115113988	path:one01100
one:115114032	path:one01100
one:115114041	path:one01100
one:115114051	path:one01100
one:115114118	path:one01100
one:115114123	path:one01100
one:115114130	path:one01100
one:115114142	path:one01100
one:115114145	path:one01100
one:115114151	path:one01100
one:115114160	path:one01100
one:115114170	path:one01100
one:115114194	path:one01100
one:115114225	path:one01100
one:115114235	path:one01100
one:115114247	path:one01100
one:115114263	path:one01100
one:115114277	path:one01100
one:115114284	path:one01100
one:115114290	path:one01100
one:115114309	path:one01100
one:115114317	path:one01100
one:115114344	path:one01100
one:115114346	path:one01100
one:115114355	path:one01100
one:115114377	path:one01100
one:115114403	path:one01100
one:115114420	path:one01100
one:115114421	path:one01100
one:115114433	path:one01100
one:115114443	path:one01100
one:115114447	path:one01100
one:115114455	path:one01100
one:115114471	path:one01100
one:115114483	path:one01100
one:115114484	path:one01100
one:115114491	path:one01100
one:115114498	path:one01100
one:115114521	path:one01100
one:115114534	path:one01100
one:115114543	path:one01100
one:115114549	path:one01100
one:115114555	path:one01100
one:115114567	path:one01100
one:115114571	path:one01100
one:115114594	path:one01100
one:115114605	path:one01100
one:115114610	path:one01100
one:115114612	path:one01100
one:115114631	path:one01100
one:115114709	path:one01100
one:115114710	path:one01100
one:115114714	path:one01100
one:115114715	path:one01100
one:115114716	path:one01100
one:115114749	path:one01100
one:115114758	path:one01100
one:115114761	path:one01100
one:115114766	path:one01100
one:115114789	path:one01100
one:115114859	path:one01100
one:115114860	path:one01100
one:115114862	path:one01100
one:115114973	path:one01100
one:115114980	path:one01100
one:115115032	path:one01100
one:115115088	path:one01100
one:115115089	path:one01100
one:115115094	path:one01100
one:115115099	path:one01100
one:115115104	path:one01100
one:115115166	path:one01100
one:115115254	path:one01100
one:115115336	path:one01100
one:115115359	path:one01100
one:115115418	path:one01100
one:115115419	path:one01100
one:115115430	path:one01100
one:115115536	path:one01100
one:115115571	path:one01100
one:115115583	path:one01100
one:115115615	path:one01100
one:115115624	path:one01100
one:115115646	path:one01100
one:115115648	path:one01100
one:115115747	path:one01100
one:115115788	path:one01100
one:115115804	path:one01100
one:115115805	path:one01100
one:115115881	path:one01100
one:115115907	path:one01100
one:115115913	path:one01100
one:115115929	path:one01100
one:115115934	path:one01100
one:115115952	path:one01100
one:115116005	path:one01100
one:115116044	path:one01100
one:115116111	path:one01100
one:115116132	path:one01100
one:115116138	path:one01100
one:115116215	path:one01100
one:115116217	path:one01100
one:115116225	path:one01100
one:115116302	path:one01100
one:115116328	path:one01100
one:115116349	path:one01100
one:115116354	path:one01100
one:115116375	path:one01100
one:115116417	path:one01100
one:115116423	path:one01100
one:115116455	path:one01100
one:115116456	path:one01100
one:115116498	path:one01100
one:115116565	path:one01100
one:115116662	path:one01100
one:115116666	path:one01100
one:115116668	path:one01100
one:115116705	path:one01100
one:115116706	path:one01100
one:115116727	path:one01100
one:115116747	path:one01100
one:115116763	path:one01100
one:115116861	path:one01100
one:115116869	path:one01100
one:115116883	path:one01100
one:115116925	path:one01100
one:115117022	path:one01100
one:115117026	path:one01100
one:115117107	path:one01100
one:115117118	path:one01100
one:115117171	path:one01100
one:115117275	path:one01100
one:115117282	path:one01100
one:115117311	path:one01100
one:115117335	path:one01100
one:115117337	path:one01100
one:115117383	path:one01100
one:115117514	path:one01100
one:115117565	path:one01100
one:115117575	path:one01100
one:115117582	path:one01100
one:115117608	path:one01100
one:115117646	path:one01100
one:115117685	path:one01100
one:115117695	path:one01100
one:115117702	path:one01100
one:115117768	path:one01100
one:115117835	path:one01100
one:115117850	path:one01100
one:115117879	path:one01100
one:115117891	path:one01100
one:115117936	path:one01100
one:115117971	path:one01100
one:115118037	path:one01100
one:115118053	path:one01100
one:115118064	path:one01100
one:115118072	path:one01100
one:115118082	path:one01100
one:115118093	path:one01100
one:115118143	path:one01100
one:115118155	path:one01100
one:115118156	path:one01100
one:115118188	path:one01100
one:115118189	path:one01100
one:115118259	path:one01100
one:115118273	path:one01100
one:115118281	path:one01100
one:115118285	path:one01100
one:115118296	path:one01100
one:115118343	path:one01100
one:115118355	path:one01100
one:115118405	path:one01100
one:115118410	path:one01100
one:115118452	path:one01100
one:115118453	path:one01100
one:115118459	path:one01100
one:115118467	path:one01100
one:115118582	path:one01100
one:115118596	path:one01100
one:115118606	path:one01100
one:115118650	path:one01100
one:115118658	path:one01100
one:115118671	path:one01100
one:115118672	path:one01100
one:115118691	path:one01100
one:115118700	path:one01100
one:115118706	path:one01100
one:115118751	path:one01100
one:115118775	path:one01100
one:115118776	path:one01100
one:115118796	path:one01100
one:115118838	path:one01100
one:115118840	path:one01100
one:115118957	path:one01100
one:115118970	path:one01100
one:115119005	path:one01100
one:115119021	path:one01100
one:115119082	path:one01100
one:115119085	path:one01100
one:115119097	path:one01100
one:115119134	path:one01100
one:115119144	path:one01100
one:115119147	path:one01100
one:115119151	path:one01100
one:115119155	path:one01100
one:115119184	path:one01100
one:115119238	path:one01100
one:115119249	path:one01100
one:115119267	path:one01100
one:115119296	path:one01100
one:115119337	path:one01100
one:115119414	path:one01100
one:115119417	path:one01100
one:115119422	path:one01100
one:115119426	path:one01100
one:115119429	path:one01100
one:115119431	path:one01100
one:115119498	path:one01100
one:115119537	path:one01100
one:115119538	path:one01100
one:115119577	path:one01100
one:115119579	path:one01100
one:115119615	path:one01100
one:115119666	path:one01100
one:115119707	path:one01100
one:115119926	path:one01100
one:115119987	path:one01100
one:115120017	path:one01100
one:115120065	path:one01100
one:115120073	path:one01100
one:115120101	path:one01100
one:115120120	path:one01100
one:115120156	path:one01100
one:115120162	path:one01100
one:115120175	path:one01100
one:115120182	path:one01100
one:115120183	path:one01100
one:115120208	path:one01100
one:115120219	path:one01100
one:115120244	path:one01100
one:115120266	path:one01100
one:115120270	path:one01100
one:115120290	path:one01100
one:115120322	path:one01100
one:115120342	path:one01100
one:115120397	path:one01100
one:115120426	path:one01100
one:115120439	path:one01100
one:115120472	path:one01100
one:115120485	path:one01100
one:115120537	path:one01100
one:115120562	path:one01100
one:115120586	path:one01100
one:115120682	path:one01100
one:115120736	path:one01100
one:115120774	path:one01100
one:115120807	path:one01100
one:115120883	path:one01100
one:115120885	path:one01100
one:115120915	path:one01100
one:115120930	path:one01100
one:115120942	path:one01100
one:115120950	path:one01100
one:115120964	path:one01100
one:115121010	path:one01100
one:115121014	path:one01100
one:115121021	path:one01100
one:115121024	path:one01100
one:115121028	path:one01100
one:115121032	path:one01100
one:115121040	path:one01100
one:115121047	path:one01100
one:115121049	path:one01100
one:115121054	path:one01100
one:115121058	path:one01100
one:115121083	path:one01100
one:115121086	path:one01100
one:115121129	path:one01100
one:115121138	path:one01100
one:115121140	path:one01100
one:115121148	path:one01100
one:115121161	path:one01100
one:115121181	path:one01100
one:115121186	path:one01100
one:115121207	path:one01100
one:115121214	path:one01100
one:115121255	path:one01100
one:115121256	path:one01100
one:115121265	path:one01100
one:115121298	path:one01100
one:115121311	path:one01100
one:115121312	path:one01100
one:115121375	path:one01100
one:115121486	path:one01100
one:115121505	path:one01100
one:115121514	path:one01100
one:115121523	path:one01100
one:115121524	path:one01100
one:115121568	path:one01100
one:115121614	path:one01100
one:115121652	path:one01100
one:115121664	path:one01100
one:115121666	path:one01100
one:115121675	path:one01100
one:115121694	path:one01100
one:115121723	path:one01100
one:115121737	path:one01100
one:115121742	path:one01100
one:115121789	path:one01100
one:115121793	path:one01100
one:115121853	path:one01100
one:115121856	path:one01100
one:115121941	path:one01100
one:115122038	path:one01100
one:115122042	path:one01100
one:115122080	path:one01100
one:115122096	path:one01100
one:115122119	path:one01100
one:115122138	path:one01100
one:115122139	path:one01100
one:115122192	path:one01100
one:115122218	path:one01100
one:115122265	path:one01100
one:115122305	path:one01100
one:115122349	path:one01100
one:115122377	path:one01100
one:115122400	path:one01100
one:115122451	path:one01100
one:115122495	path:one01100
one:115122496	path:one01100
one:115122498	path:one01100
one:115122517	path:one01100
one:115122532	path:one01100
one:115122635	path:one01100
one:115122670	path:one01100
one:115122716	path:one01100
one:115122717	path:one01100
one:115122721	path:one01100
one:115122723	path:one01100
one:115122774	path:one01100
one:115122789	path:one01100
one:115122807	path:one01100
one:115122820	path:one01100
one:115122832	path:one01100
one:115122869	path:one01100
one:115122876	path:one01100
one:115122935	path:one01100
one:115122959	path:one01100
one:115122973	path:one01100
one:115122985	path:one01100
one:115122993	path:one01100
one:115123080	path:one01100
one:115123085	path:one01100
one:115123114	path:one01100
one:115123121	path:one01100
one:115123124	path:one01100
one:115123129	path:one01100
one:115123145	path:one01100
one:115123209	path:one01100
one:115123271	path:one01100
one:115123272	path:one01100
one:115123273	path:one01100
one:115123317	path:one01100
one:115123339	path:one01100
one:115123341	path:one01100
one:115123347	path:one01100
one:115123382	path:one01100
one:115123399	path:one01100
one:115123402	path:one01100
one:115123453	path:one01100
one:115123468	path:one01100
one:115123474	path:one01100
one:115123484	path:one01100
one:115123485	path:one01100
one:115123517	path:one01100
one:115123536	path:one01100
one:115123537	path:one01100
one:115123622	path:one01100
one:115123630	path:one01100
one:115123663	path:one01100
one:115123710	path:one01100
one:115123726	path:one01100
one:115123733	path:one01100
one:115123738	path:one01100
one:115123794	path:one01100
one:115123820	path:one01100
one:115123836	path:one01100
one:115123851	path:one01100
one:115123893	path:one01100
one:115123912	path:one01100
one:115124003	path:one01100
one:115124051	path:one01100
one:115124052	path:one01100
one:115124117	path:one01100
one:115124120	path:one01100
one:115124173	path:one01100
one:115124192	path:one01100
one:115124203	path:one01100
one:115124238	path:one01100
one:115124239	path:one01100
one:115124247	path:one01100
one:115124261	path:one01100
one:115124262	path:one01100
one:115124277	path:one01100
one:115124299	path:one01100
one:115124313	path:one01100
one:115124325	path:one01100
one:115124335	path:one01100
one:115124348	path:one01100
one:115124381	path:one01100
one:115124479	path:one01100
one:115124493	path:one01100
one:115124511	path:one01100
one:115124619	path:one01100
one:115124623	path:one01100
one:115124626	path:one01100
one:115124631	path:one01100
one:115124688	path:one01100
one:115124733	path:one01100
one:115124735	path:one01100
one:115124744	path:one01100
one:115124760	path:one01100
one:115124767	path:one01100
one:115124847	path:one01100
one:115124863	path:one01100
one:115124881	path:one01100
one:115124886	path:one01100
one:115124931	path:one01100
one:115124975	path:one01100
one:115124985	path:one01100
one:115124994	path:one01100
one:115125013	path:one01100
one:115125015	path:one01100
one:115125018	path:one01100
one:115125044	path:one01100
one:115125051	path:one01100
one:115125060	path:one01100
one:115125070	path:one01100
one:115125120	path:one01100
one:115125126	path:one01100
one:115125154	path:one01100
one:115125159	path:one01100
one:115125163	path:one01100
one:115125201	path:one01100
one:115125232	path:one01100
one:115125258	path:one01100
one:115125281	path:one01100
one:115125296	path:one01100
one:115125297	path:one01100
one:115125322	path:one01100
one:115125326	path:one01100
one:115125335	path:one01100
one:115125380	path:one01100
one:115125418	path:one01100
one:115125423	path:one01100
one:115125434	path:one01100
one:115125444	path:one01100
one:115125449	path:one01100
one:115125460	path:one01100
one:115125484	path:one01100
one:115125495	path:one01100
one:115125505	path:one01100
one:115125509	path:one01100
one:115125518	path:one01100
one:115125526	path:one01100
one:115125576	path:one01100
one:115125586	path:one01100
one:115125593	path:one01100
one:115125603	path:one01100
one:115125615	path:one01100
one:115125616	path:one01100
one:115125623	path:one01100
one:115125666	path:one01100
one:115125686	path:one01100
one:115125694	path:one01100
one:115125771	path:one01100
one:115125773	path:one01100
one:115125774	path:one01100
one:115125800	path:one01100
one:115125824	path:one01100
one:115125846	path:one01100
one:115125871	path:one01100
one:115125872	path:one01100
one:115125890	path:one01100
one:115125896	path:one01100
one:115125918	path:one01100
one:115125936	path:one01100
one:115126007	path:one01100
one:115126009	path:one01100
one:115126022	path:one01100
one:115126061	path:one01100
one:115126080	path:one01100
one:115126100	path:one01100
one:115126107	path:one01100
one:115126122	path:one01100
one:115126136	path:one01100
one:115126154	path:one01100
one:115126191	path:one01100
one:115126209	path:one01100
one:115126225	path:one01100
one:115126274	path:one01100
one:115126314	path:one01100
one:115126318	path:one01100
one:115126421	path:one01100
one:115126441	path:one01100
one:115126484	path:one01100
one:115126486	path:one01100
one:115126489	path:one01100
one:115126503	path:one01100
one:115126628	path:one01100
one:115126650	path:one01100
one:115126674	path:one01100
one:115126767	path:one01100
one:115126778	path:one01100
one:115126800	path:one01100
one:115126844	path:one01100
one:115126853	path:one01100
one:115126857	path:one01100
one:115126931	path:one01100
one:115126993	path:one01100
one:115127009	path:one01100
one:115127024	path:one01100
one:115127070	path:one01100
one:115127098	path:one01100
one:115127099	path:one01100
one:115127127	path:one01100
one:115127205	path:one01100
one:115127209	path:one01100
one:115127371	path:one01100
one:115127480	path:one01100
one:115127516	path:one01100
one:115127526	path:one01100
one:115127546	path:one01100
one:115127551	path:one01100
one:115127560	path:one01100
one:115127606	path:one01100
one:115127641	path:one01100
one:115127679	path:one01100
one:115127696	path:one01100
one:115127737	path:one01100
one:115127746	path:one01100
one:115127782	path:one01100
one:115127830	path:one01100
one:115127850	path:one01100
one:115127863	path:one01100
one:115127895	path:one01100
one:115127930	path:one01100
one:115127936	path:one01100
one:115128055	path:one01100
one:115128059	path:one01100
one:115128060	path:one01100
one:115128063	path:one01100
one:115128068	path:one01100
one:115128089	path:one01100
one:115128110	path:one01100
one:115128117	path:one01100
one:115128175	path:one01100
one:115128181	path:one01100
one:115128185	path:one01100
one:115128210	path:one01100
one:115128218	path:one01100
one:115128219	path:one01100
one:115128231	path:one01100
one:115128270	path:one01100
one:115128277	path:one01100
one:115128279	path:one01100
one:115128285	path:one01100
one:115128292	path:one01100
one:115128299	path:one01100
one:115128315	path:one01100
one:115128327	path:one01100
one:115128329	path:one01100
one:115128351	path:one01100
one:115128352	path:one01100
one:115128359	path:one01100
one:115128361	path:one01100
one:115128392	path:one01100
one:115128415	path:one01100
one:115128417	path:one01100
one:115128423	path:one01100
one:115128434	path:one01100
one:115128437	path:one01100
one:115128449	path:one01100
one:115128456	path:one01100
one:115128481	path:one01100
one:115128486	path:one01100
one:115128521	path:one01100
one:115128548	path:one01100
one:115128571	path:one01100
one:115128576	path:one01100
one:115128586	path:one01100
one:115128587	path:one01100
one:115128594	path:one01100
one:115128595	path:one01100
one:115128625	path:one01100
one:115128635	path:one01100
one:115128640	path:one01100
one:115128668	path:one01100
one:115128691	path:one01100
one:115128695	path:one01100
one:115128727	path:one01100
one:115128736	path:one01100
one:115128742	path:one01100
one:115128797	path:one01100
one:115128941	path:one01100
one:115128953	path:one01100
one:115129013	path:one01100
one:115129040	path:one01100
one:115129063	path:one01100
one:115129130	path:one01100
one:115129160	path:one01100
one:115129185	path:one01100
one:115129191	path:one01100
one:115129232	path:one01100
one:115129233	path:one01100
one:115129238	path:one01100
one:115129247	path:one01100
one:115129262	path:one01100
one:115129263	path:one01100
one:115129272	path:one01100
one:115129275	path:one01100
one:115129288	path:one01100
one:115129314	path:one01100
one:115129323	path:one01100
one:115129332	path:one01100
one:115129333	path:one01100
one:115129348	path:one01100
one:115129349	path:one01100
one:115129368	path:one01100
one:115129370	path:one01100
one:115129374	path:one01100
one:115129404	path:one01100
one:115129413	path:one01100
one:115129449	path:one01100
one:115129455	path:one01100
one:115129457	path:one01100
one:115129471	path:one01100
one:115129493	path:one01100
one:115129530	path:one01100
one:115129533	path:one01100
one:115129546	path:one01100
one:115129550	path:one01100
one:115129560	path:one01100
one:115129571	path:one01100
one:115129573	path:one01100
one:115129578	path:one01100
one:115129611	path:one01100
one:115129624	path:one01100
one:115129626	path:one01100
one:115129628	path:one01100
one:115129629	path:one01100
one:115129646	path:one01100
one:115129647	path:one01100
one:115129650	path:one01100
one:115129671	path:one01100
one:115129674	path:one01100
one:115129679	path:one01100
one:115129684	path:one01100
one:115129706	path:one01100
one:115129715	path:one01100
one:115129724	path:one01100
one:115129745	path:one01100
one:115129761	path:one01100
one:115129765	path:one01100
one:115129802	path:one01100
one:115129807	path:one01100
one:115129884	path:one01100
one:115129946	path:one01100
one:115129948	path:one01100
one:115130077	path:one01100
one:115130087	path:one01100
one:115130118	path:one01100
one:115130119	path:one01100
one:115130125	path:one01100
one:115130135	path:one01100
one:115130147	path:one01100
one:115130171	path:one01100
one:115130173	path:one01100
one:115130191	path:one01100
one:115130198	path:one01100
one:115130207	path:one01100
one:115130229	path:one01100
one:115130234	path:one01100
one:115130242	path:one01100
one:115130247	path:one01100
one:115130261	path:one01100
one:115130263	path:one01100
one:115130290	path:one01100
one:115130303	path:one01100
one:115130311	path:one01100
one:115130320	path:one01100
one:115130325	path:one01100
one:115130346	path:one01100
one:115130368	path:one01100
one:115130380	path:one01100
one:115130382	path:one01100
one:115130433	path:one01100
one:115130461	path:one01100
one:115130476	path:one01100
one:115130512	path:one01100
one:115130521	path:one01100
one:115130530	path:one01100
one:115130544	path:one01100
one:115130546	path:one01100
one:115130553	path:one01100
one:115130593	path:one01100
one:115130596	path:one01100
one:115130602	path:one01100
one:115130639	path:one01100
one:115130678	path:one01100
one:115130679	path:one01100
one:115130681	path:one01100
one:115130721	path:one01100
one:115130741	path:one01100
one:115130791	path:one01100
one:115130799	path:one01100
one:115130803	path:one01100
one:115130809	path:one01100
one:115130810	path:one01100
one:115130825	path:one01100
one:115130837	path:one01100
one:115130839	path:one01100
one:115130849	path:one01100
one:115130856	path:one01100
one:115130868	path:one01100
one:115130869	path:one01100
one:115130891	path:one01100
one:115130932	path:one01100
one:115130933	path:one01100
one:115130934	path:one01100
one:115130984	path:one01100
one:115131013	path:one01100
one:115131067	path:one01100
one:115131105	path:one01100
one:115131142	path:one01100
one:115131188	path:one01100
one:115131254	path:one01100
one:115131279	path:one01100
one:115131303	path:one01100
one:115131324	path:one01100
one:115131330	path:one01100
one:115131337	path:one01100
one:115131351	path:one01100
one:115131359	path:one01100
one:115131372	path:one01100
one:115131400	path:one01100
one:115131403	path:one01100
one:115131424	path:one01100
one:115131451	path:one01100
one:115131480	path:one01100
one:115131502	path:one01100
one:115131522	path:one01100
one:115131549	path:one01100
one:115131561	path:one01100
one:115131563	path:one01100
one:115131566	path:one01100
one:115131584	path:one01100
one:115131608	path:one01100
one:115131638	path:one01100
one:115131639	path:one01100
one:115131646	path:one01100
one:115131669	path:one01100
one:115131673	path:one01100
one:115131690	path:one01100
one:115131708	path:one01100
one:115131715	path:one01100
one:115131723	path:one01100
one:115131731	path:one01100
one:115131741	path:one01100
one:115131752	path:one01100
one:115131766	path:one01100
one:115131772	path:one01100
one:115131782	path:one01100
one:115131798	path:one01100
one:115131800	path:one01100
one:115131850	path:one01100
one:115131870	path:one01100
one:115131912	path:one01100
one:115131919	path:one01100
one:115131922	path:one01100
one:115131924	path:one01100
one:115131929	path:one01100
one:115131938	path:one01100
one:115131951	path:one01100
one:115131955	path:one01100
one:115131967	path:one01100
one:115131974	path:one01100
one:115131978	path:one01100
one:115131989	path:one01100
one:115131991	path:one01100
one:115132008	path:one01100
one:115132021	path:one01100
one:115132037	path:one01100
one:115132045	path:one01100
one:115132052	path:one01100
one:115132054	path:one01100
one:115132076	path:one01100
one:115132092	path:one01100
one:115132099	path:one01100
one:115132107	path:one01100
one:115132121	path:one01100
one:115132135	path:one01100
one:115132137	path:one01100
one:115132146	path:one01100
one:115132173	path:one01100
one:115132192	path:one01100
one:115132193	path:one01100
one:115132200	path:one01100
one:115132203	path:one01100
one:115132207	path:one01100
one:115132227	path:one01100
one:115132243	path:one01100
one:115132253	path:one01100
one:115132281	path:one01100
one:115132282	path:one01100
one:115132316	path:one01100
one:115132329	path:one01100
one:115132345	path:one01100
one:115132350	path:one01100
one:115132360	path:one01100
one:115132392	path:one01100
one:115132396	path:one01100
one:115132419	path:one01100
one:115132423	path:one01100
one:115132444	path:one01100
one:115132456	path:one01100
one:115132458	path:one01100
one:115132460	path:one01100
one:115132488	path:one01100
one:115132513	path:one01100
one:115132514	path:one01100
one:115132516	path:one01100
one:115132550	path:one01100
one:115132559	path:one01100
one:115132574	path:one01100
one:115132659	path:one01100
one:115132671	path:one01100
one:115132713	path:one01100
one:115132727	path:one01100
one:115132748	path:one01100
one:115132778	path:one01100
one:115132781	path:one01100
one:115132806	path:one01100
one:115132815	path:one01100
one:115132854	path:one01100
one:115132924	path:one01100
one:115132936	path:one01100
one:115132942	path:one01100
one:115132988	path:one01100
one:115132993	path:one01100
one:115132995	path:one01100
one:115133024	path:one01100
one:115133030	path:one01100
one:115133040	path:one01100
one:115133045	path:one01100
one:115133047	path:one01100
one:115133048	path:one01100
one:115133049	path:one01100
one:115133051	path:one01100
one:115133083	path:one01100
one:115133088	path:one01100
one:115133094	path:one01100
one:115133126	path:one01100
one:115133131	path:one01100
one:115133133	path:one01100
one:115133149	path:one01100
one:115133159	path:one01100
one:115133160	path:one01100
one:115133170	path:one01100
one:115133174	path:one01100
one:115133185	path:one01100
one:115133187	path:one01100
one:115133197	path:one01100
one:115133212	path:one01100
one:115133217	path:one01100
one:115133233	path:one01100
one:115133268	path:one01100
one:115133272	path:one01100
one:115133275	path:one01100
one:115133276	path:one01100
one:115133293	path:one01100
one:115133299	path:one01100
one:115133302	path:one01100
one:115133313	path:one01100
one:115133333	path:one01100
one:115133350	path:one01100
one:115133390	path:one01100
one:115133410	path:one01100
one:115133421	path:one01100
one:115133428	path:one01100
one:115133438	path:one01100
one:115133470	path:one01100
one:115133508	path:one01100
one:115133521	path:one01100
one:115133548	path:one01100
one:115133558	path:one01100
one:115133560	path:one01100
one:115133621	path:one01100
one:115133635	path:one01100
one:115133680	path:one01100
one:115133691	path:one01100
one:115133703	path:one01100
one:115133706	path:one01100
one:115133707	path:one01100
one:115133727	path:one01100
one:115133741	path:one01100
one:115133758	path:one01100
one:115133766	path:one01100
one:115133807	path:one01100
one:115133823	path:one01100
one:115133824	path:one01100
one:115133825	path:one01100
one:115133921	path:one01100
one:115133925	path:one01100
one:115133935	path:one01100
one:115133937	path:one01100
one:115133953	path:one01100
one:115133981	path:one01100
one:115133983	path:one01100
one:115133988	path:one01100
one:115133991	path:one01100
one:115134001	path:one01100
one:115134007	path:one01100
one:115134032	path:one01100
one:115134033	path:one01100
one:115134050	path:one01100
one:115134051	path:one01100
one:115134052	path:one01100
one:115134053	path:one01100
one:115134057	path:one01100
one:115134061	path:one01100
one:115134080	path:one01100
one:115134083	path:one01100
one:115134104	path:one01100
one:115134171	path:one01100
one:115134184	path:one01100
one:115134193	path:one01100
one:115134198	path:one01100
one:115134204	path:one01100
one:115134205	path:one01100
one:115134206	path:one01100
one:115134227	path:one01100
one:115134264	path:one01100
one:115134268	path:one01100
one:115134271	path:one01100
one:115134273	path:one01100
one:115134274	path:one01100
one:115134283	path:one01100
one:115134299	path:one01100
one:115134311	path:one01100
one:115134320	path:one01100
one:115134322	path:one01100
one:115134345	path:one01100
one:115134358	path:one01100
one:115134367	path:one01100
one:115134375	path:one01100
one:115134389	path:one01100
one:115134402	path:one01100
one:115134455	path:one01100
one:115134466	path:one01100
one:115134473	path:one01100
one:115134476	path:one01100
one:115134509	path:one01100
one:115134515	path:one01100
one:115134524	path:one01100
one:115134530	path:one01100
one:115134533	path:one01100
one:115134535	path:one01100
one:115134536	path:one01100
one:115134556	path:one01100
one:115134561	path:one01100
one:115134590	path:one01100
one:115134596	path:one01100
one:115134617	path:one01100
one:115134620	path:one01100
one:115134621	path:one01100
one:115134625	path:one01100
one:115134635	path:one01100
one:115134636	path:one01100
one:115134644	path:one01100
one:115134683	path:one01100
one:115134704	path:one01100
one:115134708	path:one01100
one:115134719	path:one01100
one:115134736	path:one01100
one:115134738	path:one01100
one:115134759	path:one01100
one:115134781	path:one01100
one:115134790	path:one01100
one:115134795	path:one01100
one:115134796	path:one01100
one:115134799	path:one01100
one:115134813	path:one01100
one:115134914	path:one01100
one:115134949	path:one01100
one:115134950	path:one01100
one:115134961	path:one01100
one:115134975	path:one01100
one:115134978	path:one01100
one:115135016	path:one01100
one:115135021	path:one01100
one:115135035	path:one01100
one:115135054	path:one01100
one:115135078	path:one01100
one:115135099	path:one01100
one:115135100	path:one01100
one:115135101	path:one01100
one:115135102	path:one01100
one:115135104	path:one01100
one:115135120	path:one01100
one:115135123	path:one01100
one:115135140	path:one01100
one:115135148	path:one01100
one:115135169	path:one01100
one:115135182	path:one01100
one:115135202	path:one01100
one:115135205	path:one01100
one:115135210	path:one01100
one:115135239	path:one01100
one:115135255	path:one01100
one:115135264	path:one01100
one:115135265	path:one01100
one:115135291	path:one01100
one:115135306	path:one01100
one:115135307	path:one01100
one:115135311	path:one01100
one:115135312	path:one01100
one:115135319	path:one01100
one:115135321	path:one01100
one:115135357	path:one01100
one:115135359	path:one01100
one:115135362	path:one01100
one:115135390	path:one01100
one:115135394	path:one01100
one:115135396	path:one01100
one:115135450	path:one01100
one:115135455	path:one01100
one:115135462	path:one01100
one:115135472	path:one01100
one:115135513	path:one01100
one:115135528	path:one01100
one:115135536	path:one01100
one:115135541	path:one01100
one:115135546	path:one01100
one:115135548	path:one01100
one:115135561	path:one01100
one:115135569	path:one01100
one:115135581	path:one01100
one:115135620	path:one01100
one:115135622	path:one01100
one:115135653	path:one01100
one:115135673	path:one01100
one:115135711	path:one01100
one:115135770	path:one01100
one:115135796	path:one01100
one:115135797	path:one01100
one:115135798	path:one01100
one:115135804	path:one01100
one:115135815	path:one01100
one:115135824	path:one01100
one:115135832	path:one01100
one:115135834	path:one01100
one:115135838	path:one01100
one:115135839	path:one01100
one:115135853	path:one01100
one:115135873	path:one01100
one:115135875	path:one01100
one:115135887	path:one01100
one:115135895	path:one01100
one:115135896	path:one01100
one:115135916	path:one01100
one:115135931	path:one01100
one:115135948	path:one01100
one:115135951	path:one01100
one:115135968	path:one01100
one:115136036	path:one01100
one:115136045	path:one01100
one:115136093	path:one01100
one:115136122	path:one01100
one:115136129	path:one01100
one:115136157	path:one01100
one:115136161	path:one01100
one:115136165	path:one01100
one:115136190	path:one01100
one:115136198	path:one01100
one:115136236	path:one01100
one:115136237	path:one01100
one:115136239	path:one01100
one:115136251	path:one01100
one:115136313	path:one01100
one:115136320	path:one01100
one:115136321	path:one01100
one:115136328	path:one01100
one:115136340	path:one01100
one:115136344	path:one01100
one:115136350	path:one01100
one:115136404	path:one01100
one:115136406	path:one01100
one:115136440	path:one01100
one:115136441	path:one01100
one:115136445	path:one01100
one:115136485	path:one01100
one:115136572	path:one01100
one:115136573	path:one01100
one:115136609	path:one01100
one:115136628	path:one01100
one:115136637	path:one01100
one:115136659	path:one01100
one:115136662	path:one01100
one:115136683	path:one01100
one:115136711	path:one01100
one:115136718	path:one01100
one:115136747	path:one01100
one:115136764	path:one01100
one:115136770	path:one01100
one:115136777	path:one01100
one:115136779	path:one01100
one:115136795	path:one01100
one:115136804	path:one01100
one:115136815	path:one01100
one:115136819	path:one01100
one:115136867	path:one01100
one:115136882	path:one01100
one:115136895	path:one01100
one:115136924	path:one01100
one:115136946	path:one01100
one:115136990	path:one01100
one:115137038	path:one01100
one:115137042	path:one01100
one:115137059	path:one01100
one:115137072	path:one01100
one:115137105	path:one01100
one:115137111	path:one01100
one:115137115	path:one01100
one:115137125	path:one01100
one:115137146	path:one01100
one:115137151	path:one01100
one:115137193	path:one01100
one:115137213	path:one01100
one:115137220	path:one01100
one:115137233	path:one01100
one:115137234	path:one01100
one:115137258	path:one01100
one:115137266	path:one01100
one:115137269	path:one01100
one:115137314	path:one01100
one:115137319	path:one01100
one:115137330	path:one01100
one:115137336	path:one01100
one:115137352	path:one01100
one:115137363	path:one01100
one:115137365	path:one01100
one:115137371	path:one01100
one:115137480	path:one01100
one:115137490	path:one01100
one:115137545	path:one01100
one:115137568	path:one01100
one:115137609	path:one01100
one:115137722	path:one01100
one:115137747	path:one01100
one:115137805	path:one01100
one:115137929	path:one01100
one:115137942	path:one01100
one:115137946	path:one01100
one:115137959	path:one01100
one:115137960	path:one01100
one:115137966	path:one01100
one:115137972	path:one01100
one:115137999	path:one01100
one:115138006	path:one01100
one:115138070	path:one01100
one:115138089	path:one01100
one:115138119	path:one01100
one:115138171	path:one01100
one:115138186	path:one01100
one:115138191	path:one01100
one:115138198	path:one01100
one:115138226	path:one01100
one:115138249	path:one01100
one:115138251	path:one01100
one:115138254	path:one01100
one:115138265	path:one01100
one:115138266	path:one01100
one:115138268	path:one01100
one:115138319	path:one01100
one:115138327	path:one01100
one:115138339	path:one01100
one:115138342	path:one01100
one:115138347	path:one01100
one:115138359	path:one01100
one:115138366	path:one01100
one:115138374	path:one01100
one:115138378	path:one01100
one:115138408	path:one01100
one:115138409	path:one01100
one:115138430	path:one01100
one:115138441	path:one01100
one:115138451	path:one01100
one:115138458	path:one01100
one:115138492	path:one01100
one:115138501	path:one01100
one:115138517	path:one01100
one:115138523	path:one01100
one:115138525	path:one01100
one:115138552	path:one01100
one:115138587	path:one01100
one:115138594	path:one01100
one:115138597	path:one01100
one:115138620	path:one01100
one:115138634	path:one01100
one:115138649	path:one01100
one:115138728	path:one01100
one:115138729	path:one01100
one:115138738	path:one01100
one:115138745	path:one01100
one:115138771	path:one01100
one:115138842	path:one01100
one:115138843	path:one01100
one:115138849	path:one01100
one:115138898	path:one01100
one:115138951	path:one01100
one:115138966	path:one01100
one:115138997	path:one01100
one:115139006	path:one01100
one:115139140	path:one01100
one:115139156	path:one01100
one:115139157	path:one01100
one:115139163	path:one01100
one:115139165	path:one01100
one:115139171	path:one01100
one:115139182	path:one01100
one:115139186	path:one01100
one:115139205	path:one01100
one:115139206	path:one01100
one:115139250	path:one01100
one:115139263	path:one01100
one:115139267	path:one01100
one:115139270	path:one01100
one:115139284	path:one01100
one:115139286	path:one01100
one:115139301	path:one01100
one:115139304	path:one01100
one:115139309	path:one01100
one:115139313	path:one01100
one:115139323	path:one01100
one:115139332	path:one01100
one:115139343	path:one01100
one:115139349	path:one01100
one:115139361	path:one01100
one:115139375	path:one01100
one:115139378	path:one01100
one:115139385	path:one01100
one:115139388	path:one01100
one:115139401	path:one01100
one:115139415	path:one01100
one:115139444	path:one01100
one:115139472	path:one01100
one:115139494	path:one01100
one:115139515	path:one01100
one:115139545	path:one01100
one:115139547	path:one01100
one:115139573	path:one01100
one:115139608	path:one01100
one:115139617	path:one01100
one:115139620	path:one01100
one:115139636	path:one01100
one:115139646	path:one01100
one:115139663	path:one01100
one:115139699	path:one01100
one:115139733	path:one01100
one:115139749	path:one01100
one:115139750	path:one01100
one:115139760	path:one01100
one:115139767	path:one01100
one:115139768	path:one01100
one:115139788	path:one01100
one:115139800	path:one01100
one:115139809	path:one01100
one:115139814	path:one01100
one:115139823	path:one01100
one:115139824	path:one01100
one:115139834	path:one01100
one:115139840	path:one01100
one:115139842	path:one01100
one:115139855	path:one01100
one:115139858	path:one01100
one:115139862	path:one01100
one:115139864	path:one01100
one:115139865	path:one01100
one:115139893	path:one01100
one:115139902	path:one01100
one:115139908	path:one01100
one:115139924	path:one01100
one:115139937	path:one01100
one:115139938	path:one01100
one:115139947	path:one01100
one:115139952	path:one01100
one:115140017	path:one01100
one:115140020	path:one01100
one:115140031	path:one01100
one:115140036	path:one01100
one:115140042	path:one01100
one:115140043	path:one01100
one:115140054	path:one01100
one:115140055	path:one01100
one:115140068	path:one01100
one:115140072	path:one01100
one:115140084	path:one01100
one:115140089	path:one01100
one:115140091	path:one01100
one:115140099	path:one01100
one:115140109	path:one01100
one:115140122	path:one01100
one:115140150	path:one01100
one:115140158	path:one01100
one:115140159	path:one01100
one:115140166	path:one01100
one:115140188	path:one01100
one:115140198	path:one01100
one:115140205	path:one01100
one:115140207	path:one01100
one:115140211	path:one01100
one:115140216	path:one01100
one:115140238	path:one01100
one:115140243	path:one01100
one:115140278	path:one01100
one:115140285	path:one01100
one:115140289	path:one01100
one:115140290	path:one01100
one:115140299	path:one01100
one:115140300	path:one01100
one:115140301	path:one01100
one:115140308	path:one01100
one:115140326	path:one01100
one:115140349	path:one01100
one:115140350	path:one01100
one:115140359	path:one01100
one:115140363	path:one01100
one:115140388	path:one01100
one:115140396	path:one01100
one:115140427	path:one01100
one:115140432	path:one01100
one:115140444	path:one01100
one:115140449	path:one01100
one:115140450	path:one01100
one:115140497	path:one01100
one:115140508	path:one01100
one:115140537	path:one01100
one:115140540	path:one01100
one:115140542	path:one01100
one:115140578	path:one01100
one:115140652	path:one01100
one:115140704	path:one01100
one:115140761	path:one01100
one:115140807	path:one01100
one:115140813	path:one01100
one:115140822	path:one01100
one:115140838	path:one01100
one:115140890	path:one01100
one:115140891	path:one01100
one:115140896	path:one01100
one:115140908	path:one01100
one:115140910	path:one01100
one:115140919	path:one01100
one:115140930	path:one01100
one:115140934	path:one01100
one:115140935	path:one01100
one:115140947	path:one01100
one:115140956	path:one01100
one:115140957	path:one01100
one:115140959	path:one01100
one:115140990	path:one01100
one:115141002	path:one01100
one:115141004	path:one01100
one:115141005	path:one01100
one:115141038	path:one01100
one:115141050	path:one01100
one:115141089	path:one01100
one:115141139	path:one01100
one:115141141	path:one01100
one:115141151	path:one01100
one:115141165	path:one01100
one:115141175	path:one01100
one:115141202	path:one01100
one:115141231	path:one01100
one:115141233	path:one01100
one:115141301	path:one01100
one:115141324	path:one01100
one:115141348	path:one01100
one:115141376	path:one01100
one:115141388	path:one01100
one:115141395	path:one01100
one:115141398	path:one01100
one:115141418	path:one01100
one:115141424	path:one01100
one:115141443	path:one01100
one:115141464	path:one01100
one:115141487	path:one01100
one:115141498	path:one01100
one:115141503	path:one01100
one:115141505	path:one01100
one:115141548	path:one01100
one:115141552	path:one01100
one:115141572	path:one01100
one:115141596	path:one01100
one:115141673	path:one01100
one:115141695	path:one01100
one:115141705	path:one01100
one:115141709	path:one01100
one:115141717	path:one01100
one:115141762	path:one01100
one:115141777	path:one01100
one:115141786	path:one01100
one:115141802	path:one01100
one:115141812	path:one01100
one:115141815	path:one01100
one:115141818	path:one01100
one:115141912	path:one01100
one:115141918	path:one01100
one:115141925	path:one01100
one:115141939	path:one01100
one:115141944	path:one01100
one:115141960	path:one01100
one:115141962	path:one01100
one:115141963	path:one01100
one:115141974	path:one01100
one:115141988	path:one01100
one:115141991	path:one01100
one:115141997	path:one01100
one:115142000	path:one01100
one:115142010	path:one01100
one:115142016	path:one01100
one:115142093	path:one01100
one:115142115	path:one01100
one:115142177	path:one01100
one:115142270	path:one01100
one:115142373	path:one01100
one:115142409	path:one01100
one:115142515	path:one01100
one:115142558	path:one01100
one:115142559	path:one01100
one:115142566	path:one01100
one:115142570	path:one01100
one:115142574	path:one01100
one:115142587	path:one01100
one:115142593	path:one01100
one:115142597	path:one01100
one:115142614	path:one01100
one:115142636	path:one01100
one:115142663	path:one01100
one:115142693	path:one01100
one:115142709	path:one01100
one:115142723	path:one01100
one:115142732	path:one01100
one:115142734	path:one01100
one:115142758	path:one01100
one:115142781	path:one01100
one:115142811	path:one01100
one:115142853	path:one01100
one:115142862	path:one01100
one:115142868	path:one01100
one:115142920	path:one01100
one:115142939	path:one01100
one:115142942	path:one01100
one:115142943	path:one01100
one:115142947	path:one01100
one:115142948	path:one01100
one:115142963	path:one01100
one:115142972	path:one01100
one:115142981	path:one01100
one:115142990	path:one01100
one:115143021	path:one01100
one:115143032	path:one01100
one:115143033	path:one01100
one:115143035	path:one01100
one:115143040	path:one01100
one:115143087	path:one01100
one:115143122	path:one01100
one:115143144	path:one01100
one:115143150	path:one01100
one:115143155	path:one01100
one:115143172	path:one01100
one:115143173	path:one01100
one:115143179	path:one01100
one:115143188	path:one01100
one:115143200	path:one01100
one:115143221	path:one01100
one:115143239	path:one01100
one:115143253	path:one01100
one:115143264	path:one01100
one:115143269	path:one01100
one:115143273	path:one01100
one:115143274	path:one01100
one:115143282	path:one01100
one:115143307	path:one01100
one:115143310	path:one01100
one:115143323	path:one01100
one:115143334	path:one01100
one:115143339	path:one01100
one:115143344	path:one01100
one:115143345	path:one01100
one:115143395	path:one01100
one:115143401	path:one01100
one:115143428	path:one01100
one:115143434	path:one01100
one:115143443	path:one01100
one:115143445	path:one01100
one:115143453	path:one01100
one:115143456	path:one01100
one:115143517	path:one01100
one:115143532	path:one01100
one:115143579	path:one01100
one:115143587	path:one01100
one:115143588	path:one01100
one:115143597	path:one01100
one:115143646	path:one01100
one:115143688	path:one01100
one:115143729	path:one01100
one:115143753	path:one01100
one:115143757	path:one01100
one:115143894	path:one01100
one:115143918	path:one01100
one:115143933	path:one01100
one:115143935	path:one01100
one:115143961	path:one01100
one:115143979	path:one01100
one:115143986	path:one01100
one:115144018	path:one01100
one:115144019	path:one01100
one:115144029	path:one01100
one:115144032	path:one01100
one:115144044	path:one01100
one:115144052	path:one01100
one:115144055	path:one01100
one:115144056	path:one01100
one:115144057	path:one01100
one:115144063	path:one01100
one:115144069	path:one01100
one:115144084	path:one01100
one:115144113	path:one01100
one:115144149	path:one01100
one:115144155	path:one01100
one:115144176	path:one01100
one:115144179	path:one01100
one:115144210	path:one01100
one:115144246	path:one01100
one:115144261	path:one01100
one:115144264	path:one01100
one:115144281	path:one01100
one:115144283	path:one01100
one:115144289	path:one01100
one:115144317	path:one01100
one:115144341	path:one01100
one:115144356	path:one01100
one:115144389	path:one01100
one:115144398	path:one01100
one:115144409	path:one01100
one:115144411	path:one01100
one:115144414	path:one01100
one:115144415	path:one01100
one:115144422	path:one01100
one:115144431	path:one01100
one:115144432	path:one01100
one:115144437	path:one01100
one:115144442	path:one01100
one:115144542	path:one01100
one:115144564	path:one01100
one:115144570	path:one01100
one:115144576	path:one01100
one:115144577	path:one01100
one:115144680	path:one01100
one:115144681	path:one01100
one:115144689	path:one01100
one:115144699	path:one01100
one:115144709	path:one01100
one:115144772	path:one01100
one:115144780	path:one01100
one:115144791	path:one01100
one:115144793	path:one01100
one:115144815	path:one01100
one:115144895	path:one01100
one:115144902	path:one01100
one:115144941	path:one01100
one:115144952	path:one01100
one:115144994	path:one01100
one:115145003	path:one01100
one:115145031	path:one01100
one:115145044	path:one01100
one:115145073	path:one01100
one:115145092	path:one01100
one:115145106	path:one01100
one:115145132	path:one01100
one:115145134	path:one01100
one:115145144	path:one01100
one:115145145	path:one01100
one:115145157	path:one01100
one:115145190	path:one01100
one:115145191	path:one01100
one:115145200	path:one01100
one:115145216	path:one01100
one:115145241	path:one01100
one:115145249	path:one01100
one:115145283	path:one01100
one:115145288	path:one01100
one:115145291	path:one01100
one:115145303	path:one01100
one:115145304	path:one01100
one:115145305	path:one01100
one:115145310	path:one01100
one:115145316	path:one01100
one:115145326	path:one01100
one:115145335	path:one01100
one:115145342	path:one01100
one:115145365	path:one01100
one:115145366	path:one01100
one:115145370	path:one01100
one:115145384	path:one01100
one:115145401	path:one01100
one:115145403	path:one01100
one:115145419	path:one01100
one:115145423	path:one01100
one:115145439	path:one01100
one:115145448	path:one01100
one:115145460	path:one01100
one:115145473	path:one01100
one:115145480	path:one01100
one:115145483	path:one01100
one:115145485	path:one01100
one:115145601	path:one01100
one:115145603	path:one01100
one:115145609	path:one01100
one:115145615	path:one01100
one:115145616	path:one01100
one:115145624	path:one01100
one:115145762	path:one01100
one:115145771	path:one01100
one:115145775	path:one01100
one:115145808	path:one01100
one:115145809	path:one01100
one:115145826	path:one01100
one:115145831	path:one01100
one:115145858	path:one01100
one:115145863	path:one01100
one:115145869	path:one01100
one:115145879	path:one01100
one:115145935	path:one01100
one:115145942	path:one01100
one:115145961	path:one01100
one:115145970	path:one01100
one:115145972	path:one01100
one:115146040	path:one01100
one:115146075	path:one01100
one:115146093	path:one01100
one:115146108	path:one01100
one:115146116	path:one01100
one:115146120	path:one01100
one:115146127	path:one01100
one:115146131	path:one01100
one:115146132	path:one01100
one:115146133	path:one01100
one:115146141	path:one01100
one:115146155	path:one01100
one:115146182	path:one01100
one:115146211	path:one01100
one:115146212	path:one01100
one:115146215	path:one01100
one:115146233	path:one01100
one:115146260	path:one01100
one:115146265	path:one01100
one:115146277	path:one01100
one:115146300	path:one01100
one:115146307	path:one01100
one:115146315	path:one01100
one:115146318	path:one01100
one:115146361	path:one01100
one:115146378	path:one01100
one:115146391	path:one01100
one:115146402	path:one01100
one:115146459	path:one01100
one:115146468	path:one01100
one:115146469	path:one01100
one:115146494	path:one01100
one:115146500	path:one01100
one:115146546	path:one01100
one:115146547	path:one01100
one:115146554	path:one01100
one:115146555	path:one01100
one:115146565	path:one01100
one:115146651	path:one01100
one:115146652	path:one01100
one:115146704	path:one01100
one:115146705	path:one01100
one:115146762	path:one01100
one:115146823	path:one01100
one:115146848	path:one01100
one:115146862	path:one01100
one:115146908	path:one01100
one:115146913	path:one01100
one:115147012	path:one01100
one:115147016	path:one01100
one:115147036	path:one01100
one:115147086	path:one01100
one:115147101	path:one01100
one:115147102	path:one01100
one:115147106	path:one01100
one:115147107	path:one01100
one:115147108	path:one01100
one:115147113	path:one01100
one:115147132	path:one01100
one:115147139	path:one01100
one:115147146	path:one01100
one:115147148	path:one01100
one:115147163	path:one01100
one:115147170	path:one01100
one:115147172	path:one01100
one:4555706	path:one01100
one:4555707	path:one01100
one:4555708	path:one01100
one:4555709	path:one01100
one:4555710	path:one01100
one:4555711	path:one01100
one:4555712	path:one01100
one:4555713	path:one01100
one:4555714	path:one01100
one:4555715	path:one01100
one:4555716	path:one01100
one:4555717	path:one01100
one:4555718	path:one01100
one:115101008	path:one01200
one:115101128	path:one01200
one:115101316	path:one01200
one:115101415	path:one01200
one:115101740	path:one01200
one:115102144	path:one01200
one:115102167	path:one01200
one:115102175	path:one01200
one:115102194	path:one01200
one:115102253	path:one01200
one:115102427	path:one01200
one:115102656	path:one01200
one:115102682	path:one01200
one:115102925	path:one01200
one:115103140	path:one01200
one:115103731	path:one01200
one:115103807	path:one01200
one:115103852	path:one01200
one:115103895	path:one01200
one:115103924	path:one01200
one:115104273	path:one01200
one:115104918	path:one01200
one:115104976	path:one01200
one:115105089	path:one01200
one:115105477	path:one01200
one:115105493	path:one01200
one:115105501	path:one01200
one:115105631	path:one01200
one:115105646	path:one01200
one:115105801	path:one01200
one:115105947	path:one01200
one:115106020	path:one01200
one:115106495	path:one01200
one:115106737	path:one01200
one:115107953	path:one01200
one:115107986	path:one01200
one:115108009	path:one01200
one:115108618	path:one01200
one:115108825	path:one01200
one:115108921	path:one01200
one:115109396	path:one01200
one:115109431	path:one01200
one:115110005	path:one01200
one:115110097	path:one01200
one:115110344	path:one01200
one:115110417	path:one01200
one:115111045	path:one01200
one:115111253	path:one01200
one:115111283	path:one01200
one:115111413	path:one01200
one:115111616	path:one01200
one:115111772	path:one01200
one:115111839	path:one01200
one:115111997	path:one01200
one:115112127	path:one01200
one:115112171	path:one01200
one:115112219	path:one01200
one:115112239	path:one01200
one:115112240	path:one01200
one:115112316	path:one01200
one:115112322	path:one01200
one:115112482	path:one01200
one:115112917	path:one01200
one:115113020	path:one01200
one:115113021	path:one01200
one:115113060	path:one01200
one:115113064	path:one01200
one:115113260	path:one01200
one:115113267	path:one01200
one:115113288	path:one01200
one:115113338	path:one01200
one:115113531	path:one01200
one:115113594	path:one01200
one:115113617	path:one01200
one:115113763	path:one01200
one:115114170	path:one01200
one:115114355	path:one01200
one:115114594	path:one01200
one:115114859	path:one01200
one:115114860	path:one01200
one:115115166	path:one01200
one:115115336	path:one01200
one:115115934	path:one01200
one:115116455	path:one01200
one:115116705	path:one01200
one:115117337	path:one01200
one:115118259	path:one01200
one:115118410	path:one01200
one:115119498	path:one01200
one:115120322	path:one01200
one:115120397	path:one01200
one:115120885	path:one01200
one:115121312	path:one01200
one:115121514	path:one01200
one:115122080	path:one01200
one:115122119	path:one01200
one:115122349	path:one01200
one:115122498	path:one01200
one:115123453	path:one01200
one:115123663	path:one01200
one:115123912	path:one01200
one:115124238	path:one01200
one:115125126	path:one01200
one:115125201	path:one01200
one:115125423	path:one01200
one:115125449	path:one01200
one:115125505	path:one01200
one:115125586	path:one01200
one:115126857	path:one01200
one:115127099	path:one01200
one:115127127	path:one01200
one:115127546	path:one01200
one:115127930	path:one01200
one:115128063	path:one01200
one:115128351	path:one01200
one:115128352	path:one01200
one:115128359	path:one01200
one:115128361	path:one01200
one:115128625	path:one01200
one:115129160	path:one01200
one:115129323	path:one01200
one:115129332	path:one01200
one:115129349	path:one01200
one:115129745	path:one01200
one:115130147	path:one01200
one:115130242	path:one01200
one:115130546	path:one01200
one:115130799	path:one01200
one:115131351	path:one01200
one:115131638	path:one01200
one:115131639	path:one01200
one:115131646	path:one01200
one:115131922	path:one01200
one:115131951	path:one01200
one:115131989	path:one01200
one:115132200	path:one01200
one:115132396	path:one01200
one:115132516	path:one01200
one:115132559	path:one01200
one:115132995	path:one01200
one:115133333	path:one01200
one:115133560	path:one01200
one:115133988	path:one01200
one:115134206	path:one01200
one:115134227	path:one01200
one:115134274	path:one01200
one:115134466	path:one01200
one:115134561	path:one01200
one:115134617	path:one01200
one:115135202	path:one01200
one:115135210	path:one01200
one:115135255	path:one01200
one:115135357	path:one01200
one:115135548	path:one01200
one:115135653	path:one01200
one:115135815	path:one01200
one:115135873	path:one01200
one:115135951	path:one01200
one:115135968	path:one01200
one:115136313	path:one01200
one:115136747	path:one01200
one:115136795	path:one01200
one:115136882	path:one01200
one:115137258	path:one01200
one:115138186	path:one01200
one:115138339	path:one01200
one:115138501	path:one01200
one:115138597	path:one01200
one:115139140	path:one01200
one:115139206	path:one01200
one:115139309	path:one01200
one:115139750	path:one01200
one:115139842	path:one01200
one:115140054	path:one01200
one:115140238	path:one01200
one:115140290	path:one01200
one:115140363	path:one01200
one:115140578	path:one01200
one:115140761	path:one01200
one:115141324	path:one01200
one:115141348	path:one01200
one:115141395	path:one01200
one:115141717	path:one01200
one:115141786	path:one01200
one:115141963	path:one01200
one:115142010	path:one01200
one:115142093	path:one01200
one:115142177	path:one01200
one:115142515	path:one01200
one:115142597	path:one01200
one:115142636	path:one01200
one:115142709	path:one01200
one:115142758	path:one01200
one:115142990	path:one01200
one:115143035	path:one01200
one:115143179	path:one01200
one:115143221	path:one01200
one:115143323	path:one01200
one:115143434	path:one01200
one:115143453	path:one01200
one:115144084	path:one01200
one:115144176	path:one01200
one:115144210	path:one01200
one:115144431	path:one01200
one:115144793	path:one01200
one:115145241	path:one01200
one:115145826	path:one01200
one:115145858	path:one01200
one:115146040	path:one01200
one:115146120	path:one01200
one:115146212	path:one01200
one:115146233	path:one01200
one:115146378	path:one01200
one:115147132	path:one01200
one:115101415	path:one01210
one:115102427	path:one01210
one:115102682	path:one01210
one:115102925	path:one01210
one:115104045	path:one01210
one:115104273	path:one01210
one:115104918	path:one01210
one:115104976	path:one01210
one:115106020	path:one01210
one:115106398	path:one01210
one:115106986	path:one01210
one:115108145	path:one01210
one:115108618	path:one01210
one:115109103	path:one01210
one:115109396	path:one01210
one:115109431	path:one01210
one:115109716	path:one01210
one:115110344	path:one01210
one:115110417	path:one01210
one:115111997	path:one01210
one:115112127	path:one01210
one:115112316	path:one01210
one:115112322	path:one01210
one:115112917	path:one01210
one:115113060	path:one01210
one:115113531	path:one01210
one:115114170	path:one01210
one:115114594	path:one01210
one:115114859	path:one01210
one:115114860	path:one01210
one:115118259	path:one01210
one:115121058	path:one01210
one:115121514	path:one01210
one:115121664	path:one01210
one:115123453	path:one01210
one:115123663	path:one01210
one:115125586	path:one01210
one:115130147	path:one01210
one:115130242	path:one01210
one:115132396	path:one01210
one:115133410	path:one01210
one:115133560	path:one01210
one:115133925	path:one01210
one:115134227	path:one01210
one:115134274	path:one01210
one:115134466	path:one01210
one:115135548	path:one01210
one:115138501	path:one01210
one:115139140	path:one01210
one:115140578	path:one01210
one:115141348	path:one01210
one:115141388	path:one01210
one:115142734	path:one01210
one:115142758	path:one01210
one:115144176	path:one01210
one:115144793	path:one01210
one:115146233	path:one01210
one:115147132	path:one01210
one:115101576	path:one01212
one:115103022	path:one01212
one:115103148	path:one01212
one:115103807	path:one01212
one:115104342	path:one01212
one:115104820	path:one01212
one:115104868	path:one01212
one:115104959	path:one01212
one:115105162	path:one01212
one:115105276	path:one01212
one:115105658	path:one01212
one:115105779	path:one01212
one:115106502	path:one01212
one:115106619	path:one01212
one:115106672	path:one01212
one:115106836	path:one01212
one:115107850	path:one01212
one:115108091	path:one01212
one:115108103	path:one01212
one:115108378	path:one01212
one:115108624	path:one01212
one:115109061	path:one01212
one:115109064	path:one01212
one:115109485	path:one01212
one:115110063	path:one01212
one:115110758	path:one01212
one:115111035	path:one01212
one:115111275	path:one01212
one:115111402	path:one01212
one:115111718	path:one01212
one:115111834	path:one01212
one:115113038	path:one01212
one:115113114	path:one01212
one:115113292	path:one01212
one:115113588	path:one01212
one:115113815	path:one01212
one:115113942	path:one01212
one:115114032	path:one01212
one:115114041	path:one01212
one:115114344	path:one01212
one:115114483	path:one01212
one:115117891	path:one01212
one:115118405	path:one01212
one:115118691	path:one01212
one:115120682	path:one01212
one:115120885	path:one01212
one:115121047	path:one01212
one:115121742	path:one01212
one:115121941	path:one01212
one:115122832	path:one01212
one:115123622	path:one01212
one:115123733	path:one01212
one:115124325	path:one01212
one:115124847	path:one01212
one:115124994	path:one01212
one:115125593	path:one01212
one:115125773	path:one01212
one:115126486	path:one01212
one:115126503	path:one01212
one:115127863	path:one01212
one:115128068	path:one01212
one:115128315	path:one01212
one:115129040	path:one01212
one:115129262	path:one01212
one:115129546	path:one01212
one:115130125	path:one01212
one:115130382	path:one01212
one:115130803	path:one01212
one:115131608	path:one01212
one:115131690	path:one01212
one:115131741	path:one01212
one:115132936	path:one01212
one:115133333	path:one01212
one:115134194	path:one01212
one:115134524	path:one01212
one:115134631	path:one01212
one:115134978	path:one01212
one:115135357	path:one01212
one:115135711	path:one01212
one:115135804	path:one01212
one:115135838	path:one01212
one:115135853	path:one01212
one:115135873	path:one01212
one:115136190	path:one01212
one:115137220	path:one01212
one:115138119	path:one01212
one:115138738	path:one01212
one:115139309	path:one01212
one:115139313	path:one01212
one:115139472	path:one01212
one:115139834	path:one01212
one:115140020	path:one01212
one:115140188	path:one01212
one:115140285	path:one01212
one:115141233	path:one01212
one:115142597	path:one01212
one:115143918	path:one01212
one:115144264	path:one01212
one:115144411	path:one01212
one:115144681	path:one01212
one:115144952	path:one01212
one:115145106	path:one01212
one:115145809	path:one01212
one:115145942	path:one01212
one:115101008	path:one01230
one:115101128	path:one01230
one:115101173	path:one01230
one:115101264	path:one01230
one:115101316	path:one01230
one:115102167	path:one01230
one:115102427	path:one01230
one:115102656	path:one01230
one:115102682	path:one01230
one:115102925	path:one01230
one:115103021	path:one01230
one:115103140	path:one01230
one:115104045	path:one01230
one:115104273	path:one01230
one:115104918	path:one01230
one:115105089	path:one01230
one:115105493	path:one01230
one:115105631	path:one01230
one:115105646	path:one01230
one:115105801	path:one01230
one:115105923	path:one01230
one:115106396	path:one01230
one:115106436	path:one01230
one:115106504	path:one01230
one:115106737	path:one01230
one:115106753	path:one01230
one:115106802	path:one01230
one:115106986	path:one01230
one:115107068	path:one01230
one:115108213	path:one01230
one:115108603	path:one01230
one:115108618	path:one01230
one:115108825	path:one01230
one:115109183	path:one01230
one:115109396	path:one01230
one:115109431	path:one01230
one:115110005	path:one01230
one:115110344	path:one01230
one:115110417	path:one01230
one:115111045	path:one01230
one:115111283	path:one01230
one:115111640	path:one01230
one:115112127	path:one01230
one:115112316	path:one01230
one:115112322	path:one01230
one:115112700	path:one01230
one:115112893	path:one01230
one:115112917	path:one01230
one:115112929	path:one01230
one:115113060	path:one01230
one:115113064	path:one01230
one:115113080	path:one01230
one:115113260	path:one01230
one:115113338	path:one01230
one:115113531	path:one01230
one:115113617	path:one01230
one:115114355	path:one01230
one:115114484	path:one01230
one:115114594	path:one01230
one:115114859	path:one01230
one:115114860	path:one01230
one:115115934	path:one01230
one:115116705	path:one01230
one:115117337	path:one01230
one:115117646	path:one01230
one:115119097	path:one01230
one:115119498	path:one01230
one:115120322	path:one01230
one:115121058	path:one01230
one:115121312	path:one01230
one:115121514	path:one01230
one:115121664	path:one01230
one:115122119	path:one01230
one:115122139	path:one01230
one:115122349	path:one01230
one:115122498	path:one01230
one:115122723	path:one01230
one:115123382	path:one01230
one:115123912	path:one01230
one:115124262	path:one01230
one:115124299	path:one01230
one:115124619	path:one01230
one:115125126	path:one01230
one:115125201	path:one01230
one:115125586	path:one01230
one:115127099	path:one01230
one:115127546	path:one01230
one:115128063	path:one01230
one:115128351	path:one01230
one:115128352	path:one01230
one:115128359	path:one01230
one:115128361	path:one01230
one:115128571	path:one01230
one:115129349	path:one01230
one:115129745	path:one01230
one:115130147	path:one01230
one:115130242	path:one01230
one:115130546	path:one01230
one:115131424	path:one01230
one:115131638	path:one01230
one:115131639	path:one01230
one:115131646	path:one01230
one:115131951	path:one01230
one:115132396	path:one01230
one:115132559	path:one01230
one:115132995	path:one01230
one:115133030	path:one01230
one:115133560	path:one01230
one:115134227	path:one01230
one:115134274	path:one01230
one:115134949	path:one01230
one:115135255	path:one01230
one:115135653	path:one01230
one:115135815	path:one01230
one:115135951	path:one01230
one:115136161	path:one01230
one:115136747	path:one01230
one:115136795	path:one01230
one:115139750	path:one01230
one:115140054	path:one01230
one:115140091	path:one01230
one:115140363	path:one01230
one:115140578	path:one01230
one:115140761	path:one01230
one:115141324	path:one01230
one:115141348	path:one01230
one:115141786	path:one01230
one:115141963	path:one01230
one:115142010	path:one01230
one:115142093	path:one01230
one:115142177	path:one01230
one:115142709	path:one01230
one:115142734	path:one01230
one:115142758	path:one01230
one:115142990	path:one01230
one:115143035	path:one01230
one:115143179	path:one01230
one:115143986	path:one01230
one:115144019	path:one01230
one:115144176	path:one01230
one:115145191	path:one01230
one:115145241	path:one01230
one:115146040	path:one01230
one:115101186	path:one01232
one:115101214	path:one01232
one:115101248	path:one01232
one:115101334	path:one01232
one:115102013	path:one01232
one:115102182	path:one01232
one:115102246	path:one01232
one:115102460	path:one01232
one:115102506	path:one01232
one:115102836	path:one01232
one:115102951	path:one01232
one:115103676	path:one01232
one:115104013	path:one01232
one:115105642	path:one01232
one:115105889	path:one01232
one:115105994	path:one01232
one:115106324	path:one01232
one:115106422	path:one01232
one:115106622	path:one01232
one:115106795	path:one01232
one:115107518	path:one01232
one:115107522	path:one01232
one:115107589	path:one01232
one:115107615	path:one01232
one:115107639	path:one01232
one:115107834	path:one01232
one:115107914	path:one01232
one:115107985	path:one01232
one:115108375	path:one01232
one:115108627	path:one01232
one:115108658	path:one01232
one:115109393	path:one01232
one:115109465	path:one01232
one:115109491	path:one01232
one:115109634	path:one01232
one:115109963	path:one01232
one:115109965	path:one01232
one:115110114	path:one01232
one:115110214	path:one01232
one:115110215	path:one01232
one:115110270	path:one01232
one:115111375	path:one01232
one:115111574	path:one01232
one:115111982	path:one01232
one:115112139	path:one01232
one:115112207	path:one01232
one:115112334	path:one01232
one:115112962	path:one01232
one:115113296	path:one01232
one:115113517	path:one01232
one:115113572	path:one01232
one:115113629	path:one01232
one:115114160	path:one01232
one:115114549	path:one01232
one:115114567	path:one01232
one:115114758	path:one01232
one:115114761	path:one01232
one:115115788	path:one01232
one:115115913	path:one01232
one:115116111	path:one01232
one:115116132	path:one01232
one:115118037	path:one01232
one:115118650	path:one01232
one:115118671	path:one01232
one:115118700	path:one01232
one:115119144	path:one01232
one:115119267	path:one01232
one:115119337	path:one01232
one:115120342	path:one01232
one:115121793	path:one01232
one:115122377	path:one01232
one:115123085	path:one01232
one:115123121	path:one01232
one:115123339	path:one01232
one:115123399	path:one01232
one:115123794	path:one01232
one:115124120	path:one01232
one:115124261	path:one01232
one:115124313	path:one01232
one:115125044	path:one01232
one:115125686	path:one01232
one:115127696	path:one01232
one:115128175	path:one01232
one:115128327	path:one01232
one:115128417	path:one01232
one:115128548	path:one01232
one:115128640	path:one01232
one:115129238	path:one01232
one:115130380	path:one01232
one:115130849	path:one01232
one:115131254	path:one01232
one:115131451	path:one01232
one:115131669	path:one01232
one:115131974	path:one01232
one:115132227	path:one01232
one:115132350	path:one01232
one:115132423	path:one01232
one:115132460	path:one01232
one:115133048	path:one01232
one:115133390	path:one01232
one:115133758	path:one01232
one:115133766	path:one01232
one:115134007	path:one01232
one:115134053	path:one01232
one:115134205	path:one01232
one:115134736	path:one01232
one:115134759	path:one01232
one:115134790	path:one01232
one:115135182	path:one01232
one:115135362	path:one01232
one:115135455	path:one01232
one:115135620	path:one01232
one:115135824	path:one01232
one:115136165	path:one01232
one:115136573	path:one01232
one:115137480	path:one01232
one:115137942	path:one01232
one:115137966	path:one01232
one:115138319	path:one01232
one:115138430	path:one01232
one:115138458	path:one01232
one:115138523	path:one01232
one:115139165	path:one01232
one:115139205	path:one01232
one:115139286	path:one01232
one:115139343	path:one01232
one:115139378	path:one01232
one:115139608	path:one01232
one:115139620	path:one01232
one:115139636	path:one01232
one:115139663	path:one01232
one:115139814	path:one01232
one:115139865	path:one01232
one:115140099	path:one01232
one:115140444	path:one01232
one:115140497	path:one01232
one:115140957	path:one01232
one:115141002	path:one01232
one:115141038	path:one01232
one:115141376	path:one01232
one:115142115	path:one01232
one:115142972	path:one01232
one:115143021	path:one01232
one:115143188	path:one01232
one:115144341	path:one01232
one:115144570	path:one01232
one:115145342	path:one01232
one:115145366	path:one01232
one:115145483	path:one01232
one:115145603	path:one01232
one:115145624	path:one01232
one:115145970	path:one01232
one:115146211	path:one01232
one:115146260	path:one01232
one:115146402	path:one01232
one:115146500	path:one01232
one:115147106	path:one01232
one:115101150	path:one01240
one:115101186	path:one01240
one:115101201	path:one01240
one:115101259	path:one01240
one:115101264	path:one01240
one:115101334	path:one01240
one:115101431	path:one01240
one:115102102	path:one01240
one:115102208	path:one01240
one:115102272	path:one01240
one:115102563	path:one01240
one:115102664	path:one01240
one:115102697	path:one01240
one:115102809	path:one01240
one:115103074	path:one01240
one:115103112	path:one01240
one:115103179	path:one01240
one:115103231	path:one01240
one:115103785	path:one01240
one:115103854	path:one01240
one:115103897	path:one01240
one:115104013	path:one01240
one:115104551	path:one01240
one:115105380	path:one01240
one:115105382	path:one01240
one:115105666	path:one01240
one:115105889	path:one01240
one:115105923	path:one01240
one:115105994	path:one01240
one:115106187	path:one01240
one:115106297	path:one01240
one:115106324	path:one01240
one:115106364	path:one01240
one:115106472	path:one01240
one:115106504	path:one01240
one:115106538	path:one01240
one:115106656	path:one01240
one:115106658	path:one01240
one:115106795	path:one01240
one:115106814	path:one01240
one:115106986	path:one01240
one:115107518	path:one01240
one:115107794	path:one01240
one:115107795	path:one01240
one:115107834	path:one01240
one:115107906	path:one01240
one:115108078	path:one01240
one:115108148	path:one01240
one:115108191	path:one01240
one:115108420	path:one01240
one:115108631	path:one01240
one:115108658	path:one01240
one:115108846	path:one01240
one:115108967	path:one01240
one:115109012	path:one01240
one:115109051	path:one01240
one:115109714	path:one01240
one:115109963	path:one01240
one:115109965	path:one01240
one:115110049	path:one01240
one:115110114	path:one01240
one:115110214	path:one01240
one:115110215	path:one01240
one:115110420	path:one01240
one:115110524	path:one01240
one:115111020	path:one01240
one:115111077	path:one01240
one:115111179	path:one01240
one:115111356	path:one01240
one:115111577	path:one01240
one:115111635	path:one01240
one:115111640	path:one01240
one:115111982	path:one01240
one:115112168	path:one01240
one:115112194	path:one01240
one:115112228	path:one01240
one:115112229	path:one01240
one:115112230	path:one01240
one:115113039	path:one01240
one:115113080	path:one01240
one:115113325	path:one01240
one:115113335	path:one01240
one:115113360	path:one01240
one:115113400	path:one01240
one:115113430	path:one01240
one:115113561	path:one01240
one:115113589	path:one01240
one:115113613	path:one01240
one:115113960	path:one01240
one:115114160	path:one01240
one:115114346	path:one01240
one:115114403	path:one01240
one:115114433	path:one01240
one:115114766	path:one01240
one:115115913	path:one01240
one:115116005	path:one01240
one:115116354	path:one01240
one:115117702	path:one01240
one:115118671	path:one01240
one:115118706	path:one01240
one:115118957	path:one01240
one:115119085	path:one01240
one:115119537	path:one01240
one:115119538	path:one01240
one:115120120	path:one01240
one:115120156	path:one01240
one:115120270	path:one01240
one:115120883	path:one01240
one:115121058	path:one01240
one:115121523	path:one01240
one:115121524	path:one01240
one:115121664	path:one01240
one:115122138	path:one01240
one:115122192	path:one01240
one:115122305	path:one01240
one:115122377	path:one01240
one:115122451	path:one01240
one:115122495	path:one01240
one:115122635	path:one01240
one:115122716	path:one01240
one:115122717	path:one01240
one:115123080	path:one01240
one:115123085	path:one01240
one:115123121	path:one01240
one:115123145	path:one01240
one:115124262	path:one01240
one:115124881	path:one01240
one:115125126	path:one01240
one:115125159	path:one01240
one:115125326	path:one01240
one:115125616	path:one01240
one:115125800	path:one01240
one:115125890	path:one01240
one:115125936	path:one01240
one:115126022	path:one01240
one:115127209	path:one01240
one:115127930	path:one01240
one:115128060	path:one01240
one:115128327	path:one01240
one:115128548	path:one01240
one:115129013	path:one01240
one:115129040	path:one01240
one:115129275	path:one01240
one:115129404	path:one01240
one:115129550	path:one01240
one:115129629	path:one01240
one:115129650	path:one01240
one:115130168	path:one01240
one:115130263	path:one01240
one:115130303	path:one01240
one:115130476	path:one01240
one:115130809	path:one01240
one:115131067	path:one01240
one:115131451	path:one01240
one:115131561	path:one01240
one:115131669	path:one01240
one:115132008	path:one01240
one:115132099	path:one01240
one:115132173	path:one01240
one:115132203	path:one01240
one:115132253	path:one01240
one:115133621	path:one01240
one:115134264	path:one01240
one:115134466	path:one01240
one:115134533	path:one01240
one:115134914	path:one01240
one:115134949	path:one01240
one:115135078	path:one01240
one:115135104	path:one01240
one:115135396	path:one01240
one:115135620	path:one01240
one:115136161	path:one01240
one:115136236	path:one01240
one:115136237	path:one01240
one:115136328	path:one01240
one:115136406	path:one01240
one:115137111	path:one01240
one:115137193	path:one01240
one:115137747	path:one01240
one:115138006	path:one01240
one:115138249	path:one01240
one:115138265	path:one01240
one:115138266	path:one01240
one:115138319	path:one01240
one:115138458	path:one01240
one:115138525	path:one01240
one:115138728	path:one01240
one:115138771	path:one01240
one:115138842	path:one01240
one:115138849	path:one01240
one:115139157	path:one01240
one:115139267	path:one01240
one:115139286	path:one01240
one:115139343	path:one01240
one:115139375	path:one01240
one:115139401	path:one01240
one:115139768	path:one01240
one:115139788	path:one01240
one:115139840	path:one01240
one:115139864	path:one01240
one:115139952	path:one01240
one:115140017	path:one01240
one:115140084	path:one01240
one:115140091	path:one01240
one:115140150	path:one01240
one:115140158	path:one01240
one:115140363	path:one01240
one:115140432	path:one01240
one:115140607	path:one01240
one:115140896	path:one01240
one:115141398	path:one01240
one:115141505	path:one01240
one:115142409	path:one01240
one:115142574	path:one01240
one:115143269	path:one01240
one:115143273	path:one01240
one:115143274	path:one01240
one:115143531	path:one01240
one:115143894	path:one01240
one:115144044	path:one01240
one:115144069	path:one01240
one:115144281	path:one01240
one:115144341	path:one01240
one:115144409	path:one01240
one:115144570	path:one01240
one:115144577	path:one01240
one:115144793	path:one01240
one:115144994	path:one01240
one:115145003	path:one01240
one:115145134	path:one01240
one:115145342	path:one01240
one:115145365	path:one01240
one:115145423	path:one01240
one:115145869	path:one01240
one:115145970	path:one01240
one:115146260	path:one01240
one:115146277	path:one01240
one:115146762	path:one01240
one:115101431	path:one01250
one:115103731	path:one01250
one:115103854	path:one01250
one:115103897	path:one01250
one:115105501	path:one01250
one:115106320	path:one01250
one:115107366	path:one01250
one:115108148	path:one01250
one:115108552	path:one01250
one:115108601	path:one01250
one:115108606	path:one01250
one:115108661	path:one01250
one:115110420	path:one01250
one:115110524	path:one01250
one:115111591	path:one01250
one:115111772	path:one01250
one:115111839	path:one01250
one:115112482	path:one01250
one:115112719	path:one01250
one:115113020	path:one01250
one:115113021	path:one01250
one:115113763	path:one01250
one:115114862	path:one01250
one:115114973	path:one01250
one:115115881	path:one01250
one:115116565	path:one01250
one:115119005	path:one01250
one:115119296	path:one01250
one:115121161	path:one01250
one:115123517	path:one01250
one:115123630	path:one01250
one:115125015	path:one01250
one:115125800	path:one01250
one:115129333	path:one01250
one:115130521	path:one01250
one:115132193	path:one01250
one:115133988	path:one01250
one:115134533	path:one01250
one:115134625	path:one01250
one:115136406	path:one01250
one:115137363	path:one01250
one:115137365	path:one01250
one:115137722	path:one01250
one:115138251	path:one01250
one:115138408	path:one01250
one:115138842	path:one01250
one:115139323	path:one01250
one:115140031	path:one01250
one:115140238	path:one01250
one:115140290	path:one01250
one:115141705	path:one01250
one:115142515	path:one01250
one:115144431	path:one01250
one:115145157	path:one01250
one:115145335	path:one01250
one:115145401	path:one01250
one:115145762	path:one01250
one:115146318	path:one01250
one:115146546	path:one01250
one:115146547	path:one01250
one:115146823	path:one01250
one:115106354	path:one01320
one:115135100	path:one01320
one:115103191	path:one02010
one:115103743	path:one02010
one:115104514	path:one02010
one:115105050	path:one02010
one:115106493	path:one02010
one:115106873	path:one02010
one:115107162	path:one02010
one:115109161	path:one02010
one:115109658	path:one02010
one:115109675	path:one02010
one:115111235	path:one02010
one:115111791	path:one02010
one:115111882	path:one02010
one:115112846	path:one02010
one:115112987	path:one02010
one:115114169	path:one02010
one:115114297	path:one02010
one:115114563	path:one02010
one:115115016	path:one02010
one:115120681	path:one02010
one:115124429	path:one02010
one:115126478	path:one02010
one:115127207	path:one02010
one:115127858	path:one02010
one:115128386	path:one02010
one:115129169	path:one02010
one:115129496	path:one02010
one:115129615	path:one02010
one:115129616	path:one02010
one:115129769	path:one02010
one:115129771	path:one02010
one:115130742	path:one02010
one:115130875	path:one02010
one:115131611	path:one02010
one:115132564	path:one02010
one:115132689	path:one02010
one:115132708	path:one02010
one:115132809	path:one02010
one:115133241	path:one02010
one:115133544	path:one02010
one:115134380	path:one02010
one:115134487	path:one02010
one:115135331	path:one02010
one:115135391	path:one02010
one:115137112	path:one02010
one:115137166	path:one02010
one:115137197	path:one02010
one:115137374	path:one02010
one:115138075	path:one02010
one:115140256	path:one02010
one:115140705	path:one02010
one:115141115	path:one02010
one:115141459	path:one02010
one:115142413	path:one02010
one:115142523	path:one02010
one:115144158	path:one02010
one:115144314	path:one02010
one:115144350	path:one02010
one:115144351	path:one02010
one:115144802	path:one02010
one:115145754	path:one02010
one:115145765	path:one02010
one:115146736	path:one02010
one:115101295	path:one03008
one:115101329	path:one03008
one:115101427	path:one03008
one:115101499	path:one03008
one:115101520	path:one03008
one:115102686	path:one03008
one:115102806	path:one03008
one:115103367	path:one03008
one:115103380	path:one03008
one:115103580	path:one03008
one:115103845	path:one03008
one:115103888	path:one03008
one:115104407	path:one03008
one:115105119	path:one03008
one:115105231	path:one03008
one:115105900	path:one03008
one:115106059	path:one03008
one:115106068	path:one03008
one:115106369	path:one03008
one:115107625	path:one03008
one:115107657	path:one03008
one:115108030	path:one03008
one:115108208	path:one03008
one:115108386	path:one03008
one:115109295	path:one03008
one:115109344	path:one03008
one:115109464	path:one03008
one:115109733	path:one03008
one:115109809	path:one03008
one:115110207	path:one03008
one:115110217	path:one03008
one:115110478	path:one03008
one:115111113	path:one03008
one:115111291	path:one03008
one:115111390	path:one03008
one:115111811	path:one03008
one:115111958	path:one03008
one:115112118	path:one03008
one:115112813	path:one03008
one:115112872	path:one03008
one:115113586	path:one03008
one:115114154	path:one03008
one:115114321	path:one03008
one:115114357	path:one03008
one:115116573	path:one03008
one:115116818	path:one03008
one:115116921	path:one03008
one:115116945	path:one03008
one:115117992	path:one03008
one:115118693	path:one03008
one:115118853	path:one03008
one:115120446	path:one03008
one:115121288	path:one03008
one:115121310	path:one03008
one:115121683	path:one03008
one:115122377	path:one03008
one:115123042	path:one03008
one:115123044	path:one03008
one:115123138	path:one03008
one:115123500	path:one03008
one:115123501	path:one03008
one:115124100	path:one03008
one:115124101	path:one03008
one:115124102	path:one03008
one:115124103	path:one03008
one:115126586	path:one03008
one:115126701	path:one03008
one:115127467	path:one03008
one:115127469	path:one03008
one:115128246	path:one03008
one:115128614	path:one03008
one:115128719	path:one03008
one:115129073	path:one03008
one:115129470	path:one03008
one:115129518	path:one03008
one:115129542	path:one03008
one:115130705	path:one03008
one:115130801	path:one03008
one:115130950	path:one03008
one:115131331	path:one03008
one:115131380	path:one03008
one:115131733	path:one03008
one:115131765	path:one03008
one:115133351	path:one03008
one:115133463	path:one03008
one:115133886	path:one03008
one:115134330	path:one03008
one:115134379	path:one03008
one:115135144	path:one03008
one:115135149	path:one03008
one:115135610	path:one03008
one:115135671	path:one03008
one:115136125	path:one03008
one:115136175	path:one03008
one:115136530	path:one03008
one:115136781	path:one03008
one:115136857	path:one03008
one:115137353	path:one03008
one:115137997	path:one03008
one:115138264	path:one03008
one:115138396	path:one03008
one:115138400	path:one03008
one:115138496	path:one03008
one:115139095	path:one03008
one:115139584	path:one03008
one:115139625	path:one03008
one:115139935	path:one03008
one:115140153	path:one03008
one:115140271	path:one03008
one:115140720	path:one03008
one:115140730	path:one03008
one:115140764	path:one03008
one:115141217	path:one03008
one:115141728	path:one03008
one:115141799	path:one03008
one:115142470	path:one03008
one:115142747	path:one03008
one:115142822	path:one03008
one:115142886	path:one03008
one:115143301	path:one03008
one:115143382	path:one03008
one:115143868	path:one03008
one:115144011	path:one03008
one:115144042	path:one03008
one:115144257	path:one03008
one:115144963	path:one03008
one:115145537	path:one03008
one:115145538	path:one03008
one:115145774	path:one03008
one:115146236	path:one03008
one:115146502	path:one03008
one:115146826	path:one03008
one:115101437	path:one03010
one:115101499	path:one03010
one:115101520	path:one03010
one:115102020	path:one03010
one:115102029	path:one03010
one:115102072	path:one03010
one:115102205	path:one03010
one:115102312	path:one03010
one:115102353	path:one03010
one:115102565	path:one03010
one:115103095	path:one03010
one:115103186	path:one03010
one:115103239	path:one03010
one:115103254	path:one03010
one:115103257	path:one03010
one:115103266	path:one03010
one:115103278	path:one03010
one:115103704	path:one03010
one:115103740	path:one03010
one:115103748	path:one03010
one:115104093	path:one03010
one:115104162	path:one03010
one:115104951	path:one03010
one:115105173	path:one03010
one:115105347	path:one03010
one:115105512	path:one03010
one:115105608	path:one03010
one:115105876	path:one03010
one:115106059	path:one03010
one:115106068	path:one03010
one:115106231	path:one03010
one:115106471	path:one03010
one:115106511	path:one03010
one:115106641	path:one03010
one:115106793	path:one03010
one:115107100	path:one03010
one:115107131	path:one03010
one:115107160	path:one03010
one:115107347	path:one03010
one:115107844	path:one03010
one:115107944	path:one03010
one:115107973	path:one03010
one:115108063	path:one03010
one:115108172	path:one03010
one:115108243	path:one03010
one:115108696	path:one03010
one:115108757	path:one03010
one:115108877	path:one03010
one:115109138	path:one03010
one:115109215	path:one03010
one:115109529	path:one03010
one:115109809	path:one03010
one:115109891	path:one03010
one:115109910	path:one03010
one:115109962	path:one03010
one:115110241	path:one03010
one:115110308	path:one03010
one:115110394	path:one03010
one:115110529	path:one03010
one:115111051	path:one03010
one:115111317	path:one03010
one:115111404	path:one03010
one:115111458	path:one03010
one:115111594	path:one03010
one:115111720	path:one03010
one:115111820	path:one03010
one:115111853	path:one03010
one:115111855	path:one03010
one:115112235	path:one03010
one:115112236	path:one03010
one:115112294	path:one03010
one:115112424	path:one03010
one:115112440	path:one03010
one:115112862	path:one03010
one:115113000	path:one03010
one:115113110	path:one03010
one:115113120	path:one03010
one:115113124	path:one03010
one:115113147	path:one03010
one:115113310	path:one03010
one:115113384	path:one03010
one:115113480	path:one03010
one:115113672	path:one03010
one:115113710	path:one03010
one:115113723	path:one03010
one:115113954	path:one03010
one:115114184	path:one03010
one:115114211	path:one03010
one:115114215	path:one03010
one:115114233	path:one03010
one:115114914	path:one03010
one:115114935	path:one03010
one:115114956	path:one03010
one:115115927	path:one03010
one:115116310	path:one03010
one:115116573	path:one03010
one:115116818	path:one03010
one:115116915	path:one03010
one:115116945	path:one03010
one:115117152	path:one03010
one:115117375	path:one03010
one:115117576	path:one03010
one:115117867	path:one03010
one:115117948	path:one03010
one:115118210	path:one03010
one:115118318	path:one03010
one:115118853	path:one03010
one:115118870	path:one03010
one:115119004	path:one03010
one:115119248	path:one03010
one:115119315	path:one03010
one:115119527	path:one03010
one:115119573	path:one03010
one:115119587	path:one03010
one:115119964	path:one03010
one:115120174	path:one03010
one:115120511	path:one03010
one:115120578	path:one03010
one:115120937	path:one03010
one:115121061	path:one03010
one:115121065	path:one03010
one:115121087	path:one03010
one:115121288	path:one03010
one:115121566	path:one03010
one:115121607	path:one03010
one:115121668	path:one03010
one:115121786	path:one03010
one:115122034	path:one03010
one:115122307	path:one03010
one:115122714	path:one03010
one:115122786	path:one03010
one:115122802	path:one03010
one:115122878	path:one03010
one:115122904	path:one03010
one:115123500	path:one03010
one:115123501	path:one03010
one:115123736	path:one03010
one:115123807	path:one03010
one:115123863	path:one03010
one:115123887	path:one03010
one:115124022	path:one03010
one:115124039	path:one03010
one:115124100	path:one03010
one:115124101	path:one03010
one:115124102	path:one03010
one:115124103	path:one03010
one:115124646	path:one03010
one:115124823	path:one03010
one:115124958	path:one03010
one:115125161	path:one03010
one:115125208	path:one03010
one:115125215	path:one03010
one:115125374	path:one03010
one:115125554	path:one03010
one:115125594	path:one03010
one:115125600	path:one03010
one:115125763	path:one03010
one:115125802	path:one03010
one:115125899	path:one03010
one:115125976	path:one03010
one:115126025	path:one03010
one:115126480	path:one03010
one:115126510	path:one03010
one:115126586	path:one03010
one:115126610	path:one03010
one:115126802	path:one03010
one:115127446	path:one03010
one:115127467	path:one03010
one:115127937	path:one03010
one:115128031	path:one03010
one:115128083	path:one03010
one:115128209	path:one03010
one:115128318	path:one03010
one:115128406	path:one03010
one:115128559	path:one03010
one:115128583	path:one03010
one:115128588	path:one03010
one:115128637	path:one03010
one:115128732	path:one03010
one:115128779	path:one03010
one:115128970	path:one03010
one:115129047	path:one03010
one:115129073	path:one03010
one:115129271	path:one03010
one:115129325	path:one03010
one:115129393	path:one03010
one:115129589	path:one03010
one:115129598	path:one03010
one:115130130	path:one03010
one:115130301	path:one03010
one:115130361	path:one03010
one:115130516	path:one03010
one:115130595	path:one03010
one:115130656	path:one03010
one:115130857	path:one03010
one:115130871	path:one03010
one:115131257	path:one03010
one:115131347	path:one03010
one:115131380	path:one03010
one:115131401	path:one03010
one:115131437	path:one03010
one:115131518	path:one03010
one:115131534	path:one03010
one:115131603	path:one03010
one:115131683	path:one03010
one:115131739	path:one03010
one:115131762	path:one03010
one:115131775	path:one03010
one:115131826	path:one03010
one:115131831	path:one03010
one:115132002	path:one03010
one:115132373	path:one03010
one:115132494	path:one03010
one:115132963	path:one03010
one:115133003	path:one03010
one:115133286	path:one03010
one:115133296	path:one03010
one:115134140	path:one03010
one:115134426	path:one03010
one:115134443	path:one03010
one:115134504	path:one03010
one:115134514	path:one03010
one:115134589	path:one03010
one:115134629	path:one03010
one:115134984	path:one03010
one:115135019	path:one03010
one:115135143	path:one03010
one:115135416	path:one03010
one:115135451	path:one03010
one:115135604	path:one03010
one:115135639	path:one03010
one:115135692	path:one03010
one:115135730	path:one03010
one:115135783	path:one03010
one:115135885	path:one03010
one:115136063	path:one03010
one:115136306	path:one03010
one:115136420	path:one03010
one:115136530	path:one03010
one:115136676	path:one03010
one:115136854	path:one03010
one:115136898	path:one03010
one:115137167	path:one03010
one:115137212	path:one03010
one:115137656	path:one03010
one:115137977	path:one03010
one:115138224	path:one03010
one:115138255	path:one03010
one:115138299	path:one03010
one:115138938	path:one03010
one:115139133	path:one03010
one:115139195	path:one03010
one:115139254	path:one03010
one:115139890	path:one03010
one:115140162	path:one03010
one:115140185	path:one03010
one:115140189	path:one03010
one:115140277	path:one03010
one:115140304	path:one03010
one:115140306	path:one03010
one:115140720	path:one03010
one:115140730	path:one03010
one:115140771	path:one03010
one:115141800	path:one03010
one:115141892	path:one03010
one:115142155	path:one03010
one:115142200	path:one03010
one:115142412	path:one03010
one:115142436	path:one03010
one:115142700	path:one03010
one:115142807	path:one03010
one:115142915	path:one03010
one:115143007	path:one03010
one:115143262	path:one03010
one:115143486	path:one03010
one:115143503	path:one03010
one:115143725	path:one03010
one:115143728	path:one03010
one:115144273	path:one03010
one:115144446	path:one03010
one:115144574	path:one03010
one:115144743	path:one03010
one:115144746	path:one03010
one:115145000	path:one03010
one:115145185	path:one03010
one:115145280	path:one03010
one:115145599	path:one03010
one:115145610	path:one03010
one:115145819	path:one03010
one:115146179	path:one03010
one:115146502	path:one03010
one:115146517	path:one03010
one:115146872	path:one03010
one:115146980	path:one03010
one:115147000	path:one03010
one:115147034	path:one03010
one:115147073	path:one03010
one:115147075	path:one03010
one:115147156	path:one03010
one:64987375	path:one03010
one:64987377	path:one03010
one:115101108	path:one03013
one:115101190	path:one03013
one:115101329	path:one03013
one:115101639	path:one03013
one:115102377	path:one03013
one:115102413	path:one03013
one:115102464	path:one03013
one:115102779	path:one03013
one:115102937	path:one03013
one:115103205	path:one03013
one:115103240	path:one03013
one:115103537	path:one03013
one:115103789	path:one03013
one:115103838	path:one03013
one:115103845	path:one03013
one:115103881	path:one03013
one:115103888	path:one03013
one:115103982	path:one03013
one:115104018	path:one03013
one:115104070	path:one03013
one:115104196	path:one03013
one:115104237	path:one03013
one:115104269	path:one03013
one:115104289	path:one03013
one:115104397	path:one03013
one:115104483	path:one03013
one:115104768	path:one03013
one:115105010	path:one03013
one:115105467	path:one03013
one:115105594	path:one03013
one:115105656	path:one03013
one:115105716	path:one03013
one:115106430	path:one03013
one:115106551	path:one03013
one:115106890	path:one03013
one:115106894	path:one03013
one:115107003	path:one03013
one:115107515	path:one03013
one:115107691	path:one03013
one:115108102	path:one03013
one:115108174	path:one03013
one:115108476	path:one03013
one:115108547	path:one03013
one:115108626	path:one03013
one:115109140	path:one03013
one:115109365	path:one03013
one:115109590	path:one03013
one:115109655	path:one03013
one:115109957	path:one03013
one:115110010	path:one03013
one:115110121	path:one03013
one:115110185	path:one03013
one:115110197	path:one03013
one:115110221	path:one03013
one:115110339	path:one03013
one:115110412	path:one03013
one:115110641	path:one03013
one:115110661	path:one03013
one:115110685	path:one03013
one:115111222	path:one03013
one:115111682	path:one03013
one:115111817	path:one03013
one:115111881	path:one03013
one:115112137	path:one03013
one:115112457	path:one03013
one:115112922	path:one03013
one:115113003	path:one03013
one:115113055	path:one03013
one:115113235	path:one03013
one:115113687	path:one03013
one:115113739	path:one03013
one:115114229	path:one03013
one:115114617	path:one03013
one:115114677	path:one03013
one:115115349	path:one03013
one:115115535	path:one03013
one:115116314	path:one03013
one:115116443	path:one03013
one:115116529	path:one03013
one:115117200	path:one03013
one:115117560	path:one03013
one:115118033	path:one03013
one:115118480	path:one03013
one:115118693	path:one03013
one:115120223	path:one03013
one:115121171	path:one03013
one:115121191	path:one03013
one:115121364	path:one03013
one:115121702	path:one03013
one:115121918	path:one03013
one:115122359	path:one03013
one:115123072	path:one03013
one:115123845	path:one03013
one:115124143	path:one03013
one:115124158	path:one03013
one:115124813	path:one03013
one:115125452	path:one03013
one:115125559	path:one03013
one:115125834	path:one03013
one:115126031	path:one03013
one:115126130	path:one03013
one:115126323	path:one03013
one:115126416	path:one03013
one:115127916	path:one03013
one:115127921	path:one03013
one:115128316	path:one03013
one:115128317	path:one03013
one:115128690	path:one03013
one:115128745	path:one03013
one:115128831	path:one03013
one:115129183	path:one03013
one:115129470	path:one03013
one:115129506	path:one03013
one:115129566	path:one03013
one:115129587	path:one03013
one:115129704	path:one03013
one:115129784	path:one03013
one:115129787	path:one03013
one:115129842	path:one03013
one:115130223	path:one03013
one:115130350	path:one03013
one:115130705	path:one03013
one:115130754	path:one03013
one:115130833	path:one03013
one:115130853	path:one03013
one:115130950	path:one03013
one:115131213	path:one03013
one:115131300	path:one03013
one:115131685	path:one03013
one:115131686	path:one03013
one:115131875	path:one03013
one:115131931	path:one03013
one:115131942	path:one03013
one:115132249	path:one03013
one:115132384	path:one03013
one:115132426	path:one03013
one:115132539	path:one03013
one:115133032	path:one03013
one:115133120	path:one03013
one:115133222	path:one03013
one:115133226	path:one03013
one:115133440	path:one03013
one:115133487	path:one03013
one:115134297	path:one03013
one:115134584	path:one03013
one:115135134	path:one03013
one:115135610	path:one03013
one:115135765	path:one03013
one:115135806	path:one03013
one:115135864	path:one03013
one:115135981	path:one03013
one:115136087	path:one03013
one:115136857	path:one03013
one:115136859	path:one03013
one:115137353	path:one03013
one:115137976	path:one03013
one:115138270	path:one03013
one:115138345	path:one03013
one:115138416	path:one03013
one:115138666	path:one03013
one:115139484	path:one03013
one:115139901	path:one03013
one:115140147	path:one03013
one:115140187	path:one03013
one:115140918	path:one03013
one:115141104	path:one03013
one:115141728	path:one03013
one:115141729	path:one03013
one:115142421	path:one03013
one:115142451	path:one03013
one:115142475	path:one03013
one:115142512	path:one03013
one:115142578	path:one03013
one:115142675	path:one03013
one:115143120	path:one03013
one:115143470	path:one03013
one:115143528	path:one03013
one:115143874	path:one03013
one:115144391	path:one03013
one:115145059	path:one03013
one:115145152	path:one03013
one:115145367	path:one03013
one:115145774	path:one03013
one:115146044	path:one03013
one:115146304	path:one03013
one:115146511	path:one03013
one:115101329	path:one03015
one:115101386	path:one03015
one:115102043	path:one03015
one:115102413	path:one03015
one:115102464	path:one03015
one:115102708	path:one03015
one:115102779	path:one03015
one:115103113	path:one03015
one:115103240	path:one03015
one:115103789	path:one03015
one:115103982	path:one03015
one:115104070	path:one03015
one:115104237	path:one03015
one:115104259	path:one03015
one:115104358	path:one03015
one:115104850	path:one03015
one:115105237	path:one03015
one:115105285	path:one03015
one:115105761	path:one03015
one:115105788	path:one03015
one:115106430	path:one03015
one:115106717	path:one03015
one:115106722	path:one03015
one:115106806	path:one03015
one:115106890	path:one03015
one:115107515	path:one03015
one:115107519	path:one03015
one:115107584	path:one03015
one:115107910	path:one03015
one:115107934	path:one03015
one:115107967	path:one03015
one:115108174	path:one03015
one:115108198	path:one03015
one:115108626	path:one03015
one:115109140	path:one03015
one:115109170	path:one03015
one:115109373	path:one03015
one:115109995	path:one03015
one:115110185	path:one03015
one:115110661	path:one03015
one:115110685	path:one03015
one:115110748	path:one03015
one:115110751	path:one03015
one:115110834	path:one03015
one:115111486	path:one03015
one:115111502	path:one03015
one:115111558	path:one03015
one:115112011	path:one03015
one:115112159	path:one03015
one:115112297	path:one03015
one:115112341	path:one03015
one:115112429	path:one03015
one:115112904	path:one03015
one:115113211	path:one03015
one:115113305	path:one03015
one:115113576	path:one03015
one:115113714	path:one03015
one:115114072	path:one03015
one:115114229	path:one03015
one:115114401	path:one03015
one:115114677	path:one03015
one:115115814	path:one03015
one:115116443	path:one03015
one:115118419	path:one03015
one:115118565	path:one03015
one:115118693	path:one03015
one:115118829	path:one03015
one:115120461	path:one03015
one:115120489	path:one03015
one:115123786	path:one03015
one:115123845	path:one03015
one:115124158	path:one03015
one:115124677	path:one03015
one:115125415	path:one03015
one:115125452	path:one03015
one:115125911	path:one03015
one:115127676	path:one03015
one:115127704	path:one03015
one:115128519	path:one03015
one:115128808	path:one03015
one:115128831	path:one03015
one:115129206	path:one03015
one:115129385	path:one03015
one:115129477	path:one03015
one:115129506	path:one03015
one:115129587	path:one03015
one:115129842	path:one03015
one:115130555	path:one03015
one:115130581	path:one03015
one:115130613	path:one03015
one:115130754	path:one03015
one:115130853	path:one03015
one:115130950	path:one03015
one:115131167	path:one03015
one:115131481	path:one03015
one:115132198	path:one03015
one:115132384	path:one03015
one:115132426	path:one03015
one:115133226	path:one03015
one:115133301	path:one03015
one:115133440	path:one03015
one:115133623	path:one03015
one:115134165	path:one03015
one:115135084	path:one03015
one:115135219	path:one03015
one:115135610	path:one03015
one:115135701	path:one03015
one:115135728	path:one03015
one:115136183	path:one03015
one:115136218	path:one03015
one:115136355	path:one03015
one:115136583	path:one03015
one:115136632	path:one03015
one:115137139	path:one03015
one:115137149	path:one03015
one:115137976	path:one03015
one:115138158	path:one03015
one:115138229	path:one03015
one:115138412	path:one03015
one:115138416	path:one03015
one:115138576	path:one03015
one:115138661	path:one03015
one:115138666	path:one03015
one:115139149	path:one03015
one:115139159	path:one03015
one:115139176	path:one03015
one:115139412	path:one03015
one:115139593	path:one03015
one:115139644	path:one03015
one:115139667	path:one03015
one:115139901	path:one03015
one:115139920	path:one03015
one:115139939	path:one03015
one:115139995	path:one03015
one:115141104	path:one03015
one:115141107	path:one03015
one:115141467	path:one03015
one:115141477	path:one03015
one:115141629	path:one03015
one:115142578	path:one03015
one:115142675	path:one03015
one:115142893	path:one03015
one:115143015	path:one03015
one:115143217	path:one03015
one:115143450	path:one03015
one:115143528	path:one03015
one:115144191	path:one03015
one:115144391	path:one03015
one:115145125	path:one03015
one:115145367	path:one03015
one:115146044	path:one03015
one:115146154	path:one03015
one:115146304	path:one03015
one:115146312	path:one03015
one:115146444	path:one03015
one:115146859	path:one03015
one:115147057	path:one03015
one:115147121	path:one03015
one:115101170	path:one03018
one:115101601	path:one03018
one:115101691	path:one03018
one:115102041	path:one03018
one:115102043	path:one03018
one:115102168	path:one03018
one:115102415	path:one03018
one:115102656	path:one03018
one:115102819	path:one03018
one:115102980	path:one03018
one:115103140	path:one03018
one:115104272	path:one03018
one:115104945	path:one03018
one:115105089	path:one03018
one:115105513	path:one03018
one:115105553	path:one03018
one:115105631	path:one03018
one:115105969	path:one03018
one:115107625	path:one03018
one:115108176	path:one03018
one:115109143	path:one03018
one:115109384	path:one03018
one:115109604	path:one03018
one:115109702	path:one03018
one:115110409	path:one03018
one:115110415	path:one03018
one:115111067	path:one03018
one:115111296	path:one03018
one:115112464	path:one03018
one:115112485	path:one03018
one:115113155	path:one03018
one:115113746	path:one03018
one:115113765	path:one03018
one:115114321	path:one03018
one:115114355	path:one03018
one:115115024	path:one03018
one:115115098	path:one03018
one:115118071	path:one03018
one:115118153	path:one03018
one:115118591	path:one03018
one:115118829	path:one03018
one:115119146	path:one03018
one:115119216	path:one03018
one:115120235	path:one03018
one:115120410	path:one03018
one:115121082	path:one03018
one:115121263	path:one03018
one:115121994	path:one03018
one:115122349	path:one03018
one:115124243	path:one03018
one:115124686	path:one03018
one:115125168	path:one03018
one:115125831	path:one03018
one:115127039	path:one03018
one:115127087	path:one03018
one:115127099	path:one03018
one:115127469	path:one03018
one:115127676	path:one03018
one:115128105	path:one03018
one:115128236	path:one03018
one:115128273	path:one03018
one:115128281	path:one03018
one:115128338	path:one03018
one:115128359	path:one03018
one:115128593	path:one03018
one:115128853	path:one03018
one:115128897	path:one03018
one:115129246	path:one03018
one:115129300	path:one03018
one:115129334	path:one03018
one:115129467	path:one03018
one:115129966	path:one03018
one:115130126	path:one03018
one:115130280	path:one03018
one:115130305	path:one03018
one:115130488	path:one03018
one:115130524	path:one03018
one:115130743	path:one03018
one:115130849	path:one03018
one:115131397	path:one03018
one:115131639	path:one03018
one:115131661	path:one03018
one:115131727	path:one03018
one:115131806	path:one03018
one:115131952	path:one03018
one:115132191	path:one03018
one:115132559	path:one03018
one:115132636	path:one03018
one:115132914	path:one03018
one:115133919	path:one03018
one:115133957	path:one03018
one:115133989	path:one03018
one:115134041	path:one03018
one:115134279	path:one03018
one:115134310	path:one03018
one:115134440	path:one03018
one:115134580	path:one03018
one:115135022	path:one03018
one:115135446	path:one03018
one:115135906	path:one03018
one:115135934	path:one03018
one:115136120	path:one03018
one:115137122	path:one03018
one:115137271	path:one03018
one:115138412	path:one03018
one:115139625	path:one03018
one:115139750	path:one03018
one:115140297	path:one03018
one:115140841	path:one03018
one:115140855	path:one03018
one:115141963	path:one03018
one:115142093	path:one03018
one:115142645	path:one03018
one:115142928	path:one03018
one:115142990	path:one03018
one:115143179	path:one03018
one:115144160	path:one03018
one:115144301	path:one03018
one:115144829	path:one03018
one:115145590	path:one03018
one:115145838	path:one03018
one:115146312	path:one03018
one:115147041	path:one03018
one:115103016	path:one03020
one:115104207	path:one03020
one:115104274	path:one03020
one:115104658	path:one03020
one:115106803	path:one03020
one:115108844	path:one03020
one:115109240	path:one03020
one:115109311	path:one03020
one:115110352	path:one03020
one:115110418	path:one03020
one:115110432	path:one03020
one:115110513	path:one03020
one:115111603	path:one03020
one:115112275	path:one03020
one:115112431	path:one03020
one:115112932	path:one03020
one:115113244	path:one03020
one:115113716	path:one03020
one:115114708	path:one03020
one:115118827	path:one03020
one:115118873	path:one03020
one:115122568	path:one03020
one:115122788	path:one03020
one:115127689	path:one03020
one:115128494	path:one03020
one:115128743	path:one03020
one:115129269	path:one03020
one:115129490	path:one03020
one:115130736	path:one03020
one:115131261	path:one03020
one:115132726	path:one03020
one:115133600	path:one03020
one:115134101	path:one03020
one:115135285	path:one03020
one:115136848	path:one03020
one:115137036	path:one03020
one:115138153	path:one03020
one:115139713	path:one03020
one:115140045	path:one03020
one:115140980	path:one03020
one:115141555	path:one03020
one:115141896	path:one03020
one:115142685	path:one03020
one:115144582	path:one03020
one:115102117	path:one03022
one:115102499	path:one03022
one:115102706	path:one03022
one:115103285	path:one03022
one:115104240	path:one03022
one:115105609	path:one03022
one:115105650	path:one03022
one:115106835	path:one03022
one:115106838	path:one03022
one:115107898	path:one03022
one:115108591	path:one03022
one:115109649	path:one03022
one:115109711	path:one03022
one:115111620	path:one03022
one:115111689	path:one03022
one:115112565	path:one03022
one:115112852	path:one03022
one:115114175	path:one03022
one:115115859	path:one03022
one:115121162	path:one03022
one:115122382	path:one03022
one:115122417	path:one03022
one:115123019	path:one03022
one:115123133	path:one03022
one:115126755	path:one03022
one:115129390	path:one03022
one:115131892	path:one03022
one:115132038	path:one03022
one:115132144	path:one03022
one:115132292	path:one03022
one:115132455	path:one03022
one:115133929	path:one03022
one:115133984	path:one03022
one:115134598	path:one03022
one:115135812	path:one03022
one:115136466	path:one03022
one:115136926	path:one03022
one:115138184	path:one03022
one:115138569	path:one03022
one:115138714	path:one03022
one:115139258	path:one03022
one:115139735	path:one03022
one:115142385	path:one03022
one:115142486	path:one03022
one:115142487	path:one03022
one:115143348	path:one03022
one:115144611	path:one03022
one:115144672	path:one03022
one:115145988	path:one03022
one:115102140	path:one03030
one:115102965	path:one03030
one:115104860	path:one03030
one:115105019	path:one03030
one:115105733	path:one03030
one:115106951	path:one03030
one:115107383	path:one03030
one:115107943	path:one03030
one:115108445	path:one03030
one:115108600	path:one03030
one:115109220	path:one03030
one:115110631	path:one03030
one:115111741	path:one03030
one:115113015	path:one03030
one:115113053	path:one03030
one:115114020	path:one03030
one:115114106	path:one03030
one:115114463	path:one03030
one:115114551	path:one03030
one:115115334	path:one03030
one:115117083	path:one03030
one:115118892	path:one03030
one:115119588	path:one03030
one:115121254	path:one03030
one:115124415	path:one03030
one:115124938	path:one03030
one:115125105	path:one03030
one:115128553	path:one03030
one:115128574	path:one03030
one:115130898	path:one03030
one:115130915	path:one03030
one:115130920	path:one03030
one:115131419	path:one03030
one:115133169	path:one03030
one:115135583	path:one03030
one:115135991	path:one03030
one:115136738	path:one03030
one:115139761	path:one03030
one:115140206	path:one03030
one:115140294	path:one03030
one:115141236	path:one03030
one:115141838	path:one03030
one:115144318	path:one03030
one:115145027	path:one03030
one:115145777	path:one03030
one:115146451	path:one03030
one:115101325	path:one03040
one:115101364	path:one03040
one:115101486	path:one03040
one:115101719	path:one03040
one:115101923	path:one03040
one:115101941	path:one03040
one:115102009	path:one03040
one:115102163	path:one03040
one:115102245	path:one03040
one:115102292	path:one03040
one:115102309	path:one03040
one:115102370	path:one03040
one:115102371	path:one03040
one:115102536	path:one03040
one:115102779	path:one03040
one:115102790	path:one03040
one:115102819	path:one03040
one:115102937	path:one03040
one:115103402	path:one03040
one:115103776	path:one03040
one:115103789	path:one03040
one:115103811	path:one03040
one:115103869	path:one03040
one:115103912	path:one03040
one:115103979	path:one03040
one:115103982	path:one03040
one:115103988	path:one03040
one:115104070	path:one03040
one:115104097	path:one03040
one:115104237	path:one03040
one:115104280	path:one03040
one:115104290	path:one03040
one:115104310	path:one03040
one:115104932	path:one03040
one:115105034	path:one03040
one:115105189	path:one03040
one:115105236	path:one03040
one:115105359	path:one03040
one:115105372	path:one03040
one:115105374	path:one03040
one:115105375	path:one03040
one:115105463	path:one03040
one:115105610	path:one03040
one:115105656	path:one03040
one:115105665	path:one03040
one:115105846	path:one03040
one:115105942	path:one03040
one:115106452	path:one03040
one:115107078	path:one03040
one:115107219	path:one03040
one:115107220	path:one03040
one:115107221	path:one03040
one:115107223	path:one03040
one:115107224	path:one03040
one:115107225	path:one03040
one:115107226	path:one03040
one:115107509	path:one03040
one:115107628	path:one03040
one:115107902	path:one03040
one:115107958	path:one03040
one:115108176	path:one03040
one:115108226	path:one03040
one:115108254	path:one03040
one:115108283	path:one03040
one:115108626	path:one03040
one:115108674	path:one03040
one:115108817	path:one03040
one:115109003	path:one03040
one:115109143	path:one03040
one:115109200	path:one03040
one:115109233	path:one03040
one:115109352	path:one03040
one:115109979	path:one03040
one:115109995	path:one03040
one:115110010	path:one03040
one:115110085	path:one03040
one:115110185	path:one03040
one:115110244	path:one03040
one:115110272	path:one03040
one:115110440	path:one03040
one:115110463	path:one03040
one:115110643	path:one03040
one:115110661	path:one03040
one:115110685	path:one03040
one:115110691	path:one03040
one:115110718	path:one03040
one:115110719	path:one03040
one:115110785	path:one03040
one:115110800	path:one03040
one:115111348	path:one03040
one:115111478	path:one03040
one:115111517	path:one03040
one:115111549	path:one03040
one:115111641	path:one03040
one:115111668	path:one03040
one:115111682	path:one03040
one:115111957	path:one03040
one:115112222	path:one03040
one:115112223	path:one03040
one:115112627	path:one03040
one:115112851	path:one03040
one:115112872	path:one03040
one:115112918	path:one03040
one:115113005	path:one03040
one:115113214	path:one03040
one:115114204	path:one03040
one:115114665	path:one03040
one:115114677	path:one03040
one:115114739	path:one03040
one:115115168	path:one03040
one:115115367	path:one03040
one:115115674	path:one03040
one:115115840	path:one03040
one:115116832	path:one03040
one:115116948	path:one03040
one:115116952	path:one03040
one:115116959	path:one03040
one:115117348	path:one03040
one:115117390	path:one03040
one:115117469	path:one03040
one:115117574	path:one03040
one:115117641	path:one03040
one:115118125	path:one03040
one:115118409	path:one03040
one:115118535	path:one03040
one:115118591	path:one03040
one:115118619	path:one03040
one:115118854	path:one03040
one:115119020	path:one03040
one:115119146	path:one03040
one:115119432	path:one03040
one:115119624	path:one03040
one:115119649	path:one03040
one:115119842	path:one03040
one:115119843	path:one03040
one:115120283	path:one03040
one:115120424	path:one03040
one:115121212	path:one03040
one:115121326	path:one03040
one:115121489	path:one03040
one:115121683	path:one03040
one:115121766	path:one03040
one:115121827	path:one03040
one:115122100	path:one03040
one:115122101	path:one03040
one:115122102	path:one03040
one:115122415	path:one03040
one:115122693	path:one03040
one:115122704	path:one03040
one:115122811	path:one03040
one:115122892	path:one03040
one:115123386	path:one03040
one:115124158	path:one03040
one:115124243	path:one03040
one:115124300	path:one03040
one:115124562	path:one03040
one:115124565	path:one03040
one:115124569	path:one03040
one:115124570	path:one03040
one:115124571	path:one03040
one:115124573	path:one03040
one:115124574	path:one03040
one:115124575	path:one03040
one:115124576	path:one03040
one:115124577	path:one03040
one:115124578	path:one03040
one:115124579	path:one03040
one:115124580	path:one03040
one:115124582	path:one03040
one:115124685	path:one03040
one:115124706	path:one03040
one:115125168	path:one03040
one:115125211	path:one03040
one:115125267	path:one03040
one:115125268	path:one03040
one:115125269	path:one03040
one:115125528	path:one03040
one:115125725	path:one03040
one:115125825	path:one03040
one:115125992	path:one03040
one:115125993	path:one03040
one:115126099	path:one03040
one:115126249	path:one03040
one:115126312	path:one03040
one:115126682	path:one03040
one:115126683	path:one03040
one:115126753	path:one03040
one:115126929	path:one03040
one:115126949	path:one03040
one:115128556	path:one03040
one:115128616	path:one03040
one:115128634	path:one03040
one:115128665	path:one03040
one:115128831	path:one03040
one:115129026	path:one03040
one:115129029	path:one03040
one:115129183	path:one03040
one:115129401	path:one03040
one:115129506	path:one03040
one:115129789	path:one03040
one:115129801	path:one03040
one:115130280	path:one03040
one:115130299	path:one03040
one:115130339	path:one03040
one:115130528	path:one03040
one:115130599	path:one03040
one:115130627	path:one03040
one:115130754	path:one03040
one:115131213	path:one03040
one:115131224	path:one03040
one:115131225	path:one03040
one:115131256	path:one03040
one:115131258	path:one03040
one:115131320	path:one03040
one:115131361	path:one03040
one:115131440	path:one03040
one:115131488	path:one03040
one:115131499	path:one03040
one:115131662	path:one03040
one:115131917	path:one03040
one:115131945	path:one03040
one:115132039	path:one03040
one:115132225	path:one03040
one:115132276	path:one03040
one:115132295	path:one03040
one:115132337	path:one03040
one:115132515	path:one03040
one:115132899	path:one03040
one:115132900	path:one03040
one:115133089	path:one03040
one:115133374	path:one03040
one:115133440	path:one03040
one:115133638	path:one03040
one:115133704	path:one03040
one:115134195	path:one03040
one:115134312	path:one03040
one:115134679	path:one03040
one:115134886	path:one03040
one:115134887	path:one03040
one:115135087	path:one03040
one:115135449	path:one03040
one:115135598	path:one03040
one:115135605	path:one03040
one:115135618	path:one03040
one:115135794	path:one03040
one:115135806	path:one03040
one:115135845	path:one03040
one:115136027	path:one03040
one:115136041	path:one03040
one:115136130	path:one03040
one:115136170	path:one03040
one:115136211	path:one03040
one:115136252	path:one03040
one:115136557	path:one03040
one:115136671	path:one03040
one:115136708	path:one03040
one:115136749	path:one03040
one:115136821	path:one03040
one:115136943	path:one03040
one:115137107	path:one03040
one:115137149	path:one03040
one:115137219	path:one03040
one:115137333	path:one03040
one:115137334	path:one03040
one:115137357	path:one03040
one:115137920	path:one03040
one:115137943	path:one03040
one:115137976	path:one03040
one:115138092	path:one03040
one:115138172	path:one03040
one:115138270	path:one03040
one:115138411	path:one03040
one:115138419	path:one03040
one:115138599	path:one03040
one:115139154	path:one03040
one:115139187	path:one03040
one:115139191	path:one03040
one:115139502	path:one03040
one:115139622	path:one03040
one:115139776	path:one03040
one:115139953	path:one03040
one:115139988	path:one03040
one:115140092	path:one03040
one:115140147	path:one03040
one:115140231	path:one03040
one:115140240	path:one03040
one:115140833	path:one03040
one:115141104	path:one03040
one:115141152	path:one03040
one:115141207	path:one03040
one:115141218	path:one03040
one:115141467	path:one03040
one:115141508	path:one03040
one:115141654	path:one03040
one:115141757	path:one03040
one:115141826	path:one03040
one:115141860	path:one03040
one:115142169	path:one03040
one:115142187	path:one03040
one:115142561	path:one03040
one:115142578	path:one03040
one:115142600	path:one03040
one:115142670	path:one03040
one:115142675	path:one03040
one:115142973	path:one03040
one:115143094	path:one03040
one:115143201	path:one03040
one:115143241	path:one03040
one:115143672	path:one03040
one:115143807	path:one03040
one:115143884	path:one03040
one:115143885	path:one03040
one:115144130	path:one03040
one:115144178	path:one03040
one:115144257	path:one03040
one:115144301	path:one03040
one:115144444	path:one03040
one:115144612	path:one03040
one:115144628	path:one03040
one:115144634	path:one03040
one:115144635	path:one03040
one:115144636	path:one03040
one:115145224	path:one03040
one:115145317	path:one03040
one:115145367	path:one03040
one:115145536	path:one03040
one:115145539	path:one03040
one:115145556	path:one03040
one:115145557	path:one03040
one:115145558	path:one03040
one:115145590	path:one03040
one:115145770	path:one03040
one:115145788	path:one03040
one:115145815	path:one03040
one:115145844	path:one03040
one:115146081	path:one03040
one:115146109	path:one03040
one:115146128	path:one03040
one:115146301	path:one03040
one:115146377	path:one03040
one:115146387	path:one03040
one:115146486	path:one03040
one:115147096	path:one03040
one:115147164	path:one03040
one:115101374	path:one03050
one:115101547	path:one03050
one:115102393	path:one03050
one:115103004	path:one03050
one:115103775	path:one03050
one:115103835	path:one03050
one:115103875	path:one03050
one:115104041	path:one03050
one:115104582	path:one03050
one:115104853	path:one03050
one:115105031	path:one03050
one:115106447	path:one03050
one:115106462	path:one03050
one:115106689	path:one03050
one:115107606	path:one03050
one:115107922	path:one03050
one:115108058	path:one03050
one:115108503	path:one03050
one:115108593	path:one03050
one:115108747	path:one03050
one:115109029	path:one03050
one:115109492	path:one03050
one:115110071	path:one03050
one:115110156	path:one03050
one:115110377	path:one03050
one:115110533	path:one03050
one:115111133	path:one03050
one:115111622	path:one03050
one:115112085	path:one03050
one:115112233	path:one03050
one:115112570	path:one03050
one:115112854	path:one03050
one:115113502	path:one03050
one:115114507	path:one03050
one:115114687	path:one03050
one:115114875	path:one03050
one:115116327	path:one03050
one:115116444	path:one03050
one:115116667	path:one03050
one:115117622	path:one03050
one:115118403	path:one03050
one:115118718	path:one03050
one:115120905	path:one03050
one:115121769	path:one03050
one:115122043	path:one03050
one:115123534	path:one03050
one:115123973	path:one03050
one:115124273	path:one03050
one:115124374	path:one03050
one:115124774	path:one03050
one:115125171	path:one03050
one:115128311	path:one03050
one:115128383	path:one03050
one:115128384	path:one03050
one:115128385	path:one03050
one:115128387	path:one03050
one:115128401	path:one03050
one:115128439	path:one03050
one:115128702	path:one03050
one:115128973	path:one03050
one:115129749	path:one03050
one:115130230	path:one03050
one:115130279	path:one03050
one:115131311	path:one03050
one:115131350	path:one03050
one:115131562	path:one03050
one:115131594	path:one03050
one:115131612	path:one03050
one:115131615	path:one03050
one:115131616	path:one03050
one:115131618	path:one03050
one:115131695	path:one03050
one:115131795	path:one03050
one:115131902	path:one03050
one:115132954	path:one03050
one:115134178	path:one03050
one:115134506	path:one03050
one:115134575	path:one03050
one:115135064	path:one03050
one:115135586	path:one03050
one:115136619	path:one03050
one:115138261	path:one03050
one:115138652	path:one03050
one:115138705	path:one03050
one:115139012	path:one03050
one:115139150	path:one03050
one:115139652	path:one03050
one:115140067	path:one03050
one:115141164	path:one03050
one:115141642	path:one03050
one:115141958	path:one03050
one:115142560	path:one03050
one:115143317	path:one03050
one:115143888	path:one03050
one:115143940	path:one03050
one:115143978	path:one03050
one:115144610	path:one03050
one:115144749	path:one03050
one:115145095	path:one03050
one:115145202	path:one03050
one:115145212	path:one03050
one:115145997	path:one03050
one:115146055	path:one03050
one:115146090	path:one03050
one:115146925	path:one03050
one:115101778	path:one03060
one:115103339	path:one03060
one:115103660	path:one03060
one:115103809	path:one03060
one:115104880	path:one03060
one:115105588	path:one03060
one:115106399	path:one03060
one:115107807	path:one03060
one:115108149	path:one03060
one:115109115	path:one03060
one:115109640	path:one03060
one:115111093	path:one03060
one:115111584	path:one03060
one:115112792	path:one03060
one:115113789	path:one03060
one:115113961	path:one03060
one:115114111	path:one03060
one:115115072	path:one03060
one:115119775	path:one03060
one:115120521	path:one03060
one:115122895	path:one03060
one:115124002	path:one03060
one:115127575	path:one03060
one:115127968	path:one03060
one:115128585	path:one03060
one:115128959	path:one03060
one:115129513	path:one03060
one:115130759	path:one03060
one:115131404	path:one03060
one:115133451	path:one03060
one:115135768	path:one03060
one:115136597	path:one03060
one:115136684	path:one03060
one:115137195	path:one03060
one:115137482	path:one03060
one:115137755	path:one03060
one:115137968	path:one03060
one:115137985	path:one03060
one:115138390	path:one03060
one:115138452	path:one03060
one:115138700	path:one03060
one:115140025	path:one03060
one:115140062	path:one03060
one:115140478	path:one03060
one:115141145	path:one03060
one:115141460	path:one03060
one:115141884	path:one03060
one:115141913	path:one03060
one:115142599	path:one03060
one:115143146	path:one03060
one:115143303	path:one03060
one:115143343	path:one03060
one:115144016	path:one03060
one:115146004	path:one03060
one:115146268	path:one03060
one:115101355	path:one03082
one:115101380	path:one03082
one:115102114	path:one03082
one:115102137	path:one03082
one:115102719	path:one03082
one:115102871	path:one03082
one:115103003	path:one03082
one:115103027	path:one03082
one:115103147	path:one03082
one:115103758	path:one03082
one:115103769	path:one03082
one:115103837	path:one03082
one:115103879	path:one03082
one:115104287	path:one03082
one:115104654	path:one03082
one:115104689	path:one03082
one:115105112	path:one03082
one:115105183	path:one03082
one:115105346	path:one03082
one:115105371	path:one03082
one:115105727	path:one03082
one:115105919	path:one03082
one:115106330	path:one03082
one:115106484	path:one03082
one:115106690	path:one03082
one:115106975	path:one03082
one:115107120	path:one03082
one:115107617	path:one03082
one:115107988	path:one03082
one:115108064	path:one03082
one:115108275	path:one03082
one:115108306	path:one03082
one:115108467	path:one03082
one:115108563	path:one03082
one:115109036	path:one03082
one:115109058	path:one03082
one:115109252	path:one03082
one:115109441	path:one03082
one:115109595	path:one03082
one:115110008	path:one03082
one:115110370	path:one03082
one:115110530	path:one03082
one:115110605	path:one03082
one:115110606	path:one03082
one:115110905	path:one03082
one:115111472	path:one03082
one:115111525	path:one03082
one:115111623	path:one03082
one:115111634	path:one03082
one:115111930	path:one03082
one:115112486	path:one03082
one:115112855	path:one03082
one:115113265	path:one03082
one:115113770	path:one03082
one:115114345	path:one03082
one:115114505	path:one03082
one:115115160	path:one03082
one:115115793	path:one03082
one:115116057	path:one03082
one:115116308	path:one03082
one:115116376	path:one03082
one:115116814	path:one03082
one:115116873	path:one03082
one:115117323	path:one03082
one:115117581	path:one03082
one:115117810	path:one03082
one:115118011	path:one03082
one:115118795	path:one03082
one:115118892	path:one03082
one:115119168	path:one03082
one:115119530	path:one03082
one:115119725	path:one03082
one:115119998	path:one03082
one:115120102	path:one03082
one:115120305	path:one03082
one:115121336	path:one03082
one:115121433	path:one03082
one:115121604	path:one03082
one:115121701	path:one03082
one:115121886	path:one03082
one:115122469	path:one03082
one:115122528	path:one03082
one:115122955	path:one03082
one:115125150	path:one03082
one:115126358	path:one03082
one:115127875	path:one03082
one:115128249	path:one03082
one:115128358	path:one03082
one:115128495	path:one03082
one:115128534	path:one03082
one:115128699	path:one03082
one:115129237	path:one03082
one:115130347	path:one03082
one:115130354	path:one03082
one:115130439	path:one03082
one:115130917	path:one03082
one:115130948	path:one03082
one:115131308	path:one03082
one:115131366	path:one03082
one:115131465	path:one03082
one:115131558	path:one03082
one:115131641	path:one03082
one:115131899	path:one03082
one:115131908	path:one03082
one:115131936	path:one03082
one:115132163	path:one03082
one:115132725	path:one03082
one:115132969	path:one03082
one:115133114	path:one03082
one:115133314	path:one03082
one:115133411	path:one03082
one:115133523	path:one03082
one:115133647	path:one03082
one:115133777	path:one03082
one:115133778	path:one03082
one:115134055	path:one03082
one:115134133	path:one03082
one:115134933	path:one03082
one:115135175	path:one03082
one:115135386	path:one03082
one:115135397	path:one03082
one:115135580	path:one03082
one:115135613	path:one03082
one:115135625	path:one03082
one:115135754	path:one03082
one:115135851	path:one03082
one:115135979	path:one03082
one:115136247	path:one03082
one:115136285	path:one03082
one:115136841	path:one03082
one:115136909	path:one03082
one:115136917	path:one03082
one:115137291	path:one03082
one:115137806	path:one03082
one:115137954	path:one03082
one:115138052	path:one03082
one:115138123	path:one03082
one:115138182	path:one03082
one:115138236	path:one03082
one:115138413	path:one03082
one:115138433	path:one03082
one:115138485	path:one03082
one:115138699	path:one03082
one:115138792	path:one03082
one:115138835	path:one03082
one:115139211	path:one03082
one:115139508	path:one03082
one:115139633	path:one03082
one:115139763	path:one03082
one:115139961	path:one03082
one:115140010	path:one03082
one:115140066	path:one03082
one:115140981	path:one03082
one:115141043	path:one03082
one:115141271	path:one03082
one:115141427	path:one03082
one:115141632	path:one03082
one:115141679	path:one03082
one:115141680	path:one03082
one:115142032	path:one03082
one:115142258	path:one03082
one:115142388	path:one03082
one:115142544	path:one03082
one:115142719	path:one03082
one:115142720	path:one03082
one:115142959	path:one03082
one:115143082	path:one03082
one:115143119	path:one03082
one:115143156	path:one03082
one:115143177	path:one03082
one:115143533	path:one03082
one:115143904	path:one03082
one:115144073	path:one03082
one:115144098	path:one03082
one:115144222	path:one03082
one:115144310	path:one03082
one:115144383	path:one03082
one:115144885	path:one03082
one:115145173	path:one03082
one:115145848	path:one03082
one:115145948	path:one03082
one:115146005	path:one03082
one:115146241	path:one03082
one:115146286	path:one03082
one:115146310	path:one03082
one:115146334	path:one03082
one:115146457	path:one03082
one:115146938	path:one03082
one:115147064	path:one03082
one:115147092	path:one03082
one:115147136	path:one03082
one:115101218	path:one03083
one:115101227	path:one03083
one:115101435	path:one03083
one:115102155	path:one03083
one:115102164	path:one03083
one:115102213	path:one03083
one:115102220	path:one03083
one:115102823	path:one03083
one:115103276	path:one03083
one:115103549	path:one03083
one:115103558	path:one03083
one:115103727	path:one03083
one:115103824	path:one03083
one:115104148	path:one03083
one:115104263	path:one03083
one:115104265	path:one03083
one:115104270	path:one03083
one:115104315	path:one03083
one:115104874	path:one03083
one:115105000	path:one03083
one:115105003	path:one03083
one:115105286	path:one03083
one:115105548	path:one03083
one:115105816	path:one03083
one:115105838	path:one03083
one:115106304	path:one03083
one:115106368	path:one03083
one:115106482	path:one03083
one:115106503	path:one03083
one:115106705	path:one03083
one:115106725	path:one03083
one:115106979	path:one03083
one:115107015	path:one03083
one:115107703	path:one03083
one:115107988	path:one03083
one:115109677	path:one03083
one:115109689	path:one03083
one:115109746	path:one03083
one:115109996	path:one03083
one:115110290	path:one03083
one:115110407	path:one03083
one:115110408	path:one03083
one:115110704	path:one03083
one:115110708	path:one03083
one:115110712	path:one03083
one:115110784	path:one03083
one:115111315	path:one03083
one:115111514	path:one03083
one:115111608	path:one03083
one:115111749	path:one03083
one:115112657	path:one03083
one:115112703	path:one03083
one:115112923	path:one03083
one:115112925	path:one03083
one:115113057	path:one03083
one:115113157	path:one03083
one:115113182	path:one03083
one:115113829	path:one03083
one:115114088	path:one03083
one:115114185	path:one03083
one:115115160	path:one03083
one:115115406	path:one03083
one:115115577	path:one03083
one:115116299	path:one03083
one:115116302	path:one03083
one:115116331	path:one03083
one:115116657	path:one03083
one:115116792	path:one03083
one:115116921	path:one03083
one:115117215	path:one03083
one:115117680	path:one03083
one:115117839	path:one03083
one:115118148	path:one03083
one:115118194	path:one03083
one:115118424	path:one03083
one:115118659	path:one03083
one:115119031	path:one03083
one:115119231	path:one03083
one:115120425	path:one03083
one:115120720	path:one03083
one:115121234	path:one03083
one:115121499	path:one03083
one:115121575	path:one03083
one:115121701	path:one03083
one:115121975	path:one03083
one:115122098	path:one03083
one:115123636	path:one03083
one:115124675	path:one03083
one:115124832	path:one03083
one:115124839	path:one03083
one:115125783	path:one03083
one:115127076	path:one03083
one:115127455	path:one03083
one:115128246	path:one03083
one:115128346	path:one03083
one:115128510	path:one03083
one:115129005	path:one03083
one:115129159	path:one03083
one:115129195	path:one03083
one:115129373	path:one03083
one:115129383	path:one03083
one:115129464	path:one03083
one:115129525	path:one03083
one:115129887	path:one03083
one:115130050	path:one03083
one:115130084	path:one03083
one:115130197	path:one03083
one:115130344	path:one03083
one:115130600	path:one03083
one:115130611	path:one03083
one:115130751	path:one03083
one:115130774	path:one03083
one:115131496	path:one03083
one:115131649	path:one03083
one:115131733	path:one03083
one:115131925	path:one03083
one:115131944	path:one03083
one:115132010	path:one03083
one:115132018	path:one03083
one:115132741	path:one03083
one:115133143	path:one03083
one:115133816	path:one03083
one:115135046	path:one03083
one:115135184	path:one03083
one:115135518	path:one03083
one:115135902	path:one03083
one:115136185	path:one03083
one:115137069	path:one03083
one:115137354	path:one03083
one:115137450	path:one03083
one:115138091	path:one03083
one:115138236	path:one03083
one:115138413	path:one03083
one:115138433	path:one03083
one:115138455	path:one03083
one:115138482	path:one03083
one:115138716	path:one03083
one:115138841	path:one03083
one:115139211	path:one03083
one:115139214	path:one03083
one:115139470	path:one03083
one:115139508	path:one03083
one:115139648	path:one03083
one:115139745	path:one03083
one:115139949	path:one03083
one:115140049	path:one03083
one:115140217	path:one03083
one:115140805	path:one03083
one:115141396	path:one03083
one:115141439	path:one03083
one:115141875	path:one03083
one:115142238	path:one03083
one:115142469	path:one03083
one:115142556	path:one03083
one:115142615	path:one03083
one:115142617	path:one03083
one:115142728	path:one03083
one:115143108	path:one03083
one:115143298	path:one03083
one:115143330	path:one03083
one:115143377	path:one03083
one:115143406	path:one03083
one:115143902	path:one03083
one:115144038	path:one03083
one:115144132	path:one03083
one:115144173	path:one03083
one:115144364	path:one03083
one:115144480	path:one03083
one:115145587	path:one03083
one:115145773	path:one03083
one:115145940	path:one03083
one:115145982	path:one03083
one:115146245	path:one03083
one:115146286	path:one03083
one:115146310	path:one03083
one:115146457	path:one03083
one:115101078	path:one03250
one:115101728	path:one03250
one:115101994	path:one03250
one:115102087	path:one03250
one:115102162	path:one03250
one:115102356	path:one03250
one:115102515	path:one03250
one:115102765	path:one03250
one:115103012	path:one03250
one:115103845	path:one03250
one:115103888	path:one03250
one:115104122	path:one03250
one:115104263	path:one03250
one:115105257	path:one03250
one:115105418	path:one03250
one:115106894	path:one03250
one:115106926	path:one03250
one:115108096	path:one03250
one:115108102	path:one03250
one:115108160	path:one03250
one:115108317	path:one03250
one:115108379	path:one03250
one:115108395	path:one03250
one:115109120	path:one03250
one:115109320	path:one03250
one:115109437	path:one03250
one:115109520	path:one03250
one:115109588	path:one03250
one:115109771	path:one03250
one:115110168	path:one03250
one:115110277	path:one03250
one:115110408	path:one03250
one:115111447	path:one03250
one:115111472	path:one03250
one:115111690	path:one03250
one:115111817	path:one03250
one:115112301	path:one03250
one:115112429	path:one03250
one:115112986	path:one03250
one:115113714	path:one03250
one:115113829	path:one03250
one:115114495	path:one03250
one:115114691	path:one03250
one:115116026	path:one03250
one:115116152	path:one03250
one:115118767	path:one03250
one:115119168	path:one03250
one:115119614	path:one03250
one:115119919	path:one03250
one:115120128	path:one03250
one:115120662	path:one03250
one:115121320	path:one03250
one:115121738	path:one03250
one:115122503	path:one03250
one:115123915	path:one03250
one:115124494	path:one03250
one:115128283	path:one03250
one:115128621	path:one03250
one:115128690	path:one03250
one:115129470	path:one03250
one:115130705	path:one03250
one:115131287	path:one03250
one:115131300	path:one03250
one:115131728	path:one03250
one:115131868	path:one03250
one:115131941	path:one03250
one:115132322	path:one03250
one:115132471	path:one03250
one:115133140	path:one03250
one:115133192	path:one03250
one:115133222	path:one03250
one:115133425	path:one03250
one:115133568	path:one03250
one:115134064	path:one03250
one:115134149	path:one03250
one:115134221	path:one03250
one:115134354	path:one03250
one:115134527	path:one03250
one:115134643	path:one03250
one:115134943	path:one03250
one:115136010	path:one03250
one:115136209	path:one03250
one:115137014	path:one03250
one:115137353	path:one03250
one:115137762	path:one03250
one:115138104	path:one03250
one:115138692	path:one03250
one:115139863	path:one03250
one:115140684	path:one03250
one:115141342	path:one03250
one:115141355	path:one03250
one:115141573	path:one03250
one:115141903	path:one03250
one:115142035	path:one03250
one:115142710	path:one03250
one:115142754	path:one03250
one:115142824	path:one03250
one:115142865	path:one03250
one:115143057	path:one03250
one:115143074	path:one03250
one:115143311	path:one03250
one:115143312	path:one03250
one:115143313	path:one03250
one:115143314	path:one03250
one:115143908	path:one03250
one:115144457	path:one03250
one:115144480	path:one03250
one:115144698	path:one03250
one:115144897	path:one03250
one:115144954	path:one03250
one:115144974	path:one03250
one:115145774	path:one03250
one:115147092	path:one03250
one:115147131	path:one03250
one:115101728	path:one03260
one:115102765	path:one03260
one:115108096	path:one03260
one:115114691	path:one03260
one:115138692	path:one03260
one:115141342	path:one03260
one:115141355	path:one03260
one:115142035	path:one03260
one:115102351	path:one03264
one:115104102	path:one03264
one:115110247	path:one03264
one:115132629	path:one03264
one:115138717	path:one03264
one:115139170	path:one03264
one:115145983	path:one03264
one:115102181	path:one03265
one:115102801	path:one03265
one:115102929	path:one03265
one:115104057	path:one03265
one:115105430	path:one03265
one:115106694	path:one03265
one:115110808	path:one03265
one:115114591	path:one03265
one:115114646	path:one03265
one:115115434	path:one03265
one:115117900	path:one03265
one:115129604	path:one03265
one:115132410	path:one03265
one:115133510	path:one03265
one:115134555	path:one03265
one:115136002	path:one03265
one:115136717	path:one03265
one:115138041	path:one03265
one:115141852	path:one03265
one:115102439	path:one03266
one:115102731	path:one03266
one:115104108	path:one03266
one:115106636	path:one03266
one:115107742	path:one03266
one:115110253	path:one03266
one:115113359	path:one03266
one:115115651	path:one03266
one:115119769	path:one03266
one:115126350	path:one03266
one:115126357	path:one03266
one:115126363	path:one03266
one:115126364	path:one03266
one:115126368	path:one03266
one:115126371	path:one03266
one:115128370	path:one03266
one:115131626	path:one03266
one:115132406	path:one03266
one:115135279	path:one03266
one:115139425	path:one03266
one:115140949	path:one03266
one:115142799	path:one03266
one:115143667	path:one03266
one:115105552	path:one03267
one:115111564	path:one03267
one:115123178	path:one03267
one:115123721	path:one03267
one:115132410	path:one03267
one:115135904	path:one03267
one:115140001	path:one03267
one:115142004	path:one03267
one:115103146	path:one03271
one:115105096	path:one03271
one:115114347	path:one03271
one:115125369	path:one03271
one:115127184	path:one03271
one:115130458	path:one03271
one:115101044	path:one03272
one:115101062	path:one03272
one:115101285	path:one03272
one:115101828	path:one03272
one:115102162	path:one03272
one:115102419	path:one03272
one:115102455	path:one03272
one:115102928	path:one03272
one:115103012	path:one03272
one:115103261	path:one03272
one:115103291	path:one03272
one:115104276	path:one03272
one:115104573	path:one03272
one:115104890	path:one03272
one:115105718	path:one03272
one:115106772	path:one03272
one:115106831	path:one03272
one:115107619	path:one03272
one:115108395	path:one03272
one:115108551	path:one03272
one:115108700	path:one03272
one:115109050	path:one03272
one:115109320	path:one03272
one:115109323	path:one03272
one:115109484	path:one03272
one:115109657	path:one03272
one:115109667	path:one03272
one:115110468	path:one03272
one:115110608	path:one03272
one:115110609	path:one03272
one:115110752	path:one03272
one:115110984	path:one03272
one:115111573	path:one03272
one:115111610	path:one03272
one:115111715	path:one03272
one:115111896	path:one03272
one:115112169	path:one03272
one:115112408	path:one03272
one:115113180	path:one03272
one:115113329	path:one03272
one:115113590	path:one03272
one:115113692	path:one03272
one:115114070	path:one03272
one:115114495	path:one03272
one:115114592	path:one03272
one:115114964	path:one03272
one:115114999	path:one03272
one:115116118	path:one03272
one:115116690	path:one03272
one:115117014	path:one03272
one:115117529	path:one03272
one:115119289	path:one03272
one:115120423	path:one03272
one:115120849	path:one03272
one:115121052	path:one03272
one:115121320	path:one03272
one:115121338	path:one03272
one:115121355	path:one03272
one:115122381	path:one03272
one:115122707	path:one03272
one:115123448	path:one03272
one:115124611	path:one03272
one:115125233	path:one03272
one:115125234	path:one03272
one:115125943	path:one03272
one:115126953	path:one03272
one:115127798	path:one03272
one:115128308	path:one03272
one:115128621	path:one03272
one:115128865	path:one03272
one:115129583	path:one03272
one:115129692	path:one03272
one:115129696	path:one03272
one:115129754	path:one03272
one:115129770	path:one03272
one:115129982	path:one03272
one:115130182	path:one03272
one:115130493	path:one03272
one:115130846	path:one03272
one:115131334	path:one03272
one:115131699	path:one03272
one:115131941	path:one03272
one:115132388	path:one03272
one:115132416	path:one03272
one:115132747	path:one03272
one:115132937	path:one03272
one:115133476	path:one03272
one:115133527	path:one03272
one:115133604	path:one03272
one:115134352	path:one03272
one:115134354	path:one03272
one:115134643	path:one03272
one:115134943	path:one03272
one:115135249	path:one03272
one:115135435	path:one03272
one:115135436	path:one03272
one:115135686	path:one03272
one:115135764	path:one03272
one:115136391	path:one03272
one:115136782	path:one03272
one:115136783	path:one03272
one:115136784	path:one03272
one:115136786	path:one03272
one:115136788	path:one03272
one:115136789	path:one03272
one:115137517	path:one03272
one:115137615	path:one03272
one:115138056	path:one03272
one:115138392	path:one03272
one:115138925	path:one03272
one:115139354	path:one03272
one:115140193	path:one03272
one:115140522	path:one03272
one:115140573	path:one03272
one:115141278	path:one03272
one:115141790	path:one03272
one:115141794	path:one03272
one:115141795	path:one03272
one:115141796	path:one03272
one:115141797	path:one03272
one:115141798	path:one03272
one:115142865	path:one03272
one:115143228	path:one03272
one:115144548	path:one03272
one:115144974	path:one03272
one:115145046	path:one03272
one:115145274	path:one03272
one:115146248	path:one03272
one:115146331	path:one03272
one:115146680	path:one03272
one:115146836	path:one03272
one:115146838	path:one03272
one:115146839	path:one03272
one:115146840	path:one03272
one:115146841	path:one03272
one:115146843	path:one03272
one:115146844	path:one03272
one:115147081	path:one03272
one:115147082	path:one03272
one:115147083	path:one03272
one:115147084	path:one03272
one:115102023	path:one03273
one:115103362	path:one03273
one:115103705	path:one03273
one:115104281	path:one03273
one:115104968	path:one03273
one:115105787	path:one03273
one:115110462	path:one03273
one:115110594	path:one03273
one:115113180	path:one03273
one:115116398	path:one03273
one:115116690	path:one03273
one:115120934	path:one03273
one:115121123	path:one03273
one:115122609	path:one03273
one:115123560	path:one03273
one:115127528	path:one03273
one:115129120	path:one03273
one:115129583	path:one03273
one:115129614	path:one03273
one:115130110	path:one03273
one:115130846	path:one03273
one:115130910	path:one03273
one:115130980	path:one03273
one:115131824	path:one03273
one:115133678	path:one03273
one:115135703	path:one03273
one:115138211	path:one03273
one:115142394	path:one03273
one:115142397	path:one03273
one:115142433	path:one03273
one:115142439	path:one03273
one:115142441	path:one03273
one:115144684	path:one03273
one:115101200	path:one03320
one:115102096	path:one03320
one:115102653	path:one03320
one:115102943	path:one03320
one:115102944	path:one03320
one:115103148	path:one03320
one:115103177	path:one03320
one:115103204	path:one03320
one:115103255	path:one03320
one:115103807	path:one03320
one:115104247	path:one03320
one:115104357	path:one03320
one:115104563	path:one03320
one:115104820	path:one03320
one:115104854	path:one03320
one:115105233	path:one03320
one:115105276	path:one03320
one:115105658	path:one03320
one:115105847	path:one03320
one:115105987	path:one03320
one:115106495	path:one03320
one:115106552	path:one03320
one:115106619	path:one03320
one:115106672	path:one03320
one:115107718	path:one03320
one:115107908	path:one03320
one:115108237	path:one03320
one:115108239	path:one03320
one:115108378	path:one03320
one:115108624	path:one03320
one:115109211	path:one03320
one:115109213	path:one03320
one:115109411	path:one03320
one:115109485	path:one03320
one:115110063	path:one03320
one:115110822	path:one03320
one:115110833	path:one03320
one:115111035	path:one03320
one:115111069	path:one03320
one:115111305	path:one03320
one:115111402	path:one03320
one:115111857	path:one03320
one:115111858	path:one03320
one:115112033	path:one03320
one:115112058	path:one03320
one:115113114	path:one03320
one:115113267	path:one03320
one:115113386	path:one03320
one:115113472	path:one03320
one:115113702	path:one03320
one:115113922	path:one03320
one:115114032	path:one03320
one:115114095	path:one03320
one:115114212	path:one03320
one:115114280	path:one03320
one:115114344	path:one03320
one:115114571	path:one03320
one:115115166	path:one03320
one:115117068	path:one03320
one:115117278	path:one03320
one:115117445	path:one03320
one:115117569	path:one03320
one:115117740	path:one03320
one:115117745	path:one03320
one:115117891	path:one03320
one:115118093	path:one03320
one:115118204	path:one03320
one:115118691	path:one03320
one:115120699	path:one03320
one:115121047	path:one03320
one:115121211	path:one03320
one:115121742	path:one03320
one:115123733	path:one03320
one:115124647	path:one03320
one:115124847	path:one03320
one:115124994	path:one03320
one:115125037	path:one03320
one:115125495	path:one03320
one:115125773	path:one03320
one:115126503	path:one03320
one:115128068	path:one03320
one:115128391	path:one03320
one:115128506	path:one03320
one:115128618	path:one03320
one:115128642	path:one03320
one:115128910	path:one03320
one:115129262	path:one03320
one:115129706	path:one03320
one:115129731	path:one03320
one:115130229	path:one03320
one:115131606	path:one03320
one:115131884	path:one03320
one:115132723	path:one03320
one:115133112	path:one03320
one:115133333	path:one03320
one:115133470	path:one03320
one:115133584	path:one03320
one:115133675	path:one03320
one:115134194	path:one03320
one:115134430	path:one03320
one:115134631	path:one03320
one:115134978	path:one03320
one:115135804	path:one03320
one:115136173	path:one03320
one:115136190	path:one03320
one:115136440	path:one03320
one:115136594	path:one03320
one:115136968	path:one03320
one:115137211	path:one03320
one:115137220	path:one03320
one:115137236	path:one03320
one:115138127	path:one03320
one:115139451	path:one03320
one:115139834	path:one03320
one:115140020	path:one03320
one:115141395	path:one03320
one:115141622	path:one03320
one:115141983	path:one03320
one:115142049	path:one03320
one:115142597	path:one03320
one:115142740	path:one03320
one:115142766	path:one03320
one:115142851	path:one03320
one:115142862	path:one03320
one:115142916	path:one03320
one:115143876	path:one03320
one:115144174	path:one03320
one:115144681	path:one03320
one:115144848	path:one03320
one:115144952	path:one03320
one:115145807	path:one03320
one:115145809	path:one03320
one:115146581	path:one03320
one:115146915	path:one03320
one:115102058	path:one03410
one:115104860	path:one03410
one:115105160	path:one03410
one:115106798	path:one03410
one:115107150	path:one03410
one:115107383	path:one03410
one:115108089	path:one03410
one:115108445	path:one03410
one:115109220	path:one03410
one:115109539	path:one03410
one:115110356	path:one03410
one:115111255	path:one03410
one:115111719	path:one03410
one:115111741	path:one03410
one:115114106	path:one03410
one:115114658	path:one03410
one:115115334	path:one03410
one:115117083	path:one03410
one:115117842	path:one03410
one:115118892	path:one03410
one:115120365	path:one03410
one:115123785	path:one03410
one:115125383	path:one03410
one:115126820	path:one03410
one:115128562	path:one03410
one:115130805	path:one03410
one:115131855	path:one03410
one:115134518	path:one03410
one:115134519	path:one03410
one:115135583	path:one03410
one:115135825	path:one03410
one:115135991	path:one03410
one:115136099	path:one03410
one:115137171	path:one03410
one:115138676	path:one03410
one:115139239	path:one03410
one:115139761	path:one03410
one:115140125	path:one03410
one:115140140	path:one03410
one:115140206	path:one03410
one:115140294	path:one03410
one:115141176	path:one03410
one:115141630	path:one03410
one:115142318	path:one03410
one:115142601	path:one03410
one:115144706	path:one03410
one:115144708	path:one03410
one:115145027	path:one03410
one:115145777	path:one03410
one:115145888	path:one03410
one:115146060	path:one03410
one:115146451	path:one03410
one:115146865	path:one03410
one:115104268	path:one03420
one:115104658	path:one03420
one:115105733	path:one03420
one:115106008	path:one03420
one:115106105	path:one03420
one:115107383	path:one03420
one:115108227	path:one03420
one:115108445	path:one03420
one:115108844	path:one03420
one:115109202	path:one03420
one:115109220	path:one03420
one:115109240	path:one03420
one:115109311	path:one03420
one:115109887	path:one03420
one:115110432	path:one03420
one:115110513	path:one03420
one:115111620	path:one03420
one:115111689	path:one03420
one:115111741	path:one03420
one:115112054	path:one03420
one:115112275	path:one03420
one:115112431	path:one03420
one:115113466	path:one03420
one:115113716	path:one03420
one:115114708	path:one03420
one:115115334	path:one03420
one:115117083	path:one03420
one:115118827	path:one03420
one:115118873	path:one03420
one:115118892	path:one03420
one:115119811	path:one03420
one:115121719	path:one03420
one:115122382	path:one03420
one:115122417	path:one03420
one:115122568	path:one03420
one:115123099	path:one03420
one:115125243	path:one03420
one:115125624	path:one03420
one:115127689	path:one03420
one:115128553	path:one03420
one:115128574	path:one03420
one:115129490	path:one03420
one:115129582	path:one03420
one:115130736	path:one03420
one:115130780	path:one03420
one:115130845	path:one03420
one:115130986	path:one03420
one:115131419	path:one03420
one:115131977	path:one03420
one:115133600	path:one03420
one:115135348	path:one03420
one:115135583	path:one03420
one:115135991	path:one03420
one:115136738	path:one03420
one:115136848	path:one03420
one:115136926	path:one03420
one:115137361	path:one03420
one:115138153	path:one03420
one:115138569	path:one03420
one:115139258	path:one03420
one:115139735	path:one03420
one:115139761	path:one03420
one:115140206	path:one03420
one:115140284	path:one03420
one:115140294	path:one03420
one:115141236	path:one03420
one:115141838	path:one03420
one:115141896	path:one03420
one:115144198	path:one03420
one:115144672	path:one03420
one:115145027	path:one03420
one:115145628	path:one03420
one:115145777	path:one03420
one:115146451	path:one03420
one:115105733	path:one03430
one:115106951	path:one03430
one:115108445	path:one03430
one:115111741	path:one03430
one:115111945	path:one03430
one:115115334	path:one03430
one:115117083	path:one03430
one:115128553	path:one03430
one:115128574	path:one03430
one:115131419	path:one03430
one:115133169	path:one03430
one:115135160	path:one03430
one:115135326	path:one03430
one:115135583	path:one03430
one:115135991	path:one03430
one:115136738	path:one03430
one:115138511	path:one03430
one:115140206	path:one03430
one:115140294	path:one03430
one:115141236	path:one03430
one:115141838	path:one03430
one:115144068	path:one03430
one:115144233	path:one03430
one:115144375	path:one03430
one:115145027	path:one03430
one:115145777	path:one03430
one:115101302	path:one03440
one:115104550	path:one03440
one:115105243	path:one03440
one:115105499	path:one03440
one:115105733	path:one03440
one:115105880	path:one03440
one:115106633	path:one03440
one:115106951	path:one03440
one:115107213	path:one03440
one:115107832	path:one03440
one:115107869	path:one03440
one:115107919	path:one03440
one:115108590	path:one03440
one:115109504	path:one03440
one:115111225	path:one03440
one:115112997	path:one03440
one:115121678	path:one03440
one:115121897	path:one03440
one:115124628	path:one03440
one:115125197	path:one03440
one:115128553	path:one03440
one:115128574	path:one03440
one:115128702	path:one03440
one:115129751	path:one03440
one:115130309	path:one03440
one:115130333	path:one03440
one:115131311	path:one03440
one:115131419	path:one03440
one:115133169	path:one03440
one:115134134	path:one03440
one:115134232	path:one03440
one:115135583	path:one03440
one:115135664	path:one03440
one:115135943	path:one03440
one:115135965	path:one03440
one:115136103	path:one03440
one:115136738	path:one03440
one:115136832	path:one03440
one:115138253	path:one03440
one:115139346	path:one03440
one:115140294	path:one03440
one:115141236	path:one03440
one:115141838	path:one03440
one:115141870	path:one03440
one:115142711	path:one03440
one:115143795	path:one03440
one:115145777	path:one03440
one:115101035	path:one03450
one:115104860	path:one03450
one:115104906	path:one03450
one:115105243	path:one03450
one:115112927	path:one03450
one:115113350	path:one03450
one:115114106	path:one03450
one:115117858	path:one03450
one:115120074	path:one03450
one:115125197	path:one03450
one:115125383	path:one03450
one:115134572	path:one03450
one:115135271	path:one03450
one:115101706	path:one03460
one:115101826	path:one03460
one:115104885	path:one03460
one:115105635	path:one03460
one:115105733	path:one03460
one:115106633	path:one03460
one:115107213	path:one03460
one:115107674	path:one03460
one:115107832	path:one03460
one:115108074	path:one03460
one:115109046	path:one03460
one:115110325	path:one03460
one:115111225	path:one03460
one:115111346	path:one03460
one:115111392	path:one03460
one:115111684	path:one03460
one:115111706	path:one03460
one:115111824	path:one03460
one:115112997	path:one03460
one:115114794	path:one03460
one:115114883	path:one03460
one:115116011	path:one03460
one:115116046	path:one03460
one:115116911	path:one03460
one:115119658	path:one03460
one:115119667	path:one03460
one:115119673	path:one03460
one:115121081	path:one03460
one:115121719	path:one03460
one:115124798	path:one03460
one:115125818	path:one03460
one:115128499	path:one03460
one:115128553	path:one03460
one:115128574	path:one03460
one:115130187	path:one03460
one:115131419	path:one03460
one:115132801	path:one03460
one:115133429	path:one03460
one:115134124	path:one03460
one:115134232	path:one03460
one:115134347	path:one03460
one:115134696	path:one03460
one:115135110	path:one03460
one:115135128	path:one03460
one:115135326	path:one03460
one:115135965	path:one03460
one:115136738	path:one03460
one:115136832	path:one03460
one:115138215	path:one03460
one:115138275	path:one03460
one:115139346	path:one03460
one:115139499	path:one03460
one:115140167	path:one03460
one:115141236	path:one03460
one:115141838	path:one03460
one:115143131	path:one03460
one:115143451	path:one03460
one:115143971	path:one03460
one:115144198	path:one03460
one:115144233	path:one03460
one:115144240	path:one03460
one:115144688	path:one03460
one:115101025	path:one04010
one:115101038	path:one04010
one:115101125	path:one04010
one:115101135	path:one04010
one:115101153	path:one04010
one:115101351	path:one04010
one:115101394	path:one04010
one:115101413	path:one04010
one:115101440	path:one04010
one:115101472	path:one04010
one:115101632	path:one04010
one:115101819	path:one04010
one:115101822	path:one04010
one:115101902	path:one04010
one:115101911	path:one04010
one:115101923	path:one04010
one:115101971	path:one04010
one:115102048	path:one04010
one:115102101	path:one04010
one:115102152	path:one04010
one:115102256	path:one04010
one:115102341	path:one04010
one:115102395	path:one04010
one:115102420	path:one04010
one:115102640	path:one04010
one:115102646	path:one04010
one:115102672	path:one04010
one:115102692	path:one04010
one:115102748	path:one04010
one:115102893	path:one04010
one:115102911	path:one04010
one:115102928	path:one04010
one:115102971	path:one04010
one:115102979	path:one04010
one:115103031	path:one04010
one:115103115	path:one04010
one:115103208	path:one04010
one:115103241	path:one04010
one:115103270	path:one04010
one:115103530	path:one04010
one:115103559	path:one04010
one:115103560	path:one04010
one:115103562	path:one04010
one:115103568	path:one04010
one:115103569	path:one04010
one:115103712	path:one04010
one:115103831	path:one04010
one:115103843	path:one04010
one:115103864	path:one04010
one:115103872	path:one04010
one:115103873	path:one04010
one:115103883	path:one04010
one:115103908	path:one04010
one:115103977	path:one04010
one:115103984	path:one04010
one:115104014	path:one04010
one:115104029	path:one04010
one:115104092	path:one04010
one:115104159	path:one04010
one:115104286	path:one04010
one:115104321	path:one04010
one:115104341	path:one04010
one:115104636	path:one04010
one:115104644	path:one04010
one:115104721	path:one04010
one:115104741	path:one04010
one:115104744	path:one04010
one:115104841	path:one04010
one:115104890	path:one04010
one:115104944	path:one04010
one:115104977	path:one04010
one:115105104	path:one04010
one:115105159	path:one04010
one:115105179	path:one04010
one:115105372	path:one04010
one:115105375	path:one04010
one:115105394	path:one04010
one:115105478	path:one04010
one:115105498	path:one04010
one:115105605	path:one04010
one:115105636	path:one04010
one:115105709	path:one04010
one:115105764	path:one04010
one:115105841	path:one04010
one:115105842	path:one04010
one:115105852	path:one04010
one:115105907	path:one04010
one:115106182	path:one04010
one:115106193	path:one04010
one:115106269	path:one04010
one:115106306	path:one04010
one:115106409	path:one04010
one:115106439	path:one04010
one:115106457	path:one04010
one:115106499	path:one04010
one:115106668	path:one04010
one:115106694	path:one04010
one:115106696	path:one04010
one:115106706	path:one04010
one:115106712	path:one04010
one:115106733	path:one04010
one:115106751	path:one04010
one:115106755	path:one04010
one:115106766	path:one04010
one:115106872	path:one04010
one:115107039	path:one04010
one:115107040	path:one04010
one:115107055	path:one04010
one:115107064	path:one04010
one:115107174	path:one04010
one:115107374	path:one04010
one:115107390	path:one04010
one:115107419	path:one04010
one:115107592	path:one04010
one:115107660	path:one04010
one:115107680	path:one04010
one:115107688	path:one04010
one:115107835	path:one04010
one:115107843	path:one04010
one:115107857	path:one04010
one:115107982	path:one04010
one:115108128	path:one04010
one:115108158	path:one04010
one:115108250	path:one04010
one:115108309	path:one04010
one:115108385	path:one04010
one:115108398	path:one04010
one:115108486	path:one04010
one:115108534	path:one04010
one:115108535	path:one04010
one:115108589	path:one04010
one:115108739	path:one04010
one:115108994	path:one04010
one:115108995	path:one04010
one:115109068	path:one04010
one:115109117	path:one04010
one:115109144	path:one04010
one:115109145	path:one04010
one:115109224	path:one04010
one:115109253	path:one04010
one:115109402	path:one04010
one:115109427	path:one04010
one:115109462	path:one04010
one:115109489	path:one04010
one:115109509	path:one04010
one:115109544	path:one04010
one:115109568	path:one04010
one:115109600	path:one04010
one:115109601	path:one04010
one:115109641	path:one04010
one:115109662	path:one04010
one:115109668	path:one04010
one:115109669	path:one04010
one:115109800	path:one04010
one:115109968	path:one04010
one:115109983	path:one04010
one:115110004	path:one04010
one:115110042	path:one04010
one:115110115	path:one04010
one:115110131	path:one04010
one:115110180	path:one04010
one:115110240	path:one04010
one:115110272	path:one04010
one:115110305	path:one04010
one:115110639	path:one04010
one:115110714	path:one04010
one:115110735	path:one04010
one:115110736	path:one04010
one:115110787	path:one04010
one:115110791	path:one04010
one:115110808	path:one04010
one:115110970	path:one04010
one:115111002	path:one04010
one:115111166	path:one04010
one:115111274	path:one04010
one:115111280	path:one04010
one:115111300	path:one04010
one:115111341	path:one04010
one:115111349	path:one04010
one:115111503	path:one04010
one:115111536	path:one04010
one:115111572	path:one04010
one:115111788	path:one04010
one:115111795	path:one04010
one:115111809	path:one04010
one:115111813	path:one04010
one:115111836	path:one04010
one:115111866	path:one04010
one:115111867	path:one04010
one:115111920	path:one04010
one:115111931	path:one04010
one:115111946	path:one04010
one:115112093	path:one04010
one:115112094	path:one04010
one:115112095	path:one04010
one:115112296	path:one04010
one:115112333	path:one04010
one:115112421	path:one04010
one:115112448	path:one04010
one:115112509	path:one04010
one:115112562	path:one04010
one:115112796	path:one04010
one:115112873	path:one04010
one:115112972	path:one04010
one:115113027	path:one04010
one:115113032	path:one04010
one:115113126	path:one04010
one:115113193	path:one04010
one:115113221	path:one04010
one:115113248	path:one04010
one:115113273	path:one04010
one:115113290	path:one04010
one:115113390	path:one04010
one:115113414	path:one04010
one:115113426	path:one04010
one:115113508	path:one04010
one:115113708	path:one04010
one:115113873	path:one04010
one:115114043	path:one04010
one:115114168	path:one04010
one:115114189	path:one04010
one:115114193	path:one04010
one:115114226	path:one04010
one:115114475	path:one04010
one:115114535	path:one04010
one:115114545	path:one04010
one:115114592	path:one04010
one:115114614	path:one04010
one:115114686	path:one04010
one:115114736	path:one04010
one:115114885	path:one04010
one:115114952	path:one04010
one:115115241	path:one04010
one:115115548	path:one04010
one:115115582	path:one04010
one:115115684	path:one04010
one:115115733	path:one04010
one:115115815	path:one04010
one:115115903	path:one04010
one:115115928	path:one04010
one:115116546	path:one04010
one:115116789	path:one04010
one:115116793	path:one04010
one:115117088	path:one04010
one:115117320	path:one04010
one:115117395	path:one04010
one:115117458	path:one04010
one:115117493	path:one04010
one:115117644	path:one04010
one:115117651	path:one04010
one:115117660	path:one04010
one:115117900	path:one04010
one:115117991	path:one04010
one:115118137	path:one04010
one:115118152	path:one04010
one:115118189	path:one04010
one:115118265	path:one04010
one:115118837	path:one04010
one:115118936	path:one04010
one:115118998	path:one04010
one:115118999	path:one04010
one:115119026	path:one04010
one:115119070	path:one04010
one:115119294	path:one04010
one:115119303	path:one04010
one:115119403	path:one04010
one:115119546	path:one04010
one:115119601	path:one04010
one:115119683	path:one04010
one:115119684	path:one04010
one:115119825	path:one04010
one:115120056	path:one04010
one:115120091	path:one04010
one:115120425	path:one04010
one:115120734	path:one04010
one:115120772	path:one04010
one:115120928	path:one04010
one:115121275	path:one04010
one:115121362	path:one04010
one:115121371	path:one04010
one:115121372	path:one04010
one:115121464	path:one04010
one:115121474	path:one04010
one:115121623	path:one04010
one:115121957	path:one04010
one:115121977	path:one04010
one:115122097	path:one04010
one:115122149	path:one04010
one:115122248	path:one04010
one:115122343	path:one04010
one:115122421	path:one04010
one:115122422	path:one04010
one:115122481	path:one04010
one:115122909	path:one04010
one:115122924	path:one04010
one:115122962	path:one04010
one:115123241	path:one04010
one:115123289	path:one04010
one:115123351	path:one04010
one:115123378	path:one04010
one:115123431	path:one04010
one:115123656	path:one04010
one:115123754	path:one04010
one:115124208	path:one04010
one:115124215	path:one04010
one:115124244	path:one04010
one:115124277	path:one04010
one:115124292	path:one04010
one:115124333	path:one04010
one:115124592	path:one04010
one:115124638	path:one04010
one:115124726	path:one04010
one:115124799	path:one04010
one:115124981	path:one04010
one:115125029	path:one04010
one:115125046	path:one04010
one:115125157	path:one04010
one:115125247	path:one04010
one:115125352	path:one04010
one:115125355	path:one04010
one:115125364	path:one04010
one:115125372	path:one04010
one:115125384	path:one04010
one:115125526	path:one04010
one:115125532	path:one04010
one:115125543	path:one04010
one:115125792	path:one04010
one:115125864	path:one04010
one:115125894	path:one04010
one:115125973	path:one04010
one:115125977	path:one04010
one:115126103	path:one04010
one:115126380	path:one04010
one:115126560	path:one04010
one:115126741	path:one04010
one:115126888	path:one04010
one:115127183	path:one04010
one:115127376	path:one04010
one:115127900	path:one04010
one:115128074	path:one04010
one:115128200	path:one04010
one:115128202	path:one04010
one:115128230	path:one04010
one:115128259	path:one04010
one:115128295	path:one04010
one:115128343	path:one04010
one:115128344	path:one04010
one:115128360	path:one04010
one:115128379	path:one04010
one:115128543	path:one04010
one:115128757	path:one04010
one:115128854	path:one04010
one:115128891	path:one04010
one:115128940	path:one04010
one:115128998	path:one04010
one:115129128	path:one04010
one:115129161	path:one04010
one:115129213	path:one04010
one:115129244	path:one04010
one:115129259	path:one04010
one:115129295	path:one04010
one:115129329	path:one04010
one:115129341	path:one04010
one:115129372	path:one04010
one:115129399	path:one04010
one:115129422	path:one04010
one:115129434	path:one04010
one:115129521	path:one04010
one:115129524	path:one04010
one:115129551	path:one04010
one:115129556	path:one04010
one:115129607	path:one04010
one:115129686	path:one04010
one:115129705	path:one04010
one:115129874	path:one04010
one:115130107	path:one04010
one:115130123	path:one04010
one:115130124	path:one04010
one:115130141	path:one04010
one:115130182	path:one04010
one:115130252	path:one04010
one:115130353	path:one04010
one:115130386	path:one04010
one:115130447	path:one04010
one:115130482	path:one04010
one:115130519	path:one04010
one:115130535	path:one04010
one:115130536	path:one04010
one:115130579	path:one04010
one:115130601	path:one04010
one:115130649	path:one04010
one:115130779	path:one04010
one:115130781	path:one04010
one:115130813	path:one04010
one:115130821	path:one04010
one:115130946	path:one04010
one:115131153	path:one04010
one:115131211	path:one04010
one:115131455	path:one04010
one:115131462	path:one04010
one:115131619	path:one04010
one:115131640	path:one04010
one:115131653	path:one04010
one:115131654	path:one04010
one:115131655	path:one04010
one:115131688	path:one04010
one:115131694	path:one04010
one:115131711	path:one04010
one:115131753	path:one04010
one:115131783	path:one04010
one:115131784	path:one04010
one:115131822	path:one04010
one:115131842	path:one04010
one:115131882	path:one04010
one:115131889	path:one04010
one:115131918	path:one04010
one:115131928	path:one04010
one:115131954	path:one04010
one:115132056	path:one04010
one:115132098	path:one04010
one:115132156	path:one04010
one:115132238	path:one04010
one:115132318	path:one04010
one:115132366	path:one04010
one:115132390	path:one04010
one:115132420	path:one04010
one:115132497	path:one04010
one:115132526	path:one04010
one:115132586	path:one04010
one:115132631	path:one04010
one:115133034	path:one04010
one:115133050	path:one04010
one:115133052	path:one04010
one:115133058	path:one04010
one:115133059	path:one04010
one:115133356	path:one04010
one:115133479	path:one04010
one:115133564	path:one04010
one:115133606	path:one04010
one:115133625	path:one04010
one:115133628	path:one04010
one:115133630	path:one04010
one:115133640	path:one04010
one:115133651	path:one04010
one:115133702	path:one04010
one:115133836	path:one04010
one:115133961	path:one04010
one:115133963	path:one04010
one:115133996	path:one04010
one:115134046	path:one04010
one:115134047	path:one04010
one:115134093	path:one04010
one:115134119	path:one04010
one:115134169	path:one04010
one:115134186	path:one04010
one:115134230	path:one04010
one:115134267	path:one04010
one:115134409	path:one04010
one:115134451	path:one04010
one:115134483	path:one04010
one:115134484	path:one04010
one:115134630	path:one04010
one:115134684	path:one04010
one:115134685	path:one04010
one:115134744	path:one04010
one:115134836	path:one04010
one:115134994	path:one04010
one:115135000	path:one04010
one:115135098	path:one04010
one:115135152	path:one04010
one:115135189	path:one04010
one:115135215	path:one04010
one:115135308	path:one04010
one:115135327	path:one04010
one:115135343	path:one04010
one:115135366	path:one04010
one:115135375	path:one04010
one:115135425	path:one04010
one:115135438	path:one04010
one:115135456	path:one04010
one:115135457	path:one04010
one:115135458	path:one04010
one:115135466	path:one04010
one:115135470	path:one04010
one:115135519	path:one04010
one:115135547	path:one04010
one:115135570	path:one04010
one:115135603	path:one04010
one:115135700	path:one04010
one:115135724	path:one04010
one:115135774	path:one04010
one:115135849	path:one04010
one:115135947	path:one04010
one:115136027	path:one04010
one:115136059	path:one04010
one:115136075	path:one04010
one:115136296	path:one04010
one:115136344	path:one04010
one:115136432	path:one04010
one:115136526	path:one04010
one:115136593	path:one04010
one:115136708	path:one04010
one:115136734	path:one04010
one:115136895	path:one04010
one:115136912	path:one04010
one:115137000	path:one04010
one:115137084	path:one04010
one:115137091	path:one04010
one:115137098	path:one04010
one:115137223	path:one04010
one:115137481	path:one04010
one:115137783	path:one04010
one:115137994	path:one04010
one:115138109	path:one04010
one:115138149	path:one04010
one:115138159	path:one04010
one:115138163	path:one04010
one:115138165	path:one04010
one:115138174	path:one04010
one:115138180	path:one04010
one:115138283	path:one04010
one:115138361	path:one04010
one:115138454	path:one04010
one:115138482	path:one04010
one:115138490	path:one04010
one:115138506	path:one04010
one:115138514	path:one04010
one:115138528	path:one04010
one:115138566	path:one04010
one:115138619	path:one04010
one:115138839	path:one04010
one:115139232	path:one04010
one:115139322	path:one04010
one:115139331	path:one04010
one:115139339	path:one04010
one:115139480	path:one04010
one:115139492	path:one04010
one:115139520	path:one04010
one:115139544	path:one04010
one:115139659	path:one04010
one:115139689	path:one04010
one:115139734	path:one04010
one:115139740	path:one04010
one:115139779	path:one04010
one:115139871	path:one04010
one:115139933	path:one04010
one:115140013	path:one04010
one:115140184	path:one04010
one:115140209	path:one04010
one:115140258	path:one04010
one:115140270	path:one04010
one:115140312	path:one04010
one:115140609	path:one04010
one:115140698	path:one04010
one:115140757	path:one04010
one:115140758	path:one04010
one:115140780	path:one04010
one:115140833	path:one04010
one:115141105	path:one04010
one:115141219	path:one04010
one:115141377	path:one04010
one:115141415	path:one04010
one:115141421	path:one04010
one:115141425	path:one04010
one:115141454	path:one04010
one:115141518	path:one04010
one:115141523	path:one04010
one:115141590	path:one04010
one:115141685	path:one04010
one:115141695	path:one04010
one:115141749	path:one04010
one:115141840	path:one04010
one:115141860	path:one04010
one:115141941	path:one04010
one:115141982	path:one04010
one:115142070	path:one04010
one:115142110	path:one04010
one:115142321	path:one04010
one:115142324	path:one04010
one:115142448	path:one04010
one:115142490	path:one04010
one:115142491	path:one04010
one:115142586	path:one04010
one:115142667	path:one04010
one:115142668	path:one04010
one:115142676	path:one04010
one:115142708	path:one04010
one:115142736	path:one04010
one:115142871	path:one04010
one:115142918	path:one04010
one:115142936	path:one04010
one:115143039	path:one04010
one:115143234	path:one04010
one:115143242	path:one04010
one:115143340	path:one04010
one:115143454	path:one04010
one:115143474	path:one04010
one:115143529	path:one04010
one:115143670	path:one04010
one:115143707	path:one04010
one:115143915	path:one04010
one:115144005	path:one04010
one:115144075	path:one04010
one:115144109	path:one04010
one:115144141	path:one04010
one:115144251	path:one04010
one:115144254	path:one04010
one:115144327	path:one04010
one:115144345	path:one04010
one:115144353	path:one04010
one:115144385	path:one04010
one:115144388	path:one04010
one:115144418	path:one04010
one:115144420	path:one04010
one:115144762	path:one04010
one:115144763	path:one04010
one:115144771	path:one04010
one:115144843	path:one04010
one:115144872	path:one04010
one:115144888	path:one04010
one:115144962	path:one04010
one:115144979	path:one04010
one:115145081	path:one04010
one:115145127	path:one04010
one:115145128	path:one04010
one:115145130	path:one04010
one:115145188	path:one04010
one:115145189	path:one04010
one:115145209	path:one04010
one:115145218	path:one04010
one:115145229	path:one04010
one:115145247	path:one04010
one:115145267	path:one04010
one:115145269	path:one04010
one:115145273	path:one04010
one:115145305	path:one04010
one:115145364	path:one04010
one:115145481	path:one04010
one:115145482	path:one04010
one:115145623	path:one04010
one:115145810	path:one04010
one:115146166	path:one04010
one:115146230	path:one04010
one:115146238	path:one04010
one:115146245	path:one04010
one:115146263	path:one04010
one:115146354	path:one04010
one:115146431	path:one04010
one:115146644	path:one04010
one:115146645	path:one04010
one:115146760	path:one04010
one:115146824	path:one04010
one:115146827	path:one04010
one:115146853	path:one04010
one:115146882	path:one04010
one:115147014	path:one04010
one:115147015	path:one04010
one:115147124	path:one04010
one:115147161	path:one04010
one:115101125	path:one04012
one:115101169	path:one04012
one:115101321	path:one04012
one:115101911	path:one04012
one:115101971	path:one04012
one:115101998	path:one04012
one:115102496	path:one04012
one:115102907	path:one04012
one:115102911	path:one04012
one:115102928	path:one04012
one:115103245	path:one04012
one:115103316	path:one04012
one:115103495	path:one04012
one:115103712	path:one04012
one:115103831	path:one04012
one:115103843	path:one04012
one:115103872	path:one04012
one:115103883	path:one04012
one:115103977	path:one04012
one:115104286	path:one04012
one:115104636	path:one04012
one:115104890	path:one04012
one:115105179	path:one04012
one:115105473	path:one04012
one:115105539	path:one04012
one:115105882	path:one04012
one:115106013	path:one04012
one:115106306	path:one04012
one:115106409	path:one04012
one:115106643	path:one04012
one:115106706	path:one04012
one:115106743	path:one04012
one:115106824	path:one04012
one:115106841	path:one04012
one:115106937	path:one04012
one:115107178	path:one04012
one:115107540	path:one04012
one:115107835	path:one04012
one:115107994	path:one04012
one:115108180	path:one04012
one:115108309	path:one04012
one:115108329	path:one04012
one:115108398	path:one04012
one:115108433	path:one04012
one:115108455	path:one04012
one:115108486	path:one04012
one:115108766	path:one04012
one:115109150	path:one04012
one:115109334	path:one04012
one:115109509	path:one04012
one:115109544	path:one04012
one:115109796	path:one04012
one:115110004	path:one04012
one:115110283	path:one04012
one:115110639	path:one04012
one:115110714	path:one04012
one:115110735	path:one04012
one:115111274	path:one04012
one:115111646	path:one04012
one:115111809	path:one04012
one:115112007	path:one04012
one:115113161	path:one04012
one:115113238	path:one04012
one:115113414	path:one04012
one:115114043	path:one04012
one:115114142	path:one04012
one:115114221	path:one04012
one:115114592	path:one04012
one:115114614	path:one04012
one:115114621	path:one04012
one:115114736	path:one04012
one:115115749	path:one04012
one:115115883	path:one04012
one:115117477	path:one04012
one:115118308	path:one04012
one:115119601	path:one04012
one:115119955	path:one04012
one:115120056	path:one04012
one:115120734	path:one04012
one:115121421	path:one04012
one:115121887	path:one04012
one:115122097	path:one04012
one:115122653	path:one04012
one:115122691	path:one04012
one:115123028	path:one04012
one:115123684	path:one04012
one:115124799	path:one04012
one:115125089	path:one04012
one:115125349	path:one04012
one:115125839	path:one04012
one:115127707	path:one04012
one:115128074	path:one04012
one:115128222	path:one04012
one:115128731	path:one04012
one:115128757	path:one04012
one:115129161	path:one04012
one:115129638	path:one04012
one:115130078	path:one04012
one:115130182	path:one04012
one:115130353	path:one04012
one:115130519	path:one04012
one:115130968	path:one04012
one:115131343	path:one04012
one:115131882	path:one04012
one:115132058	path:one04012
one:115132207	path:one04012
one:115132453	path:one04012
one:115132497	path:one04012
one:115133180	path:one04012
one:115133221	path:one04012
one:115133262	path:one04012
one:115133659	path:one04012
one:115134079	path:one04012
one:115134119	path:one04012
one:115134169	path:one04012
one:115134429	path:one04012
one:115134749	path:one04012
one:115135000	path:one04012
one:115135028	path:one04012
one:115135138	path:one04012
one:115135343	path:one04012
one:115135438	path:one04012
one:115135460	path:one04012
one:115135514	path:one04012
one:115135590	path:one04012
one:115135649	path:one04012
one:115135909	path:one04012
one:115135975	path:one04012
one:115136075	path:one04012
one:115136169	path:one04012
one:115136593	path:one04012
one:115136609	path:one04012
one:115136693	path:one04012
one:115136930	path:one04012
one:115137000	path:one04012
one:115137119	path:one04012
one:115137281	path:one04012
one:115137572	path:one04012
one:115137783	path:one04012
one:115138195	path:one04012
one:115138444	path:one04012
one:115138454	path:one04012
one:115139339	path:one04012
one:115139933	path:one04012
one:115140270	path:one04012
one:115140387	path:one04012
one:115140583	path:one04012
one:115141495	path:one04012
one:115141590	path:one04012
one:115141664	path:one04012
one:115141749	path:one04012
one:115141874	path:one04012
one:115141974	path:one04012
one:115141982	path:one04012
one:115142070	path:one04012
one:115142324	path:one04012
one:115142448	path:one04012
one:115142490	path:one04012
one:115142491	path:one04012
one:115142668	path:one04012
one:115142855	path:one04012
one:115142871	path:one04012
one:115143202	path:one04012
one:115143670	path:one04012
one:115143957	path:one04012
one:115144005	path:one04012
one:115144086	path:one04012
one:115144141	path:one04012
one:115144239	path:one04012
one:115144345	path:one04012
one:115144888	path:one04012
one:115144908	path:one04012
one:115144979	path:one04012
one:115145018	path:one04012
one:115145247	path:one04012
one:115145315	path:one04012
one:115145482	path:one04012
one:115145842	path:one04012
one:115145897	path:one04012
one:115146263	path:one04012
one:115146655	path:one04012
one:115146824	path:one04012
one:115146827	path:one04012
one:115146941	path:one04012
one:115146947	path:one04012
one:115147122	path:one04012
one:115147134	path:one04012
one:115147159	path:one04012
one:115101025	path:one04020
one:115101217	path:one04020
one:115101315	path:one04020
one:115101319	path:one04020
one:115101391	path:one04020
one:115101429	path:one04020
one:115101464	path:one04020
one:115101675	path:one04020
one:115101728	path:one04020
one:115101733	path:one04020
one:115101758	path:one04020
one:115101885	path:one04020
one:115101902	path:one04020
one:115101911	path:one04020
one:115101950	path:one04020
one:115101951	path:one04020
one:115101998	path:one04020
one:115102100	path:one04020
one:115102160	path:one04020
one:115102217	path:one04020
one:115102235	path:one04020
one:115102493	path:one04020
one:115102497	path:one04020
one:115102692	path:one04020
one:115102758	path:one04020
one:115102787	path:one04020
one:115102796	path:one04020
one:115102928	path:one04020
one:115102971	path:one04020
one:115102979	path:one04020
one:115102984	path:one04020
one:115102992	path:one04020
one:115103174	path:one04020
one:115103507	path:one04020
one:115103521	path:one04020
one:115103530	path:one04020
one:115103805	path:one04020
one:115103818	path:one04020
one:115103831	path:one04020
one:115103864	path:one04020
one:115103872	path:one04020
one:115103908	path:one04020
one:115103975	path:one04020
one:115104086	path:one04020
one:115104134	path:one04020
one:115104292	path:one04020
one:115104341	path:one04020
one:115104604	path:one04020
one:115104721	path:one04020
one:115104741	path:one04020
one:115104744	path:one04020
one:115104869	path:one04020
one:115104886	path:one04020
one:115104890	path:one04020
one:115105071	path:one04020
one:115105214	path:one04020
one:115105217	path:one04020
one:115105242	path:one04020
one:115105281	path:one04020
one:115105398	path:one04020
one:115105400	path:one04020
one:115105475	path:one04020
one:115105498	path:one04020
one:115105525	path:one04020
one:115105532	path:one04020
one:115105711	path:one04020
one:115105713	path:one04020
one:115105807	path:one04020
one:115105817	path:one04020
one:115105852	path:one04020
one:115105892	path:one04020
one:115105911	path:one04020
one:115105940	path:one04020
one:115105943	path:one04020
one:115106115	path:one04020
one:115106145	path:one04020
one:115106157	path:one04020
one:115106182	path:one04020
one:115106193	path:one04020
one:115106269	path:one04020
one:115106365	path:one04020
one:115106375	path:one04020
one:115106549	path:one04020
one:115106654	path:one04020
one:115106657	path:one04020
one:115106681	path:one04020
one:115106706	path:one04020
one:115106712	path:one04020
one:115106719	path:one04020
one:115106751	path:one04020
one:115106827	path:one04020
one:115106910	path:one04020
one:115107055	path:one04020
one:115107106	path:one04020
one:115107174	path:one04020
one:115107175	path:one04020
one:115107178	path:one04020
one:115107335	path:one04020
one:115107390	path:one04020
one:115107502	path:one04020
one:115107503	path:one04020
one:115107714	path:one04020
one:115107715	path:one04020
one:115107731	path:one04020
one:115107784	path:one04020
one:115107843	path:one04020
one:115107900	path:one04020
one:115107916	path:one04020
one:115108031	path:one04020
one:115108060	path:one04020
one:115108069	path:one04020
one:115108096	path:one04020
one:115108127	path:one04020
one:115108164	path:one04020
one:115108228	path:one04020
one:115108339	path:one04020
one:115108340	path:one04020
one:115108534	path:one04020
one:115108605	path:one04020
one:115108643	path:one04020
one:115108739	path:one04020
one:115108766	path:one04020
one:115108854	path:one04020
one:115108958	path:one04020
one:115108994	path:one04020
one:115108995	path:one04020
one:115109030	path:one04020
one:115109045	path:one04020
one:115109085	path:one04020
one:115109127	path:one04020
one:115109280	path:one04020
one:115109334	path:one04020
one:115109341	path:one04020
one:115109462	path:one04020
one:115109547	path:one04020
one:115109600	path:one04020
one:115109601	path:one04020
one:115109641	path:one04020
one:115109662	path:one04020
one:115109717	path:one04020
one:115109939	path:one04020
one:115109991	path:one04020
one:115110234	path:one04020
one:115110439	path:one04020
one:115110444	path:one04020
one:115110473	path:one04020
one:115110578	path:one04020
one:115110580	path:one04020
one:115110645	path:one04020
one:115110670	path:one04020
one:115110872	path:one04020
one:115110970	path:one04020
one:115111002	path:one04020
one:115111008	path:one04020
one:115111220	path:one04020
one:115111274	path:one04020
one:115111327	path:one04020
one:115111349	path:one04020
one:115111353	path:one04020
one:115111354	path:one04020
one:115111433	path:one04020
one:115111479	path:one04020
one:115111483	path:one04020
one:115111515	path:one04020
one:115111555	path:one04020
one:115111572	path:one04020
one:115111595	path:one04020
one:115111625	path:one04020
one:115111673	path:one04020
one:115111724	path:one04020
one:115111746	path:one04020
one:115111795	path:one04020
one:115111836	path:one04020
one:115111915	path:one04020
one:115111985	path:one04020
one:115112093	path:one04020
one:115112094	path:one04020
one:115112095	path:one04020
one:115112097	path:one04020
one:115112123	path:one04020
one:115112130	path:one04020
one:115112387	path:one04020
one:115112487	path:one04020
one:115112494	path:one04020
one:115112661	path:one04020
one:115112683	path:one04020
one:115112688	path:one04020
one:115112796	path:one04020
one:115112836	path:one04020
one:115112956	path:one04020
one:115113103	path:one04020
one:115113112	path:one04020
one:115113125	path:one04020
one:115113238	path:one04020
one:115113273	path:one04020
one:115113332	path:one04020
one:115113390	path:one04020
one:115113508	path:one04020
one:115113526	path:one04020
one:115113535	path:one04020
one:115113562	path:one04020
one:115113769	path:one04020
one:115113990	path:one04020
one:115114051	path:one04020
one:115114168	path:one04020
one:115114521	path:one04020
one:115114530	path:one04020
one:115114535	path:one04020
one:115114545	path:one04020
one:115114592	path:one04020
one:115114657	path:one04020
one:115114669	path:one04020
one:115114691	path:one04020
one:115114703	path:one04020
one:115114789	path:one04020
one:115115058	path:one04020
one:115115239	path:one04020
one:115115322	path:one04020
one:115115702	path:one04020
one:115115815	path:one04020
one:115115929	path:one04020
one:115116263	path:one04020
one:115116637	path:one04020
one:115117066	path:one04020
one:115117320	path:one04020
one:115117482	path:one04020
one:115117575	path:one04020
one:115117643	path:one04020
one:115117655	path:one04020
one:115117821	path:one04020
one:115118155	path:one04020
one:115118265	path:one04020
one:115118553	path:one04020
one:115118923	path:one04020
one:115119074	path:one04020
one:115119238	path:one04020
one:115119294	path:one04020
one:115119359	path:one04020
one:115119781	path:one04020
one:115119955	path:one04020
one:115120206	path:one04020
one:115120284	path:one04020
one:115120329	path:one04020
one:115120900	path:one04020
one:115120928	path:one04020
one:115121028	path:one04020
one:115121086	path:one04020
one:115121177	path:one04020
one:115121275	path:one04020
one:115121603	path:one04020
one:115121623	path:one04020
one:115121694	path:one04020
one:115121835	path:one04020
one:115121873	path:one04020
one:115122027	path:one04020
one:115122125	path:one04020
one:115122392	path:one04020
one:115122560	path:one04020
one:115122774	path:one04020
one:115123001	path:one04020
one:115123270	path:one04020
one:115123410	path:one04020
one:115123415	path:one04020
one:115123431	path:one04020
one:115123485	path:one04020
one:115123592	path:one04020
one:115123754	path:one04020
one:115124142	path:one04020
one:115124215	path:one04020
one:115124333	path:one04020
one:115124586	path:one04020
one:115124638	path:one04020
one:115124717	path:one04020
one:115124726	path:one04020
one:115124871	path:one04020
one:115124890	path:one04020
one:115125029	path:one04020
one:115125070	path:one04020
one:115125310	path:one04020
one:115125321	path:one04020
one:115125325	path:one04020
one:115125352	path:one04020
one:115125355	path:one04020
one:115125364	path:one04020
one:115125384	path:one04020
one:115125509	path:one04020
one:115125510	path:one04020
one:115125621	path:one04020
one:115125634	path:one04020
one:115125719	path:one04020
one:115125731	path:one04020
one:115125758	path:one04020
one:115125765	path:one04020
one:115125769	path:one04020
one:115125894	path:one04020
one:115125925	path:one04020
one:115125973	path:one04020
one:115126076	path:one04020
one:115126103	path:one04020
one:115126239	path:one04020
one:115126377	path:one04020
one:115126712	path:one04020
one:115126741	path:one04020
one:115126762	path:one04020
one:115127097	path:one04020
one:115127376	path:one04020
one:115127583	path:one04020
one:115127732	path:one04020
one:115128006	path:one04020
one:115128129	path:one04020
one:115128208	path:one04020
one:115128259	path:one04020
one:115128396	path:one04020
one:115128595	path:one04020
one:115128770	path:one04020
one:115128860	path:one04020
one:115128873	path:one04020
one:115128908	path:one04020
one:115128940	path:one04020
one:115128983	path:one04020
one:115129161	path:one04020
one:115129213	path:one04020
one:115129244	path:one04020
one:115129341	path:one04020
one:115129422	path:one04020
one:115129427	path:one04020
one:115129462	path:one04020
one:115129521	path:one04020
one:115129524	path:one04020
one:115129551	path:one04020
one:115129805	path:one04020
one:115129922	path:one04020
one:115129952	path:one04020
one:115129983	path:one04020
one:115130123	path:one04020
one:115130182	path:one04020
one:115130185	path:one04020
one:115130208	path:one04020
one:115130320	path:one04020
one:115130504	path:one04020
one:115130536	path:one04020
one:115130579	path:one04020
one:115130649	path:one04020
one:115130653	path:one04020
one:115130779	path:one04020
one:115130781	path:one04020
one:115130813	path:one04020
one:115130988	path:one04020
one:115131105	path:one04020
one:115131116	path:one04020
one:115131135	path:one04020
one:115131148	path:one04020
one:115131165	path:one04020
one:115131201	path:one04020
one:115131211	path:one04020
one:115131656	path:one04020
one:115131694	path:one04020
one:115131776	path:one04020
one:115131798	path:one04020
one:115131822	path:one04020
one:115131888	path:one04020
one:115131939	path:one04020
one:115131954	path:one04020
one:115132128	path:one04020
one:115132145	path:one04020
one:115132159	path:one04020
one:115132219	path:one04020
one:115132231	path:one04020
one:115132452	path:one04020
one:115132497	path:one04020
one:115132631	path:one04020
one:115132842	path:one04020
one:115132984	path:one04020
one:115133050	path:one04020
one:115133052	path:one04020
one:115133095	path:one04020
one:115133206	path:one04020
one:115133302	path:one04020
one:115133358	path:one04020
one:115133564	path:one04020
one:115133659	path:one04020
one:115133750	path:one04020
one:115133935	path:one04020
one:115133996	path:one04020
one:115134046	path:one04020
one:115134047	path:one04020
one:115134115	path:one04020
one:115134397	path:one04020
one:115134478	path:one04020
one:115134545	path:one04020
one:115134548	path:one04020
one:115134684	path:one04020
one:115134685	path:one04020
one:115134744	path:one04020
one:115134771	path:one04020
one:115134783	path:one04020
one:115134836	path:one04020
one:115134971	path:one04020
one:115134975	path:one04020
one:115134986	path:one04020
one:115135048	path:one04020
one:115135138	path:one04020
one:115135189	path:one04020
one:115135251	path:one04020
one:115135308	path:one04020
one:115135375	path:one04020
one:115135456	path:one04020
one:115135457	path:one04020
one:115135460	path:one04020
one:115135480	path:one04020
one:115135519	path:one04020
one:115135523	path:one04020
one:115135571	path:one04020
one:115135619	path:one04020
one:115135655	path:one04020
one:115135690	path:one04020
one:115135700	path:one04020
one:115135770	path:one04020
one:115135921	path:one04020
one:115135926	path:one04020
one:115135947	path:one04020
one:115135972	path:one04020
one:115136042	path:one04020
one:115136149	path:one04020
one:115136167	path:one04020
one:115136186	path:one04020
one:115136219	path:one04020
one:115136413	path:one04020
one:115136450	path:one04020
one:115136511	path:one04020
one:115136514	path:one04020
one:115136775	path:one04020
one:115136794	path:one04020
one:115136819	path:one04020
one:115136939	path:one04020
one:115137086	path:one04020
one:115137105	path:one04020
one:115137202	path:one04020
one:115137227	path:one04020
one:115137264	path:one04020
one:115137294	path:one04020
one:115137306	path:one04020
one:115137481	path:one04020
one:115137715	path:one04020
one:115138109	path:one04020
one:115138195	path:one04020
one:115138294	path:one04020
one:115138359	path:one04020
one:115138382	path:one04020
one:115138441	path:one04020
one:115138472	path:one04020
one:115138476	path:one04020
one:115138594	path:one04020
one:115138654	path:one04020
one:115138692	path:one04020
one:115138749	path:one04020
one:115138915	path:one04020
one:115139004	path:one04020
one:115139005	path:one04020
one:115139085	path:one04020
one:115139143	path:one04020
one:115139151	path:one04020
one:115139274	path:one04020
one:115139331	path:one04020
one:115139332	path:one04020
one:115139385	path:one04020
one:115139453	path:one04020
one:115139525	path:one04020
one:115139544	path:one04020
one:115139551	path:one04020
one:115139762	path:one04020
one:115139779	path:one04020
one:115139783	path:one04020
one:115139784	path:one04020
one:115139871	path:one04020
one:115139906	path:one04020
one:115139907	path:one04020
one:115139910	path:one04020
one:115139915	path:one04020
one:115139933	path:one04020
one:115139950	path:one04020
one:115139993	path:one04020
one:115140013	path:one04020
one:115140035	path:one04020
one:115140136	path:one04020
one:115140146	path:one04020
one:115140175	path:one04020
one:115140183	path:one04020
one:115140214	path:one04020
one:115140258	path:one04020
one:115140382	path:one04020
one:115140388	path:one04020
one:115140441	path:one04020
one:115140445	path:one04020
one:115140543	path:one04020
one:115140599	path:one04020
one:115140698	path:one04020
one:115141105	path:one04020
one:115141377	path:one04020
one:115141418	path:one04020
one:115141425	path:one04020
one:115141455	path:one04020
one:115141503	path:one04020
one:115141656	path:one04020
one:115141808	path:one04020
one:115141848	path:one04020
one:115141939	path:one04020
one:115141986	path:one04020
one:115142070	path:one04020
one:115142091	path:one04020
one:115142226	path:one04020
one:115142324	path:one04020
one:115142593	path:one04020
one:115142613	path:one04020
one:115142665	path:one04020
one:115142708	path:one04020
one:115142827	path:one04020
one:115142914	path:one04020
one:115142918	path:one04020
one:115142934	path:one04020
one:115143109	path:one04020
one:115143304	path:one04020
one:115143388	path:one04020
one:115143394	path:one04020
one:115143446	path:one04020
one:115143464	path:one04020
one:115143604	path:one04020
one:115143668	path:one04020
one:115143670	path:one04020
one:115143704	path:one04020
one:115143806	path:one04020
one:115144032	path:one04020
one:115144086	path:one04020
one:115144109	path:one04020
one:115144223	path:one04020
one:115144366	path:one04020
one:115144463	path:one04020
one:115144510	path:one04020
one:115144557	path:one04020
one:115144559	path:one04020
one:115144568	path:one04020
one:115144622	path:one04020
one:115144691	path:one04020
one:115144768	path:one04020
one:115144833	path:one04020
one:115144872	path:one04020
one:115144916	path:one04020
one:115144917	path:one04020
one:115145081	path:one04020
one:115145127	path:one04020
one:115145130	path:one04020
one:115145252	path:one04020
one:115145364	path:one04020
one:115145396	path:one04020
one:115145593	path:one04020
one:115145623	path:one04020
one:115145776	path:one04020
one:115145781	path:one04020
one:115145830	path:one04020
one:115145920	path:one04020
one:115146058	path:one04020
one:115146133	path:one04020
one:115146140	path:one04020
one:115146247	path:one04020
one:115146250	path:one04020
one:115146497	path:one04020
one:115146519	path:one04020
one:115146539	path:one04020
one:115146566	path:one04020
one:115146568	path:one04020
one:115146577	path:one04020
one:115146614	path:one04020
one:115146615	path:one04020
one:115146751	path:one04020
one:115146882	path:one04020
one:115146896	path:one04020
one:115146920	path:one04020
one:115147134	path:one04020
one:115101134	path:one04060
one:115101368	path:one04060
one:115101394	path:one04060
one:115101398	path:one04060
one:115101423	path:one04060
one:115101458	path:one04060
one:115101587	path:one04060
one:115101589	path:one04060
one:115101702	path:one04060
one:115101728	path:one04060
one:115101745	path:one04060
one:115101811	path:one04060
one:115102079	path:one04060
one:115102105	path:one04060
one:115102348	path:one04060
one:115102483	path:one04060
one:115102571	path:one04060
one:115102573	path:one04060
one:115102753	path:one04060
one:115102765	path:one04060
one:115103031	path:one04060
one:115103037	path:one04060
one:115103379	path:one04060
one:115103589	path:one04060
one:115103591	path:one04060
one:115103592	path:one04060
one:115103625	path:one04060
one:115103768	path:one04060
one:115104011	path:one04060
one:115104020	path:one04060
one:115104032	path:one04060
one:115104187	path:one04060
one:115104193	path:one04060
one:115104351	path:one04060
one:115104562	path:one04060
one:115104599	path:one04060
one:115104841	path:one04060
one:115104863	path:one04060
one:115104882	path:one04060
one:115104989	path:one04060
one:115105154	path:one04060
one:115105200	path:one04060
one:115105225	path:one04060
one:115105360	path:one04060
one:115105591	path:one04060
one:115105623	path:one04060
one:115105738	path:one04060
one:115105747	path:one04060
one:115105858	path:one04060
one:115105871	path:one04060
one:115105926	path:one04060
one:115106021	path:one04060
one:115106160	path:one04060
one:115106162	path:one04060
one:115106185	path:one04060
one:115106208	path:one04060
one:115106341	path:one04060
one:115106345	path:one04060
one:115106406	path:one04060
one:115106418	path:one04060
one:115106665	path:one04060
one:115106694	path:one04060
one:115106696	path:one04060
one:115106766	path:one04060
one:115107344	path:one04060
one:115107368	path:one04060
one:115107419	path:one04060
one:115107709	path:one04060
one:115107816	path:one04060
one:115107960	path:one04060
one:115108096	path:one04060
one:115108183	path:one04060
one:115108245	path:one04060
one:115108247	path:one04060
one:115108347	path:one04060
one:115108362	path:one04060
one:115108471	path:one04060
one:115108472	path:one04060
one:115108671	path:one04060
one:115108732	path:one04060
one:115108880	path:one04060
one:115108891	path:one04060
one:115108897	path:one04060
one:115109221	path:one04060
one:115109356	path:one04060
one:115109741	path:one04060
one:115109778	path:one04060
one:115109851	path:one04060
one:115109852	path:one04060
one:115109853	path:one04060
one:115109854	path:one04060
one:115109855	path:one04060
one:115109889	path:one04060
one:115109988	path:one04060
one:115110067	path:one04060
one:115110111	path:one04060
one:115110120	path:one04060
one:115110133	path:one04060
one:115110134	path:one04060
one:115110135	path:one04060
one:115110136	path:one04060
one:115110137	path:one04060
one:115110138	path:one04060
one:115110139	path:one04060
one:115110140	path:one04060
one:115110142	path:one04060
one:115110328	path:one04060
one:115110330	path:one04060
one:115110335	path:one04060
one:115110336	path:one04060
one:115110559	path:one04060
one:115110624	path:one04060
one:115110625	path:one04060
one:115110626	path:one04060
one:115110808	path:one04060
one:115110829	path:one04060
one:115110858	path:one04060
one:115111059	path:one04060
one:115111061	path:one04060
one:115111131	path:one04060
one:115111151	path:one04060
one:115111206	path:one04060
one:115111245	path:one04060
one:115111341	path:one04060
one:115111409	path:one04060
one:115111503	path:one04060
one:115111528	path:one04060
one:115111725	path:one04060
one:115111860	path:one04060
one:115111872	path:one04060
one:115111931	path:one04060
one:115111959	path:one04060
one:115112022	path:one04060
one:115113046	path:one04060
one:115113221	path:one04060
one:115113284	path:one04060
one:115113420	path:one04060
one:115113421	path:one04060
one:115113903	path:one04060
one:115113909	path:one04060
one:115113910	path:one04060
one:115113998	path:one04060
one:115114008	path:one04060
one:115114036	path:one04060
one:115114253	path:one04060
one:115114369	path:one04060
one:115114467	path:one04060
one:115114475	path:one04060
one:115114506	path:one04060
one:115114686	path:one04060
one:115114691	path:one04060
one:115114825	path:one04060
one:115115101	path:one04060
one:115115121	path:one04060
one:115115538	path:one04060
one:115115548	path:one04060
one:115115935	path:one04060
one:115116101	path:one04060
one:115116546	path:one04060
one:115117037	path:one04060
one:115117098	path:one04060
one:115117099	path:one04060
one:115117100	path:one04060
one:115117458	path:one04060
one:115117464	path:one04060
one:115117700	path:one04060
one:115117812	path:one04060
one:115117813	path:one04060
one:115117900	path:one04060
one:115118065	path:one04060
one:115118184	path:one04060
one:115118195	path:one04060
one:115118265	path:one04060
one:115118398	path:one04060
one:115118429	path:one04060
one:115118469	path:one04060
one:115118471	path:one04060
one:115118478	path:one04060
one:115118479	path:one04060
one:115118550	path:one04060
one:115118815	path:one04060
one:115118835	path:one04060
one:115119089	path:one04060
one:115119166	path:one04060
one:115119277	path:one04060
one:115119303	path:one04060
one:115119318	path:one04060
one:115119427	path:one04060
one:115119438	path:one04060
one:115119504	path:one04060
one:115119533	path:one04060
one:115119806	path:one04060
one:115119852	path:one04060
one:115119854	path:one04060
one:115119856	path:one04060
one:115120114	path:one04060
one:115120264	path:one04060
one:115120695	path:one04060
one:115120787	path:one04060
one:115120790	path:one04060
one:115121606	path:one04060
one:115121617	path:one04060
one:115121957	path:one04060
one:115121990	path:one04060
one:115121995	path:one04060
one:115122000	path:one04060
one:115122049	path:one04060
one:115122219	path:one04060
one:115122324	path:one04060
one:115122677	path:one04060
one:115122909	path:one04060
one:115123688	path:one04060
one:115124211	path:one04060
one:115124230	path:one04060
one:115125288	path:one04060
one:115125290	path:one04060
one:115125432	path:one04060
one:115125529	path:one04060
one:115125663	path:one04060
one:115125696	path:one04060
one:115125716	path:one04060
one:115126350	path:one04060
one:115126357	path:one04060
one:115126363	path:one04060
one:115126364	path:one04060
one:115126368	path:one04060
one:115126371	path:one04060
one:115126414	path:one04060
one:115126433	path:one04060
one:115126882	path:one04060
one:115126940	path:one04060
one:115126958	path:one04060
one:115127032	path:one04060
one:115127180	path:one04060
one:115127574	path:one04060
one:115127579	path:one04060
one:115127668	path:one04060
one:115127964	path:one04060
one:115128126	path:one04060
one:115128230	path:one04060
one:115128854	path:one04060
one:115128913	path:one04060
one:115128982	path:one04060
one:115129009	path:one04060
one:115129126	path:one04060
one:115129142	path:one04060
one:115129158	path:one04060
one:115129313	path:one04060
one:115129329	path:one04060
one:115129399	path:one04060
one:115129607	path:one04060
one:115129641	path:one04060
one:115129688	path:one04060
one:115129763	path:one04060
one:115129798	path:one04060
one:115129990	path:one04060
one:115129998	path:one04060
one:115130051	path:one04060
one:115130111	path:one04060
one:115130112	path:one04060
one:115130190	path:one04060
one:115130220	path:one04060
one:115130252	path:one04060
one:115130330	path:one04060
one:115130367	path:one04060
one:115130397	path:one04060
one:115130431	path:one04060
one:115130499	path:one04060
one:115130535	path:one04060
one:115130683	path:one04060
one:115130858	path:one04060
one:115130946	path:one04060
one:115131017	path:one04060
one:115131078	path:one04060
one:115131096	path:one04060
one:115131153	path:one04060
one:115131583	path:one04060
one:115131674	path:one04060
one:115131753	path:one04060
one:115131859	path:one04060
one:115131890	path:one04060
one:115132098	path:one04060
one:115132442	path:one04060
one:115132487	path:one04060
one:115132795	path:one04060
one:115133090	path:one04060
one:115133464	path:one04060
one:115133505	path:one04060
one:115133522	path:one04060
one:115133533	path:one04060
one:115133624	path:one04060
one:115133756	path:one04060
one:115133992	path:one04060
one:115134071	path:one04060
one:115134313	path:one04060
one:115134366	path:one04060
one:115134770	path:one04060
one:115134919	path:one04060
one:115135098	path:one04060
one:115135198	path:one04060
one:115135349	path:one04060
one:115135352	path:one04060
one:115135356	path:one04060
one:115135458	path:one04060
one:115135570	path:one04060
one:115135627	path:one04060
one:115135684	path:one04060
one:115135745	path:one04060
one:115135791	path:one04060
one:115136265	path:one04060
one:115136498	path:one04060
one:115136679	path:one04060
one:115136748	path:one04060
one:115137064	path:one04060
one:115137089	path:one04060
one:115137296	path:one04060
one:115137594	path:one04060
one:115137632	path:one04060
one:115137905	path:one04060
one:115137955	path:one04060
one:115137996	path:one04060
one:115138037	path:one04060
one:115138051	path:one04060
one:115138506	path:one04060
one:115138632	path:one04060
one:115138692	path:one04060
one:115138873	path:one04060
one:115138875	path:one04060
one:115138942	path:one04060
one:115139001	path:one04060
one:115139009	path:one04060
one:115139218	path:one04060
one:115139357	path:one04060
one:115139463	path:one04060
one:115139854	path:one04060
one:115140098	path:one04060
one:115140265	path:one04060
one:115140321	path:one04060
one:115140623	path:one04060
one:115140757	path:one04060
one:115140758	path:one04060
one:115140765	path:one04060
one:115140766	path:one04060
one:115140796	path:one04060
one:115140951	path:one04060
one:115140952	path:one04060
one:115141085	path:one04060
one:115141099	path:one04060
one:115141147	path:one04060
one:115141148	path:one04060
one:115141342	path:one04060
one:115141355	path:one04060
one:115141383	path:one04060
one:115141421	path:one04060
one:115141457	path:one04060
one:115141887	path:one04060
one:115142035	path:one04060
one:115142133	path:one04060
one:115142156	path:one04060
one:115142492	path:one04060
one:115142493	path:one04060
one:115142549	path:one04060
one:115142586	path:one04060
one:115142715	path:one04060
one:115142936	path:one04060
one:115143071	path:one04060
one:115143092	path:one04060
one:115143169	path:one04060
one:115143424	path:one04060
one:115143650	path:one04060
one:115143747	path:one04060
one:115143772	path:one04060
one:115143999	path:one04060
one:115144007	path:one04060
one:115144008	path:one04060
one:115144194	path:one04060
one:115144330	path:one04060
one:115144331	path:one04060
one:115144395	path:one04060
one:115145207	path:one04060
one:115145260	path:one04060
one:115145318	path:one04060
one:115145346	path:one04060
one:115145364	path:one04060
one:115145406	path:one04060
one:115145481	path:one04060
one:115145511	path:one04060
one:115145580	path:one04060
one:115146067	path:one04060
one:115146089	path:one04060
one:115146148	path:one04060
one:115146230	path:one04060
one:115146357	path:one04060
one:115146620	path:one04060
one:115146950	path:one04060
one:115147009	path:one04060
one:115147025	path:one04060
one:115147123	path:one04060
one:115147151	path:one04060
one:115101014	path:one04068
one:115101074	path:one04068
one:115101145	path:one04068
one:115101198	path:one04068
one:115101394	path:one04068
one:115101466	path:one04068
one:115101822	path:one04068
one:115102166	path:one04068
one:115102523	path:one04068
one:115102640	path:one04068
one:115102646	path:one04068
one:115102889	path:one04068
one:115102893	path:one04068
one:115102907	path:one04068
one:115102928	path:one04068
one:115102988	path:one04068
one:115103014	path:one04068
one:115103031	path:one04068
one:115103092	path:one04068
one:115103238	path:one04068
one:115103245	path:one04068
one:115103302	path:one04068
one:115103316	path:one04068
one:115103712	path:one04068
one:115103843	path:one04068
one:115103883	path:one04068
one:115103924	path:one04068
one:115103977	path:one04068
one:115104128	path:one04068
one:115104263	path:one04068
one:115104286	path:one04068
one:115104644	path:one04068
one:115104824	path:one04068
one:115104841	path:one04068
one:115104854	path:one04068
one:115104890	path:one04068
one:115104898	path:one04068
one:115104930	path:one04068
one:115104989	path:one04068
one:115105617	path:one04068
one:115105636	path:one04068
one:115105866	path:one04068
one:115105871	path:one04068
one:115106046	path:one04068
one:115106356	path:one04068
one:115106409	path:one04068
one:115106445	path:one04068
one:115106499	path:one04068
one:115106552	path:one04068
one:115106696	path:one04068
one:115106755	path:one04068
one:115106778	path:one04068
one:115106841	path:one04068
one:115106937	path:one04068
one:115107039	path:one04068
one:115107040	path:one04068
one:115107053	path:one04068
one:115107064	path:one04068
one:115107419	path:one04068
one:115107835	path:one04068
one:115108020	path:one04068
one:115108031	path:one04068
one:115108045	path:one04068
one:115108139	path:one04068
one:115108158	path:one04068
one:115108173	path:one04068
one:115108180	path:one04068
one:115108214	path:one04068
one:115108231	path:one04068
one:115108285	path:one04068
one:115108309	path:one04068
one:115108455	path:one04068
one:115108704	path:one04068
one:115109117	path:one04068
one:115109139	path:one04068
one:115109150	path:one04068
one:115109187	path:one04068
one:115109206	path:one04068
one:115109316	path:one04068
one:115109402	path:one04068
one:115109509	path:one04068
one:115109544	path:one04068
one:115109568	path:one04068
one:115109603	path:one04068
one:115109645	path:one04068
one:115109686	path:one04068
one:115109930	path:one04068
one:115109980	path:one04068
one:115110004	path:one04068
one:115110042	path:one04068
one:115110281	path:one04068
one:115110372	path:one04068
one:115110408	path:one04068
one:115110428	path:one04068
one:115110515	path:one04068
one:115110639	path:one04068
one:115111016	path:one04068
one:115111251	path:one04068
one:115111341	path:one04068
one:115111697	path:one04068
one:115111809	path:one04068
one:115111867	path:one04068
one:115111952	path:one04068
one:115112007	path:one04068
one:115112024	path:one04068
one:115112096	path:one04068
one:115112265	path:one04068
one:115112810	path:one04068
one:115112909	path:one04068
one:115113144	path:one04068
one:115113146	path:one04068
one:115113222	path:one04068
one:115113398	path:one04068
one:115113414	path:one04068
one:115113563	path:one04068
one:115113650	path:one04068
one:115113829	path:one04068
one:115114142	path:one04068
one:115114157	path:one04068
one:115114221	path:one04068
one:115114232	path:one04068
one:115114415	path:one04068
one:115114475	path:one04068
one:115114493	path:one04068
one:115114592	path:one04068
one:115114621	path:one04068
one:115114736	path:one04068
one:115114885	path:one04068
one:115114960	path:one04068
one:115115172	path:one04068
one:115115324	path:one04068
one:115115928	path:one04068
one:115116290	path:one04068
one:115116369	path:one04068
one:115117289	path:one04068
one:115117386	path:one04068
one:115117456	path:one04068
one:115117493	path:one04068
one:115117588	path:one04068
one:115117812	path:one04068
one:115118046	path:one04068
one:115118350	path:one04068
one:115119601	path:one04068
one:115119683	path:one04068
one:115119806	path:one04068
one:115120056	path:one04068
one:115120136	path:one04068
one:115120536	path:one04068
one:115120700	path:one04068
one:115120846	path:one04068
one:115121030	path:one04068
one:115121421	path:one04068
one:115122049	path:one04068
one:115122380	path:one04068
one:115122744	path:one04068
one:115122909	path:one04068
one:115122914	path:one04068
one:115123805	path:one04068
one:115123879	path:one04068
one:115124480	path:one04068
one:115124592	path:one04068
one:115124613	path:one04068
one:115124666	path:one04068
one:115125089	path:one04068
one:115125499	path:one04068
one:115125716	path:one04068
one:115125933	path:one04068
one:115126837	path:one04068
one:115127142	path:one04068
one:115127966	path:one04068
one:115128230	path:one04068
one:115128452	path:one04068
one:115128757	path:one04068
one:115128891	path:one04068
one:115129128	path:one04068
one:115129161	path:one04068
one:115129399	path:one04068
one:115129443	path:one04068
one:115129607	path:one04068
one:115129620	path:one04068
one:115130140	path:one04068
one:115130174	path:one04068
one:115130182	path:one04068
one:115130229	path:one04068
one:115130252	path:one04068
one:115130519	path:one04068
one:115130671	path:one04068
one:115130681	path:one04068
one:115130946	path:one04068
one:115131017	path:one04068
one:115131153	path:one04068
one:115131388	path:one04068
one:115131545	path:one04068
one:115131753	path:one04068
one:115131882	path:one04068
one:115131946	path:one04068
one:115132056	path:one04068
one:115132207	path:one04068
one:115132526	path:one04068
one:115133034	path:one04068
one:115133053	path:one04068
one:115133058	path:one04068
one:115133059	path:one04068
one:115133180	path:one04068
one:115133262	path:one04068
one:115133282	path:one04068
one:115133536	path:one04068
one:115133603	path:one04068
one:115133616	path:one04068
one:115133993	path:one04068
one:115134045	path:one04068
one:115134093	path:one04068
one:115134119	path:one04068
one:115134151	path:one04068
one:115134152	path:one04068
one:115134169	path:one04068
one:115134267	path:one04068
one:115134429	path:one04068
one:115134579	path:one04068
one:115134609	path:one04068
one:115134617	path:one04068
one:115134925	path:one04068
one:115135008	path:one04068
one:115135085	path:one04068
one:115135099	path:one04068
one:115135215	path:one04068
one:115135319	path:one04068
one:115135343	path:one04068
one:115135424	path:one04068
one:115135438	path:one04068
one:115135470	path:one04068
one:115135570	path:one04068
one:115136269	path:one04068
one:115136317	path:one04068
one:115136593	path:one04068
one:115136609	path:one04068
one:115136862	path:one04068
one:115137597	path:one04068
one:115138064	path:one04068
one:115138144	path:one04068
one:115138147	path:one04068
one:115138454	path:one04068
one:115138506	path:one04068
one:115138550	path:one04068
one:115138749	path:one04068
one:115138754	path:one04068
one:115139016	path:one04068
one:115139248	path:one04068
one:115139274	path:one04068
one:115139339	path:one04068
one:115139688	path:one04068
one:115139831	path:one04068
one:115139868	path:one04068
one:115140155	path:one04068
one:115140184	path:one04068
one:115140270	path:one04068
one:115140609	path:one04068
one:115140802	path:one04068
one:115140943	path:one04068
one:115141071	path:one04068
one:115141240	path:one04068
one:115141421	path:one04068
one:115141870	path:one04068
one:115141941	path:one04068
one:115141974	path:one04068
one:115141982	path:one04068
one:115142188	path:one04068
one:115142448	path:one04068
one:115142636	path:one04068
one:115142668	path:one04068
one:115142862	path:one04068
one:115143073	path:one04068
one:115143086	path:one04068
one:115143168	path:one04068
one:115143202	path:one04068
one:115143529	path:one04068
one:115143876	path:one04068
one:115143915	path:one04068
one:115143979	path:one04068
one:115144005	path:one04068
one:115144052	path:one04068
one:115144185	path:one04068
one:115144289	path:one04068
one:115144345	path:one04068
one:115144480	path:one04068
one:115144542	path:one04068
one:115144888	path:one04068
one:115145089	path:one04068
one:115145189	path:one04068
one:115145225	path:one04068
one:115145247	path:one04068
one:115145267	path:one04068
one:115145273	path:one04068
one:115145315	path:one04068
one:115145481	path:one04068
one:115145897	path:one04068
one:115145912	path:one04068
one:115145920	path:one04068
one:115146181	path:one04068
one:115146230	path:one04068
one:115146263	path:one04068
one:115146603	path:one04068
one:115146824	path:one04068
one:115146827	path:one04068
one:115147014	path:one04068
one:115147015	path:one04068
one:115147159	path:one04068
one:115101137	path:one04070
one:115101315	path:one04070
one:115101998	path:one04070
one:115102421	path:one04070
one:115102423	path:one04070
one:115102528	path:one04070
one:115102756	path:one04070
one:115102832	path:one04070
one:115102907	path:one04070
one:115103245	path:one04070
one:115103316	path:one04070
one:115103773	path:one04070
one:115103822	path:one04070
one:115103831	path:one04070
one:115103872	path:one04070
one:115104086	path:one04070
one:115104616	path:one04070
one:115104856	path:one04070
one:115104997	path:one04070
one:115105011	path:one04070
one:115105386	path:one04070
one:115105659	path:one04070
one:115105662	path:one04070
one:115105711	path:one04070
one:115105894	path:one04070
one:115106346	path:one04070
one:115106356	path:one04070
one:115106375	path:one04070
one:115106681	path:one04070
one:115106762	path:one04070
one:115106948	path:one04070
one:115107502	path:one04070
one:115107503	path:one04070
one:115107784	path:one04070
one:115107882	path:one04070
one:115107900	path:one04070
one:115107916	path:one04070
one:115108180	path:one04070
one:115108259	path:one04070
one:115108455	path:one04070
one:115108766	path:one04070
one:115109150	path:one04070
one:115109239	path:one04070
one:115109334	path:one04070
one:115109547	path:one04070
one:115110045	path:one04070
one:115110234	path:one04070
one:115110474	path:one04070
one:115110509	path:one04070
one:115110616	path:one04070
one:115111091	path:one04070
one:115111436	path:one04070
one:115111490	path:one04070
one:115111601	path:one04070
one:115111705	path:one04070
one:115111777	path:one04070
one:115112007	path:one04070
one:115112075	path:one04070
one:115112387	path:one04070
one:115113065	path:one04070
one:115113112	path:one04070
one:115113222	path:one04070
one:115113332	path:one04070
one:115113343	path:one04070
one:115113394	path:one04070
one:115113490	path:one04070
one:115114142	path:one04070
one:115114221	path:one04070
one:115114309	path:one04070
one:115114621	path:one04070
one:115114710	path:one04070
one:115114789	path:one04070
one:115115089	path:one04070
one:115115331	path:one04070
one:115116727	path:one04070
one:115117022	path:one04070
one:115117107	path:one04070
one:115117335	path:one04070
one:115117655	path:one04070
one:115117936	path:one04070
one:115117971	path:one04070
one:115118155	path:one04070
one:115118156	path:one04070
one:115118285	path:one04070
one:115118452	path:one04070
one:115118453	path:one04070
one:115119147	path:one04070
one:115119151	path:one04070
one:115119238	path:one04070
one:115120537	path:one04070
one:115120807	path:one04070
one:115121083	path:one04070
one:115121421	path:one04070
one:115122042	path:one04070
one:115122265	path:one04070
one:115122517	path:one04070
one:115122774	path:one04070
one:115122973	path:one04070
one:115123851	path:one04070
one:115125060	path:one04070
one:115125070	path:one04070
one:115125089	path:one04070
one:115125483	path:one04070
one:115125771	path:one04070
one:115126122	path:one04070
one:115126191	path:one04070
one:115127830	path:one04070
one:115128057	path:one04070
one:115128185	path:one04070
one:115128437	path:one04070
one:115128736	path:one04070
one:115129247	path:one04070
one:115129374	path:one04070
one:115129413	path:one04070
one:115129578	path:one04070
one:115130198	path:one04070
one:115130207	path:one04070
one:115130602	path:one04070
one:115130639	path:one04070
one:115131563	path:one04070
one:115132159	path:one04070
one:115132207	path:one04070
one:115132345	path:one04070
one:115132392	path:one04070
one:115133170	path:one04070
one:115133275	path:one04070
one:115133276	path:one04070
one:115133293	path:one04070
one:115133302	path:one04070
one:115133421	path:one04070
one:115133935	path:one04070
one:115134115	path:one04070
one:115134515	path:one04070
one:115134530	path:one04070
one:115134548	path:one04070
one:115134556	path:one04070
one:115134975	path:one04070
one:115135099	path:one04070
one:115135251	path:one04070
one:115135265	path:one04070
one:115135312	path:one04070
one:115135655	path:one04070
one:115135770	path:one04070
one:115135798	path:one04070
one:115136445	path:one04070
one:115136609	path:one04070
one:115136819	path:one04070
one:115137086	path:one04070
one:115137105	path:one04070
one:115137202	path:one04070
one:115137805	path:one04070
one:115137959	path:one04070
one:115138359	path:one04070
one:115138441	path:one04070
one:115138552	path:one04070
one:115138594	path:one04070
one:115138654	path:one04070
one:115139151	path:one04070
one:115139385	path:one04070
one:115139858	path:one04070
one:115139924	path:one04070
one:115140042	path:one04070
one:115140072	path:one04070
one:115140166	path:one04070
one:115140243	path:one04070
one:115140382	path:one04070
one:115140388	path:one04070
one:115140910	path:one04070
one:115141139	path:one04070
one:115141231	path:one04070
one:115141455	path:one04070
one:115141503	path:one04070
one:115141974	path:one04070
one:115142000	path:one04070
one:115142373	path:one04070
one:115142558	path:one04070
one:115142614	path:one04070
one:115142811	path:one04070
one:115142939	path:one04070
one:115143033	path:one04070
one:115143040	path:one04070
one:115143087	path:one04070
one:115143109	path:one04070
one:115143144	path:one04070
one:115143344	path:one04070
one:115143394	path:one04070
one:115143757	path:one04070
one:115144032	path:one04070
one:115144052	path:one04070
one:115144063	path:one04070
one:115144699	path:one04070
one:115144709	path:one04070
one:115145315	path:one04070
one:115146058	path:one04070
one:115146133	path:one04070
one:115146182	path:one04070
one:115146704	path:one04070
one:115146908	path:one04070
one:115147159	path:one04070
one:115101022	path:one04080
one:115101077	path:one04080
one:115101134	path:one04080
one:115101197	path:one04080
one:115101206	path:one04080
one:115101217	path:one04080
one:115101300	path:one04080
one:115101301	path:one04080
one:115101444	path:one04080
one:115101464	path:one04080
one:115101567	path:one04080
one:115101575	path:one04080
one:115101593	path:one04080
one:115101610	path:one04080
one:115101627	path:one04080
one:115101658	path:one04080
one:115101674	path:one04080
one:115101675	path:one04080
one:115101682	path:one04080
one:115101684	path:one04080
one:115101689	path:one04080
one:115101733	path:one04080
one:115101757	path:one04080
one:115101767	path:one04080
one:115101788	path:one04080
one:115101802	path:one04080
one:115101804	path:one04080
one:115101850	path:one04080
one:115101885	path:one04080
one:115101895	path:one04080
one:115101913	path:one04080
one:115102122	path:one04080
one:115102275	path:one04080
one:115102290	path:one04080
one:115102557	path:one04080
one:115102579	path:one04080
one:115102679	path:one04080
one:115102758	path:one04080
one:115102941	path:one04080
one:115103123	path:one04080
one:115103133	path:one04080
one:115103318	path:one04080
one:115103507	path:one04080
one:115103521	path:one04080
one:115103578	path:one04080
one:115103595	path:one04080
one:115103610	path:one04080
one:115103621	path:one04080
one:115103919	path:one04080
one:115104025	path:one04080
one:115104032	path:one04080
one:115104057	path:one04080
one:115104246	path:one04080
one:115104252	path:one04080
one:115104254	path:one04080
one:115104284	path:one04080
one:115104322	path:one04080
one:115104498	path:one04080
one:115104559	path:one04080
one:115104570	path:one04080
one:115104604	path:one04080
one:115104695	path:one04080
one:115104716	path:one04080
one:115104717	path:one04080
one:115104718	path:one04080
one:115104724	path:one04080
one:115104725	path:one04080
one:115104740	path:one04080
one:115104748	path:one04080
one:115104754	path:one04080
one:115104790	path:one04080
one:115104792	path:one04080
one:115104811	path:one04080
one:115104913	path:one04080
one:115104984	path:one04080
one:115104985	path:one04080
one:115105120	path:one04080
one:115105165	path:one04080
one:115105172	path:one04080
one:115105214	path:one04080
one:115105217	path:one04080
one:115105242	path:one04080
one:115105248	path:one04080
one:115105260	path:one04080
one:115105261	path:one04080
one:115105263	path:one04080
one:115105264	path:one04080
one:115105337	path:one04080
one:115105389	path:one04080
one:115105398	path:one04080
one:115105406	path:one04080
one:115105495	path:one04080
one:115105510	path:one04080
one:115105525	path:one04080
one:115105532	path:one04080
one:115105595	path:one04080
one:115105625	path:one04080
one:115105633	path:one04080
one:115105644	path:one04080
one:115105655	path:one04080
one:115105713	path:one04080
one:115105807	path:one04080
one:115105892	path:one04080
one:115105959	path:one04080
one:115106012	path:one04080
one:115106021	path:one04080
one:115106145	path:one04080
one:115106151	path:one04080
one:115106157	path:one04080
one:115106163	path:one04080
one:115106167	path:one04080
one:115106178	path:one04080
one:115106186	path:one04080
one:115106223	path:one04080
one:115106244	path:one04080
one:115106245	path:one04080
one:115106309	path:one04080
one:115106365	path:one04080
one:115106389	path:one04080
one:115106417	path:one04080
one:115106454	path:one04080
one:115106774	path:one04080
one:115106884	path:one04080
one:115106910	path:one04080
one:115107030	path:one04080
one:115107066	path:one04080
one:115107106	path:one04080
one:115107165	path:one04080
one:115107175	path:one04080
one:115107201	path:one04080
one:115107205	path:one04080
one:115107278	path:one04080
one:115107280	path:one04080
one:115107290	path:one04080
one:115107302	path:one04080
one:115107310	path:one04080
one:115107332	path:one04080
one:115107335	path:one04080
one:115107378	path:one04080
one:115107392	path:one04080
one:115107417	path:one04080
one:115107424	path:one04080
one:115107537	path:one04080
one:115107650	path:one04080
one:115107652	path:one04080
one:115107653	path:one04080
one:115107696	path:one04080
one:115107697	path:one04080
one:115107740	path:one04080
one:115107768	path:one04080
one:115107897	path:one04080
one:115108031	path:one04080
one:115108060	path:one04080
one:115108069	path:one04080
one:115108139	path:one04080
one:115108164	path:one04080
one:115108214	path:one04080
one:115108333	path:one04080
one:115108458	path:one04080
one:115108718	path:one04080
one:115108849	path:one04080
one:115108851	path:one04080
one:115108854	path:one04080
one:115108857	path:one04080
one:115108886	path:one04080
one:115108913	path:one04080
one:115108942	path:one04080
one:115108958	path:one04080
one:115108991	path:one04080
one:115109030	path:one04080
one:115109045	path:one04080
one:115109127	path:one04080
one:115109187	path:one04080
one:115109341	path:one04080
one:115109458	path:one04080
one:115109857	path:one04080
one:115109867	path:one04080
one:115109875	path:one04080
one:115109939	path:one04080
one:115110032	path:one04080
one:115110043	path:one04080
one:115110066	path:one04080
one:115110067	path:one04080
one:115110095	path:one04080
one:115110128	path:one04080
one:115110133	path:one04080
one:115110444	path:one04080
one:115110473	path:one04080
one:115110544	path:one04080
one:115110548	path:one04080
one:115110578	path:one04080
one:115110617	path:one04080
one:115110618	path:one04080
one:115110670	path:one04080
one:115110681	path:one04080
one:115111008	path:one04080
one:115111021	path:one04080
one:115111038	path:one04080
one:115111068	path:one04080
one:115111070	path:one04080
one:115111072	path:one04080
one:115111100	path:one04080
one:115111115	path:one04080
one:115111156	path:one04080
one:115111219	path:one04080
one:115111220	path:one04080
one:115111327	path:one04080
one:115111409	path:one04080
one:115111479	path:one04080
one:115111555	path:one04080
one:115111559	path:one04080
one:115111568	path:one04080
one:115111595	path:one04080
one:115111625	path:one04080
one:115111710	path:one04080
one:115111738	path:one04080
one:115111742	path:one04080
one:115111746	path:one04080
one:115111854	path:one04080
one:115111872	path:one04080
one:115111974	path:one04080
one:115111985	path:one04080
one:115112073	path:one04080
one:115112078	path:one04080
one:115112122	path:one04080
one:115112190	path:one04080
one:115112191	path:one04080
one:115112193	path:one04080
one:115112396	path:one04080
one:115112541	path:one04080
one:115112569	path:one04080
one:115112626	path:one04080
one:115112661	path:one04080
one:115112683	path:one04080
one:115112688	path:one04080
one:115112811	path:one04080
one:115112812	path:one04080
one:115112816	path:one04080
one:115112836	path:one04080
one:115112891	path:one04080
one:115113148	path:one04080
one:115113192	path:one04080
one:115113212	path:one04080
one:115113347	path:one04080
one:115113424	path:one04080
one:115113496	path:one04080
one:115113537	path:one04080
one:115113610	path:one04080
one:115113779	path:one04080
one:115113783	path:one04080
one:115113784	path:one04080
one:115113838	path:one04080
one:115113866	path:one04080
one:115113921	path:one04080
one:115113937	path:one04080
one:115113950	path:one04080
one:115113965	path:one04080
one:115113990	path:one04080
one:115113999	path:one04080
one:115114039	path:one04080
one:115114361	path:one04080
one:115114376	path:one04080
one:115114538	path:one04080
one:115114575	path:one04080
one:115114577	path:one04080
one:115114703	path:one04080
one:115114784	path:one04080
one:115114880	path:one04080
one:115114971	path:one04080
one:115115011	path:one04080
one:115115058	path:one04080
one:115115083	path:one04080
one:115115134	path:one04080
one:115115148	path:one04080
one:115115322	path:one04080
one:115115332	path:one04080
one:115115374	path:one04080
one:115115385	path:one04080
one:115115434	path:one04080
one:115115437	path:one04080
one:115115604	path:one04080
one:115115775	path:one04080
one:115115857	path:one04080
one:115115906	path:one04080
one:115115948	path:one04080
one:115116117	path:one04080
one:115116126	path:one04080
one:115116263	path:one04080
one:115116323	path:one04080
one:115116532	path:one04080
one:115116637	path:one04080
one:115116663	path:one04080
one:115116677	path:one04080
one:115116719	path:one04080
one:115116850	path:one04080
one:115116885	path:one04080
one:115117002	path:one04080
one:115117030	path:one04080
one:115117124	path:one04080
one:115117193	path:one04080
one:115117257	path:one04080
one:115117328	path:one04080
one:115117500	path:one04080
one:115117510	path:one04080
one:115117512	path:one04080
one:115117513	path:one04080
one:115117548	path:one04080
one:115117643	path:one04080
one:115117649	path:one04080
one:115117781	path:one04080
one:115117796	path:one04080
one:115117821	path:one04080
one:115117923	path:one04080
one:115118076	path:one04080
one:115118141	path:one04080
one:115118395	path:one04080
one:115118553	path:one04080
one:115118561	path:one04080
one:115118699	path:one04080
one:115118882	path:one04080
one:115118885	path:one04080
one:115118923	path:one04080
one:115118929	path:one04080
one:115118949	path:one04080
one:115118954	path:one04080
one:115118955	path:one04080
one:115118956	path:one04080
one:115118958	path:one04080
one:115118959	path:one04080
one:115118960	path:one04080
one:115118982	path:one04080
one:115119027	path:one04080
one:115119074	path:one04080
one:115119125	path:one04080
one:115119276	path:one04080
one:115119322	path:one04080
one:115119359	path:one04080
one:115119387	path:one04080
one:115119389	path:one04080
one:115119438	path:one04080
one:115119580	path:one04080
one:115119781	path:one04080
one:115119855	path:one04080
one:115119917	path:one04080
one:115120206	path:one04080
one:115120331	path:one04080
one:115120374	path:one04080
one:115120390	path:one04080
one:115120450	path:one04080
one:115120540	path:one04080
one:115120557	path:one04080
one:115120670	path:one04080
one:115120671	path:one04080
one:115120909	path:one04080
one:115120941	path:one04080
one:115120958	path:one04080
one:115121110	path:one04080
one:115121139	path:one04080
one:115121146	path:one04080
one:115121177	path:one04080
one:115121417	path:one04080
one:115121473	path:one04080
one:115121548	path:one04080
one:115121603	path:one04080
one:115121707	path:one04080
one:115121835	path:one04080
one:115121857	path:one04080
one:115121876	path:one04080
one:115122001	path:one04080
one:115122027	path:one04080
one:115122219	path:one04080
one:115122365	path:one04080
one:115122392	path:one04080
one:115122397	path:one04080
one:115122487	path:one04080
one:115122494	path:one04080
one:115122622	path:one04080
one:115122636	path:one04080
one:115122940	path:one04080
one:115122992	path:one04080
one:115123002	path:one04080
one:115123047	path:one04080
one:115123090	path:one04080
one:115123134	path:one04080
one:115123196	path:one04080
one:115123270	path:one04080
one:115123306	path:one04080
one:115123319	path:one04080
one:115123360	path:one04080
one:115123408	path:one04080
one:115123410	path:one04080
one:115123413	path:one04080
one:115123415	path:one04080
one:115123462	path:one04080
one:115123507	path:one04080
one:115123508	path:one04080
one:115123561	path:one04080
one:115123592	path:one04080
one:115123614	path:one04080
one:115123638	path:one04080
one:115123640	path:one04080
one:115123667	path:one04080
one:115123775	path:one04080
one:115123933	path:one04080
one:115123969	path:one04080
one:115124045	path:one04080
one:115124255	path:one04080
one:115124407	path:one04080
one:115124408	path:one04080
one:115124554	path:one04080
one:115124557	path:one04080
one:115124586	path:one04080
one:115124816	path:one04080
one:115124841	path:one04080
one:115124842	path:one04080
one:115124843	path:one04080
one:115124844	path:one04080
one:115124849	path:one04080
one:115124890	path:one04080
one:115124916	path:one04080
one:115125074	path:one04080
one:115125091	path:one04080
one:115125145	path:one04080
one:115125310	path:one04080
one:115125321	path:one04080
one:115125531	path:one04080
one:115125621	path:one04080
one:115125634	path:one04080
one:115125719	path:one04080
one:115125752	path:one04080
one:115125758	path:one04080
one:115125765	path:one04080
one:115125769	path:one04080
one:115125951	path:one04080
one:115126015	path:one04080
one:115126076	path:one04080
one:115126110	path:one04080
one:115126114	path:one04080
one:115126377	path:one04080
one:115126407	path:one04080
one:115126516	path:one04080
one:115126540	path:one04080
one:115126575	path:one04080
one:115126870	path:one04080
one:115126871	path:one04080
one:115127044	path:one04080
one:115127097	path:one04080
one:115127121	path:one04080
one:115127152	path:one04080
one:115127192	path:one04080
one:115127277	path:one04080
one:115127384	path:one04080
one:115127818	path:one04080
one:115127848	path:one04080
one:115127947	path:one04080
one:115127984	path:one04080
one:115128006	path:one04080
one:115128032	path:one04080
one:115128035	path:one04080
one:115128129	path:one04080
one:115128208	path:one04080
one:115128232	path:one04080
one:115128276	path:one04080
one:115128367	path:one04080
one:115128508	path:one04080
one:115128564	path:one04080
one:115128572	path:one04080
one:115128770	path:one04080
one:115128820	path:one04080
one:115128860	path:one04080
one:115128868	path:one04080
one:115128873	path:one04080
one:115128889	path:one04080
one:115128892	path:one04080
one:115128908	path:one04080
one:115128921	path:one04080
one:115128923	path:one04080
one:115128927	path:one04080
one:115128938	path:one04080
one:115128983	path:one04080
one:115129024	path:one04080
one:115129025	path:one04080
one:115129036	path:one04080
one:115129037	path:one04080
one:115129048	path:one04080
one:115129058	path:one04080
one:115129068	path:one04080
one:115129162	path:one04080
one:115129179	path:one04080
one:115129412	path:one04080
one:115129416	path:one04080
one:115129462	path:one04080
one:115129463	path:one04080
one:115129528	path:one04080
one:115129552	path:one04080
one:115129553	path:one04080
one:115129577	path:one04080
one:115129627	path:one04080
one:115129732	path:one04080
one:115129733	path:one04080
one:115129734	path:one04080
one:115129821	path:one04080
one:115129855	path:one04080
one:115129922	path:one04080
one:115129931	path:one04080
one:115129935	path:one04080
one:115129952	path:one04080
one:115129976	path:one04080
one:115130097	path:one04080
one:115130377	path:one04080
one:115130504	path:one04080
one:115130525	path:one04080
one:115130585	path:one04080
one:115130598	path:one04080
one:115130647	path:one04080
one:115130697	path:one04080
one:115130699	path:one04080
one:115130769	path:one04080
one:115130784	path:one04080
one:115130786	path:one04080
one:115130812	path:one04080
one:115130814	path:one04080
one:115130818	path:one04080
one:115130988	path:one04080
one:115131083	path:one04080
one:115131088	path:one04080
one:115131102	path:one04080
one:115131110	path:one04080
one:115131116	path:one04080
one:115131120	path:one04080
one:115131135	path:one04080
one:115131148	path:one04080
one:115131155	path:one04080
one:115131156	path:one04080
one:115131165	path:one04080
one:115131175	path:one04080
one:115131201	path:one04080
one:115131344	path:one04080
one:115131422	path:one04080
one:115131435	path:one04080
one:115131510	path:one04080
one:115131617	path:one04080
one:115131635	path:one04080
one:115131656	path:one04080
one:115131776	path:one04080
one:115131823	path:one04080
one:115131849	path:one04080
one:115131897	path:one04080
one:115132128	path:one04080
one:115132231	path:one04080
one:115132256	path:one04080
one:115132271	path:one04080
one:115132298	path:one04080
one:115132422	path:one04080
one:115132588	path:one04080
one:115132705	path:one04080
one:115132718	path:one04080
one:115132794	path:one04080
one:115132797	path:one04080
one:115132812	path:one04080
one:115132814	path:one04080
one:115132841	path:one04080
one:115132842	path:one04080
one:115132847	path:one04080
one:115132984	path:one04080
one:115133033	path:one04080
one:115133065	path:one04080
one:115133068	path:one04080
one:115133085	path:one04080
one:115133091	path:one04080
one:115133206	path:one04080
one:115133219	path:one04080
one:115133234	path:one04080
one:115133322	path:one04080
one:115133327	path:one04080
one:115133381	path:one04080
one:115133384	path:one04080
one:115133475	path:one04080
one:115133740	path:one04080
one:115133748	path:one04080
one:115133750	path:one04080
one:115133752	path:one04080
one:115133780	path:one04080
one:115133786	path:one04080
one:115134210	path:one04080
one:115134294	path:one04080
one:115134464	path:one04080
one:115134474	path:one04080
one:115134507	path:one04080
one:115134545	path:one04080
one:115134690	path:one04080
one:115134752	path:one04080
one:115134771	path:one04080
one:115134777	path:one04080
one:115134783	path:one04080
one:115134800	path:one04080
one:115134806	path:one04080
one:115134808	path:one04080
one:115135048	path:one04080
one:115135060	path:one04080
one:115135081	path:one04080
one:115135121	path:one04080
one:115135269	path:one04080
one:115135480	path:one04080
one:115135567	path:one04080
one:115135619	path:one04080
one:115135667	path:one04080
one:115135668	path:one04080
one:115135690	path:one04080
one:115135693	path:one04080
one:115135755	path:one04080
one:115135807	path:one04080
one:115135822	path:one04080
one:115135871	path:one04080
one:115135921	path:one04080
one:115135925	path:one04080
one:115135926	path:one04080
one:115135950	path:one04080
one:115136072	path:one04080
one:115136097	path:one04080
one:115136149	path:one04080
one:115136205	path:one04080
one:115136206	path:one04080
one:115136207	path:one04080
one:115136208	path:one04080
one:115136214	path:one04080
one:115136219	path:one04080
one:115136266	path:one04080
one:115136268	path:one04080
one:115136309	path:one04080
one:115136316	path:one04080
one:115136333	path:one04080
one:115136395	path:one04080
one:115136430	path:one04080
one:115136450	path:one04080
one:115136473	path:one04080
one:115136498	path:one04080
one:115136511	path:one04080
one:115136670	path:one04080
one:115136775	path:one04080
one:115136877	path:one04080
one:115137030	path:one04080
one:115137085	path:one04080
one:115137129	path:one04080
one:115137157	path:one04080
one:115137160	path:one04080
one:115137188	path:one04080
one:115137264	path:one04080
one:115137306	path:one04080
one:115137322	path:one04080
one:115137324	path:one04080
one:115137486	path:one04080
one:115137509	path:one04080
one:115137585	path:one04080
one:115137594	path:one04080
one:115137652	path:one04080
one:115137673	path:one04080
one:115137690	path:one04080
one:115137702	path:one04080
one:115137710	path:one04080
one:115137715	path:one04080
one:115137871	path:one04080
one:115137889	path:one04080
one:115137928	path:one04080
one:115138073	path:one04080
one:115138246	path:one04080
one:115138294	path:one04080
one:115138309	path:one04080
one:115138311	path:one04080
one:115138336	path:one04080
one:115138472	path:one04080
one:115138615	path:one04080
one:115138749	path:one04080
one:115138785	path:one04080
one:115138904	path:one04080
one:115138913	path:one04080
one:115138915	path:one04080
one:115138929	path:one04080
one:115138932	path:one04080
one:115138933	path:one04080
one:115138992	path:one04080
one:115139004	path:one04080
one:115139005	path:one04080
one:115139018	path:one04080
one:115139022	path:one04080
one:115139180	path:one04080
one:115139274	path:one04080
one:115139402	path:one04080
one:115139428	path:one04080
one:115139525	path:one04080
one:115139550	path:one04080
one:115139560	path:one04080
one:115139589	path:one04080
one:115139590	path:one04080
one:115139594	path:one04080
one:115139705	path:one04080
one:115139906	path:one04080
one:115139907	path:one04080
one:115139910	path:one04080
one:115139993	path:one04080
one:115140035	path:one04080
one:115140146	path:one04080
one:115140174	path:one04080
one:115140175	path:one04080
one:115140208	path:one04080
one:115140214	path:one04080
one:115140237	path:one04080
one:115140305	path:one04080
one:115140321	path:one04080
one:115140441	path:one04080
one:115140445	path:one04080
one:115140459	path:one04080
one:115140480	path:one04080
one:115140484	path:one04080
one:115140501	path:one04080
one:115140502	path:one04080
one:115140503	path:one04080
one:115140504	path:one04080
one:115140518	path:one04080
one:115140519	path:one04080
one:115140543	path:one04080
one:115140566	path:one04080
one:115140572	path:one04080
one:115140579	path:one04080
one:115140599	path:one04080
one:115140608	path:one04080
one:115140619	path:one04080
one:115140620	path:one04080
one:115140821	path:one04080
one:115140858	path:one04080
one:115140860	path:one04080
one:115140861	path:one04080
one:115140862	path:one04080
one:115140899	path:one04080
one:115141106	path:one04080
one:115141149	path:one04080
one:115141209	path:one04080
one:115141221	path:one04080
one:115141222	path:one04080
one:115141229	path:one04080
one:115141313	path:one04080
one:115141374	path:one04080
one:115141432	path:one04080
one:115141482	path:one04080
one:115141494	path:one04080
one:115141560	path:one04080
one:115141808	path:one04080
one:115141848	path:one04080
one:115141899	path:one04080
one:115142043	path:one04080
one:115142063	path:one04080
one:115142091	path:one04080
one:115142101	path:one04080
one:115142113	path:one04080
one:115142116	path:one04080
one:115142117	path:one04080
one:115142226	path:one04080
one:115142478	path:one04080
one:115142627	path:one04080
one:115142951	path:one04080
one:115142982	path:one04080
one:115143129	path:one04080
one:115143160	path:one04080
one:115143353	path:one04080
one:115143500	path:one04080
one:115143521	path:one04080
one:115143565	path:one04080
one:115143576	path:one04080
one:115143601	path:one04080
one:115143604	path:one04080
one:115143629	path:one04080
one:115143668	path:one04080
one:115143704	path:one04080
one:115143709	path:one04080
one:115143730	path:one04080
one:115143746	path:one04080
one:115143756	path:one04080
one:115143758	path:one04080
one:115143785	path:one04080
one:115143786	path:one04080
one:115143787	path:one04080
one:115143806	path:one04080
one:115143886	path:one04080
one:115143916	path:one04080
one:115143989	path:one04080
one:115144025	path:one04080
one:115144066	path:one04080
one:115144110	path:one04080
one:115144147	path:one04080
one:115144321	path:one04080
one:115144338	path:one04080
one:115144366	path:one04080
one:115144401	path:one04080
one:115144510	path:one04080
one:115144526	path:one04080
one:115144535	path:one04080
one:115144551	path:one04080
one:115144552	path:one04080
one:115144557	path:one04080
one:115144559	path:one04080
one:115144568	path:one04080
one:115144613	path:one04080
one:115144622	path:one04080
one:115144691	path:one04080
one:115144737	path:one04080
one:115144748	path:one04080
one:115144779	path:one04080
one:115144782	path:one04080
one:115144801	path:one04080
one:115144833	path:one04080
one:115144913	path:one04080
one:115145042	path:one04080
one:115145048	path:one04080
one:115145080	path:one04080
one:115145208	path:one04080
one:115145345	path:one04080
one:115145346	path:one04080
one:115145352	path:one04080
one:115145372	path:one04080
one:115145415	path:one04080
one:115145451	path:one04080
one:115145458	path:one04080
one:115145493	path:one04080
one:115145511	path:one04080
one:115145584	path:one04080
one:115145593	path:one04080
one:115145776	path:one04080
one:115145795	path:one04080
one:115145830	path:one04080
one:115145874	path:one04080
one:115145920	path:one04080
one:115145939	path:one04080
one:115145984	path:one04080
one:115146001	path:one04080
one:115146113	path:one04080
one:115146114	path:one04080
one:115146115	path:one04080
one:115146243	path:one04080
one:115146247	path:one04080
one:115146250	path:one04080
one:115146408	path:one04080
one:115146519	path:one04080
one:115146524	path:one04080
one:115146556	path:one04080
one:115146561	path:one04080
one:115146568	path:one04080
one:115146574	path:one04080
one:115146577	path:one04080
one:115146592	path:one04080
one:115146595	path:one04080
one:115146614	path:one04080
one:115146615	path:one04080
one:115146667	path:one04080
one:115146672	path:one04080
one:115146673	path:one04080
one:115146674	path:one04080
one:115146683	path:one04080
one:115146751	path:one04080
one:115146896	path:one04080
one:115146920	path:one04080
one:115146994	path:one04080
one:115147004	path:one04080
one:115147011	path:one04080
one:115147019	path:one04080
one:115147027	path:one04080
one:115147079	path:one04080
one:115101134	path:one04081
one:115101146	path:one04081
one:115101197	path:one04081
one:115101206	path:one04081
one:115101327	path:one04081
one:115101466	path:one04081
one:115101567	path:one04081
one:115101575	path:one04081
one:115101627	path:one04081
one:115101674	path:one04081
one:115101675	path:one04081
one:115101704	path:one04081
one:115101802	path:one04081
one:115101913	path:one04081
one:115102160	path:one04081
one:115102189	path:one04081
one:115102233	path:one04081
one:115102273	path:one04081
one:115102440	path:one04081
one:115102496	path:one04081
one:115102607	path:one04081
one:115102608	path:one04081
one:115102673	path:one04081
one:115102679	path:one04081
one:115102745	path:one04081
one:115102844	path:one04081
one:115102893	path:one04081
one:115102907	path:one04081
one:115102941	path:one04081
one:115102979	path:one04081
one:115102988	path:one04081
one:115102992	path:one04081
one:115103122	path:one04081
one:115103123	path:one04081
one:115103133	path:one04081
one:115103245	path:one04081
one:115103270	path:one04081
one:115103316	path:one04081
one:115103495	path:one04081
one:115103578	path:one04081
one:115103599	path:one04081
one:115103610	path:one04081
one:115103626	path:one04081
one:115104025	path:one04081
one:115104032	path:one04081
one:115104108	path:one04081
one:115104128	path:one04081
one:115104146	path:one04081
one:115104284	path:one04081
one:115104322	path:one04081
one:115104341	path:one04081
one:115104365	path:one04081
one:115104498	path:one04081
one:115104559	path:one04081
one:115104563	path:one04081
one:115104644	path:one04081
one:115104695	path:one04081
one:115104725	path:one04081
one:115104790	path:one04081
one:115104908	path:one04081
one:115104985	path:one04081
one:115105120	path:one04081
one:115105172	path:one04081
one:115105208	path:one04081
one:115105214	path:one04081
one:115105217	path:one04081
one:115105242	path:one04081
one:115105617	path:one04081
one:115105621	path:one04081
one:115105807	path:one04081
one:115105905	path:one04081
one:115105943	path:one04081
one:115105998	path:one04081
one:115106021	path:one04081
one:115106157	path:one04081
one:115106163	path:one04081
one:115106186	path:one04081
one:115106223	path:one04081
one:115106244	path:one04081
one:115106245	path:one04081
one:115106329	path:one04081
one:115106350	path:one04081
one:115106417	path:one04081
one:115106454	path:one04081
one:115106558	path:one04081
one:115106636	path:one04081
one:115106643	path:one04081
one:115106654	path:one04081
one:115106662	path:one04081
one:115106774	path:one04081
one:115106778	path:one04081
one:115106877	path:one04081
one:115106910	path:one04081
one:115106977	path:one04081
one:115107064	path:one04081
one:115107066	path:one04081
one:115107201	path:one04081
one:115107205	path:one04081
one:115107310	path:one04081
one:115107355	path:one04081
one:115107365	path:one04081
one:115107502	path:one04081
one:115107503	path:one04081
one:115107676	path:one04081
one:115107861	path:one04081
one:115107897	path:one04081
one:115108024	path:one04081
one:115108025	path:one04081
one:115108066	path:one04081
one:115108180	path:one04081
one:115108285	path:one04081
one:115108339	path:one04081
one:115108340	path:one04081
one:115108362	path:one04081
one:115108455	path:one04081
one:115108671	path:one04081
one:115108718	path:one04081
one:115108732	path:one04081
one:115108845	path:one04081
one:115108857	path:one04081
one:115108913	path:one04081
one:115109000	path:one04081
one:115109130	path:one04081
one:115109150	path:one04081
one:115109341	path:one04081
one:115109371	path:one04081
one:115109402	path:one04081
one:115109538	path:one04081
one:115109859	path:one04081
one:115109867	path:one04081
one:115109879	path:one04081
one:115109889	path:one04081
one:115110066	path:one04081
one:115110067	path:one04081
one:115110128	path:one04081
one:115110133	path:one04081
one:115110249	path:one04081
one:115110253	path:one04081
one:115110281	path:one04081
one:115110283	path:one04081
one:115110289	path:one04081
one:115110421	path:one04081
one:115110523	path:one04081
one:115110559	path:one04081
one:115110765	path:one04081
one:115110933	path:one04081
one:115111038	path:one04081
one:115111068	path:one04081
one:115111070	path:one04081
one:115111147	path:one04081
one:115111151	path:one04081
one:115111251	path:one04081
one:115111353	path:one04081
one:115111354	path:one04081
one:115111409	path:one04081
one:115111415	path:one04081
one:115111555	path:one04081
one:115111595	path:one04081
one:115111742	path:one04081
one:115111872	path:one04081
one:115111915	path:one04081
one:115112007	path:one04081
one:115112331	path:one04081
one:115112487	path:one04081
one:115112626	path:one04081
one:115112683	path:one04081
one:115112836	path:one04081
one:115112916	path:one04081
one:115113148	path:one04081
one:115113212	path:one04081
one:115113223	path:one04081
one:115113268	path:one04081
one:115113284	path:one04081
one:115113769	path:one04081
one:115113921	path:one04081
one:115113950	path:one04081
one:115114039	path:one04081
one:115114051	path:one04081
one:115114095	path:one04081
one:115114142	path:one04081
one:115114189	path:one04081
one:115114206	path:one04081
one:115114221	path:one04081
one:115114361	path:one04081
one:115114376	path:one04081
one:115114521	path:one04081
one:115114535	path:one04081
one:115114538	path:one04081
one:115114575	path:one04081
one:115114577	path:one04081
one:115114597	path:one04081
one:115114621	path:one04081
one:115114721	path:one04081
one:115114784	path:one04081
one:115115058	path:one04081
one:115115083	path:one04081
one:115115148	path:one04081
one:115115322	path:one04081
one:115115332	path:one04081
one:115115437	path:one04081
one:115115619	path:one04081
one:115115775	path:one04081
one:115116369	path:one04081
one:115116663	path:one04081
one:115116677	path:one04081
one:115116749	path:one04081
one:115117002	path:one04081
one:115117030	path:one04081
one:115117066	path:one04081
one:115117418	path:one04081
one:115117548	path:one04081
one:115117588	path:one04081
one:115117700	path:one04081
one:115117796	path:one04081
one:115117821	path:one04081
one:115118046	path:one04081
one:115118211	path:one04081
one:115118232	path:one04081
one:115118373	path:one04081
one:115118553	path:one04081
one:115118699	path:one04081
one:115118885	path:one04081
one:115119318	path:one04081
one:115119438	path:one04081
one:115119580	path:one04081
one:115119684	path:one04081
one:115120284	path:one04081
one:115120374	path:one04081
one:115120557	path:one04081
one:115120790	path:one04081
one:115120856	path:one04081
one:115120933	path:one04081
one:115121139	path:one04081
one:115121177	path:one04081
one:115121264	path:one04081
one:115121417	path:one04081
one:115121421	path:one04081
one:115122219	path:one04081
one:115122365	path:one04081
one:115122400	path:one04081
one:115122487	path:one04081
one:115122494	path:one04081
one:115122636	path:one04081
one:115122924	path:one04081
one:115122940	path:one04081
one:115122992	path:one04081
one:115123016	path:one04081
one:115123047	path:one04081
one:115123090	path:one04081
one:115123134	path:one04081
one:115123270	path:one04081
one:115123306	path:one04081
one:115123423	path:one04081
one:115123485	path:one04081
one:115123775	path:one04081
one:115124255	path:one04081
one:115124586	path:one04081
one:115124592	path:one04081
one:115124666	path:one04081
one:115124849	path:one04081
one:115125070	path:one04081
one:115125089	path:one04081
one:115125227	path:one04081
one:115125271	path:one04081
one:115125321	path:one04081
one:115125432	path:one04081
one:115125499	path:one04081
one:115125634	path:one04081
one:115125752	path:one04081
one:115125812	path:one04081
one:115126262	path:one04081
one:115126407	path:one04081
one:115126516	path:one04081
one:115126575	path:one04081
one:115126762	path:one04081
one:115126871	path:one04081
one:115127142	path:one04081
one:115127363	path:one04081
one:115127947	path:one04081
one:115128006	path:one04081
one:115128129	path:one04081
one:115128362	path:one04081
one:115128449	path:one04081
one:115128452	path:one04081
one:115128564	path:one04081
one:115128595	path:one04081
one:115128707	path:one04081
one:115128709	path:one04081
one:115128820	path:one04081
one:115128892	path:one04081
one:115128908	path:one04081
one:115128923	path:one04081
one:115128983	path:one04081
one:115129024	path:one04081
one:115129036	path:one04081
one:115129048	path:one04081
one:115129128	path:one04081
one:115129798	path:one04081
one:115129805	path:one04081
one:115129821	path:one04081
one:115129836	path:one04081
one:115129952	path:one04081
one:115129976	path:one04081
one:115130097	path:one04081
one:115130118	path:one04081
one:115130161	path:one04081
one:115130504	path:one04081
one:115130525	path:one04081
one:115130786	path:one04081
one:115130912	path:one04081
one:115131083	path:one04081
one:115131088	path:one04081
one:115131102	path:one04081
one:115131110	path:one04081
one:115131120	path:one04081
one:115131435	path:one04081
one:115131510	path:one04081
one:115131545	path:one04081
one:115131549	path:one04081
one:115131637	path:one04081
one:115131798	path:one04081
one:115131849	path:one04081
one:115131919	path:one04081
one:115131939	path:one04081
one:115131981	path:one04081
one:115132207	path:one04081
one:115132214	path:one04081
one:115132255	path:one04081
one:115132407	path:one04081
one:115132453	path:one04081
one:115132538	path:one04081
one:115132692	path:one04081
one:115132797	path:one04081
one:115132803	path:one04081
one:115132841	path:one04081
one:115132842	path:one04081
one:115132987	path:one04081
one:115133033	path:one04081
one:115133034	path:one04081
one:115133144	path:one04081
one:115133206	path:one04081
one:115133219	path:one04081
one:115133238	path:one04081
one:115133282	path:one04081
one:115133302	path:one04081
one:115133464	path:one04081
one:115133536	path:one04081
one:115133740	path:one04081
one:115133780	path:one04081
one:115133786	path:one04081
one:115134127	path:one04081
one:115134267	path:one04081
one:115134293	path:one04081
one:115134464	path:one04081
one:115134507	path:one04081
one:115134579	path:one04081
one:115134630	path:one04081
one:115134681	path:one04081
one:115134752	path:one04081
one:115134771	path:one04081
one:115134783	path:one04081
one:115134826	path:one04081
one:115135081	path:one04081
one:115135103	path:one04081
one:115135178	path:one04081
one:115135198	path:one04081
one:115135595	path:one04081
one:115135643	path:one04081
one:115135684	path:one04081
one:115135755	path:one04081
one:115135836	path:one04081
one:115135980	path:one04081
one:115136149	path:one04081
one:115136153	path:one04081
one:115136219	path:one04081
one:115136269	path:one04081
one:115136316	path:one04081
one:115136333	path:one04081
one:115136367	path:one04081
one:115136395	path:one04081
one:115136416	path:one04081
one:115136498	path:one04081
one:115136511	path:one04081
one:115136609	path:one04081
one:115136877	path:one04081
one:115137030	path:one04081
one:115137129	path:one04081
one:115137188	path:one04081
one:115137264	path:one04081
one:115137594	path:one04081
one:115137652	path:one04081
one:115137673	path:one04081
one:115137690	path:one04081
one:115137996	path:one04081
one:115138064	path:one04081
one:115138073	path:one04081
one:115138334	path:one04081
one:115138336	path:one04081
one:115138441	path:one04081
one:115138578	path:one04081
one:115138594	path:one04081
one:115138777	path:one04081
one:115138791	path:one04081
one:115138904	path:one04081
one:115138913	path:one04081
one:115138915	path:one04081
one:115138932	path:one04081
one:115139018	path:one04081
one:115139262	path:one04081
one:115139298	path:one04081
one:115139332	path:one04081
one:115139496	path:one04081
one:115139544	path:one04081
one:115139615	path:one04081
one:115139688	path:one04081
one:115139783	path:one04081
one:115139784	path:one04081
one:115139993	path:one04081
one:115140035	path:one04081
one:115140088	path:one04081
one:115140146	path:one04081
one:115140208	path:one04081
one:115140321	path:one04081
one:115140388	path:one04081
one:115140427	path:one04081
one:115140459	path:one04081
one:115140480	path:one04081
one:115140579	path:one04081
one:115140608	path:one04081
one:115140770	path:one04081
one:115140990	path:one04081
one:115141148	path:one04081
one:115141298	path:one04081
one:115141331	path:one04081
one:115141346	path:one04081
one:115141418	path:one04081
one:115141482	path:one04081
one:115141560	path:one04081
one:115141974	path:one04081
one:115142043	path:one04081
one:115142063	path:one04081
one:115142066	path:one04081
one:115142067	path:one04081
one:115142091	path:one04081
one:115142116	path:one04081
one:115142360	path:one04081
one:115142855	path:one04081
one:115142895	path:one04081
one:115142965	path:one04081
one:115143053	path:one04081
one:115143141	path:one04081
one:115143160	path:one04081
one:115143191	path:one04081
one:115143449	path:one04081
one:115143565	path:one04081
one:115143576	path:one04081
one:115143601	path:one04081
one:115143604	path:one04081
one:115143660	path:one04081
one:115143668	path:one04081
one:115143704	path:one04081
one:115143709	path:one04081
one:115143731	path:one04081
one:115143746	path:one04081
one:115143758	path:one04081
one:115143886	path:one04081
one:115144061	path:one04081
one:115144066	path:one04081
one:115144100	path:one04081
one:115144179	path:one04081
one:115144239	path:one04081
one:115144288	path:one04081
one:115144321	path:one04081
one:115144338	path:one04081
one:115144366	path:one04081
one:115144401	path:one04081
one:115144551	path:one04081
one:115144552	path:one04081
one:115144557	path:one04081
one:115144613	path:one04081
one:115144691	path:one04081
one:115144748	path:one04081
one:115144801	path:one04081
one:115144833	path:one04081
one:115144916	path:one04081
one:115144917	path:one04081
one:115145080	path:one04081
one:115145188	path:one04081
one:115145208	path:one04081
one:115145273	path:one04081
one:115145315	path:one04081
one:115145318	path:one04081
one:115145346	path:one04081
one:115145372	path:one04081
one:115145415	path:one04081
one:115145511	path:one04081
one:115145583	path:one04081
one:115145584	path:one04081
one:115145758	path:one04081
one:115145766	path:one04081
one:115145830	path:one04081
one:115145884	path:one04081
one:115145899	path:one04081
one:115145939	path:one04081
one:115146001	path:one04081
one:115146133	path:one04081
one:115146152	path:one04081
one:115146243	path:one04081
one:115146247	path:one04081
one:115146524	path:one04081
one:115146561	path:one04081
one:115146667	path:one04081
one:115146673	path:one04081
one:115146920	path:one04081
one:115146939	path:one04081
one:115146994	path:one04081
one:115147019	path:one04081
one:115147052	path:one04081
one:115147079	path:one04081
one:115147159	path:one04081
one:115101217	path:one04082
one:115101300	path:one04082
one:115101301	path:one04082
one:115101327	path:one04082
one:115101464	path:one04082
one:115101575	path:one04082
one:115101610	path:one04082
one:115101637	path:one04082
one:115101674	path:one04082
one:115101689	path:one04082
one:115101738	path:one04082
one:115101802	path:one04082
one:115101829	path:one04082
one:115101850	path:one04082
one:115101885	path:one04082
one:115101895	path:one04082
one:115101913	path:one04082
one:115102018	path:one04082
one:115102099	path:one04082
one:115102122	path:one04082
one:115102160	path:one04082
one:115102273	path:one04082
one:115102275	path:one04082
one:115102579	path:one04082
one:115102673	path:one04082
one:115102979	path:one04082
one:115102992	path:one04082
one:115103085	path:one04082
one:115103270	path:one04082
one:115103507	path:one04082
one:115103599	path:one04082
one:115103831	path:one04082
one:115103872	path:one04082
one:115104252	path:one04082
one:115104341	path:one04082
one:115104365	path:one04082
one:115104498	path:one04082
one:115104570	path:one04082
one:115104604	path:one04082
one:115104622	path:one04082
one:115104764	path:one04082
one:115104765	path:one04082
one:115104869	path:one04082
one:115104913	path:one04082
one:115105120	path:one04082
one:115105172	path:one04082
one:115105214	path:one04082
one:115105217	path:one04082
one:115105242	path:one04082
one:115105260	path:one04082
one:115105261	path:one04082
one:115105263	path:one04082
one:115105264	path:one04082
one:115105337	path:one04082
one:115105376	path:one04082
one:115105398	path:one04082
one:115105406	path:one04082
one:115105525	path:one04082
one:115105532	path:one04082
one:115105621	path:one04082
one:115105633	path:one04082
one:115105655	path:one04082
one:115105862	path:one04082
one:115105892	path:one04082
one:115105943	path:one04082
one:115106145	path:one04082
one:115106157	path:one04082
one:115106180	path:one04082
one:115106220	path:one04082
one:115106245	path:one04082
one:115106365	path:one04082
one:115106654	path:one04082
one:115106851	path:one04082
one:115107106	path:one04082
one:115107175	path:one04082
one:115107278	path:one04082
one:115107280	path:one04082
one:115107371	path:one04082
one:115107417	path:one04082
one:115107502	path:one04082
one:115107503	path:one04082
one:115107652	path:one04082
one:115107653	path:one04082
one:115108031	path:one04082
one:115108060	path:one04082
one:115108066	path:one04082
one:115108164	path:one04082
one:115108246	path:one04082
one:115108339	path:one04082
one:115108958	path:one04082
one:115108963	path:one04082
one:115109030	path:one04082
one:115109112	path:one04082
one:115109127	path:one04082
one:115109218	path:one04082
one:115109371	path:one04082
one:115109458	path:one04082
one:115109516	path:one04082
one:115109538	path:one04082
one:115109859	path:one04082
one:115110473	path:one04082
one:115110544	path:one04082
one:115110670	path:one04082
one:115110765	path:one04082
one:115110933	path:one04082
one:115110988	path:one04082
one:115111072	path:one04082
one:115111220	path:one04082
one:115111242	path:one04082
one:115111327	path:one04082
one:115111353	path:one04082
one:115111479	path:one04082
one:115111555	path:one04082
one:115111625	path:one04082
one:115111738	path:one04082
one:115111742	path:one04082
one:115111746	path:one04082
one:115111832	path:one04082
one:115111985	path:one04082
one:115111999	path:one04082
one:115112073	path:one04082
one:115112122	path:one04082
one:115112190	path:one04082
one:115112191	path:one04082
one:115112331	path:one04082
one:115112412	path:one04082
one:115112487	path:one04082
one:115112512	path:one04082
one:115112626	path:one04082
one:115112649	path:one04082
one:115112661	path:one04082
one:115112683	path:one04082
one:115112688	path:one04082
one:115112701	path:one04082
one:115112790	path:one04082
one:115112811	path:one04082
one:115112812	path:one04082
one:115112945	path:one04082
one:115113212	path:one04082
one:115113347	path:one04082
one:115113537	path:one04082
one:115113698	path:one04082
one:115113769	path:one04082
one:115113866	path:one04082
one:115113921	path:one04082
one:115113950	path:one04082
one:115113965	path:one04082
one:115114051	path:one04082
one:115114189	path:one04082
one:115114422	path:one04082
one:115114521	path:one04082
one:115114535	path:one04082
one:115114597	path:one04082
one:115114784	path:one04082
one:115115148	path:one04082
one:115115322	path:one04082
one:115115437	path:one04082
one:115115581	path:one04082
one:115115775	path:one04082
one:115116126	path:one04082
one:115116326	path:one04082
one:115116719	path:one04082
one:115116850	path:one04082
one:115116880	path:one04082
one:115116881	path:one04082
one:115116882	path:one04082
one:115116885	path:one04082
one:115117066	path:one04082
one:115117124	path:one04082
one:115117418	path:one04082
one:115117500	path:one04082
one:115117508	path:one04082
one:115117510	path:one04082
one:115117512	path:one04082
one:115117513	path:one04082
one:115117643	path:one04082
one:115117720	path:one04082
one:115117821	path:one04082
one:115117923	path:one04082
one:115118038	path:one04082
one:115118076	path:one04082
one:115118141	path:one04082
one:115118373	path:one04082
one:115118553	path:one04082
one:115118561	path:one04082
one:115118699	path:one04082
one:115118885	path:one04082
one:115118982	path:one04082
one:115119074	path:one04082
one:115119125	path:one04082
one:115119287	path:one04082
one:115119322	path:one04082
one:115119359	path:one04082
one:115119382	path:one04082
one:115119387	path:one04082
one:115119388	path:one04082
one:115119389	path:one04082
one:115119580	path:one04082
one:115119660	path:one04082
one:115119684	path:one04082
one:115119781	path:one04082
one:115119895	path:one04082
one:115120206	path:one04082
one:115120284	path:one04082
one:115120374	path:one04082
one:115120450	path:one04082
one:115120540	path:one04082
one:115120557	path:one04082
one:115120671	path:one04082
one:115120933	path:one04082
one:115120941	path:one04082
one:115121177	path:one04082
one:115121603	path:one04082
one:115121665	path:one04082
one:115121707	path:one04082
one:115121835	path:one04082
one:115122341	path:one04082
one:115122392	path:one04082
one:115122397	path:one04082
one:115122622	path:one04082
one:115122638	path:one04082
one:115122924	path:one04082
one:115122992	path:one04082
one:115123090	path:one04082
one:115123196	path:one04082
one:115123415	path:one04082
one:115123462	path:one04082
one:115123485	path:one04082
one:115123507	path:one04082
one:115123508	path:one04082
one:115123577	path:one04082
one:115123578	path:one04082
one:115123638	path:one04082
one:115123640	path:one04082
one:115124557	path:one04082
one:115124841	path:one04082
one:115124890	path:one04082
one:115125070	path:one04082
one:115125074	path:one04082
one:115125091	path:one04082
one:115125227	path:one04082
one:115125271	path:one04082
one:115125310	path:one04082
one:115125621	path:one04082
one:115125634	path:one04082
one:115125719	path:one04082
one:115125758	path:one04082
one:115125769	path:one04082
one:115125799	path:one04082
one:115126110	path:one04082
one:115126128	path:one04082
one:115126262	path:one04082
one:115126759	path:one04082
one:115126762	path:one04082
one:115127097	path:one04082
one:115127152	path:one04082
one:115127384	path:one04082
one:115127588	path:one04082
one:115127904	path:one04082
one:115127925	path:one04082
one:115128032	path:one04082
one:115128129	path:one04082
one:115128208	path:one04082
one:115128362	path:one04082
one:115128367	path:one04082
one:115128572	path:one04082
one:115128595	path:one04082
one:115128707	path:one04082
one:115128709	path:one04082
one:115128770	path:one04082
one:115128860	path:one04082
one:115128889	path:one04082
one:115128908	path:one04082
one:115128930	path:one04082
one:115129036	path:one04082
one:115129162	path:one04082
one:115129412	path:one04082
one:115129462	path:one04082
one:115129528	path:one04082
one:115129552	path:one04082
one:115129732	path:one04082
one:115129733	path:one04082
one:115129734	path:one04082
one:115129805	path:one04082
one:115129816	path:one04082
one:115129836	path:one04082
one:115129922	path:one04082
one:115129931	path:one04082
one:115130118	path:one04082
one:115130208	path:one04082
one:115130504	path:one04082
one:115130525	path:one04082
one:115130697	path:one04082
one:115130699	path:one04082
one:115130769	path:one04082
one:115130784	path:one04082
one:115130812	path:one04082
one:115130814	path:one04082
one:115131083	path:one04082
one:115131102	path:one04082
one:115131110	path:one04082
one:115131116	path:one04082
one:115131120	path:one04082
one:115131135	path:one04082
one:115131148	path:one04082
one:115131155	path:one04082
one:115131156	path:one04082
one:115131165	path:one04082
one:115131201	path:one04082
one:115131422	path:one04082
one:115131635	path:one04082
one:115131637	path:one04082
one:115131656	path:one04082
one:115131776	path:one04082
one:115131798	path:one04082
one:115131823	path:one04082
one:115131887	path:one04082
one:115131897	path:one04082
one:115131919	path:one04082
one:115131939	path:one04082
one:115132231	path:one04082
one:115132255	path:one04082
one:115132256	path:one04082
one:115132298	path:one04082
one:115132354	path:one04082
one:115132538	path:one04082
one:115132692	path:one04082
one:115132779	path:one04082
one:115132794	path:one04082
one:115132797	path:one04082
one:115132841	path:one04082
one:115132956	path:one04082
one:115132984	path:one04082
one:115132987	path:one04082
one:115133065	path:one04082
one:115133085	path:one04082
one:115133091	path:one04082
one:115133219	path:one04082
one:115133302	path:one04082
one:115133317	path:one04082
one:115133575	path:one04082
one:115133750	path:one04082
one:115133752	path:one04082
one:115133780	path:one04082
one:115134127	path:one04082
one:115134157	path:one04082
one:115134210	path:one04082
one:115134293	path:one04082
one:115134435	path:one04082
one:115134464	path:one04082
one:115134474	path:one04082
one:115134496	path:one04082
one:115134545	path:one04082
one:115134713	path:one04082
one:115134808	path:one04082
one:115135048	path:one04082
one:115135121	path:one04082
one:115135167	path:one04082
one:115135269	path:one04082
one:115135442	path:one04082
one:115135480	path:one04082
one:115135567	path:one04082
one:115135619	path:one04082
one:115135643	path:one04082
one:115135667	path:one04082
one:115135668	path:one04082
one:115135690	path:one04082
one:115135693	path:one04082
one:115135807	path:one04082
one:115135836	path:one04082
one:115135871	path:one04082
one:115135921	path:one04082
one:115135926	path:one04082
one:115136072	path:one04082
one:115136097	path:one04082
one:115136149	path:one04082
one:115136153	path:one04082
one:115136205	path:one04082
one:115136206	path:one04082
one:115136207	path:one04082
one:115136208	path:one04082
one:115136219	path:one04082
one:115136333	path:one04082
one:115136367	path:one04082
one:115136395	path:one04082
one:115136416	path:one04082
one:115136511	path:one04082
one:115136599	path:one04082
one:115136775	path:one04082
one:115137129	path:one04082
one:115137157	path:one04082
one:115137160	path:one04082
one:115137264	path:one04082
one:115137306	path:one04082
one:115137322	path:one04082
one:115137486	path:one04082
one:115137509	path:one04082
one:115137715	path:one04082
one:115137813	path:one04082
one:115137871	path:one04082
one:115138110	path:one04082
one:115138309	path:one04082
one:115138336	path:one04082
one:115138441	path:one04082
one:115138472	path:one04082
one:115138594	path:one04082
one:115138615	path:one04082
one:115138749	path:one04082
one:115138777	path:one04082
one:115138785	path:one04082
one:115138904	path:one04082
one:115138929	path:one04082
one:115138933	path:one04082
one:115139022	path:one04082
one:115139274	path:one04082
one:115139332	path:one04082
one:115139544	path:one04082
one:115139560	path:one04082
one:115139589	path:one04082
one:115139590	path:one04082
one:115139615	path:one04082
one:115139783	path:one04082
one:115139907	path:one04082
one:115139910	path:one04082
one:115139993	path:one04082
one:115140088	path:one04082
one:115140208	path:one04082
one:115140214	path:one04082
one:115140388	path:one04082
one:115140417	path:one04082
one:115140441	path:one04082
one:115140459	path:one04082
one:115140518	path:one04082
one:115140519	path:one04082
one:115140543	path:one04082
one:115140599	path:one04082
one:115140651	path:one04082
one:115140899	path:one04082
one:115141149	path:one04082
one:115141229	path:one04082
one:115141331	path:one04082
one:115141346	path:one04082
one:115141418	path:one04082
one:115141482	path:one04082
one:115141494	path:one04082
one:115141602	path:one04082
one:115141808	path:one04082
one:115141972	path:one04082
one:115141985	path:one04082
one:115142063	path:one04082
one:115142113	path:one04082
one:115142191	path:one04082
one:115142222	path:one04082
one:115142226	path:one04082
one:115142360	path:one04082
one:115142478	path:one04082
one:115142951	path:one04082
one:115142967	path:one04082
one:115142968	path:one04082
one:115142969	path:one04082
one:115142986	path:one04082
one:115143129	path:one04082
one:115143141	path:one04082
one:115143191	path:one04082
one:115143353	path:one04082
one:115143449	path:one04082
one:115143500	path:one04082
one:115143510	path:one04082
one:115143604	path:one04082
one:115143629	path:one04082
one:115143701	path:one04082
one:115143756	path:one04082
one:115143785	path:one04082
one:115143786	path:one04082
one:115143787	path:one04082
one:115143869	path:one04082
one:115143916	path:one04082
one:115143989	path:one04082
one:115144288	path:one04082
one:115144510	path:one04082
one:115144557	path:one04082
one:115144559	path:one04082
one:115144568	path:one04082
one:115144613	path:one04082
one:115144622	path:one04082
one:115144782	path:one04082
one:115144801	path:one04082
one:115144838	path:one04082
one:115144916	path:one04082
one:115145048	path:one04082
one:115145188	path:one04082
one:115145345	path:one04082
one:115145776	path:one04082
one:115145830	path:one04082
one:115145899	path:one04082
one:115145920	path:one04082
one:115145984	path:one04082
one:115146113	path:one04082
one:115146114	path:one04082
one:115146115	path:one04082
one:115146133	path:one04082
one:115146247	path:one04082
one:115146250	path:one04082
one:115146408	path:one04082
one:115146568	path:one04082
one:115146577	path:one04082
one:115146595	path:one04082
one:115146667	path:one04082
one:115146672	path:one04082
one:115146683	path:one04082
one:115146751	path:one04082
one:115146896	path:one04082
one:115146920	path:one04082
one:115146994	path:one04082
one:115147011	path:one04082
one:115147052	path:one04082
one:115147079	path:one04082
one:115101145	path:one04110
one:115101147	path:one04110
one:115101169	path:one04110
one:115101245	path:one04110
one:115101394	path:one04110
one:115101434	path:one04110
one:115101663	path:one04110
one:115101822	path:one04110
one:115102044	path:one04110
one:115102261	path:one04110
one:115102281	path:one04110
one:115102291	path:one04110
one:115102689	path:one04110
one:115102714	path:one04110
one:115102870	path:one04110
one:115102965	path:one04110
one:115102988	path:one04110
one:115103023	path:one04110
one:115103042	path:one04110
one:115103282	path:one04110
one:115103389	path:one04110
one:115103752	path:one04110
one:115103790	path:one04110
one:115104026	path:one04110
one:115104263	path:one04110
one:115104268	path:one04110
one:115104789	path:one04110
one:115104906	path:one04110
one:115105004	path:one04110
one:115105179	path:one04110
one:115105285	path:one04110
one:115105286	path:one04110
one:115105335	path:one04110
one:115105393	path:one04110
one:115105425	path:one04110
one:115105657	path:one04110
one:115105861	path:one04110
one:115105866	path:one04110
one:115106386	path:one04110
one:115106390	path:one04110
one:115106625	path:one04110
one:115106696	path:one04110
one:115106713	path:one04110
one:115106781	path:one04110
one:115106841	path:one04110
one:115106937	path:one04110
one:115107053	path:one04110
one:115107463	path:one04110
one:115107541	path:one04110
one:115107584	path:one04110
one:115107612	path:one04110
one:115107641	path:one04110
one:115107754	path:one04110
one:115107831	path:one04110
one:115107967	path:one04110
one:115108143	path:one04110
one:115108158	path:one04110
one:115108273	path:one04110
one:115108427	path:one04110
one:115108443	path:one04110
one:115108517	path:one04110
one:115108600	path:one04110
one:115108673	path:one04110
one:115109101	path:one04110
one:115109117	path:one04110
one:115109250	path:one04110
one:115109603	path:one04110
one:115109606	path:one04110
one:115109645	path:one04110
one:115109677	path:one04110
one:115109686	path:one04110
one:115109887	path:one04110
one:115109930	path:one04110
one:115110129	path:one04110
one:115110229	path:one04110
one:115110408	path:one04110
one:115110631	path:one04110
one:115111239	path:one04110
one:115111240	path:one04110
one:115111241	path:one04110
one:115111251	path:one04110
one:115111324	path:one04110
one:115111387	path:one04110
one:115111484	path:one04110
one:115111689	path:one04110
one:115111741	path:one04110
one:115111863	path:one04110
one:115111867	path:one04110
one:115112011	path:one04110
one:115112096	path:one04110
one:115112114	path:one04110
one:115112156	path:one04110
one:115112265	path:one04110
one:115112329	path:one04110
one:115112330	path:one04110
one:115112459	path:one04110
one:115112810	path:one04110
one:115112950	path:one04110
one:115113138	path:one04110
one:115113143	path:one04110
one:115113157	path:one04110
one:115113171	path:one04110
one:115113194	path:one04110
one:115113305	path:one04110
one:115113538	path:one04110
one:115113547	path:one04110
one:115113563	path:one04110
one:115113569	path:one04110
one:115113650	path:one04110
one:115113732	path:one04110
one:115113742	path:one04110
one:115113829	path:one04110
one:115114020	path:one04110
one:115114043	path:one04110
one:115114273	path:one04110
one:115114311	path:one04110
one:115114462	path:one04110
one:115114463	path:one04110
one:115114551	path:one04110
one:115114618	path:one04110
one:115114731	path:one04110
one:115114885	path:one04110
one:115115324	path:one04110
one:115115577	path:one04110
one:115115607	path:one04110
one:115115749	path:one04110
one:115116378	path:one04110
one:115116792	path:one04110
one:115117106	path:one04110
one:115117288	path:one04110
one:115117325	path:one04110
one:115117367	path:one04110
one:115117493	path:one04110
one:115117851	path:one04110
one:115118419	path:one04110
one:115118565	path:one04110
one:115118689	path:one04110
one:115119377	path:one04110
one:115119419	path:one04110
one:115119486	path:one04110
one:115119683	path:one04110
one:115120014	path:one04110
one:115120489	path:one04110
one:115120846	path:one04110
one:115121194	path:one04110
one:115121254	path:one04110
one:115121701	path:one04110
one:115122286	path:one04110
one:115122380	path:one04110
one:115122393	path:one04110
one:115122414	path:one04110
one:115122653	path:one04110
one:115122767	path:one04110
one:115122909	path:one04110
one:115123283	path:one04110
one:115123289	path:one04110
one:115123810	path:one04110
one:115123879	path:one04110
one:115123913	path:one04110
one:115123999	path:one04110
one:115124270	path:one04110
one:115124415	path:one04110
one:115124544	path:one04110
one:115124613	path:one04110
one:115124798	path:one04110
one:115124807	path:one04110
one:115125031	path:one04110
one:115125105	path:one04110
one:115125499	path:one04110
one:115125570	path:one04110
one:115126468	path:one04110
one:115127183	path:one04110
one:115127742	path:one04110
one:115127789	path:one04110
one:115128222	path:one04110
one:115128288	path:one04110
one:115128334	path:one04110
one:115128452	path:one04110
one:115128891	path:one04110
one:115129206	path:one04110
one:115129565	path:one04110
one:115129638	path:one04110
one:115129951	path:one04110
one:115130353	path:one04110
one:115130831	path:one04110
one:115130898	path:one04110
one:115130900	path:one04110
one:115130946	path:one04110
one:115131318	path:one04110
one:115131545	path:one04110
one:115131719	path:one04110
one:115131835	path:one04110
one:115132240	path:one04110
one:115132275	path:one04110
one:115132349	path:one04110
one:115132505	path:one04110
one:115132996	path:one04110
one:115133053	path:one04110
one:115133180	path:one04110
one:115133262	path:one04110
one:115133288	path:one04110
one:115133301	path:one04110
one:115133606	path:one04110
one:115133993	path:one04110
one:115134040	path:one04110
one:115134045	path:one04110
one:115134059	path:one04110
one:115134079	path:one04110
one:115134199	path:one04110
one:115134429	path:one04110
one:115134501	path:one04110
one:115134686	path:one04110
one:115134818	path:one04110
one:115135000	path:one04110
one:115135004	path:one04110
one:115135037	path:one04110
one:115135061	path:one04110
one:115135219	path:one04110
one:115135237	path:one04110
one:115135425	path:one04110
one:115135522	path:one04110
one:115135570	path:one04110
one:115135634	path:one04110
one:115135767	path:one04110
one:115135805	path:one04110
one:115135821	path:one04110
one:115136074	path:one04110
one:115136183	path:one04110
one:115136185	path:one04110
one:115136766	path:one04110
one:115137001	path:one04110
one:115137139	path:one04110
one:115138149	path:one04110
one:115138197	path:one04110
one:115138229	path:one04110
one:115138285	path:one04110
one:115138330	path:one04110
one:115138413	path:one04110
one:115138506	path:one04110
one:115138576	path:one04110
one:115139410	path:one04110
one:115139508	path:one04110
one:115139604	path:one04110
one:115139642	path:one04110
one:115139667	path:one04110
one:115139688	path:one04110
one:115139735	path:one04110
one:115139753	path:one04110
one:115139828	path:one04110
one:115139916	path:one04110
one:115139946	path:one04110
one:115140190	path:one04110
one:115140206	path:one04110
one:115140313	path:one04110
one:115140609	path:one04110
one:115140953	path:one04110
one:115141009	path:one04110
one:115141071	path:one04110
one:115141421	path:one04110
one:115141477	path:one04110
one:115141591	path:one04110
one:115141814	path:one04110
one:115141870	path:one04110
one:115141999	path:one04110
one:115142096	path:one04110
one:115142580	path:one04110
one:115142774	path:one04110
one:115142871	path:one04110
one:115142877	path:one04110
one:115143073	path:one04110
one:115143085	path:one04110
one:115143182	path:one04110
one:115143202	path:one04110
one:115143563	path:one04110
one:115144023	path:one04110
one:115144318	path:one04110
one:115144480	path:one04110
one:115144713	path:one04110
one:115145189	path:one04110
one:115145890	path:one04110
one:115145897	path:one04110
one:115146154	path:one04110
one:115146230	path:one04110
one:115146274	path:one04110
one:115146310	path:one04110
one:115146386	path:one04110
one:115146406	path:one04110
one:115146429	path:one04110
one:115146444	path:one04110
one:115147014	path:one04110
one:115147015	path:one04110
one:115147040	path:one04110
one:115147121	path:one04110
one:115147168	path:one04110
one:115101145	path:one04114
one:115101147	path:one04114
one:115101245	path:one04114
one:115101315	path:one04114
one:115101413	path:one04114
one:115101434	path:one04114
one:115102044	path:one04114
one:115102281	path:one04114
one:115102640	path:one04114
one:115102646	path:one04114
one:115102673	path:one04114
one:115102689	path:one04114
one:115102808	path:one04114
one:115102979	path:one04114
one:115102992	path:one04114
one:115103023	path:one04114
one:115103042	path:one04114
one:115103389	path:one04114
one:115103690	path:one04114
one:115103790	path:one04114
one:115103864	path:one04114
one:115103908	path:one04114
one:115104026	path:one04114
one:115104268	path:one04114
one:115104341	path:one04114
one:115104644	path:one04114
one:115104977	path:one04114
one:115105004	path:one04114
one:115105240	path:one04114
one:115105285	path:one04114
one:115105286	path:one04114
one:115105335	path:one04114
one:115105393	path:one04114
one:115105425	path:one04114
one:115105636	path:one04114
one:115105739	path:one04114
one:115105789	path:one04114
one:115106654	path:one04114
one:115106713	path:one04114
one:115106722	path:one04114
one:115107039	path:one04114
one:115107040	path:one04114
one:115107064	path:one04114
one:115107178	path:one04114
one:115107463	path:one04114
one:115107584	path:one04114
one:115107612	path:one04114
one:115107641	path:one04114
one:115107900	path:one04114
one:115107934	path:one04114
one:115107967	path:one04114
one:115108507	path:one04114
one:115108517	path:one04114
one:115109402	path:one04114
one:115109547	path:one04114
one:115109568	path:one04114
one:115109887	path:one04114
one:115110004	path:one04114
one:115110129	path:one04114
one:115110748	path:one04114
one:115110751	path:one04114
one:115110765	path:one04114
one:115111484	path:one04114
one:115111486	path:one04114
one:115111795	path:one04114
one:115112011	path:one04114
one:115112114	path:one04114
one:115112265	path:one04114
one:115112387	path:one04114
one:115112487	path:one04114
one:115112810	path:one04114
one:115113027	path:one04114
one:115113138	path:one04114
one:115113143	path:one04114
one:115113171	path:one04114
one:115113238	path:one04114
one:115113305	path:one04114
one:115113332	path:one04114
one:115113356	path:one04114
one:115113547	path:one04114
one:115113650	path:one04114
one:115113769	path:one04114
one:115114051	path:one04114
one:115114462	path:one04114
one:115114521	path:one04114
one:115114535	path:one04114
one:115115812	path:one04114
one:115116842	path:one04114
one:115117320	path:one04114
one:115117325	path:one04114
one:115117655	path:one04114
one:115117851	path:one04114
one:115118155	path:one04114
one:115118419	path:one04114
one:115118555	path:one04114
one:115118565	path:one04114
one:115119486	path:one04114
one:115119955	path:one04114
one:115120014	path:one04114
one:115120489	path:one04114
one:115121194	path:one04114
one:115122286	path:one04114
one:115122380	path:one04114
one:115122393	path:one04114
one:115122414	path:one04114
one:115123431	path:one04114
one:115123485	path:one04114
one:115123913	path:one04114
one:115123999	path:one04114
one:115124592	path:one04114
one:115124638	path:one04114
one:115124723	path:one04114
one:115124807	path:one04114
one:115125031	path:one04114
one:115126103	path:one04114
one:115127376	path:one04114
one:115127789	path:one04114
one:115127935	path:one04114
one:115128595	path:one04114
one:115129125	path:one04114
one:115129128	path:one04114
one:115129206	path:one04114
one:115129951	path:one04114
one:115130107	path:one04114
one:115130118	path:one04114
one:115130224	path:one04114
one:115130580	path:one04114
one:115130977	path:one04114
one:115131101	path:one04114
one:115131798	path:one04114
one:115131835	path:one04114
one:115131919	path:one04114
one:115132056	path:one04114
one:115132159	path:one04114
one:115132505	path:one04114
one:115132526	path:one04114
one:115133034	path:one04114
one:115133058	path:one04114
one:115133059	path:one04114
one:115133301	path:one04114
one:115133564	path:one04114
one:115133623	path:one04114
one:115133659	path:one04114
one:115133784	path:one04114
one:115134093	path:one04114
one:115134115	path:one04114
one:115134267	path:one04114
one:115134548	path:one04114
one:115134570	path:one04114
one:115134686	path:one04114
one:115135004	path:one04114
one:115135037	path:one04114
one:115135094	path:one04114
one:115135138	path:one04114
one:115135219	path:one04114
one:115135237	path:one04114
one:115135251	path:one04114
one:115135277	path:one04114
one:115135460	path:one04114
one:115135470	path:one04114
one:115135519	path:one04114
one:115135522	path:one04114
one:115135547	path:one04114
one:115135655	path:one04114
one:115135699	path:one04114
one:115135744	path:one04114
one:115136074	path:one04114
one:115136183	path:one04114
one:115136185	path:one04114
one:115136766	path:one04114
one:115137001	path:one04114
one:115137086	path:one04114
one:115137139	path:one04114
one:115137202	path:one04114
one:115138109	path:one04114
one:115138158	path:one04114
one:115138195	path:one04114
one:115138197	path:one04114
one:115138229	path:one04114
one:115138283	path:one04114
one:115138330	path:one04114
one:115138576	path:one04114
one:115138654	path:one04114
one:115139151	path:one04114
one:115139176	path:one04114
one:115139332	path:one04114
one:115139544	path:one04114
one:115139604	path:one04114
one:115139642	path:one04114
one:115139667	path:one04114
one:115139916	path:one04114
one:115139920	path:one04114
one:115139946	path:one04114
one:115140258	path:one04114
one:115140382	path:one04114
one:115141009	path:one04114
one:115141071	path:one04114
one:115141418	path:one04114
one:115141455	path:one04114
one:115141477	path:one04114
one:115141591	path:one04114
one:115141667	path:one04114
one:115141814	path:one04114
one:115141999	path:one04114
one:115142426	path:one04114
one:115142580	path:one04114
one:115142877	path:one04114
one:115143073	path:one04114
one:115143109	path:one04114
one:115143182	path:one04114
one:115143394	path:one04114
one:115143513	path:one04114
one:115143529	path:one04114
one:115144086	path:one04114
one:115144420	path:one04114
one:115145100	path:one04114
one:115145247	path:one04114
one:115146058	path:one04114
one:115146154	path:one04114
one:115146386	path:one04114
one:115146431	path:one04114
one:115146444	path:one04114
one:115147121	path:one04114
one:115147134	path:one04114
one:115147168	path:one04114
one:115101145	path:one04115
one:115101676	path:one04115
one:115101771	path:one04115
one:115101822	path:one04115
one:115101947	path:one04115
one:115102458	path:one04115
one:115102580	path:one04115
one:115102767	path:one04115
one:115103013	path:one04115
one:115103099	path:one04115
one:115103389	path:one04115
one:115104160	path:one04115
one:115104161	path:one04115
one:115104895	path:one04115
one:115105572	path:one04115
one:115105664	path:one04115
one:115106046	path:one04115
one:115106356	path:one04115
one:115106937	path:one04115
one:115107053	path:one04115
one:115107064	path:one04115
one:115107136	path:one04115
one:115107615	path:one04115
one:115108044	path:one04115
one:115108158	path:one04115
one:115108457	path:one04115
one:115108685	path:one04115
one:115109117	path:one04115
one:115109355	path:one04115
one:115109380	path:one04115
one:115109425	path:one04115
one:115109603	path:one04115
one:115109686	path:one04115
one:115109739	path:one04115
one:115109930	path:one04115
one:115110050	path:one04115
one:115110229	path:one04115
one:115110306	path:one04115
one:115111061	path:one04115
one:115111324	path:one04115
one:115111385	path:one04115
one:115111788	path:one04115
one:115111867	path:one04115
one:115112010	path:one04115
one:115112092	path:one04115
one:115112096	path:one04115
one:115112114	path:one04115
one:115112265	path:one04115
one:115112810	path:one04115
one:115113171	path:one04115
one:115113221	path:one04115
one:115113222	path:one04115
one:115113507	path:one04115
one:115113547	path:one04115
one:115113563	path:one04115
one:115113650	path:one04115
one:115114411	path:one04115
one:115114494	path:one04115
one:115114519	path:one04115
one:115114693	path:one04115
one:115114885	path:one04115
one:115115299	path:one04115
one:115115607	path:one04115
one:115115915	path:one04115
one:115116290	path:one04115
one:115116349	path:one04115
one:115117493	path:one04115
one:115118068	path:one04115
one:115119683	path:one04115
one:115119721	path:one04115
one:115121617	path:one04115
one:115122380	path:one04115
one:115123283	path:one04115
one:115123317	path:one04115
one:115124331	path:one04115
one:115124375	path:one04115
one:115124798	path:one04115
one:115125076	path:one04115
one:115125138	path:one04115
one:115127564	path:one04115
one:115128606	path:one04115
one:115128761	path:one04115
one:115128891	path:one04115
one:115129259	path:one04115
one:115129444	path:one04115
one:115129728	path:one04115
one:115130175	path:one04115
one:115130672	path:one04115
one:115131254	path:one04115
one:115131318	path:one04115
one:115131770	path:one04115
one:115132048	path:one04115
one:115132136	path:one04115
one:115132926	path:one04115
one:115133034	path:one04115
one:115133053	path:one04115
one:115133180	path:one04115
one:115133324	path:one04115
one:115133606	path:one04115
one:115134045	path:one04115
one:115134062	path:one04115
one:115134315	path:one04115
one:115135037	path:one04115
one:115135098	path:one04115
one:115135099	path:one04115
one:115135203	path:one04115
one:115135425	path:one04115
one:115135709	path:one04115
one:115135795	path:one04115
one:115135886	path:one04115
one:115137223	path:one04115
one:115137504	path:one04115
one:115137888	path:one04115
one:115138149	path:one04115
one:115138457	path:one04115
one:115138471	path:one04115
one:115138762	path:one04115
one:115139289	path:one04115
one:115139636	path:one04115
one:115139753	path:one04115
one:115139792	path:one04115
one:115139825	path:one04115
one:115139831	path:one04115
one:115140265	path:one04115
one:115140609	path:one04115
one:115140953	path:one04115
one:115141009	path:one04115
one:115141071	path:one04115
one:115141870	path:one04115
one:115142166	path:one04115
one:115142168	path:one04115
one:115143073	path:one04115
one:115143085	path:one04115
one:115143202	path:one04115
one:115143375	path:one04115
one:115143714	path:one04115
one:115143937	path:one04115
one:115144052	path:one04115
one:115144334	path:one04115
one:115145039	path:one04115
one:115145189	path:one04115
one:115145272	path:one04115
one:115145418	path:one04115
one:115145431	path:one04115
one:115145810	path:one04115
one:115145890	path:one04115
one:115145897	path:one04115
one:115146249	path:one04115
one:115146261	path:one04115
one:115147014	path:one04115
one:115147015	path:one04115
one:115147151	path:one04115
one:115101058	path:one04120
one:115101097	path:one04120
one:115101147	path:one04120
one:115101182	path:one04120
one:115101365	path:one04120
one:115101435	path:one04120
one:115101563	path:one04120
one:115101837	path:one04120
one:115102228	path:one04120
one:115102288	path:one04120
one:115102333	path:one04120
one:115102687	path:one04120
one:115102707	path:one04120
one:115102714	path:one04120
one:115102726	path:one04120
one:115102839	path:one04120
one:115103023	path:one04120
one:115103042	path:one04120
one:115103099	path:one04120
one:115103239	path:one04120
one:115103790	path:one04120
one:115103803	path:one04120
one:115103812	path:one04120
one:115104018	path:one04120
one:115104026	path:one04120
one:115104067	path:one04120
one:115104196	path:one04120
one:115104210	path:one04120
one:115104268	path:one04120
one:115104288	path:one04120
one:115104591	path:one04120
one:115104601	path:one04120
one:115105004	path:one04120
one:115105084	path:one04120
one:115105093	path:one04120
one:115105139	path:one04120
one:115105286	path:one04120
one:115105287	path:one04120
one:115105339	path:one04120
one:115105404	path:one04120
one:115105425	path:one04120
one:115105473	path:one04120
one:115105481	path:one04120
one:115105526	path:one04120
one:115105789	path:one04120
one:115105866	path:one04120
one:115105918	path:one04120
one:115106027	path:one04120
one:115106551	path:one04120
one:115106584	path:one04120
one:115106633	path:one04120
one:115106715	path:one04120
one:115106824	path:one04120
one:115107130	path:one04120
one:115107463	path:one04120
one:115107654	path:one04120
one:115107706	path:one04120
one:115108172	path:one04120
one:115108308	path:one04120
one:115108343	path:one04120
one:115108443	path:one04120
one:115108517	path:one04120
one:115109138	path:one04120
one:115109282	path:one04120
one:115109289	path:one04120
one:115109313	path:one04120
one:115109355	path:one04120
one:115109495	path:one04120
one:115109553	path:one04120
one:115109887	path:one04120
one:115110121	path:one04120
one:115110129	path:one04120
one:115110179	path:one04120
one:115110213	path:one04120
one:115110219	path:one04120
one:115110257	path:one04120
one:115110339	path:one04120
one:115110348	path:one04120
one:115110640	path:one04120
one:115110776	path:one04120
one:115111010	path:one04120
one:115111159	path:one04120
one:115111230	path:one04120
one:115111334	path:one04120
one:115111360	path:one04120
one:115111385	path:one04120
one:115111411	path:one04120
one:115111484	path:one04120
one:115111578	path:one04120
one:115111608	path:one04120
one:115111875	path:one04120
one:115111907	path:one04120
one:115112054	path:one04120
one:115112189	path:one04120
one:115112213	path:one04120
one:115112284	path:one04120
one:115112673	path:one04120
one:115113014	path:one04120
one:115113138	path:one04120
one:115113147	path:one04120
one:115113182	path:one04120
one:115113252	path:one04120
one:115113466	path:one04120
one:115113607	path:one04120
one:115113664	path:one04120
one:115114233	path:one04120
one:115114411	path:one04120
one:115114462	path:one04120
one:115114618	path:one04120
one:115114731	path:one04120
one:115114732	path:one04120
one:115114809	path:one04120
one:115115406	path:one04120
one:115115620	path:one04120
one:115115812	path:one04120
one:115115987	path:one04120
one:115116086	path:one04120
one:115116752	path:one04120
one:115117146	path:one04120
one:115117308	path:one04120
one:115117325	path:one04120
one:115117826	path:one04120
one:115117991	path:one04120
one:115118152	path:one04120
one:115118560	path:one04120
one:115118659	path:one04120
one:115118688	path:one04120
one:115119476	path:one04120
one:115119486	path:one04120
one:115120014	path:one04120
one:115120360	path:one04120
one:115121150	path:one04120
one:115121194	path:one04120
one:115121522	path:one04120
one:115121635	path:one04120
one:115121787	path:one04120
one:115121929	path:one04120
one:115122286	path:one04120
one:115122372	path:one04120
one:115122393	path:one04120
one:115122414	path:one04120
one:115123321	path:one04120
one:115123613	path:one04120
one:115123699	path:one04120
one:115124426	path:one04120
one:115124532	path:one04120
one:115124807	path:one04120
one:115124839	path:one04120
one:115124920	path:one04120
one:115125613	path:one04120
one:115125733	path:one04120
one:115125760	path:one04120
one:115125783	path:one04120
one:115126173	path:one04120
one:115126919	path:one04120
one:115126954	path:one04120
one:115127279	path:one04120
one:115127950	path:one04120
one:115127994	path:one04120
one:115128135	path:one04120
one:115128557	path:one04120
one:115128558	path:one04120
one:115128590	path:one04120
one:115128646	path:one04120
one:115129363	path:one04120
one:115129373	path:one04120
one:115129544	path:one04120
one:115129582	path:one04120
one:115129593	path:one04120
one:115129741	path:one04120
one:115130413	path:one04120
one:115130462	path:one04120
one:115130580	path:one04120
one:115130586	path:one04120
one:115130599	path:one04120
one:115130600	path:one04120
one:115130845	path:one04120
one:115130860	path:one04120
one:115131398	path:one04120
one:115131441	path:one04120
one:115131442	path:one04120
one:115132202	path:one04120
one:115132272	path:one04120
one:115132507	path:one04120
one:115132962	path:one04120
one:115133023	path:one04120
one:115134110	path:one04120
one:115134175	path:one04120
one:115134315	path:one04120
one:115134357	path:one04120
one:115134385	path:one04120
one:115134395	path:one04120
one:115135019	path:one04120
one:115135046	path:one04120
one:115135128	path:one04120
one:115135156	path:one04120
one:115135230	path:one04120
one:115135322	path:one04120
one:115135518	path:one04120
one:115135522	path:one04120
one:115135609	path:one04120
one:115135699	path:one04120
one:115135924	path:one04120
one:115135961	path:one04120
one:115135975	path:one04120
one:115136069	path:one04120
one:115136181	path:one04120
one:115136185	path:one04120
one:115136846	path:one04120
one:115136908	path:one04120
one:115136919	path:one04120
one:115136928	path:one04120
one:115137114	path:one04120
one:115137119	path:one04120
one:115137145	path:one04120
one:115137307	path:one04120
one:115137357	path:one04120
one:115138151	path:one04120
one:115139216	path:one04120
one:115139588	path:one04120
one:115139719	path:one04120
one:115139766	path:one04120
one:115139795	path:one04120
one:115139825	path:one04120
one:115139916	path:one04120
one:115139917	path:one04120
one:115139946	path:one04120
one:115140049	path:one04120
one:115140284	path:one04120
one:115140318	path:one04120
one:115140577	path:one04120
one:115140835	path:one04120
one:115140926	path:one04120
one:115141123	path:one04120
one:115141124	path:one04120
one:115141469	path:one04120
one:115141495	path:one04120
one:115141499	path:one04120
one:115141668	path:one04120
one:115141687	path:one04120
one:115141744	path:one04120
one:115141999	path:one04120
one:115142152	path:one04120
one:115142580	path:one04120
one:115142594	path:one04120
one:115142603	path:one04120
one:115142750	path:one04120
one:115142839	path:one04120
one:115142847	path:one04120
one:115143161	path:one04120
one:115143248	path:one04120
one:115143466	path:one04120
one:115143874	path:one04120
one:115144060	path:one04120
one:115144154	path:one04120
one:115144889	path:one04120
one:115144920	path:one04120
one:115145606	path:one04120
one:115145608	path:one04120
one:115145770	path:one04120
one:115147124	path:one04120
one:115147168	path:one04120
one:115109845	path:one04122
one:115109846	path:one04122
one:115112154	path:one04122
one:115113570	path:one04122
one:115127209	path:one04122
one:115127220	path:one04122
one:115127503	path:one04122
one:115135104	path:one04122
one:115139931	path:one04122
one:115146326	path:one04122
one:115101118	path:one04130
one:115101292	path:one04130
one:115101333	path:one04130
one:115103306	path:one04130
one:115103493	path:one04130
one:115103709	path:one04130
one:115105239	path:one04130
one:115105484	path:one04130
one:115105930	path:one04130
one:115106485	path:one04130
one:115107188	path:one04130
one:115107695	path:one04130
one:115108133	path:one04130
one:115108369	path:one04130
one:115108490	path:one04130
one:115109091	path:one04130
one:115110212	path:one04130
one:115110303	path:one04130
one:115111527	path:one04130
one:115111785	path:one04130
one:115111786	path:one04130
one:115111842	path:one04130
one:115111878	path:one04130
one:115114153	path:one04130
one:115116538	path:one04130
one:115119576	path:one04130
one:115120072	path:one04130
one:115120802	path:one04130
one:115120850	path:one04130
one:115120879	path:one04130
one:115121107	path:one04130
one:115121567	path:one04130
one:115122140	path:one04130
one:115126826	path:one04130
one:115128354	path:one04130
one:115128706	path:one04130
one:115128949	path:one04130
one:115128988	path:one04130
one:115129208	path:one04130
one:115129469	path:one04130
one:115130704	path:one04130
one:115130942	path:one04130
one:115131863	path:one04130
one:115132691	path:one04130
one:115132745	path:one04130
one:115135675	path:one04130
one:115136279	path:one04130
one:115137355	path:one04130
one:115138734	path:one04130
one:115139027	path:one04130
one:115139188	path:one04130
one:115139477	path:one04130
one:115140252	path:one04130
one:115140253	path:one04130
one:115140292	path:one04130
one:115140468	path:one04130
one:115141203	path:one04130
one:115141768	path:one04130
one:115142086	path:one04130
one:115142764	path:one04130
one:115143059	path:one04130
one:115143412	path:one04130
one:115143905	path:one04130
one:115143991	path:one04130
one:115144799	path:one04130
one:115144945	path:one04130
one:115145079	path:one04130
one:115145924	path:one04130
one:115145959	path:one04130
one:115146549	path:one04130
one:115146586	path:one04130
one:115101032	path:one04136
one:115101198	path:one04136
one:115101468	path:one04136
one:115102953	path:one04136
one:115103685	path:one04136
one:115104411	path:one04136
one:115105285	path:one04136
one:115105559	path:one04136
one:115105748	path:one04136
one:115106634	path:one04136
one:115109316	path:one04136
one:115110612	path:one04136
one:115110613	path:one04136
one:115111952	path:one04136
one:115112011	path:one04136
one:115112079	path:one04136
one:115113497	path:one04136
one:115114562	path:one04136
one:115115074	path:one04136
one:115115469	path:one04136
one:115118258	path:one04136
one:115118419	path:one04136
one:115119338	path:one04136
one:115120489	path:one04136
one:115123246	path:one04136
one:115128066	path:one04136
one:115129192	path:one04136
one:115129206	path:one04136
one:115130947	path:one04136
one:115132058	path:one04136
one:115133421	path:one04136
one:115133616	path:one04136
one:115135424	path:one04136
one:115135475	path:one04136
one:115135739	path:one04136
one:115135899	path:one04136
one:115136183	path:one04136
one:115136650	path:one04136
one:115137182	path:one04136
one:115138144	path:one04136
one:115138522	path:one04136
one:115140802	path:one04136
one:115141040	path:one04136
one:115141920	path:one04136
one:115142582	path:one04136
one:115144209	path:one04136
one:115144248	path:one04136
one:115144515	path:one04136
one:115147121	path:one04136
one:115101029	path:one04137
one:115101058	path:one04137
one:115101111	path:one04137
one:115101153	path:one04137
one:115101198	path:one04137
one:115101234	path:one04137
one:115101635	path:one04137
one:115101947	path:one04137
one:115102291	path:one04137
one:115102330	path:one04137
one:115102462	path:one04137
one:115102496	path:one04137
one:115102687	path:one04137
one:115102853	path:one04137
one:115102911	path:one04137
one:115102953	path:one04137
one:115103239	path:one04137
one:115103574	path:one04137
one:115103722	path:one04137
one:115103812	path:one04137
one:115103921	path:one04137
one:115104014	path:one04137
one:115104124	path:one04137
one:115104288	path:one04137
one:115104564	path:one04137
one:115104824	path:one04137
one:115105482	path:one04137
one:115105526	path:one04137
one:115106257	path:one04137
one:115106409	path:one04137
one:115106446	path:one04137
one:115106479	path:one04137
one:115106570	path:one04137
one:115106634	path:one04137
one:115106648	path:one04137
one:115106849	path:one04137
one:115107013	path:one04137
one:115107763	path:one04137
one:115107904	path:one04137
one:115108045	path:one04137
one:115108065	path:one04137
one:115108073	path:one04137
one:115108172	path:one04137
one:115108320	path:one04137
one:115108486	path:one04137
one:115109039	path:one04137
one:115109138	path:one04137
one:115109284	path:one04137
one:115109295	path:one04137
one:115109316	path:one04137
one:115109355	path:one04137
one:115109442	path:one04137
one:115109509	path:one04137
one:115109544	path:one04137
one:115109593	path:one04137
one:115109651	path:one04137
one:115109730	path:one04137
one:115109983	path:one04137
one:115110115	path:one04137
one:115110180	path:one04137
one:115110279	path:one04137
one:115110368	path:one04137
one:115110369	path:one04137
one:115110532	path:one04137
one:115110640	path:one04137
one:115110918	path:one04137
one:115111557	path:one04137
one:115111685	path:one04137
one:115111692	path:one04137
one:115111756	path:one04137
one:115111813	path:one04137
one:115112072	path:one04137
one:115112241	path:one04137
one:115112448	path:one04137
one:115112562	path:one04137
one:115113147	path:one04137
one:115113358	path:one04137
one:115113414	path:one04137
one:115113487	path:one04137
one:115113777	path:one04137
one:115113785	path:one04137
one:115114076	path:one04137
one:115114079	path:one04137
one:115114233	path:one04137
one:115114562	path:one04137
one:115114614	path:one04137
one:115114786	path:one04137
one:115115684	path:one04137
one:115115957	path:one04137
one:115116419	path:one04137
one:115116921	path:one04137
one:115117400	path:one04137
one:115117456	path:one04137
one:115117799	path:one04137
one:115119026	path:one04137
one:115119601	path:one04137
one:115120267	path:one04137
one:115120914	path:one04137
one:115121053	path:one04137
one:115121372	path:one04137
one:115121451	path:one04137
one:115121939	path:one04137
one:115122481	path:one04137
one:115122914	path:one04137
one:115123699	path:one04137
one:115123776	path:one04137
one:115123914	path:one04137
one:115124627	path:one04137
one:115124909	path:one04137
one:115125325	path:one04137
one:115125327	path:one04137
one:115125727	path:one04137
one:115126837	path:one04137
one:115126839	path:one04137
one:115127785	path:one04137
one:115128074	path:one04137
one:115128246	path:one04137
one:115128274	path:one04137
one:115128655	path:one04137
one:115128719	path:one04137
one:115128757	path:one04137
one:115128867	path:one04137
one:115129536	path:one04137
one:115129686	path:one04137
one:115129848	path:one04137
one:115130256	path:one04137
one:115130519	path:one04137
one:115130793	path:one04137
one:115131208	path:one04137
one:115131245	path:one04137
one:115131286	path:one04137
one:115131331	path:one04137
one:115131514	path:one04137
one:115131733	path:one04137
one:115132053	path:one04137
one:115132136	path:one04137
one:115132275	path:one04137
one:115132308	path:one04137
one:115132418	path:one04137
one:115132424	path:one04137
one:115132453	path:one04137
one:115132507	path:one04137
one:115133097	path:one04137
one:115133130	path:one04137
one:115133256	path:one04137
one:115133528	path:one04137
one:115133606	path:one04137
one:115133616	path:one04137
one:115133625	path:one04137
one:115133651	path:one04137
one:115133980	path:one04137
one:115134000	path:one04137
one:115134058	path:one04137
one:115134119	path:one04137
one:115134169	path:one04137
one:115134222	path:one04137
one:115134315	path:one04137
one:115134379	path:one04137
one:115134394	path:one04137
one:115134520	path:one04137
one:115134554	path:one04137
one:115134757	path:one04137
one:115135019	path:one04137
one:115135085	path:one04137
one:115135139	path:one04137
one:115135230	path:one04137
one:115135278	path:one04137
one:115135343	path:one04137
one:115135424	path:one04137
one:115135425	path:one04137
one:115135924	path:one04137
one:115136381	path:one04137
one:115136523	path:one04137
one:115136932	path:one04137
one:115137152	path:one04137
one:115137427	path:one04137
one:115137504	path:one04137
one:115137629	path:one04137
one:115138057	path:one04137
one:115138062	path:one04137
one:115138144	path:one04137
one:115138149	path:one04137
one:115138159	path:one04137
one:115138573	path:one04137
one:115138726	path:one04137
one:115138754	path:one04137
one:115139143	path:one04137
one:115139403	path:one04137
one:115139963	path:one04137
one:115139996	path:one04137
one:115140024	path:one04137
one:115140026	path:one04137
one:115140063	path:one04137
one:115140124	path:one04137
one:115140149	path:one04137
one:115140221	path:one04137
one:115140802	path:one04137
one:115140840	path:one04137
one:115140849	path:one04137
one:115140969	path:one04137
one:115141120	path:one04137
one:115141500	path:one04137
one:115141665	path:one04137
one:115141734	path:one04137
one:115142603	path:one04137
one:115142630	path:one04137
one:115142635	path:one04137
one:115142822	path:one04137
one:115142855	path:one04137
one:115143153	path:one04137
one:115143336	path:one04137
one:115143375	path:one04137
one:115143383	path:one04137
one:115143387	path:one04137
one:115143399	path:one04137
one:115143433	path:one04137
one:115143868	path:one04137
one:115143900	path:one04137
one:115143977	path:one04137
one:115144005	path:one04137
one:115144231	path:one04137
one:115144239	path:one04137
one:115144515	path:one04137
one:115144705	path:one04137
one:115144898	path:one04137
one:115145229	path:one04137
one:115145290	path:one04137
one:115145482	path:one04137
one:115145912	path:one04137
one:115145964	path:one04137
one:115146158	path:one04137
one:115146824	path:one04137
one:115146992	path:one04137
one:115147161	path:one04137
one:115101028	path:one04140
one:115101029	path:one04140
one:115101032	path:one04140
one:115101058	path:one04140
one:115101074	path:one04140
one:115101198	path:one04140
one:115101223	path:one04140
one:115101321	path:one04140
one:115101455	path:one04140
one:115101466	path:one04140
one:115101468	path:one04140
one:115101869	path:one04140
one:115101947	path:one04140
one:115101995	path:one04140
one:115102738	path:one04140
one:115102820	path:one04140
one:115102907	path:one04140
one:115102953	path:one04140
one:115102959	path:one04140
one:115102979	path:one04140
one:115103013	path:one04140
one:115103225	path:one04140
one:115103239	path:one04140
one:115103245	path:one04140
one:115103316	path:one04140
one:115103574	path:one04140
one:115103685	path:one04140
one:115103843	path:one04140
one:115103859	path:one04140
one:115103883	path:one04140
one:115103902	path:one04140
one:115104015	path:one04140
one:115104341	path:one04140
one:115104411	path:one04140
one:115104644	path:one04140
one:115104824	path:one04140
one:115104878	path:one04140
one:115104895	path:one04140
one:115105040	path:one04140
one:115105176	path:one04140
one:115105285	path:one04140
one:115105369	path:one04140
one:115105386	path:one04140
one:115105431	path:one04140
one:115105526	path:one04140
one:115105539	path:one04140
one:115105559	path:one04140
one:115105565	path:one04140
one:115105617	path:one04140
one:115105717	path:one04140
one:115105748	path:one04140
one:115105930	path:one04140
one:115105948	path:one04140
one:115106117	path:one04140
one:115106311	path:one04140
one:115106356	path:one04140
one:115106409	path:one04140
one:115106446	path:one04140
one:115106479	path:one04140
one:115106515	path:one04140
one:115106552	path:one04140
one:115106634	path:one04140
one:115106778	path:one04140
one:115106798	path:one04140
one:115107013	path:one04140
one:115107660	path:one04140
one:115107695	path:one04140
one:115107835	path:one04140
one:115107904	path:one04140
one:115108052	path:one04140
one:115108172	path:one04140
one:115108180	path:one04140
one:115108242	path:one04140
one:115108285	path:one04140
one:115108309	path:one04140
one:115108455	path:one04140
one:115108525	path:one04140
one:115108988	path:one04140
one:115109138	path:one04140
one:115109150	path:one04140
one:115109216	path:one04140
one:115109284	path:one04140
one:115109316	path:one04140
one:115109402	path:one04140
one:115109509	path:one04140
one:115109544	path:one04140
one:115109730	path:one04140
one:115109983	path:one04140
one:115110004	path:one04140
one:115110117	path:one04140
one:115110180	path:one04140
one:115110368	path:one04140
one:115110532	path:one04140
one:115110612	path:one04140
one:115110613	path:one04140
one:115110742	path:one04140
one:115111490	path:one04140
one:115111619	path:one04140
one:115111688	path:one04140
one:115111786	path:one04140
one:115111842	path:one04140
one:115111952	path:one04140
one:115111984	path:one04140
one:115112007	path:one04140
one:115112011	path:one04140
one:115112072	path:one04140
one:115112079	path:one04140
one:115112117	path:one04140
one:115112448	path:one04140
one:115112562	path:one04140
one:115113147	path:one04140
one:115113180	path:one04140
one:115113222	path:one04140
one:115113252	path:one04140
one:115113279	path:one04140
one:115113414	path:one04140
one:115113487	path:one04140
one:115113497	path:one04140
one:115113546	path:one04140
one:115114004	path:one04140
one:115114142	path:one04140
one:115114221	path:one04140
one:115114233	path:one04140
one:115114494	path:one04140
one:115114535	path:one04140
one:115114557	path:one04140
one:115114562	path:one04140
one:115114621	path:one04140
one:115114736	path:one04140
one:115114793	path:one04140
one:115115074	path:one04140
one:115115288	path:one04140
one:115115469	path:one04140
one:115116369	path:one04140
one:115116690	path:one04140
one:115116877	path:one04140
one:115117358	path:one04140
one:115117380	path:one04140
one:115117456	path:one04140
one:115117588	path:one04140
one:115117991	path:one04140
one:115118046	path:one04140
one:115118258	path:one04140
one:115118419	path:one04140
one:115118542	path:one04140
one:115118593	path:one04140
one:115119026	path:one04140
one:115119338	path:one04140
one:115119601	path:one04140
one:115119719	path:one04140
one:115120489	path:one04140
one:115120700	path:one04140
one:115120731	path:one04140
one:115120802	path:one04140
one:115120850	path:one04140
one:115120914	path:one04140
one:115121030	path:one04140
one:115121038	path:one04140
one:115121089	path:one04140
one:115121421	path:one04140
one:115121817	path:one04140
one:115121939	path:one04140
one:115122093	path:one04140
one:115122135	path:one04140
one:115122640	path:one04140
one:115123246	path:one04140
one:115123533	path:one04140
one:115123645	path:one04140
one:115123699	path:one04140
one:115124539	path:one04140
one:115124592	path:one04140
one:115124666	path:one04140
one:115125089	path:one04140
one:115125312	path:one04140
one:115125356	path:one04140
one:115125722	path:one04140
one:115125727	path:one04140
one:115126820	path:one04140
one:115126837	path:one04140
one:115126867	path:one04140
one:115127142	path:one04140
one:115128066	path:one04140
one:115128090	path:one04140
one:115128498	path:one04140
one:115128547	path:one04140
one:115128655	path:one04140
one:115128757	path:one04140
one:115128955	path:one04140
one:115128956	path:one04140
one:115128957	path:one04140
one:115129128	path:one04140
one:115129192	path:one04140
one:115129206	path:one04140
one:115129452	path:one04140
one:115129536	path:one04140
one:115129583	path:one04140
one:115129686	path:one04140
one:115130175	path:one04140
one:115130194	path:one04140
one:115130358	path:one04140
one:115130519	path:one04140
one:115130684	path:one04140
one:115130793	path:one04140
one:115130846	path:one04140
one:115130947	path:one04140
one:115131208	path:one04140
one:115131245	path:one04140
one:115131507	path:one04140
one:115131863	path:one04140
one:115131882	path:one04140
one:115132058	path:one04140
one:115132136	path:one04140
one:115132207	path:one04140
one:115132702	path:one04140
one:115132717	path:one04140
one:115133087	path:one04140
one:115133097	path:one04140
one:115133282	path:one04140
one:115133290	path:one04140
one:115133421	path:one04140
one:115133536	path:one04140
one:115133616	path:one04140
one:115133650	path:one04140
one:115133651	path:one04140
one:115134119	path:one04140
one:115134169	path:one04140
one:115134267	path:one04140
one:115134394	path:one04140
one:115134554	path:one04140
one:115134579	path:one04140
one:115135019	path:one04140
one:115135085	path:one04140
one:115135099	path:one04140
one:115135139	path:one04140
one:115135156	path:one04140
one:115135193	path:one04140
one:115135343	path:one04140
one:115135424	path:one04140
one:115135438	path:one04140
one:115135475	path:one04140
one:115135485	path:one04140
one:115135501	path:one04140
one:115135649	path:one04140
one:115135739	path:one04140
one:115135893	path:one04140
one:115135899	path:one04140
one:115135909	path:one04140
one:115135910	path:one04140
one:115135924	path:one04140
one:115136183	path:one04140
one:115136269	path:one04140
one:115136308	path:one04140
one:115136593	path:one04140
one:115136609	path:one04140
one:115136650	path:one04140
one:115136693	path:one04140
one:115136696	path:one04140
one:115136932	path:one04140
one:115136959	path:one04140
one:115137019	path:one04140
one:115137171	path:one04140
one:115137182	path:one04140
one:115137202	path:one04140
one:115137281	path:one04140
one:115137504	path:one04140
one:115137548	path:one04140
one:115138062	path:one04140
one:115138064	path:one04140
one:115138121	path:one04140
one:115138144	path:one04140
one:115138187	path:one04140
one:115138361	path:one04140
one:115138454	path:one04140
one:115138522	path:one04140
one:115138573	path:one04140
one:115138606	path:one04140
one:115138713	path:one04140
one:115138726	path:one04140
one:115139312	path:one04140
one:115139339	path:one04140
one:115139477	path:one04140
one:115139520	path:one04140
one:115139544	path:one04140
one:115139879	path:one04140
one:115139924	path:one04140
one:115139963	path:one04140
one:115140024	path:one04140
one:115140026	path:one04140
one:115140059	path:one04140
one:115140253	path:one04140
one:115140292	path:one04140
one:115140382	path:one04140
one:115140802	path:one04140
one:115140995	path:one04140
one:115141040	path:one04140
one:115141214	path:one04140
one:115141568	path:one04140
one:115141633	path:one04140
one:115141665	path:one04140
one:115141874	path:one04140
one:115141877	path:one04140
one:115141920	path:one04140
one:115141974	path:one04140
one:115141982	path:one04140
one:115142582	path:one04140
one:115142635	path:one04140
one:115142647	path:one04140
one:115142811	path:one04140
one:115143109	path:one04140
one:115143153	path:one04140
one:115143158	path:one04140
one:115143167	path:one04140
one:115143328	path:one04140
one:115143336	path:one04140
one:115143375	path:one04140
one:115143394	path:one04140
one:115143581	path:one04140
one:115143757	path:one04140
one:115143876	path:one04140
one:115143900	path:one04140
one:115143925	path:one04140
one:115143977	path:one04140
one:115144005	path:one04140
one:115144052	path:one04140
one:115144129	path:one04140
one:115144209	path:one04140
one:115144248	path:one04140
one:115144345	path:one04140
one:115144515	path:one04140
one:115144806	path:one04140
one:115144888	path:one04140
one:115144972	path:one04140
one:115145089	path:one04140
one:115145229	path:one04140
one:115145247	path:one04140
one:115145315	path:one04140
one:115145374	path:one04140
one:115145842	path:one04140
one:115145893	path:one04140
one:115145964	path:one04140
one:115145966	path:one04140
one:115145987	path:one04140
one:115146124	path:one04140
one:115146158	path:one04140
one:115146240	path:one04140
one:115146263	path:one04140
one:115146354	path:one04140
one:115146824	path:one04140
one:115146827	path:one04140
one:115146865	path:one04140
one:115147067	path:one04140
one:115147121	path:one04140
one:115147159	path:one04140
one:115101111	path:one04141
one:115101153	path:one04141
one:115101346	path:one04141
one:115101435	path:one04141
one:115101443	path:one04141
one:115101778	path:one04141
one:115101789	path:one04141
one:115101923	path:one04141
one:115101965	path:one04141
one:115102129	path:one04141
one:115102263	path:one04141
one:115102344	path:one04141
one:115102387	path:one04141
one:115102535	path:one04141
one:115102681	path:one04141
one:115102707	path:one04141
one:115103013	path:one04141
one:115103042	path:one04141
one:115103046	path:one04141
one:115103155	path:one04141
one:115103188	path:one04141
one:115103203	path:one04141
one:115103339	path:one04141
one:115103368	path:one04141
one:115103792	path:one04141
one:115103914	path:one04141
one:115104014	path:one04141
one:115104149	path:one04141
one:115104160	path:one04141
one:115104161	path:one04141
one:115104229	path:one04141
one:115104235	path:one04141
one:115104268	path:one04141
one:115104343	path:one04141
one:115104510	path:one04141
one:115104864	path:one04141
one:115104895	path:one04141
one:115104912	path:one04141
one:115104934	path:one04141
one:115105002	path:one04141
one:115105004	path:one04141
one:115105286	path:one04141
one:115105289	path:one04141
one:115105290	path:one04141
one:115105343	path:one04141
one:115105368	path:one04141
one:115105372	path:one04141
one:115105375	path:one04141
one:115105404	path:one04141
one:115105469	path:one04141
one:115105478	path:one04141
one:115105571	path:one04141
one:115105704	path:one04141
one:115105826	path:one04141
one:115106008	path:one04141
one:115106024	path:one04141
one:115106105	path:one04141
one:115106409	path:one04141
one:115106584	path:one04141
one:115106669	path:one04141
one:115106976	path:one04141
one:115107157	path:one04141
one:115107552	path:one04141
one:115107603	path:one04141
one:115107654	path:one04141
one:115107688	path:one04141
one:115107726	path:one04141
one:115107796	path:one04141
one:115107887	path:one04141
one:115107904	path:one04141
one:115107965	path:one04141
one:115107966	path:one04141
one:115108227	path:one04141
one:115108229	path:one04141
one:115108348	path:one04141
one:115108366	path:one04141
one:115108468	path:one04141
one:115109202	path:one04141
one:115109203	path:one04141
one:115109360	path:one04141
one:115109364	path:one04141
one:115109390	path:one04141
one:115109482	path:one04141
one:115109632	path:one04141
one:115109646	path:one04141
one:115109727	path:one04141
one:115109887	path:one04141
one:115110050	path:one04141
one:115110089	path:one04141
one:115110115	path:one04141
one:115110272	path:one04141
one:115110306	path:one04141
one:115110396	path:one04141
one:115111010	path:one04141
one:115111439	path:one04141
one:115111473	path:one04141
one:115111608	path:one04141
one:115111685	path:one04141
one:115111717	path:one04141
one:115111813	path:one04141
one:115112092	path:one04141
one:115112129	path:one04141
one:115112303	path:one04141
one:115112677	path:one04141
one:115112953	path:one04141
one:115112977	path:one04141
one:115113050	path:one04141
one:115113051	path:one04141
one:115113116	path:one04141
one:115113182	path:one04141
one:115113414	path:one04141
one:115113507	path:one04141
one:115113529	path:one04141
one:115113777	path:one04141
one:115113785	path:one04141
one:115113930	path:one04141
one:115113961	path:one04141
one:115114085	path:one04141
one:115114111	path:one04141
one:115114283	path:one04141
one:115114298	path:one04141
one:115114458	path:one04141
one:115114462	path:one04141
one:115114494	path:one04141
one:115114969	path:one04141
one:115115406	path:one04141
one:115115441	path:one04141
one:115115620	path:one04141
one:115115684	path:one04141
one:115116223	path:one04141
one:115116301	path:one04141
one:115116432	path:one04141
one:115116893	path:one04141
one:115117468	path:one04141
one:115117682	path:one04141
one:115117844	path:one04141
one:115118428	path:one04141
one:115118432	path:one04141
one:115118504	path:one04141
one:115118567	path:one04141
one:115118659	path:one04141
one:115118672	path:one04141
one:115118961	path:one04141
one:115119017	path:one04141
one:115119420	path:one04141
one:115119467	path:one04141
one:115119476	path:one04141
one:115119601	path:one04141
one:115119688	path:one04141
one:115119692	path:one04141
one:115119757	path:one04141
one:115119775	path:one04141
one:115119825	path:one04141
one:115119866	path:one04141
one:115120046	path:one04141
one:115120064	path:one04141
one:115120267	path:one04141
one:115120398	path:one04141
one:115120428	path:one04141
one:115120433	path:one04141
one:115120435	path:one04141
one:115120904	path:one04141
one:115120975	path:one04141
one:115121331	path:one04141
one:115121372	path:one04141
one:115121580	path:one04141
one:115121758	path:one04141
one:115121772	path:one04141
one:115121929	path:one04141
one:115122029	path:one04141
one:115122236	path:one04141
one:115122462	path:one04141
one:115122481	path:one04141
one:115122625	path:one04141
one:115122810	path:one04141
one:115122863	path:one04141
one:115122895	path:one04141
one:115123099	path:one04141
one:115123169	path:one04141
one:115123613	path:one04141
one:115123753	path:one04141
one:115123924	path:one04141
one:115124143	path:one04141
one:115124584	path:one04141
one:115124760	path:one04141
one:115124839	path:one04141
one:115125053	path:one04141
one:115125117	path:one04141
one:115125243	path:one04141
one:115125312	path:one04141
one:115125585	path:one04141
one:115125733	path:one04141
one:115125783	path:one04141
one:115126231	path:one04141
one:115126306	path:one04141
one:115126485	path:one04141
one:115126554	path:one04141
one:115126706	path:one04141
one:115127575	path:one04141
one:115127631	path:one04141
one:115127657	path:one04141
one:115128152	path:one04141
one:115128231	path:one04141
one:115128287	path:one04141
one:115128397	path:one04141
one:115128447	path:one04141
one:115128497	path:one04141
one:115128576	path:one04141
one:115128678	path:one04141
one:115128757	path:one04141
one:115129187	path:one04141
one:115129229	path:one04141
one:115129232	path:one04141
one:115129305	path:one04141
one:115129373	path:one04141
one:115129495	path:one04141
one:115129505	path:one04141
one:115129532	path:one04141
one:115129796	path:one04141
one:115130158	path:one04141
one:115130175	path:one04141
one:115130221	path:one04141
one:115130268	path:one04141
one:115130519	path:one04141
one:115130554	path:one04141
one:115130600	path:one04141
one:115130756	path:one04141
one:115130790	path:one04141
one:115130934	path:one04141
one:115130936	path:one04141
one:115131131	path:one04141
one:115131289	path:one04141
one:115131359	path:one04141
one:115131430	path:one04141
one:115131509	path:one04141
one:115131552	path:one04141
one:115131598	path:one04141
one:115131725	path:one04141
one:115131752	path:one04141
one:115131907	path:one04141
one:115132132	path:one04141
one:115132171	path:one04141
one:115132202	path:one04141
one:115132243	path:one04141
one:115132317	path:one04141
one:115132319	path:one04141
one:115132356	path:one04141
one:115132946	path:one04141
one:115133071	path:one04141
one:115133147	path:one04141
one:115133295	path:one04141
one:115133377	path:one04141
one:115133526	path:one04141
one:115133554	path:one04141
one:115133561	path:one04141
one:115133687	path:one04141
one:115134000	path:one04141
one:115134300	path:one04141
one:115134531	path:one04141
one:115134767	path:one04141
one:115134982	path:one04141
one:115135046	path:one04141
one:115135230	path:one04141
one:115135327	path:one04141
one:115135343	path:one04141
one:115135518	path:one04141
one:115135768	path:one04141
one:115135887	path:one04141
one:115136027	path:one04141
one:115136031	path:one04141
one:115136137	path:one04141
one:115136138	path:one04141
one:115136185	path:one04141
one:115136246	path:one04141
one:115136708	path:one04141
one:115136867	path:one04141
one:115137210	path:one04141
one:115137269	path:one04141
one:115137941	path:one04141
one:115137968	path:one04141
one:115138055	path:one04141
one:115138070	path:one04141
one:115138084	path:one04141
one:115138099	path:one04141
one:115138225	path:one04141
one:115138248	path:one04141
one:115138551	path:one04141
one:115138701	path:one04141
one:115138726	path:one04141
one:115138772	path:one04141
one:115139216	path:one04141
one:115139227	path:one04141
one:115139376	path:one04141
one:115139444	path:one04141
one:115139480	path:one04141
one:115139553	path:one04141
one:115139579	path:one04141
one:115139588	path:one04141
one:115139654	path:one04141
one:115139812	path:one04141
one:115139862	path:one04141
one:115139917	path:one04141
one:115140049	path:one04141
one:115140062	path:one04141
one:115140149	path:one04141
one:115140191	path:one04141
one:115140833	path:one04141
one:115141088	path:one04141
one:115141202	path:one04141
one:115141219	path:one04141
one:115141419	path:one04141
one:115141493	path:one04141
one:115141860	path:one04141
one:115142398	path:one04141
one:115142490	path:one04141
one:115142491	path:one04141
one:115142577	path:one04141
one:115142689	path:one04141
one:115142697	path:one04141
one:115142698	path:one04141
one:115142699	path:one04141
one:115143146	path:one04141
one:115143281	path:one04141
one:115143334	path:one04141
one:115143343	path:one04141
one:115143684	path:one04141
one:115144005	path:one04141
one:115144078	path:one04141
one:115144468	path:one04141
one:115144923	path:one04141
one:115144943	path:one04141
one:115145012	path:one04141
one:115145272	path:one04141
one:115145480	path:one04141
one:115145750	path:one04141
one:115145820	path:one04141
one:115145904	path:one04141
one:115145964	path:one04141
one:115146003	path:one04141
one:115146180	path:one04141
one:115146190	path:one04141
one:115146824	path:one04141
one:115147141	path:one04141
one:115147146	path:one04141
one:115147161	path:one04141
one:115101010	path:one04142
one:115101017	path:one04142
one:115101029	path:one04142
one:115101042	path:one04142
one:115101098	path:one04142
one:115101210	path:one04142
one:115101265	path:one04142
one:115101272	path:one04142
one:115101425	path:one04142
one:115101758	path:one04142
one:115101930	path:one04142
one:115101983	path:one04142
one:115102173	path:one04142
one:115102186	path:one04142
one:115102192	path:one04142
one:115102211	path:one04142
one:115102295	path:one04142
one:115102302	path:one04142
one:115102330	path:one04142
one:115102392	path:one04142
one:115102419	path:one04142
one:115102501	path:one04142
one:115102519	path:one04142
one:115102775	path:one04142
one:115102842	path:one04142
one:115102929	path:one04142
one:115103007	path:one04142
one:115103088	path:one04142
one:115103224	path:one04142
one:115103658	path:one04142
one:115103714	path:one04142
one:115103818	path:one04142
one:115103834	path:one04142
one:115103957	path:one04142
one:115103964	path:one04142
one:115104015	path:one04142
one:115104048	path:one04142
one:115104131	path:one04142
one:115104181	path:one04142
one:115104311	path:one04142
one:115104411	path:one04142
one:115104549	path:one04142
one:115104959	path:one04142
one:115104964	path:one04142
one:115105052	path:one04142
one:115105176	path:one04142
one:115105369	path:one04142
one:115105382	path:one04142
one:115105419	path:one04142
one:115105431	path:one04142
one:115105476	path:one04142
one:115105542	path:one04142
one:115105717	path:one04142
one:115105930	path:one04142
one:115105948	path:one04142
one:115106038	path:one04142
one:115106106	path:one04142
one:115106357	path:one04142
one:115106468	path:one04142
one:115106515	path:one04142
one:115106556	path:one04142
one:115106595	path:one04142
one:115106653	path:one04142
one:115106655	path:one04142
one:115106789	path:one04142
one:115106897	path:one04142
one:115106898	path:one04142
one:115107059	path:one04142
one:115107561	path:one04142
one:115107742	path:one04142
one:115107842	path:one04142
one:115107853	path:one04142
one:115107883	path:one04142
one:115107905	path:one04142
one:115107995	path:one04142
one:115108042	path:one04142
one:115108047	path:one04142
one:115108232	path:one04142
one:115108248	path:one04142
one:115108294	path:one04142
one:115108344	path:one04142
one:115108391	path:one04142
one:115108459	path:one04142
one:115108500	path:one04142
one:115108643	path:one04142
one:115108669	path:one04142
one:115109207	path:one04142
one:115109223	path:one04142
one:115109235	path:one04142
one:115109246	path:one04142
one:115109291	path:one04142
one:115109387	path:one04142
one:115109676	path:one04142
one:115109748	path:one04142
one:115109966	path:one04142
one:115109981	path:one04142
one:115110001	path:one04142
one:115110117	path:one04142
one:115110160	path:one04142
one:115110285	path:one04142
one:115110439	path:one04142
one:115110474	path:one04142
one:115110509	path:one04142
one:115110511	path:one04142
one:115110580	path:one04142
one:115110742	path:one04142
one:115111269	path:one04142
one:115111273	path:one04142
one:115111311	path:one04142
one:115111355	path:one04142
one:115111398	path:one04142
one:115111532	path:one04142
one:115111574	path:one04142
one:115111619	path:one04142
one:115111642	path:one04142
one:115111651	path:one04142
one:115111656	path:one04142
one:115111673	path:one04142
one:115111728	path:one04142
one:115111769	path:one04142
one:115111786	path:one04142
one:115111791	path:one04142
one:115111882	path:one04142
one:115112071	path:one04142
one:115112097	path:one04142
one:115112121	path:one04142
one:115112157	path:one04142
one:115112256	path:one04142
one:115112317	path:one04142
one:115112318	path:one04142
one:115112405	path:one04142
one:115112987	path:one04142
one:115113023	path:one04142
one:115113134	path:one04142
one:115113180	path:one04142
one:115113259	path:one04142
one:115113278	path:one04142
one:115113427	path:one04142
one:115113486	path:one04142
one:115113533	path:one04142
one:115113536	path:one04142
one:115113542	path:one04142
one:115113562	path:one04142
one:115113644	path:one04142
one:115113802	path:one04142
one:115114138	path:one04142
one:115114151	path:one04142
one:115114262	path:one04142
one:115114421	path:one04142
one:115114501	path:one04142
one:115114591	path:one04142
one:115114604	path:one04142
one:115114682	path:one04142
one:115115054	path:one04142
one:115115480	path:one04142
one:115116293	path:one04142
one:115116423	path:one04142
one:115116690	path:one04142
one:115116920	path:one04142
one:115117115	path:one04142
one:115117171	path:one04142
one:115117358	path:one04142
one:115117380	path:one04142
one:115117536	path:one04142
one:115117653	path:one04142
one:115117674	path:one04142
one:115118525	path:one04142
one:115118542	path:one04142
one:115119013	path:one04142
one:115119066	path:one04142
one:115119262	path:one04142
one:115119358	path:one04142
one:115119577	path:one04142
one:115119803	path:one04142
one:115119876	path:one04142
one:115119969	path:one04142
one:115120065	path:one04142
one:115120073	path:one04142
one:115120343	path:one04142
one:115120426	path:one04142
one:115120850	path:one04142
one:115120910	path:one04142
one:115120914	path:one04142
one:115120980	path:one04142
one:115121038	path:one04142
one:115121070	path:one04142
one:115121186	path:one04142
one:115121357	path:one04142
one:115121390	path:one04142
one:115121568	path:one04142
one:115121578	path:one04142
one:115121896	path:one04142
one:115122061	path:one04142
one:115122135	path:one04142
one:115122175	path:one04142
one:115122216	path:one04142
one:115122289	path:one04142
one:115122640	path:one04142
one:115122675	path:one04142
one:115122789	path:one04142
one:115123140	path:one04142
one:115123331	path:one04142
one:115123685	path:one04142
one:115123855	path:one04142
one:115124271	path:one04142
one:115124373	path:one04142
one:115124381	path:one04142
one:115124539	path:one04142
one:115124698	path:one04142
one:115125325	path:one04142
one:115125518	path:one04142
one:115125593	path:one04142
one:115125660	path:one04142
one:115125726	path:one04142
one:115126316	path:one04142
one:115126590	path:one04142
one:115126826	path:one04142
one:115126839	path:one04142
one:115126867	path:one04142
one:115127024	path:one04142
one:115127205	path:one04142
one:115127374	path:one04142
one:115127606	path:one04142
one:115127896	path:one04142
one:115128110	path:one04142
one:115128279	path:one04142
one:115128315	path:one04142
one:115128455	path:one04142
one:115128511	path:one04142
one:115128660	path:one04142
one:115128949	path:one04142
one:115128955	path:one04142
one:115128956	path:one04142
one:115128957	path:one04142
one:115129027	path:one04142
one:115129201	path:one04142
one:115129288	path:one04142
one:115129370	path:one04142
one:115129583	path:one04142
one:115130087	path:one04142
one:115130119	path:one04142
one:115130219	path:one04142
one:115130358	path:one04142
one:115130596	path:one04142
one:115130806	path:one04142
one:115130811	path:one04142
one:115130846	path:one04142
one:115130869	path:one04142
one:115130958	path:one04142
one:115131494	path:one04142
one:115131497	path:one04142
one:115131547	path:one04142
one:115131687	path:one04142
one:115131690	path:one04142
one:115131731	path:one04142
one:115131741	path:one04142
one:115131863	path:one04142
one:115131978	path:one04142
one:115131979	path:one04142
one:115131987	path:one04142
one:115132058	path:one04142
one:115132157	path:one04142
one:115132308	path:one04142
one:115132388	path:one04142
one:115132456	path:one04142
one:115132532	path:one04142
one:115132544	path:one04142
one:115132702	path:one04142
one:115133039	path:one04142
one:115133049	path:one04142
one:115133217	path:one04142
one:115133218	path:one04142
one:115133323	path:one04142
one:115133591	path:one04142
one:115133622	path:one04142
one:115133707	path:one04142
one:115133825	path:one04142
one:115133945	path:one04142
one:115134057	path:one04142
one:115134184	path:one04142
one:115134231	path:one04142
one:115134341	path:one04142
one:115134382	path:one04142
one:115134473	path:one04142
one:115134493	path:one04142
one:115134546	path:one04142
one:115134550	path:one04142
one:115134571	path:one04142
one:115134627	path:one04142
one:115134795	path:one04142
one:115134796	path:one04142
one:115135002	path:one04142
one:115135133	path:one04142
one:115135169	path:one04142
one:115135185	path:one04142
one:115135307	path:one04142
one:115135508	path:one04142
one:115135536	path:one04142
one:115135848	path:one04142
one:115135911	path:one04142
one:115135969	path:one04142
one:115136009	path:one04142
one:115136236	path:one04142
one:115136441	path:one04142
one:115136673	path:one04142
one:115136712	path:one04142
one:115137079	path:one04142
one:115137152	path:one04142
one:115137153	path:one04142
one:115137313	path:one04142
one:115137314	path:one04142
one:115137319	path:one04142
one:115137327	path:one04142
one:115137364	path:one04142
one:115137427	path:one04142
one:115137548	path:one04142
one:115137580	path:one04142
one:115137650	path:one04142
one:115137896	path:one04142
one:115138062	path:one04142
one:115138157	path:one04142
one:115138235	path:one04142
one:115138304	path:one04142
one:115138384	path:one04142
one:115138530	path:one04142
one:115138619	path:one04142
one:115139143	path:one04142
one:115139156	path:one04142
one:115139284	path:one04142
one:115139288	path:one04142
one:115139297	path:one04142
one:115139312	path:one04142
one:115139425	path:one04142
one:115139548	path:one04142
one:115139551	path:one04142
one:115139681	path:one04142
one:115139698	path:one04142
one:115139785	path:one04142
one:115139833	path:one04142
one:115139970	path:one04142
one:115140024	path:one04142
one:115140026	path:one04142
one:115140059	path:one04142
one:115140103	path:one04142
one:115140109	path:one04142
one:115140136	path:one04142
one:115140179	path:one04142
one:115140211	path:one04142
one:115140235	path:one04142
one:115140253	path:one04142
one:115140256	path:one04142
one:115140473	path:one04142
one:115140705	path:one04142
one:115140804	path:one04142
one:115140925	path:one04142
one:115140930	path:one04142
one:115141012	path:one04142
one:115141061	path:one04142
one:115141062	path:one04142
one:115141087	path:one04142
one:115141111	path:one04142
one:115141184	path:one04142
one:115141214	path:one04142
one:115141247	path:one04142
one:115141424	path:one04142
one:115141450	path:one04142
one:115141537	path:one04142
one:115141857	path:one04142
one:115141893	path:one04142
one:115141996	path:one04142
one:115142003	path:one04142
one:115142450	path:one04142
one:115142582	path:one04142
one:115142613	path:one04142
one:115142624	path:one04142
one:115142647	path:one04142
one:115142732	path:one04142
one:115142930	path:one04142
one:115143058	path:one04142
one:115143061	path:one04142
one:115143110	path:one04142
one:115143153	path:one04142
one:115143155	path:one04142
one:115143225	path:one04142
one:115143336	path:one04142
one:115143383	path:one04142
one:115143392	path:one04142
one:115143399	path:one04142
one:115143443	path:one04142
one:115143445	path:one04142
one:115143457	path:one04142
one:115143893	path:one04142
one:115143925	path:one04142
one:115143933	path:one04142
one:115143971	path:one04142
one:115144050	path:one04142
one:115144189	path:one04142
one:115144209	path:one04142
one:115144244	path:one04142
one:115144429	path:one04142
one:115144501	path:one04142
one:115144683	path:one04142
one:115144741	path:one04142
one:115144806	path:one04142
one:115144921	path:one04142
one:115144972	path:one04142
one:115145045	path:one04142
one:115145090	path:one04142
one:115145216	path:one04142
one:115145227	path:one04142
one:115145324	path:one04142
one:115145439	path:one04142
one:115145467	path:one04142
one:115145761	path:one04142
one:115145771	path:one04142
one:115145859	path:one04142
one:115145863	path:one04142
one:115145893	path:one04142
one:115145902	path:one04142
one:115145966	path:one04142
one:115145972	path:one04142
one:115146020	path:one04142
one:115146223	path:one04142
one:115146341	path:one04142
one:115146417	path:one04142
one:115147170	path:one04142
one:115147175	path:one04142
one:115101029	path:one04144
one:115101059	path:one04144
one:115101067	path:one04144
one:115101137	path:one04144
one:115101159	path:one04144
one:115101335	path:one04144
one:115101382	path:one04144
one:115101458	path:one04144
one:115101459	path:one04144
one:115101476	path:one04144
one:115101563	path:one04144
one:115101584	path:one04144
one:115101728	path:one04144
one:115101845	path:one04144
one:115101923	path:one04144
one:115101948	path:one04144
one:115101981	path:one04144
one:115102071	path:one04144
one:115102091	path:one04144
one:115102154	path:one04144
one:115102162	path:one04144
one:115102189	path:one04144
one:115102233	path:one04144
one:115102288	path:one04144
one:115102341	path:one04144
one:115102367	path:one04144
one:115102424	path:one04144
one:115102469	path:one04144
one:115102496	path:one04144
one:115102523	path:one04144
one:115102562	path:one04144
one:115102597	path:one04144
one:115102727	path:one04144
one:115102756	path:one04144
one:115102765	path:one04144
one:115102824	path:one04144
one:115102838	path:one04144
one:115102912	path:one04144
one:115102928	path:one04144
one:115102950	path:one04144
one:115102958	path:one04144
one:115103012	path:one04144
one:115103031	path:one04144
one:115103126	path:one04144
one:115103145	path:one04144
one:115103209	path:one04144
one:115103224	path:one04144
one:115103236	path:one04144
one:115103362	path:one04144
one:115103369	path:one04144
one:115103680	path:one04144
one:115103729	path:one04144
one:115103753	path:one04144
one:115103812	path:one04144
one:115103860	path:one04144
one:115103903	path:one04144
one:115104020	path:one04144
one:115104074	path:one04144
one:115104124	path:one04144
one:115104132	path:one04144
one:115104156	path:one04144
one:115104288	path:one04144
one:115104319	path:one04144
one:115104320	path:one04144
one:115104347	path:one04144
one:115104519	path:one04144
one:115104564	path:one04144
one:115104841	path:one04144
one:115104890	path:one04144
one:115104924	path:one04144
one:115104968	path:one04144
one:115104991	path:one04144
one:115105040	path:one04144
one:115105084	path:one04144
one:115105111	path:one04144
one:115105171	path:one04144
one:115105181	path:one04144
one:115105372	path:one04144
one:115105375	path:one04144
one:115105419	path:one04144
one:115105466	path:one04144
one:115105468	path:one04144
one:115105473	path:one04144
one:115105476	path:one04144
one:115105498	path:one04144
one:115105505	path:one04144
one:115105542	path:one04144
one:115105605	path:one04144
one:115105624	path:one04144
one:115105660	path:one04144
one:115105699	path:one04144
one:115105701	path:one04144
one:115105718	path:one04144
one:115105808	path:one04144
one:115105850	path:one04144
one:115105955	path:one04144
one:115106236	path:one04144
one:115106440	path:one04144
one:115106480	path:one04144
one:115106483	path:one04144
one:115106501	path:one04144
one:115106578	path:one04144
one:115106648	path:one04144
one:115106751	path:one04144
one:115106789	path:one04144
one:115106824	path:one04144
one:115106900	path:one04144
one:115106967	path:one04144
one:115107063	path:one04144
one:115107461	path:one04144
one:115107742	path:one04144
one:115107756	path:one04144
one:115107767	path:one04144
one:115107782	path:one04144
one:115107975	path:one04144
one:115108046	path:one04144
one:115108059	path:one04144
one:115108096	path:one04144
one:115108100	path:one04144
one:115108230	path:one04144
one:115108242	path:one04144
one:115108258	path:one04144
one:115108259	path:one04144
one:115108355	path:one04144
one:115108395	path:one04144
one:115108430	path:one04144
one:115108494	path:one04144
one:115108534	path:one04144
one:115108775	path:one04144
one:115109063	path:one04144
one:115109205	path:one04144
one:115109216	path:one04144
one:115109234	path:one04144
one:115109237	path:one04144
one:115109239	path:one04144
one:115109320	path:one04144
one:115109323	path:one04144
one:115109382	path:one04144
one:115109402	path:one04144
one:115109447	path:one04144
one:115109471	path:one04144
one:115109472	path:one04144
one:115109509	path:one04144
one:115109551	path:one04144
one:115109661	path:one04144
one:115109663	path:one04144
one:115109664	path:one04144
one:115109753	path:one04144
one:115109947	path:one04144
one:115109981	path:one04144
one:115110018	path:one04144
one:115110020	path:one04144
one:115110120	path:one04144
one:115110188	path:one04144
one:115110272	path:one04144
one:115110279	path:one04144
one:115110301	path:one04144
one:115110369	path:one04144
one:115110608	path:one04144
one:115110609	path:one04144
one:115110640	path:one04144
one:115110749	path:one04144
one:115110931	path:one04144
one:115111140	path:one04144
one:115111340	path:one04144
one:115111341	path:one04144
one:115111347	path:one04144
one:115111387	path:one04144
one:115111462	path:one04144
one:115111463	path:one04144
one:115111493	path:one04144
one:115111573	path:one04144
one:115111596	path:one04144
one:115111705	path:one04144
one:115111728	path:one04144
one:115111744	path:one04144
one:115111847	path:one04144
one:115111950	path:one04144
one:115112019	path:one04144
one:115112121	path:one04144
one:115112169	path:one04144
one:115112284	path:one04144
one:115112405	path:one04144
one:115112724	path:one04144
one:115112849	path:one04144
one:115112859	path:one04144
one:115112946	path:one04144
one:115112952	path:one04144
one:115112986	path:one04144
one:115113013	path:one04144
one:115113018	path:one04144
one:115113023	path:one04144
one:115113095	path:one04144
one:115113152	path:one04144
one:115113263	path:one04144
one:115113291	path:one04144
one:115113382	path:one04144
one:115113536	path:one04144
one:115113590	path:one04144
one:115113664	path:one04144
one:115114004	path:one04144
one:115114034	path:one04144
one:115114061	path:one04144
one:115114103	path:one04144
one:115114207	path:one04144
one:115114262	path:one04144
one:115114276	path:one04144
one:115114296	path:one04144
one:115114349	path:one04144
one:115114475	path:one04144
one:115114495	path:one04144
one:115114558	path:one04144
one:115114568	path:one04144
one:115114592	path:one04144
one:115114609	path:one04144
one:115114691	path:one04144
one:115114710	path:one04144
one:115115835	path:one04144
one:115115861	path:one04144
one:115116101	path:one04144
one:115116733	path:one04144
one:115117123	path:one04144
one:115117146	path:one04144
one:115117251	path:one04144
one:115117262	path:one04144
one:115117461	path:one04144
one:115117577	path:one04144
one:115117917	path:one04144
one:115117991	path:one04144
one:115118040	path:one04144
one:115118186	path:one04144
one:115118253	path:one04144
one:115118323	path:one04144
one:115118362	path:one04144
one:115119043	path:one04144
one:115119400	path:one04144
one:115119426	path:one04144
one:115119433	path:one04144
one:115119756	path:one04144
one:115119908	path:one04144
one:115119921	path:one04144
one:115119954	path:one04144
one:115120114	path:one04144
one:115120118	path:one04144
one:115120146	path:one04144
one:115120243	path:one04144
one:115120536	path:one04144
one:115120731	path:one04144
one:115120771	path:one04144
one:115120914	path:one04144
one:115121091	path:one04144
one:115121180	path:one04144
one:115121320	path:one04144
one:115121756	path:one04144
one:115121896	path:one04144
one:115121919	path:one04144
one:115121950	path:one04144
one:115122042	path:one04144
one:115122175	path:one04144
one:115122246	path:one04144
one:115122265	path:one04144
one:115122343	path:one04144
one:115122525	path:one04144
one:115122745	path:one04144
one:115122775	path:one04144
one:115122943	path:one04144
one:115123031	path:one04144
one:115123184	path:one04144
one:115123275	path:one04144
one:115123697	path:one04144
one:115123811	path:one04144
one:115123914	path:one04144
one:115124096	path:one04144
one:115124274	path:one04144
one:115124306	path:one04144
one:115124498	path:one04144
one:115124537	path:one04144
one:115124757	path:one04144
one:115124821	path:one04144
one:115125180	path:one04144
one:115125408	path:one04144
one:115125450	path:one04144
one:115125726	path:one04144
one:115125732	path:one04144
one:115126035	path:one04144
one:115126042	path:one04144
one:115126794	path:one04144
one:115126795	path:one04144
one:115126936	path:one04144
one:115127363	path:one04144
one:115127372	path:one04144
one:115128185	path:one04144
one:115128230	path:one04144
one:115128360	path:one04144
one:115128440	path:one04144
one:115128512	path:one04144
one:115128621	path:one04144
one:115128688	path:one04144
one:115129136	path:one04144
one:115129200	path:one04144
one:115129445	path:one04144
one:115129607	path:one04144
one:115129613	path:one04144
one:115129726	path:one04144
one:115129884	path:one04144
one:115130110	path:one04144
one:115130113	path:one04144
one:115130134	path:one04144
one:115130145	path:one04144
one:115130170	path:one04144
one:115130182	path:one04144
one:115130252	path:one04144
one:115130256	path:one04144
one:115130349	path:one04144
one:115130375	path:one04144
one:115130441	path:one04144
one:115130669	path:one04144
one:115130683	path:one04144
one:115130858	path:one04144
one:115130882	path:one04144
one:115130937	path:one04144
one:115130951	path:one04144
one:115130965	path:one04144
one:115131112	path:one04144
one:115131286	path:one04144
one:115131296	path:one04144
one:115131484	path:one04144
one:115131495	path:one04144
one:115131559	path:one04144
one:115131604	path:one04144
one:115131613	path:one04144
one:115131614	path:one04144
one:115131640	path:one04144
one:115131753	path:one04144
one:115131847	path:one04144
one:115131876	path:one04144
one:115131927	path:one04144
one:115131941	path:one04144
one:115131981	path:one04144
one:115132138	path:one04144
one:115132140	path:one04144
one:115132214	path:one04144
one:115132272	path:one04144
one:115132318	path:one04144
one:115132335	path:one04144
one:115132393	path:one04144
one:115132431	path:one04144
one:115132453	path:one04144
one:115132496	path:one04144
one:115132931	path:one04144
one:115132943	path:one04144
one:115133035	path:one04144
one:115133137	path:one04144
one:115133216	path:one04144
one:115133405	path:one04144
one:115133520	path:one04144
one:115133538	path:one04144
one:115133836	path:one04144
one:115133969	path:one04144
one:115133972	path:one04144
one:115134112	path:one04144
one:115134136	path:one04144
one:115134169	path:one04144
one:115134200	path:one04144
one:115134219	path:one04144
one:115134267	path:one04144
one:115134284	path:one04144
one:115134352	path:one04144
one:115134354	path:one04144
one:115134567	path:one04144
one:115134643	path:one04144
one:115134865	path:one04144
one:115134943	path:one04144
one:115134964	path:one04144
one:115135111	path:one04144
one:115135173	path:one04144
one:115135201	path:one04144
one:115135298	path:one04144
one:115135305	path:one04144
one:115135375	path:one04144
one:115135464	path:one04144
one:115135488	path:one04144
one:115135616	path:one04144
one:115135764	path:one04144
one:115135802	path:one04144
one:115135834	path:one04144
one:115135849	path:one04144
one:115135911	path:one04144
one:115135941	path:one04144
one:115135947	path:one04144
one:115135969	path:one04144
one:115135975	path:one04144
one:115135980	path:one04144
one:115136009	path:one04144
one:115136016	path:one04144
one:115136027	path:one04144
one:115136520	path:one04144
one:115136673	path:one04144
one:115136708	path:one04144
one:115136712	path:one04144
one:115136851	path:one04144
one:115136915	path:one04144
one:115136985	path:one04144
one:115137079	path:one04144
one:115137119	path:one04144
one:115137153	path:one04144
one:115137177	path:one04144
one:115137364	path:one04144
one:115137543	path:one04144
one:115137945	path:one04144
one:115138026	path:one04144
one:115138050	path:one04144
one:115138062	path:one04144
one:115138067	path:one04144
one:115138284	path:one04144
one:115138325	path:one04144
one:115138423	path:one04144
one:115138539	path:one04144
one:115138553	path:one04144
one:115138684	path:one04144
one:115138692	path:one04144
one:115138696	path:one04144
one:115139197	path:one04144
one:115139232	path:one04144
one:115139293	path:one04144
one:115139387	path:one04144
one:115139400	path:one04144
one:115139425	path:one04144
one:115139455	path:one04144
one:115139645	path:one04144
one:115139772	path:one04144
one:115139828	path:one04144
one:115139893	path:one04144
one:115139894	path:one04144
one:115139927	path:one04144
one:115139981	path:one04144
one:115140024	path:one04144
one:115140026	path:one04144
one:115140033	path:one04144
one:115140037	path:one04144
one:115140044	path:one04144
one:115140166	path:one04144
one:115140179	path:one04144
one:115140257	path:one04144
one:115140498	path:one04144
one:115140573	path:one04144
one:115140702	path:one04144
one:115140780	path:one04144
one:115140833	path:one04144
one:115140835	path:one04144
one:115140943	path:one04144
one:115141084	path:one04144
one:115141120	path:one04144
one:115141385	path:one04144
one:115141450	path:one04144
one:115141495	path:one04144
one:115141528	path:one04144
one:115141607	path:one04144
one:115141857	path:one04144
one:115141860	path:one04144
one:115141893	path:one04144
one:115141979	path:one04144
one:115142001	path:one04144
one:115142035	path:one04144
one:115142151	path:one04144
one:115142174	path:one04144
one:115142346	path:one04144
one:115142404	path:one04144
one:115142472	path:one04144
one:115142530	path:one04144
one:115142603	path:one04144
one:115142839	path:one04144
one:115142855	path:one04144
one:115142865	path:one04144
one:115142895	path:one04144
one:115142965	path:one04144
one:115143028	path:one04144
one:115143041	path:one04144
one:115143086	path:one04144
one:115143128	path:one04144
one:115143151	path:one04144
one:115143153	path:one04144
one:115143211	path:one04144
one:115143242	path:one04144
one:115143336	path:one04144
one:115143338	path:one04144
one:115143480	path:one04144
one:115143630	path:one04144
one:115143917	path:one04144
one:115143972	path:one04144
one:115143985	path:one04144
one:115144060	path:one04144
one:115144236	path:one04144
one:115144239	path:one04144
one:115144265	path:one04144
one:115144312	path:one04144
one:115144429	path:one04144
one:115144434	path:one04144
one:115144438	path:one04144
one:115144457	path:one04144
one:115144470	path:one04144
one:115144501	path:one04144
one:115144522	path:one04144
one:115144608	path:one04144
one:115144786	path:one04144
one:115144828	path:one04144
one:115144931	path:one04144
one:115144974	path:one04144
one:115145011	path:one04144
one:115145127	path:one04144
one:115145227	path:one04144
one:115145244	path:one04144
one:115145344	path:one04144
one:115145761	path:one04144
one:115145767	path:one04144
one:115146007	path:one04144
one:115146028	path:one04144
one:115146178	path:one04144
one:115146198	path:one04144
one:115146295	path:one04144
one:115146430	path:one04144
one:115146512	path:one04144
one:115146893	path:one04144
one:115146908	path:one04144
one:115146910	path:one04144
one:115146950	path:one04144
one:115147102	path:one04144
one:115147117	path:one04144
one:115101017	path:one04145
one:115101024	path:one04145
one:115101029	path:one04145
one:115101055	path:one04145
one:115101056	path:one04145
one:115101062	path:one04145
one:115101198	path:one04145
one:115101210	path:one04145
one:115101272	path:one04145
one:115101292	path:one04145
one:115101425	path:one04145
one:115101468	path:one04145
one:115101778	path:one04145
one:115101934	path:one04145
one:115102192	path:one04145
one:115102211	path:one04145
one:115102316	path:one04145
one:115102392	path:one04145
one:115102399	path:one04145
one:115102419	path:one04145
one:115102439	path:one04145
one:115102501	path:one04145
one:115102512	path:one04145
one:115102514	path:one04145
one:115102578	path:one04145
one:115102600	path:one04145
one:115102742	path:one04145
one:115102901	path:one04145
one:115102907	path:one04145
one:115102912	path:one04145
one:115102997	path:one04145
one:115103007	path:one04145
one:115103088	path:one04145
one:115103146	path:one04145
one:115103188	path:one04145
one:115103245	path:one04145
one:115103306	path:one04145
one:115103316	path:one04145
one:115103574	path:one04145
one:115103685	path:one04145
one:115103691	path:one04145
one:115103919	path:one04145
one:115103957	path:one04145
one:115103964	path:one04145
one:115103983	path:one04145
one:115104015	path:one04145
one:115104104	path:one04145
one:115104108	path:one04145
one:115104124	path:one04145
one:115104131	path:one04145
one:115104321	path:one04145
one:115104337	path:one04145
one:115104338	path:one04145
one:115104347	path:one04145
one:115104370	path:one04145
one:115104549	path:one04145
one:115104564	path:one04145
one:115104905	path:one04145
one:115104964	path:one04145
one:115105096	path:one04145
one:115105125	path:one04145
one:115105161	path:one04145
one:115105176	path:one04145
one:115105318	path:one04145
one:115105325	path:one04145
one:115105326	path:one04145
one:115105369	path:one04145
one:115105482	path:one04145
one:115105510	path:one04145
one:115105565	path:one04145
one:115105946	path:one04145
one:115105948	path:one04145
one:115106030	path:one04145
one:115106033	path:one04145
one:115106037	path:one04145
one:115106485	path:one04145
one:115106493	path:one04145
one:115106595	path:one04145
one:115106634	path:one04145
one:115106636	path:one04145
one:115106648	path:one04145
one:115106653	path:one04145
one:115106736	path:one04145
one:115106897	path:one04145
one:115107695	path:one04145
one:115107880	path:one04145
one:115107905	path:one04145
one:115107981	path:one04145
one:115108052	path:one04145
one:115108180	path:one04145
one:115108229	path:one04145
one:115108369	path:one04145
one:115108391	path:one04145
one:115108455	path:one04145
one:115108494	path:one04145
one:115108722	path:one04145
one:115108846	path:one04145
one:115108869	path:one04145
one:115109012	path:one04145
one:115109038	path:one04145
one:115109150	path:one04145
one:115109203	path:one04145
one:115109284	path:one04145
one:115109316	path:one04145
one:115109399	path:one04145
one:115109493	path:one04145
one:115109551	path:one04145
one:115109658	path:one04145
one:115109966	path:one04145
one:115110117	path:one04145
one:115110251	path:one04145
one:115110253	path:one04145
one:115110279	path:one04145
one:115110285	path:one04145
one:115110369	path:one04145
one:115110474	path:one04145
one:115110509	path:one04145
one:115110612	path:one04145
one:115110613	path:one04145
one:115110682	path:one04145
one:115110746	path:one04145
one:115110922	path:one04145
one:115110931	path:one04145
one:115111393	path:one04145
one:115111450	path:one04145
one:115111545	path:one04145
one:115111569	path:one04145
one:115111619	path:one04145
one:115111656	path:one04145
one:115111691	path:one04145
one:115111722	path:one04145
one:115111915	path:one04145
one:115111952	path:one04145
one:115112002	path:one04145
one:115112007	path:one04145
one:115112143	path:one04145
one:115112291	path:one04145
one:115112360	path:one04145
one:115112380	path:one04145
one:115112547	path:one04145
one:115112550	path:one04145
one:115112735	path:one04145
one:115112873	path:one04145
one:115113075	path:one04145
one:115113180	path:one04145
one:115113259	path:one04145
one:115113514	path:one04145
one:115113671	path:one04145
one:115113961	path:one04145
one:115114142	path:one04145
one:115114151	path:one04145
one:115114153	path:one04145
one:115114169	path:one04145
one:115114221	path:one04145
one:115114298	path:one04145
one:115114347	path:one04145
one:115114421	path:one04145
one:115114501	path:one04145
one:115114513	path:one04145
one:115114609	path:one04145
one:115114621	path:one04145
one:115115074	path:one04145
one:115115590	path:one04145
one:115116045	path:one04145
one:115116690	path:one04145
one:115116877	path:one04145
one:115117021	path:one04145
one:115117169	path:one04145
one:115117342	path:one04145
one:115117358	path:one04145
one:115117380	path:one04145
one:115117893	path:one04145
one:115117925	path:one04145
one:115118204	path:one04145
one:115118258	path:one04145
one:115118920	path:one04145
one:115118967	path:one04145
one:115119078	path:one04145
one:115119079	path:one04145
one:115119338	path:one04145
one:115119577	path:one04145
one:115119610	path:one04145
one:115119824	path:one04145
one:115120073	path:one04145
one:115120161	path:one04145
one:115120826	path:one04145
one:115120849	path:one04145
one:115120914	path:one04145
one:115120972	path:one04145
one:115121038	path:one04145
one:115121186	path:one04145
one:115121421	path:one04145
one:115121568	path:one04145
one:115121788	path:one04145
one:115122135	path:one04145
one:115122236	path:one04145
one:115122299	path:one04145
one:115122571	path:one04145
one:115122640	path:one04145
one:115122775	path:one04145
one:115123191	path:one04145
one:115123246	path:one04145
one:115123389	path:one04145
one:115123390	path:one04145
one:115123843	path:one04145
one:115123914	path:one04145
one:115124381	path:one04145
one:115124429	path:one04145
one:115124539	path:one04145
one:115125089	path:one04145
one:115125303	path:one04145
one:115125369	path:one04145
one:115125372	path:one04145
one:115126756	path:one04145
one:115126826	path:one04145
one:115126848	path:one04145
one:115126867	path:one04145
one:115127184	path:one04145
one:115127473	path:one04145
one:115127575	path:one04145
one:115127642	path:one04145
one:115128066	path:one04145
one:115128354	path:one04145
one:115128374	path:one04145
one:115128386	path:one04145
one:115128492	path:one04145
one:115128638	path:one04145
one:115128922	path:one04145
one:115128949	path:one04145
one:115128955	path:one04145
one:115128956	path:one04145
one:115128957	path:one04145
one:115129071	path:one04145
one:115129370	path:one04145
one:115129376	path:one04145
one:115129532	path:one04145
one:115129583	path:one04145
one:115129618	path:one04145
one:115129868	path:one04145
one:115130119	path:one04145
one:115130164	path:one04145
one:115130172	path:one04145
one:115130256	path:one04145
one:115130358	path:one04145
one:115130381	path:one04145
one:115130383	path:one04145
one:115130384	path:one04145
one:115130428	path:one04145
one:115130458	path:one04145
one:115130588	path:one04145
one:115130596	path:one04145
one:115130603	path:one04145
one:115130790	path:one04145
one:115130846	path:one04145
one:115131208	path:one04145
one:115131286	path:one04145
one:115131512	path:one04145
one:115131604	path:one04145
one:115131611	path:one04145
one:115131613	path:one04145
one:115131614	path:one04145
one:115131622	path:one04145
one:115131987	path:one04145
one:115132043	path:one04145
one:115132071	path:one04145
one:115132207	path:one04145
one:115132370	path:one04145
one:115132388	path:one04145
one:115132406	path:one04145
one:115132456	path:one04145
one:115132468	path:one04145
one:115132546	path:one04145
one:115132745	path:one04145
one:115133049	path:one04145
one:115133217	path:one04145
one:115133340	path:one04145
one:115133421	path:one04145
one:115133616	path:one04145
one:115133673	path:one04145
one:115133707	path:one04145
one:115134057	path:one04145
one:115134100	path:one04145
one:115134112	path:one04145
one:115134268	path:one04145
one:115134368	path:one04145
one:115134394	path:one04145
one:115134402	path:one04145
one:115134735	path:one04145
one:115135139	path:one04145
one:115135169	path:one04145
one:115135313	path:one04145
one:115135424	path:one04145
one:115135475	path:one04145
one:115135536	path:one04145
one:115135675	path:one04145
one:115135768	path:one04145
one:115135865	path:one04145
one:115135893	path:one04145
one:115136100	path:one04145
one:115136523	path:one04145
one:115136609	path:one04145
one:115136750	path:one04145
one:115136818	path:one04145
one:115136856	path:one04145
one:115136896	path:one04145
one:115137182	path:one04145
one:115137629	path:one04145
one:115137747	path:one04145
one:115137899	path:one04145
one:115137968	path:one04145
one:115138062	path:one04145
one:115138144	path:one04145
one:115138471	path:one04145
one:115138734	path:one04145
one:115138771	path:one04145
one:115138935	path:one04145
one:115139156	path:one04145
one:115139188	path:one04145
one:115139202	path:one04145
one:115139257	path:one04145
one:115139312	path:one04145
one:115139477	path:one04145
one:115139829	path:one04145
one:115139866	path:one04145
one:115139983	path:one04145
one:115140008	path:one04145
one:115140024	path:one04145
one:115140026	path:one04145
one:115140059	path:one04145
one:115140062	path:one04145
one:115140063	path:one04145
one:115140109	path:one04145
one:115140186	path:one04145
one:115140802	path:one04145
one:115140804	path:one04145
one:115140930	path:one04145
one:115140944	path:one04145
one:115140968	path:one04145
one:115141040	path:one04145
one:115141041	path:one04145
one:115141048	path:one04145
one:115141053	path:one04145
one:115141061	path:one04145
one:115141062	path:one04145
one:115141066	path:one04145
one:115141115	path:one04145
one:115141120	path:one04145
one:115141221	path:one04145
one:115141222	path:one04145
one:115141322	path:one04145
one:115141693	path:one04145
one:115141734	path:one04145
one:115141761	path:one04145
one:115141827	path:one04145
one:115141974	path:one04145
one:115141979	path:one04145
one:115142627	path:one04145
one:115142635	path:one04145
one:115142647	path:one04145
one:115142764	path:one04145
one:115142799	path:one04145
one:115142885	path:one04145
one:115143012	path:one04145
one:115143076	path:one04145
one:115143077	path:one04145
one:115143078	path:one04145
one:115143146	path:one04145
one:115143153	path:one04145
one:115143273	path:one04145
one:115143274	path:one04145
one:115143336	path:one04145
one:115143343	path:one04145
one:115143387	path:one04145
one:115143412	path:one04145
one:115143418	path:one04145
one:115143433	path:one04145
one:115143511	path:one04145
one:115143667	path:one04145
one:115143905	path:one04145
one:115143933	path:one04145
one:115144231	path:one04145
one:115144254	path:one04145
one:115144387	path:one04145
one:115144615	path:one04145
one:115144806	path:one04145
one:115144945	path:one04145
one:115144972	path:one04145
one:115145012	path:one04145
one:115145216	path:one04145
one:115145315	path:one04145
one:115145467	path:one04145
one:115145771	path:one04145
one:115145893	path:one04145
one:115145959	path:one04145
one:115146249	path:one04145
one:115146443	path:one04145
one:115146671	path:one04145
one:115146679	path:one04145
one:115146910	path:one04145
one:115147159	path:one04145
one:115147170	path:one04145
one:115101231	path:one04146
one:115101330	path:one04146
one:115101914	path:one04146
one:115102798	path:one04146
one:115102904	path:one04146
one:115103148	path:one04146
one:115103191	path:one04146
one:115103280	path:one04146
one:115103807	path:one04146
one:115103924	path:one04146
one:115104003	path:one04146
one:115105007	path:one04146
one:115105050	path:one04146
one:115105124	path:one04146
one:115105276	path:one04146
one:115105658	path:one04146
one:115106188	path:one04146
one:115106260	path:one04146
one:115106385	path:one04146
one:115106672	path:one04146
one:115106873	path:one04146
one:115107748	path:one04146
one:115107769	path:one04146
one:115108020	path:one04146
one:115108713	path:one04146
one:115108866	path:one04146
one:115109033	path:one04146
one:115109159	path:one04146
one:115109349	path:one04146
one:115109366	path:one04146
one:115109431	path:one04146
one:115109445	path:one04146
one:115109619	path:one04146
one:115109918	path:one04146
one:115110344	path:one04146
one:115110855	path:one04146
one:115110986	path:one04146
one:115111035	path:one04146
one:115111275	path:one04146
one:115111535	path:one04146
one:115112014	path:one04146
one:115112219	path:one04146
one:115113044	path:one04146
one:115113758	path:one04146
one:115113794	path:one04146
one:115114032	path:one04146
one:115114077	path:one04146
one:115114170	path:one04146
one:115114224	path:one04146
one:115114297	path:one04146
one:115114344	path:one04146
one:115114642	path:one04146
one:115114654	path:one04146
one:115115354	path:one04146
one:115115891	path:one04146
one:115115929	path:one04146
one:115117278	path:one04146
one:115118259	path:one04146
one:115118284	path:one04146
one:115118340	path:one04146
one:115118691	path:one04146
one:115118700	path:one04146
one:115118779	path:one04146
one:115118903	path:one04146
one:115119516	path:one04146
one:115120707	path:one04146
one:115120915	path:one04146
one:115121047	path:one04146
one:115121167	path:one04146
one:115121742	path:one04146
one:115123308	path:one04146
one:115123310	path:one04146
one:115124767	path:one04146
one:115125276	path:one04146
one:115125773	path:one04146
one:115125846	path:one04146
one:115127207	path:one04146
one:115127525	path:one04146
one:115128460	path:one04146
one:115128625	path:one04146
one:115129262	path:one04146
one:115130242	path:one04146
one:115130430	path:one04146
one:115131542	path:one04146
one:115131742	path:one04146
one:115132196	path:one04146
one:115132564	path:one04146
one:115132992	path:one04146
one:115133241	path:one04146
one:115133333	path:one04146
one:115133438	path:one04146
one:115133693	path:one04146
one:115133722	path:one04146
one:115134179	path:one04146
one:115134227	path:one04146
one:115134322	path:one04146
one:115134617	path:one04146
one:115135354	path:one04146
one:115135638	path:one04146
one:115135804	path:one04146
one:115135970	path:one04146
one:115136190	path:one04146
one:115136942	path:one04146
one:115137220	path:one04146
one:115137972	path:one04146
one:115138409	path:one04146
one:115138597	path:one04146
one:115138745	path:one04146
one:115139377	path:one04146
one:115139461	path:one04146
one:115139767	path:one04146
one:115139976	path:one04146
one:115140020	path:one04146
one:115140122	path:one04146
one:115140127	path:one04146
one:115140141	path:one04146
one:115140807	path:one04146
one:115141328	path:one04146
one:115141340	path:one04146
one:115141655	path:one04146
one:115141925	path:one04146
one:115141939	path:one04146
one:115142597	path:one04146
one:115142636	path:one04146
one:115142653	path:one04146
one:115143032	path:one04146
one:115144065	path:one04146
one:115144398	path:one04146
one:115145809	path:one04146
one:115146315	path:one04146
one:115146783	path:one04146
one:115146867	path:one04146
one:115146876	path:one04146
one:115101020	path:one04148
one:115101029	path:one04148
one:115101077	path:one04148
one:115101125	path:one04148
one:115101171	path:one04148
one:115101394	path:one04148
one:115101593	path:one04148
one:115101671	path:one04148
one:115101786	path:one04148
one:115102048	path:one04148
one:115102096	path:one04148
one:115102101	path:one04148
one:115102215	path:one04148
one:115102243	path:one04148
one:115102402	path:one04148
one:115102493	path:one04148
one:115102554	path:one04148
one:115102581	path:one04148
one:115102595	path:one04148
one:115102640	path:one04148
one:115102646	path:one04148
one:115102653	path:one04148
one:115102796	path:one04148
one:115103020	path:one04148
one:115103188	path:one04148
one:115103206	path:one04148
one:115103793	path:one04148
one:115103805	path:one04148
one:115104108	path:one04148
one:115104124	path:one04148
one:115104292	path:one04148
one:115104564	path:one04148
one:115104636	path:one04148
one:115104956	path:one04148
one:115105176	path:one04148
one:115105369	path:one04148
one:115105400	path:one04148
one:115105636	path:one04148
one:115105905	path:one04148
one:115105907	path:one04148
one:115105998	path:one04148
one:115106155	path:one04148
one:115106182	path:one04148
one:115106357	path:one04148
one:115106396	path:one04148
one:115106619	path:one04148
one:115106636	path:one04148
one:115106648	path:one04148
one:115106719	path:one04148
one:115107039	path:one04148
one:115107040	path:one04148
one:115107125	path:one04148
one:115107133	path:one04148
one:115107178	path:one04148
one:115107332	path:one04148
one:115107378	path:one04148
one:115107632	path:one04148
one:115107891	path:one04148
one:115108139	path:one04148
one:115108229	path:one04148
one:115108288	path:one04148
one:115108309	path:one04148
one:115108460	path:one04148
one:115108583	path:one04148
one:115108916	path:one04148
one:115109161	path:one04148
one:115109203	path:one04148
one:115109210	path:one04148
one:115109264	path:one04148
one:115109291	path:one04148
one:115109374	path:one04148
one:115109485	path:one04148
one:115109568	path:one04148
one:115109641	path:one04148
one:115109889	path:one04148
one:115109991	path:one04148
one:115110004	path:one04148
one:115110063	path:one04148
one:115110253	path:one04148
one:115110279	path:one04148
one:115110300	path:one04148
one:115110358	path:one04148
one:115110369	path:one04148
one:115110559	path:one04148
one:115110645	path:one04148
one:115110672	path:one04148
one:115110682	path:one04148
one:115110847	path:one04148
one:115111060	path:one04148
one:115111305	path:one04148
one:115111415	path:one04148
one:115111483	path:one04148
one:115111619	path:one04148
one:115111788	path:one04148
one:115111854	path:one04148
one:115111975	path:one04148
one:115111996	path:one04148
one:115112058	path:one04148
one:115112120	path:one04148
one:115112270	path:one04148
one:115112409	path:one04148
one:115112411	path:one04148
one:115112873	path:one04148
one:115112959	path:one04148
one:115113091	path:one04148
one:115113238	path:one04148
one:115113398	path:one04148
one:115113443	path:one04148
one:115113472	path:one04148
one:115113540	path:one04148
one:115113653	path:one04148
one:115113694	path:one04148
one:115113697	path:one04148
one:115114277	path:one04148
one:115114280	path:one04148
one:115114298	path:one04148
one:115114437	path:one04148
one:115114485	path:one04148
one:115114657	path:one04148
one:115114736	path:one04148
one:115114952	path:one04148
one:115115167	path:one04148
one:115115169	path:one04148
one:115115172	path:one04148
one:115115783	path:one04148
one:115116144	path:one04148
one:115116719	path:one04148
one:115117321	path:one04148
one:115117500	path:one04148
one:115117508	path:one04148
one:115117569	path:one04148
one:115117575	path:one04148
one:115117700	path:one04148
one:115118137	path:one04148
one:115118188	path:one04148
one:115118204	path:one04148
one:115118267	path:one04148
one:115118312	path:one04148
one:115118516	path:one04148
one:115118751	path:one04148
one:115118791	path:one04148
one:115119388	path:one04148
one:115119546	path:one04148
one:115119661	path:one04148
one:115119955	path:one04148
one:115120436	path:one04148
one:115120468	path:one04148
one:115120502	path:one04148
one:115120531	path:one04148
one:115120670	path:one04148
one:115120699	path:one04148
one:115120914	path:one04148
one:115121027	path:one04148
one:115121038	path:one04148
one:115121086	path:one04148
one:115121873	path:one04148
one:115122049	path:one04148
one:115122097	path:one04148
one:115122139	path:one04148
one:115122236	path:one04148
one:115122640	path:one04148
one:115123196	path:one04148
one:115123330	path:one04148
one:115123412	path:one04148
one:115123914	path:one04148
one:115123969	path:one04148
one:115124074	path:one04148
one:115124215	path:one04148
one:115124292	path:one04148
one:115124299	path:one04148
one:115124972	path:one04148
one:115125073	path:one04148
one:115125119	path:one04148
one:115125355	path:one04148
one:115125372	path:one04148
one:115125731	path:one04148
one:115125830	path:one04148
one:115125977	path:one04148
one:115126058	path:one04148
one:115126322	path:one04148
one:115126560	path:one04148
one:115127114	path:one04148
one:115127384	path:one04148
one:115127732	path:one04148
one:115127972	path:one04148
one:115128259	path:one04148
one:115128731	path:one04148
one:115128761	path:one04148
one:115129259	path:one04148
one:115129410	path:one04148
one:115129496	path:one04148
one:115130101	path:one04148
one:115130172	path:one04148
one:115130256	path:one04148
one:115130358	path:one04148
one:115130637	path:one04148
one:115130742	path:one04148
one:115130886	path:one04148
one:115131252	path:one04148
one:115131286	path:one04148
one:115131343	path:one04148
one:115131388	path:one04148
one:115131770	path:one04148
one:115131822	path:one04148
one:115131842	path:one04148
one:115131884	path:one04148
one:115131889	path:one04148
one:115132012	path:one04148
one:115132056	path:one04148
one:115132062	path:one04148
one:115132221	path:one04148
one:115132362	path:one04148
one:115132374	path:one04148
one:115132452	path:one04148
one:115132526	path:one04148
one:115132617	path:one04148
one:115132950	path:one04148
one:115132964	path:one04148
one:115133058	path:one04148
one:115133059	path:one04148
one:115133116	path:one04148
one:115133464	path:one04148
one:115133481	path:one04148
one:115133544	path:one04148
one:115133659	path:one04148
one:115133996	path:one04148
one:115134083	path:one04148
one:115134093	path:one04148
one:115134194	path:one04148
one:115134240	path:one04148
one:115134292	path:one04148
one:115134382	path:one04148
one:115134484	path:one04148
one:115134532	path:one04148
one:115134631	path:one04148
one:115134961	path:one04148
one:115135138	path:one04148
one:115135319	path:one04148
one:115135460	path:one04148
one:115135470	path:one04148
one:115135570	path:one04148
one:115135572	path:one04148
one:115135684	path:one04148
one:115135793	path:one04148
one:115135956	path:one04148
one:115136075	path:one04148
one:115136334	path:one04148
one:115136817	path:one04148
one:115136852	path:one04148
one:115136855	path:one04148
one:115136932	path:one04148
one:115137000	path:one04148
one:115137162	path:one04148
one:115137223	path:one04148
one:115137374	path:one04148
one:115137996	path:one04148
one:115138007	path:one04148
one:115138062	path:one04148
one:115138075	path:one04148
one:115138195	path:one04148
one:115138246	path:one04148
one:115138269	path:one04148
one:115138326	path:one04148
one:115138377	path:one04148
one:115138471	path:one04148
one:115138477	path:one04148
one:115138573	path:one04148
one:115138603	path:one04148
one:115138620	path:one04148
one:115138717	path:one04148
one:115138843	path:one04148
one:115139578	path:one04148
one:115139643	path:one04148
one:115139915	path:one04148
one:115140024	path:one04148
one:115140026	path:one04148
one:115140059	path:one04148
one:115140209	path:one04148
one:115140305	path:one04148
one:115140535	path:one04148
one:115140690	path:one04148
one:115140776	path:one04148
one:115141120	path:one04148
one:115141377	path:one04148
one:115141590	path:one04148
one:115141665	path:one04148
one:115141735	path:one04148
one:115141760	path:one04148
one:115142166	path:one04148
one:115142168	path:one04148
one:115142593	path:one04148
one:115142766	path:one04148
one:115142916	path:one04148
one:115143100	path:one04148
one:115143153	path:one04148
one:115143297	path:one04148
one:115143336	path:one04148
one:115143529	path:one04148
one:115143950	path:one04148
one:115144019	path:one04148
one:115144050	path:one04148
one:115144086	path:one04148
one:115144223	path:one04148
one:115144254	path:one04148
one:115144367	path:one04148
one:115144560	path:one04148
one:115144561	path:one04148
one:115144661	path:one04148
one:115144664	path:one04148
one:115144702	path:one04148
one:115144762	path:one04148
one:115144888	path:one04148
one:115145012	path:one04148
one:115145043	path:one04148
one:115145192	path:one04148
one:115145247	path:one04148
one:115145252	path:one04148
one:115145304	path:one04148
one:115145754	path:one04148
one:115145781	path:one04148
one:115145810	path:one04148
one:115145874	path:one04148
one:115145935	path:one04148
one:115145983	path:one04148
one:115146108	path:one04148
one:115146158	path:one04148
one:115146249	path:one04148
one:115146358	path:one04148
one:115146388	path:one04148
one:115146422	path:one04148
one:115146472	path:one04148
one:115146777	path:one04148
one:115146868	path:one04148
one:115146915	path:one04148
one:115146944	path:one04148
one:115146966	path:one04148
one:115147134	path:one04148
one:115101017	path:one04150
one:115101074	path:one04150
one:115101223	path:one04150
one:115101314	path:one04150
one:115101413	path:one04150
one:115101425	path:one04150
one:115101630	path:one04150
one:115101700	path:one04150
one:115101762	path:one04150
one:115101930	path:one04150
one:115102189	path:one04150
one:115102211	path:one04150
one:115102233	path:one04150
one:115102295	path:one04150
one:115102349	path:one04150
one:115102456	path:one04150
one:115102555	path:one04150
one:115102564	path:one04150
one:115102622	path:one04150
one:115102634	path:one04150
one:115102658	path:one04150
one:115102810	path:one04150
one:115102857	path:one04150
one:115102893	path:one04150
one:115102907	path:one04150
one:115102948	path:one04150
one:115103069	path:one04150
one:115103229	path:one04150
one:115103245	path:one04150
one:115103316	path:one04150
one:115103712	path:one04150
one:115103831	path:one04150
one:115103843	path:one04150
one:115103872	path:one04150
one:115103883	path:one04150
one:115103977	path:one04150
one:115104135	path:one04150
one:115104141	path:one04150
one:115104158	path:one04150
one:115104213	path:one04150
one:115104286	path:one04150
one:115104411	path:one04150
one:115104597	path:one04150
one:115104644	path:one04150
one:115104652	path:one04150
one:115104686	path:one04150
one:115104710	path:one04150
one:115104878	path:one04150
one:115104964	path:one04150
one:115104977	path:one04150
one:115105123	path:one04150
one:115105167	path:one04150
one:115105277	path:one04150
one:115105316	path:one04150
one:115105431	path:one04150
one:115105539	path:one04150
one:115105566	path:one04150
one:115105617	path:one04150
one:115105717	path:one04150
one:115105866	path:one04150
one:115105867	path:one04150
one:115106239	path:one04150
one:115106356	path:one04150
one:115106460	path:one04150
one:115106499	path:one04150
one:115106552	path:one04150
one:115106565	path:one04150
one:115106755	path:one04150
one:115106778	path:one04150
one:115106790	path:one04150
one:115106837	path:one04150
one:115106897	path:one04150
one:115106898	path:one04150
one:115107064	path:one04150
one:115107393	path:one04150
one:115107835	path:one04150
one:115107905	path:one04150
one:115107955	path:one04150
one:115108180	path:one04150
one:115108285	path:one04150
one:115108309	path:one04150
one:115108455	path:one04150
one:115109150	path:one04150
one:115109274	path:one04150
one:115109287	path:one04150
one:115109402	path:one04150
one:115109502	path:one04150
one:115109509	path:one04150
one:115109544	path:one04150
one:115109660	path:one04150
one:115110004	path:one04150
one:115110302	path:one04150
one:115110354	path:one04150
one:115110639	path:one04150
one:115110742	path:one04150
one:115110792	path:one04150
one:115110802	path:one04150
one:115111531	path:one04150
one:115111626	path:one04150
one:115111646	path:one04150
one:115111833	path:one04150
one:115111914	path:one04150
one:115111984	path:one04150
one:115112007	path:one04150
one:115112676	path:one04150
one:115113027	path:one04150
one:115113088	path:one04150
one:115113222	path:one04150
one:115113259	path:one04150
one:115113796	path:one04150
one:115113929	path:one04150
one:115113947	path:one04150
one:115113977	path:one04150
one:115114142	path:one04150
one:115114221	path:one04150
one:115114261	path:one04150
one:115114569	path:one04150
one:115114604	path:one04150
one:115114621	path:one04150
one:115114686	path:one04150
one:115114736	path:one04150
one:115114846	path:one04150
one:115115172	path:one04150
one:115115270	path:one04150
one:115115279	path:one04150
one:115115614	path:one04150
one:115115749	path:one04150
one:115116369	path:one04150
one:115116501	path:one04150
one:115116546	path:one04150
one:115117053	path:one04150
one:115117115	path:one04150
one:115117563	path:one04150
one:115117588	path:one04150
one:115118015	path:one04150
one:115118086	path:one04150
one:115118542	path:one04150
one:115119451	path:one04150
one:115119719	path:one04150
one:115120056	path:one04150
one:115120229	path:one04150
one:115120474	path:one04150
one:115120501	path:one04150
one:115120700	path:one04150
one:115120971	path:one04150
one:115121030	path:one04150
one:115121173	path:one04150
one:115121186	path:one04150
one:115121421	path:one04150
one:115121939	path:one04150
one:115121957	path:one04150
one:115122289	path:one04150
one:115122346	path:one04150
one:115123533	path:one04150
one:115123893	path:one04150
one:115124009	path:one04150
one:115124143	path:one04150
one:115124216	path:one04150
one:115124592	path:one04150
one:115124635	path:one04150
one:115125089	path:one04150
one:115125641	path:one04150
one:115125727	path:one04150
one:115125834	path:one04150
one:115125868	path:one04150
one:115126367	path:one04150
one:115127363	path:one04150
one:115127472	path:one04150
one:115128222	path:one04150
one:115128596	path:one04150
one:115128606	path:one04150
one:115129128	path:one04150
one:115129236	path:one04150
one:115129638	path:one04150
one:115129703	path:one04150
one:115130107	path:one04150
one:115130119	path:one04150
one:115130194	path:one04150
one:115130368	path:one04150
one:115130434	path:one04150
one:115131177	path:one04150
one:115131204	path:one04150
one:115131205	path:one04150
one:115131388	path:one04150
one:115131395	path:one04150
one:115131525	path:one04150
one:115131872	path:one04150
one:115131882	path:one04150
one:115131981	path:one04150
one:115132058	path:one04150
one:115132098	path:one04150
one:115132101	path:one04150
one:115132207	path:one04150
one:115132214	path:one04150
one:115132287	path:one04150
one:115132495	path:one04150
one:115132544	path:one04150
one:115132702	path:one04150
one:115132866	path:one04150
one:115133034	path:one04150
one:115133049	path:one04150
one:115133217	path:one04150
one:115133218	path:one04150
one:115133496	path:one04150
one:115133535	path:one04150
one:115133536	path:one04150
one:115133707	path:one04150
one:115133724	path:one04150
one:115133974	path:one04150
one:115134057	path:one04150
one:115134079	path:one04150
one:115134119	path:one04150
one:115134169	path:one04150
one:115134174	path:one04150
one:115134267	path:one04150
one:115134390	path:one04150
one:115134404	path:one04150
one:115134433	path:one04150
one:115134622	path:one04150
one:115134958	path:one04150
one:115135099	path:one04150
one:115135169	path:one04150
one:115135438	path:one04150
one:115135536	path:one04150
one:115135547	path:one04150
one:115135656	path:one04150
one:115135892	path:one04150
one:115135909	path:one04150
one:115135980	path:one04150
one:115135990	path:one04150
one:115136022	path:one04150
one:115136105	path:one04150
one:115136269	path:one04150
one:115136291	path:one04150
one:115136307	path:one04150
one:115136308	path:one04150
one:115136592	path:one04150
one:115136593	path:one04150
one:115136609	path:one04150
one:115136610	path:one04150
one:115136650	path:one04150
one:115136693	path:one04150
one:115137082	path:one04150
one:115137212	path:one04150
one:115137281	path:one04150
one:115137548	path:one04150
one:115138063	path:one04150
one:115138064	path:one04150
one:115138283	path:one04150
one:115138347	path:one04150
one:115138354	path:one04150
one:115138454	path:one04150
one:115138608	path:one04150
one:115138619	path:one04150
one:115139101	path:one04150
one:115139156	path:one04150
one:115139208	path:one04150
one:115139224	path:one04150
one:115139339	path:one04150
one:115139879	path:one04150
one:115139963	path:one04150
one:115139967	path:one04150
one:115140070	path:one04150
one:115140184	path:one04150
one:115140340	path:one04150
one:115140583	path:one04150
one:115140757	path:one04150
one:115140758	path:one04150
one:115140930	path:one04150
one:115141027	path:one04150
one:115141087	path:one04150
one:115141131	path:one04150
one:115141214	path:one04150
one:115141681	path:one04150
one:115141874	path:one04150
one:115141920	path:one04150
one:115141971	path:one04150
one:115141974	path:one04150
one:115141982	path:one04150
one:115141996	path:one04150
one:115142011	path:one04150
one:115142448	path:one04150
one:115142582	path:one04150
one:115142668	path:one04150
one:115142781	path:one04150
one:115142790	path:one04150
one:115142895	path:one04150
one:115142965	path:one04150
one:115143167	path:one04150
one:115143435	path:one04150
one:115143456	path:one04150
one:115143477	path:one04150
one:115143574	path:one04150
one:115143876	path:one04150
one:115143878	path:one04150
one:115143915	path:one04150
one:115143971	path:one04150
one:115144052	path:one04150
one:115144209	path:one04150
one:115144345	path:one04150
one:115144420	path:one04150
one:115144518	path:one04150
one:115144842	path:one04150
one:115144888	path:one04150
one:115145089	path:one04150
one:115145247	path:one04150
one:115145273	path:one04150
one:115145315	path:one04150
one:115145529	path:one04150
one:115145819	path:one04150
one:115145842	path:one04150
one:115145966	path:one04150
one:115146122	path:one04150
one:115146263	path:one04150
one:115146369	path:one04150
one:115146431	path:one04150
one:115146827	path:one04150
one:115147159	path:one04150
one:115147170	path:one04150
one:115101198	path:one04156
one:115102295	path:one04156
one:115102810	path:one04156
one:115103091	path:one04156
one:115104014	path:one04156
one:115104411	path:one04156
one:115104972	path:one04156
one:115106193	path:one04156
one:115106722	path:one04156
one:115107603	path:one04156
one:115107771	path:one04156
one:115107904	path:one04156
one:115107934	path:one04156
one:115107965	path:one04156
one:115107966	path:one04156
one:115108695	path:one04156
one:115109316	path:one04156
one:115110115	path:one04156
one:115110409	path:one04156
one:115110742	path:one04156
one:115110748	path:one04156
one:115110751	path:one04156
one:115111061	path:one04156
one:115111486	path:one04156
one:115112875	path:one04156
one:115114785	path:one04156
one:115115684	path:one04156
one:115116795	path:one04156
one:115117972	path:one04156
one:115118542	path:one04156
one:115118567	path:one04156
one:115118792	path:one04156
one:115118995	path:one04156
one:115119134	path:one04156
one:115119677	path:one04156
one:115119719	path:one04156
one:115119732	path:one04156
one:115119775	path:one04156
one:115119825	path:one04156
one:115121009	path:one04156
one:115121617	path:one04156
one:115122895	path:one04156
one:115123904	path:one04156
one:115124472	path:one04156
one:115128596	path:one04156
one:115128849	path:one04156
one:115129300	path:one04156
one:115130305	path:one04156
one:115130488	path:one04156
one:115131395	path:one04156
one:115131943	path:one04156
one:115132058	path:one04156
one:115133616	path:one04156
one:115133623	path:one04156
one:115134513	path:one04156
one:115134968	path:one04156
one:115135327	path:one04156
one:115135424	path:one04156
one:115136308	path:one04156
one:115136875	path:one04156
one:115137548	path:one04156
one:115138144	path:one04156
one:115138158	path:one04156
one:115138726	path:one04156
one:115138966	path:one04156
one:115139176	path:one04156
one:115139392	path:one04156
one:115139654	path:one04156
one:115139920	path:one04156
one:115140060	path:one04156
one:115140265	path:one04156
one:115140802	path:one04156
one:115141566	path:one04156
one:115141710	path:one04156
one:115141787	path:one04156
one:115142582	path:one04156
one:115142866	path:one04156
one:115142938	path:one04156
one:115143023	path:one04156
one:115143971	path:one04156
one:115144209	path:one04156
one:115144488	path:one04156
one:115144718	path:one04156
one:115145086	path:one04156
one:115145374	path:one04156
one:115145964	path:one04156
one:115146651	path:one04156
one:115147151	path:one04156
one:64987380	path:one04156
one:115101020	path:one04210
one:115101055	path:one04210
one:115101056	path:one04210
one:115101069	path:one04210
one:115101153	path:one04210
one:115101321	path:one04210
one:115101443	path:one04210
one:115101822	path:one04210
one:115101947	path:one04210
one:115102280	path:one04210
one:115102399	path:one04210
one:115102458	path:one04210
one:115102512	path:one04210
one:115102514	path:one04210
one:115102767	path:one04210
one:115102907	path:one04210
one:115102911	path:one04210
one:115102987	path:one04210
one:115103013	path:one04210
one:115103245	path:one04210
one:115103316	path:one04210
one:115103843	path:one04210
one:115103883	path:one04210
one:115103930	path:one04210
one:115103957	path:one04210
one:115103964	path:one04210
one:115104011	path:one04210
one:115104014	path:one04210
one:115104015	path:one04210
one:115104111	path:one04210
one:115104159	path:one04210
one:115104160	path:one04210
one:115104161	path:one04210
one:115104895	path:one04210
one:115104989	path:one04210
one:115105478	path:one04210
one:115105758	path:one04210
one:115105948	path:one04210
one:115106029	path:one04210
one:115106030	path:one04210
one:115106037	path:one04210
one:115106085	path:one04210
one:115106409	path:one04210
one:115106439	path:one04210
one:115106499	path:one04210
one:115106552	path:one04210
one:115106755	path:one04210
one:115106820	path:one04210
one:115107136	path:one04210
one:115107157	path:one04210
one:115107389	path:one04210
one:115107419	path:one04210
one:115107605	path:one04210
one:115107688	path:one04210
one:115107835	path:one04210
one:115107904	path:one04210
one:115108158	path:one04210
one:115108180	path:one04210
one:115108309	path:one04210
one:115108455	path:one04210
one:115108486	path:one04210
one:115108694	path:one04210
one:115109117	path:one04210
one:115109150	path:one04210
one:115109380	path:one04210
one:115109425	path:one04210
one:115109509	path:one04210
one:115109544	path:one04210
one:115109547	path:one04210
one:115109932	path:one04210
one:115110004	path:one04210
one:115110050	path:one04210
one:115110111	path:one04210
one:115110115	path:one04210
one:115110117	path:one04210
one:115110206	path:one04210
one:115110305	path:one04210
one:115110306	path:one04210
one:115110754	path:one04210
one:115110973	path:one04210
one:115110981	path:one04210
one:115111061	path:one04210
one:115111313	path:one04210
one:115111316	path:one04210
one:115111788	path:one04210
one:115111813	path:one04210
one:115111867	path:one04210
one:115112007	path:one04210
one:115112090	path:one04210
one:115112092	path:one04210
one:115112296	path:one04210
one:115112333	path:one04210
one:115112795	path:one04210
one:115112869	path:one04210
one:115113146	path:one04210
one:115113221	path:one04210
one:115113414	path:one04210
one:115113507	path:one04210
one:115113802	path:one04210
one:115114142	path:one04210
one:115114168	path:one04210
one:115114221	path:one04210
one:115114494	path:one04210
one:115114526	path:one04210
one:115114614	path:one04210
one:115114621	path:one04210
one:115114658	path:one04210
one:115114686	path:one04210
one:115114693	path:one04210
one:115114736	path:one04210
one:115114885	path:one04210
one:115115200	path:one04210
one:115115684	path:one04210
one:115116173	path:one04210
one:115116349	path:one04210
one:115116546	path:one04210
one:115116789	path:one04210
one:115116793	path:one04210
one:115117342	path:one04210
one:115117358	path:one04210
one:115117380	path:one04210
one:115117493	path:one04210
one:115117655	path:one04210
one:115117826	path:one04210
one:115118265	path:one04210
one:115118492	path:one04210
one:115118688	path:one04210
one:115118998	path:one04210
one:115118999	path:one04210
one:115119221	path:one04210
one:115119601	path:one04210
one:115119618	path:one04210
one:115119683	path:one04210
one:115119721	path:one04210
one:115119825	path:one04210
one:115119876	path:one04210
one:115120433	path:one04210
one:115120435	path:one04210
one:115121027	path:one04210
one:115121372	path:one04210
one:115121421	path:one04210
one:115121617	path:one04210
one:115121787	path:one04210
one:115121957	path:one04210
one:115122135	path:one04210
one:115122462	path:one04210
one:115122481	path:one04210
one:115123317	path:one04210
one:115124539	path:one04210
one:115124792	path:one04210
one:115125089	path:one04210
one:115125303	path:one04210
one:115125312	path:one04210
one:115126089	path:one04210
one:115126231	path:one04210
one:115126867	path:one04210
one:115128074	path:one04210
one:115128090	path:one04210
one:115128379	path:one04210
one:115128562	path:one04210
one:115128757	path:one04210
one:115128891	path:one04210
one:115128955	path:one04210
one:115128956	path:one04210
one:115128957	path:one04210
one:115129201	path:one04210
one:115129259	path:one04210
one:115129372	path:one04210
one:115129399	path:one04210
one:115130175	path:one04210
one:115130519	path:one04210
one:115130601	path:one04210
one:115130811	path:one04210
one:115130958	path:one04210
one:115131017	path:one04210
one:115131153	path:one04210
one:115131619	path:one04210
one:115131814	path:one04210
one:115131882	path:one04210
one:115132043	path:one04210
one:115132098	path:one04210
one:115132136	path:one04210
one:115132159	path:one04210
one:115132194	path:one04210
one:115132207	path:one04210
one:115132370	path:one04210
one:115132468	path:one04210
one:115132822	path:one04210
one:115132926	path:one04210
one:115133377	path:one04210
one:115133465	path:one04210
one:115133606	path:one04210
one:115133625	path:one04210
one:115134062	path:one04210
one:115134100	path:one04210
one:115134115	path:one04210
one:115134119	path:one04210
one:115134169	path:one04210
one:115134231	path:one04210
one:115135008	path:one04210
one:115135098	path:one04210
one:115135327	path:one04210
one:115135343	path:one04210
one:115135425	path:one04210
one:115135438	path:one04210
one:115135649	path:one04210
one:115135777	path:one04210
one:115136593	path:one04210
one:115136609	path:one04210
one:115136727	path:one04210
one:115136728	path:one04210
one:115136771	path:one04210
one:115137202	path:one04210
one:115137223	path:one04210
one:115137504	path:one04210
one:115137772	path:one04210
one:115137941	path:one04210
one:115138000	path:one04210
one:115138149	path:one04210
one:115138159	path:one04210
one:115138454	path:one04210
one:115138514	path:one04210
one:115138660	path:one04210
one:115138726	path:one04210
one:115139239	path:one04210
one:115139312	path:one04210
one:115139339	path:one04210
one:115139480	path:one04210
one:115139653	path:one04210
one:115139746	path:one04210
one:115140140	path:one04210
one:115140184	path:one04210
one:115140265	path:one04210
one:115140382	path:one04210
one:115140609	path:one04210
one:115140757	path:one04210
one:115140758	path:one04210
one:115140808	path:one04210
one:115141048	path:one04210
one:115141053	path:one04210
one:115141057	path:one04210
one:115141061	path:one04210
one:115141062	path:one04210
one:115141082	path:one04210
one:115141105	path:one04210
one:115141219	path:one04210
one:115141247	path:one04210
one:115141780	path:one04210
one:115141870	path:one04210
one:115141974	path:one04210
one:115141982	path:one04210
one:115142003	path:one04210
one:115142173	path:one04210
one:115142318	path:one04210
one:115142647	path:one04210
one:115142697	path:one04210
one:115142698	path:one04210
one:115142699	path:one04210
one:115143058	path:one04210
one:115143076	path:one04210
one:115143077	path:one04210
one:115143078	path:one04210
one:115143109	path:one04210
one:115143375	path:one04210
one:115143394	path:one04210
one:115143876	path:one04210
one:115143915	path:one04210
one:115143950	path:one04210
one:115144005	path:one04210
one:115144345	path:one04210
one:115144806	path:one04210
one:115144888	path:one04210
one:115144972	path:one04210
one:115145189	path:one04210
one:115145247	path:one04210
one:115145272	path:one04210
one:115145315	path:one04210
one:115145364	path:one04210
one:115145481	path:one04210
one:115145482	path:one04210
one:115145810	path:one04210
one:115145893	path:one04210
one:115145964	path:one04210
one:115146050	path:one04210
one:115146263	path:one04210
one:115146645	path:one04210
one:115146824	path:one04210
one:115146827	path:one04210
one:115147014	path:one04210
one:115147015	path:one04210
one:115147095	path:one04210
one:115147151	path:one04210
one:115147159	path:one04210
one:115147161	path:one04210
one:115101314	path:one04216
one:115101417	path:one04216
one:115102153	path:one04216
one:115102519	path:one04216
one:115103148	path:one04216
one:115103165	path:one04216
one:115103362	path:one04216
one:115103574	path:one04216
one:115103685	path:one04216
one:115104968	path:one04216
one:115104974	path:one04216
one:115105276	path:one04216
one:115105658	path:one04216
one:115105805	path:one04216
one:115105911	path:one04216
one:115106616	path:one04216
one:115106672	path:one04216
one:115107111	path:one04216
one:115108025	path:one04216
one:115108420	path:one04216
one:115109284	path:one04216
one:115110051	path:one04216
one:115110052	path:one04216
one:115110055	path:one04216
one:115110056	path:one04216
one:115110057	path:one04216
one:115111035	path:one04216
one:115111724	path:one04216
one:115112010	path:one04216
one:115112425	path:one04216
one:115112956	path:one04216
one:115113039	path:one04216
one:115113103	path:one04216
one:115113313	path:one04216
one:115113712	path:one04216
one:115114344	path:one04216
one:115114709	path:one04216
one:115115363	path:one04216
one:115115418	path:one04216
one:115116955	path:one04216
one:115117270	path:one04216
one:115117402	path:one04216
one:115118691	path:one04216
one:115119078	path:one04216
one:115119255	path:one04216
one:115119931	path:one04216
one:115121010	path:one04216
one:115121014	path:one04216
one:115121256	path:one04216
one:115121534	path:one04216
one:115123159	path:one04216
one:115123160	path:one04216
one:115123161	path:one04216
one:115123564	path:one04216
one:115123565	path:one04216
one:115123566	path:one04216
one:115123568	path:one04216
one:115123569	path:one04216
one:115124635	path:one04216
one:115125773	path:one04216
one:115126239	path:one04216
one:115126268	path:one04216
one:115126906	path:one04216
one:115126907	path:one04216
one:115127027	path:one04216
one:115129262	path:one04216
one:115129728	path:one04216
one:115130110	path:one04216
one:115131208	path:one04216
one:115131932	path:one04216
one:115132173	path:one04216
one:115132979	path:one04216
one:115133521	path:one04216
one:115133606	path:one04216
one:115134394	path:one04216
one:115134596	path:one04216
one:115134971	path:one04216
one:115135139	path:one04216
one:115135224	path:one04216
one:115135267	path:one04216
one:115135425	path:one04216
one:115135546	path:one04216
one:115135656	path:one04216
one:115135804	path:one04216
one:115136190	path:one04216
one:115137082	path:one04216
one:115137220	path:one04216
one:115138046	path:one04216
one:115138149	path:one04216
one:115138334	path:one04216
one:115140020	path:one04216
one:115140183	path:one04216
one:115140346	path:one04216
one:115141040	path:one04216
one:115141184	path:one04216
one:115141326	path:one04216
one:115142635	path:one04216
one:115143061	path:one04216
one:115144409	path:one04216
one:115144463	path:one04216
one:115145003	path:one04216
one:115145809	path:one04216
one:115101153	path:one04217
one:115101429	path:one04217
one:115101439	path:one04217
one:115101443	path:one04217
one:115102162	path:one04217
one:115102666	path:one04217
one:115102767	path:one04217
one:115102883	path:one04217
one:115102982	path:one04217
one:115102987	path:one04217
one:115103012	path:one04217
one:115103013	path:one04217
one:115103021	path:one04217
one:115103070	path:one04217
one:115103208	path:one04217
one:115103336	path:one04217
one:115103495	path:one04217
one:115103589	path:one04217
one:115103591	path:one04217
one:115103592	path:one04217
one:115103970	path:one04217
one:115104128	path:one04217
one:115104160	path:one04217
one:115104161	path:one04217
one:115104241	path:one04217
one:115104491	path:one04217
one:115104895	path:one04217
one:115104920	path:one04217
one:115104921	path:one04217
one:115104989	path:one04217
one:115105171	path:one04217
one:115105281	path:one04217
one:115105371	path:one04217
one:115105718	path:one04217
one:115105758	path:one04217
one:115105905	path:one04217
one:115105911	path:one04217
one:115105998	path:one04217
one:115106409	path:one04217
one:115106483	path:one04217
one:115106616	path:one04217
one:115106643	path:one04217
one:115106665	path:one04217
one:115106798	path:one04217
one:115107157	path:one04217
one:115107178	path:one04217
one:115107419	path:one04217
one:115107603	path:one04217
one:115107965	path:one04217
one:115107966	path:one04217
one:115108041	path:one04217
one:115108086	path:one04217
one:115108395	path:one04217
one:115108660	path:one04217
one:115109174	path:one04217
one:115109320	path:one04217
one:115109323	path:one04217
one:115109328	path:one04217
one:115109425	path:one04217
one:115109452	path:one04217
one:115109697	path:one04217
one:115109851	path:one04217
one:115109852	path:one04217
one:115109853	path:one04217
one:115109854	path:one04217
one:115109855	path:one04217
one:115110050	path:one04217
one:115110051	path:one04217
one:115110052	path:one04217
one:115110055	path:one04217
one:115110056	path:one04217
one:115110057	path:one04217
one:115110134	path:one04217
one:115110135	path:one04217
one:115110136	path:one04217
one:115110137	path:one04217
one:115110138	path:one04217
one:115110139	path:one04217
one:115110140	path:one04217
one:115110142	path:one04217
one:115110281	path:one04217
one:115110283	path:one04217
one:115110306	path:one04217
one:115110554	path:one04217
one:115110858	path:one04217
one:115111061	path:one04217
one:115111415	path:one04217
one:115111573	path:one04217
one:115111724	path:one04217
one:115111744	path:one04217
one:115111756	path:one04217
one:115111813	path:one04217
one:115111930	path:one04217
one:115111931	path:one04217
one:115112090	path:one04217
one:115112092	path:one04217
one:115112296	path:one04217
one:115112333	path:one04217
one:115112425	path:one04217
one:115112795	path:one04217
one:115112956	path:one04217
one:115112986	path:one04217
one:115113103	path:one04217
one:115113221	path:one04217
one:115113238	path:one04217
one:115113265	path:one04217
one:115113288	path:one04217
one:115113414	path:one04217
one:115113507	path:one04217
one:115113712	path:one04217
one:115113873	path:one04217
one:115114115	path:one04217
one:115114258	path:one04217
one:115114438	path:one04217
one:115114484	path:one04217
one:115114494	path:one04217
one:115114495	path:one04217
one:115114526	path:one04217
one:115114686	path:one04217
one:115114693	path:one04217
one:115114718	path:one04217
one:115114861	path:one04217
one:115115363	path:one04217
one:115115548	path:one04217
one:115115766	path:one04217
one:115115916	path:one04217
one:115116546	path:one04217
one:115117100	path:one04217
one:115117270	path:one04217
one:115117458	path:one04217
one:115117826	path:one04217
one:115118189	path:one04217
one:115118567	path:one04217
one:115118688	path:one04217
one:115119078	path:one04217
one:115119255	path:one04217
one:115119397	path:one04217
one:115119601	path:one04217
one:115119677	path:one04217
one:115119721	path:one04217
one:115119756	path:one04217
one:115119919	path:one04217
one:115119931	path:one04217
one:115119955	path:one04217
one:115119998	path:one04217
one:115120102	path:one04217
one:115120433	path:one04217
one:115120435	path:one04217
one:115121372	path:one04217
one:115121433	path:one04217
one:115121534	path:one04217
one:115121617	path:one04217
one:115121787	path:one04217
one:115121957	path:one04217
one:115122462	path:one04217
one:115122481	path:one04217
one:115122723	path:one04217
one:115123159	path:one04217
one:115123160	path:one04217
one:115123161	path:one04217
one:115123376	path:one04217
one:115123382	path:one04217
one:115123564	path:one04217
one:115123565	path:one04217
one:115123566	path:one04217
one:115123568	path:one04217
one:115123569	path:one04217
one:115124203	path:one04217
one:115124277	path:one04217
one:115124851	path:one04217
one:115125150	path:one04217
one:115125327	path:one04217
one:115125518	path:one04217
one:115125526	path:one04217
one:115125930	path:one04217
one:115126231	path:one04217
one:115126239	path:one04217
one:115126268	path:one04217
one:115126820	path:one04217
one:115126882	path:one04217
one:115126906	path:one04217
one:115126907	path:one04217
one:115127027	path:one04217
one:115128090	path:one04217
one:115128757	path:one04217
one:115128854	path:one04217
one:115129136	path:one04217
one:115129399	path:one04217
one:115129427	path:one04217
one:115129536	path:one04217
one:115129555	path:one04217
one:115129673	path:one04217
one:115130148	path:one04217
one:115130155	path:one04217
one:115130175	path:one04217
one:115130375	path:one04217
one:115130519	path:one04217
one:115130653	path:one04217
one:115130793	path:one04217
one:115130820	path:one04217
one:115131017	path:one04217
one:115131028	path:one04217
one:115131112	path:one04217
one:115131153	path:one04217
one:115131941	path:one04217
one:115132098	path:one04217
one:115133177	path:one04217
one:115133377	path:one04217
one:115133635	path:one04217
one:115133659	path:one04217
one:115133777	path:one04217
one:115133971	path:one04217
one:115133986	path:one04217
one:115134062	path:one04217
one:115134352	path:one04217
one:115134354	path:one04217
one:115134444	path:one04217
one:115134943	path:one04217
one:115134971	path:one04217
one:115135098	path:one04217
one:115135138	path:one04217
one:115135175	path:one04217
one:115135202	path:one04217
one:115135205	path:one04217
one:115135343	path:one04217
one:115135397	path:one04217
one:115135460	path:one04217
one:115135513	path:one04217
one:115135523	path:one04217
one:115135764	path:one04217
one:115136186	path:one04217
one:115136247	path:one04217
one:115136344	path:one04217
one:115136855	path:one04217
one:115137171	path:one04217
one:115137227	path:one04217
one:115137327	path:one04217
one:115137906	path:one04217
one:115137908	path:one04217
one:115137941	path:one04217
one:115138123	path:one04217
one:115138171	path:one04217
one:115138195	path:one04217
one:115138513	path:one04217
one:115138553	path:one04217
one:115138591	path:one04217
one:115139239	path:one04217
one:115139654	path:one04217
one:115140023	path:one04217
one:115140183	path:one04217
one:115140221	path:one04217
one:115140265	path:one04217
one:115140573	path:one04217
one:115140757	path:one04217
one:115140758	path:one04217
one:115141735	path:one04217
one:115142061	path:one04217
one:115142492	path:one04217
one:115142493	path:one04217
one:115142697	path:one04217
one:115142698	path:one04217
one:115142699	path:one04217
one:115142719	path:one04217
one:115142720	path:one04217
one:115142865	path:one04217
one:115143025	path:one04217
one:115143174	path:one04217
one:115143368	path:one04217
one:115144005	path:one04217
one:115144084	path:one04217
one:115144086	path:one04217
one:115144330	path:one04217
one:115144331	path:one04217
one:115144332	path:one04217
one:115144457	path:one04217
one:115144463	path:one04217
one:115144522	path:one04217
one:115144798	path:one04217
one:115144820	path:one04217
one:115144974	path:one04217
one:115145191	path:one04217
one:115145272	path:one04217
one:115145305	path:one04217
one:115145341	path:one04217
one:115145481	path:one04217
one:115145607	path:one04217
one:115146178	path:one04217
one:115146566	path:one04217
one:115146824	path:one04217
one:115146865	path:one04217
one:115147131	path:one04217
one:115147134	path:one04217
one:115147136	path:one04217
one:115147151	path:one04217
one:115147161	path:one04217
one:115101145	path:one04218
one:115101223	path:one04218
one:115101315	path:one04218
one:115101394	path:one04218
one:115101429	path:one04218
one:115101443	path:one04218
one:115101714	path:one04218
one:115101771	path:one04218
one:115101822	path:one04218
one:115102048	path:one04218
one:115102291	path:one04218
one:115102470	path:one04218
one:115102493	path:one04218
one:115102640	path:one04218
one:115102646	path:one04218
one:115102796	path:one04218
one:115102907	path:one04218
one:115103031	path:one04218
one:115103245	path:one04218
one:115103316	path:one04218
one:115103389	path:one04218
one:115103843	path:one04218
one:115103864	path:one04218
one:115103883	path:one04218
one:115103908	path:one04218
one:115104841	path:one04218
one:115104878	path:one04218
one:115105179	path:one04218
one:115105243	path:one04218
one:115105281	path:one04218
one:115105636	path:one04218
one:115105789	path:one04218
one:115105911	path:one04218
one:115105931	path:one04218
one:115106017	path:one04218
one:115106182	path:one04218
one:115106356	path:one04218
one:115106696	path:one04218
one:115106722	path:one04218
one:115106937	path:one04218
one:115107039	path:one04218
one:115107040	path:one04218
one:115107053	path:one04218
one:115107110	path:one04218
one:115107157	path:one04218
one:115107835	path:one04218
one:115107900	path:one04218
one:115107920	path:one04218
one:115107934	path:one04218
one:115108022	path:one04218
one:115108045	path:one04218
one:115108158	path:one04218
one:115108180	path:one04218
one:115108309	path:one04218
one:115108455	path:one04218
one:115109117	path:one04218
one:115109150	path:one04218
one:115109509	path:one04218
one:115109544	path:one04218
one:115109547	path:one04218
one:115109568	path:one04218
one:115109578	path:one04218
one:115109603	path:one04218
one:115109606	path:one04218
one:115109624	path:one04218
one:115109641	path:one04218
one:115109645	path:one04218
one:115109686	path:one04218
one:115109930	path:one04218
one:115109983	path:one04218
one:115110004	path:one04218
one:115110180	path:one04218
one:115110229	path:one04218
one:115110624	path:one04218
one:115110625	path:one04218
one:115110626	path:one04218
one:115110748	path:one04218
one:115110751	path:one04218
one:115111324	path:one04218
one:115111338	path:one04218
one:115111341	path:one04218
one:115111387	path:one04218
one:115111486	path:one04218
one:115111646	path:one04218
one:115111724	path:one04218
one:115111795	path:one04218
one:115111867	path:one04218
one:115111984	path:one04218
one:115112007	path:one04218
one:115112096	path:one04218
one:115112114	path:one04218
one:115112265	path:one04218
one:115112329	path:one04218
one:115112330	path:one04218
one:115112387	path:one04218
one:115112448	path:one04218
one:115112562	path:one04218
one:115112810	path:one04218
one:115112956	path:one04218
one:115112972	path:one04218
one:115113103	path:one04218
one:115113171	path:one04218
one:115113222	path:one04218
one:115113326	path:one04218
one:115113332	path:one04218
one:115113398	path:one04218
one:115113547	path:one04218
one:115113563	path:one04218
one:115113650	path:one04218
one:115114043	path:one04218
one:115114142	path:one04218
one:115114221	path:one04218
one:115114273	path:one04218
one:115114475	path:one04218
one:115114519	path:one04218
one:115114621	path:one04218
one:115114657	path:one04218
one:115114736	path:one04218
one:115114885	path:one04218
one:115115160	path:one04218
one:115115324	path:one04218
one:115115475	path:one04218
one:115115607	path:one04218
one:115115812	path:one04218
one:115117320	path:one04218
one:115117367	path:one04218
one:115117493	path:one04218
one:115117655	path:one04218
one:115117812	path:one04218
one:115118667	path:one04218
one:115118669	path:one04218
one:115118936	path:one04218
one:115119026	path:one04218
one:115119683	path:one04218
one:115119806	path:one04218
one:115119830	path:one04218
one:115120433	path:one04218
one:115120435	path:one04218
one:115121421	path:one04218
one:115121678	path:one04218
one:115122143	path:one04218
one:115122380	path:one04218
one:115122462	path:one04218
one:115122909	path:one04218
one:115122914	path:one04218
one:115123060	path:one04218
one:115123283	path:one04218
one:115123431	path:one04218
one:115123533	path:one04218
one:115123810	path:one04218
one:115123879	path:one04218
one:115124215	path:one04218
one:115124292	path:one04218
one:115124333	path:one04218
one:115124613	path:one04218
one:115124638	path:one04218
one:115124798	path:one04218
one:115124851	path:one04218
one:115125089	path:one04218
one:115125197	path:one04218
one:115125355	path:one04218
one:115125933	path:one04218
one:115126103	path:one04218
one:115126231	path:one04218
one:115126239	path:one04218
one:115126494	path:one04218
one:115127376	path:one04218
one:115127742	path:one04218
one:115128230	path:one04218
one:115128259	path:one04218
one:115128891	path:one04218
one:115129372	path:one04218
one:115129427	path:one04218
one:115129536	path:one04218
one:115129555	path:one04218
one:115129565	path:one04218
one:115129607	path:one04218
one:115129686	path:one04218
one:115130160	path:one04218
one:115130194	path:one04218
one:115130252	path:one04218
one:115130353	path:one04218
one:115130580	path:one04218
one:115130601	path:one04218
one:115130653	path:one04218
one:115130708	path:one04218
one:115130793	path:one04218
one:115130820	path:one04218
one:115130831	path:one04218
one:115130946	path:one04218
one:115131318	path:one04218
one:115131604	path:one04218
one:115131613	path:one04218
one:115131614	path:one04218
one:115131694	path:one04218
one:115131753	path:one04218
one:115131822	path:one04218
one:115131842	path:one04218
one:115131882	path:one04218
one:115131954	path:one04218
one:115132056	path:one04218
one:115132058	path:one04218
one:115132159	path:one04218
one:115132207	path:one04218
one:115132275	path:one04218
one:115132430	path:one04218
one:115132452	path:one04218
one:115132526	path:one04218
one:115132978	path:one04218
one:115133053	path:one04218
one:115133058	path:one04218
one:115133059	path:one04218
one:115133180	path:one04218
one:115133324	path:one04218
one:115133377	path:one04218
one:115133564	path:one04218
one:115133606	path:one04218
one:115133623	path:one04218
one:115133625	path:one04218
one:115133651	path:one04218
one:115133756	path:one04218
one:115133993	path:one04218
one:115133996	path:one04218
one:115134021	path:one04218
one:115134040	path:one04218
one:115134045	path:one04218
one:115134078	path:one04218
one:115134093	path:one04218
one:115134115	path:one04218
one:115134119	path:one04218
one:115134169	path:one04218
one:115134548	path:one04218
one:115134609	path:one04218
one:115134925	path:one04218
one:115134971	path:one04218
one:115135000	path:one04218
one:115135037	path:one04218
one:115135099	path:one04218
one:115135247	path:one04218
one:115135251	path:one04218
one:115135319	path:one04218
one:115135425	path:one04218
one:115135438	path:one04218
one:115135470	path:one04218
one:115135519	path:one04218
one:115135523	path:one04218
one:115135570	path:one04218
one:115135655	path:one04218
one:115135699	path:one04218
one:115135821	path:one04218
one:115136123	path:one04218
one:115136186	path:one04218
one:115136593	path:one04218
one:115136609	path:one04218
one:115136665	path:one04218
one:115136839	path:one04218
one:115137054	path:one04218
one:115137086	path:one04218
one:115137202	path:one04218
one:115137227	path:one04218
one:115137817	path:one04218
one:115137888	path:one04218
one:115137941	path:one04218
one:115138109	path:one04218
one:115138149	path:one04218
one:115138158	path:one04218
one:115138159	path:one04218
one:115138285	path:one04218
one:115138433	path:one04218
one:115138454	path:one04218
one:115138493	path:one04218
one:115138506	path:one04218
one:115138654	path:one04218
one:115138754	path:one04218
one:115138873	path:one04218
one:115138875	path:one04218
one:115139151	path:one04218
one:115139176	path:one04218
one:115139240	path:one04218
one:115139310	path:one04218
one:115139339	path:one04218
one:115139500	path:one04218
one:115139753	path:one04218
one:115139770	path:one04218
one:115139828	path:one04218
one:115139879	path:one04218
one:115139919	path:one04218
one:115139920	path:one04218
one:115140183	path:one04218
one:115140258	path:one04218
one:115140382	path:one04218
one:115140583	path:one04218
one:115140609	path:one04218
one:115140863	path:one04218
one:115140953	path:one04218
one:115141009	path:one04218
one:115141071	path:one04218
one:115141377	path:one04218
one:115141421	path:one04218
one:115141455	path:one04218
one:115141535	path:one04218
one:115141539	path:one04218
one:115141870	path:one04218
one:115141907	path:one04218
one:115141974	path:one04218
one:115141979	path:one04218
one:115141982	path:one04218
one:115142697	path:one04218
one:115142698	path:one04218
one:115142699	path:one04218
one:115142708	path:one04218
one:115142774	path:one04218
one:115142871	path:one04218
one:115143073	path:one04218
one:115143085	path:one04218
one:115143109	path:one04218
one:115143167	path:one04218
one:115143202	path:one04218
one:115143394	path:one04218
one:115143529	path:one04218
one:115144052	path:one04218
one:115144223	path:one04218
one:115144345	path:one04218
one:115144463	path:one04218
one:115144888	path:one04218
one:115145189	path:one04218
one:115145229	path:one04218
one:115145247	path:one04218
one:115145315	path:one04218
one:115145418	path:one04218
one:115145476	path:one04218
one:115145890	path:one04218
one:115145897	path:one04218
one:115145912	path:one04218
one:115145947	path:one04218
one:115146058	path:one04218
one:115146230	path:one04218
one:115146237	path:one04218
one:115146263	path:one04218
one:115146286	path:one04218
one:115146429	path:one04218
one:115146566	path:one04218
one:115146827	path:one04218
one:115147014	path:one04218
one:115147015	path:one04218
one:115147159	path:one04218
one:115101021	path:one04260
one:115101141	path:one04260
one:115101319	path:one04260
one:115101449	path:one04260
one:115101632	path:one04260
one:115101759	path:one04260
one:115101820	path:one04260
one:115101902	path:one04260
one:115101945	path:one04260
one:115102100	path:one04260
one:115102235	path:one04260
one:115102672	path:one04260
one:115102692	path:one04260
one:115102829	path:one04260
one:115103025	path:one04260
one:115103174	path:one04260
one:115103228	path:one04260
one:115103391	path:one04260
one:115103559	path:one04260
one:115103560	path:one04260
one:115103562	path:one04260
one:115103568	path:one04260
one:115103569	path:one04260
one:115103873	path:one04260
one:115103975	path:one04260
one:115104092	path:one04260
one:115104729	path:one04260
one:115104846	path:one04260
one:115104847	path:one04260
one:115104886	path:one04260
one:115104897	path:one04260
one:115105159	path:one04260
one:115105336	path:one04260
one:115105400	path:one04260
one:115105494	path:one04260
one:115105626	path:one04260
one:115106535	path:one04260
one:115106719	path:one04260
one:115106782	path:one04260
one:115106942	path:one04260
one:115107327	path:one04260
one:115107517	path:one04260
one:115107714	path:one04260
one:115107715	path:one04260
one:115108107	path:one04260
one:115108241	path:one04260
one:115108996	path:one04260
one:115109070	path:one04260
one:115109214	path:one04260
one:115109414	path:one04260
one:115109682	path:one04260
one:115109800	path:one04260
one:115109849	path:one04260
one:115109931	path:one04260
one:115109991	path:one04260
one:115110240	path:one04260
one:115110736	path:one04260
one:115110759	path:one04260
one:115110978	path:one04260
one:115111015	path:one04260
one:115111483	path:one04260
one:115112120	path:one04260
one:115112201	path:one04260
one:115112494	path:one04260
one:115112847	path:one04260
one:115112871	path:one04260
one:115113125	path:one04260
one:115113540	path:one04260
one:115113623	path:one04260
one:115113675	path:one04260
one:115114102	path:one04260
one:115114576	path:one04260
one:115114749	path:one04260
one:115114773	path:one04260
one:115115109	path:one04260
one:115115903	path:one04260
one:115117594	path:one04260
one:115117644	path:one04260
one:115118064	path:one04260
one:115119155	path:one04260
one:115119455	path:one04260
one:115119596	path:one04260
one:115120964	path:one04260
one:115121021	path:one04260
one:115121311	path:one04260
one:115121474	path:one04260
one:115121873	path:one04260
one:115122421	path:one04260
one:115122422	path:one04260
one:115123378	path:one04260
one:115124047	path:one04260
one:115124333	path:one04260
one:115124871	path:one04260
one:115125157	path:one04260
one:115125510	path:one04260
one:115125694	path:one04260
one:115125731	path:one04260
one:115125792	path:one04260
one:115126051	path:one04260
one:115126314	path:one04260
one:115127732	path:one04260
one:115128343	path:one04260
one:115128344	path:one04260
one:115128396	path:one04260
one:115128501	path:one04260
one:115128695	path:one04260
one:115128998	path:one04260
one:115129391	path:one04260
one:115129584	path:one04260
one:115129983	path:one04260
one:115130141	path:one04260
one:115130185	path:one04260
one:115130238	path:one04260
one:115130240	path:one04260
one:115130386	path:one04260
one:115130621	path:one04260
one:115130848	path:one04260
one:115131303	path:one04260
one:115131357	path:one04260
one:115131447	path:one04260
one:115131505	path:one04260
one:115131599	path:one04260
one:115131627	path:one04260
one:115131653	path:one04260
one:115131654	path:one04260
one:115131655	path:one04260
one:115131688	path:one04260
one:115131694	path:one04260
one:115131888	path:one04260
one:115131918	path:one04260
one:115131954	path:one04260
one:115132097	path:one04260
one:115132105	path:one04260
one:115132135	path:one04260
one:115132137	path:one04260
one:115132631	path:one04260
one:115132748	path:one04260
one:115133175	path:one04260
one:115134083	path:one04260
one:115134247	path:one04260
one:115134451	path:one04260
one:115134683	path:one04260
one:115135016	path:one04260
one:115135239	path:one04260
one:115135321	path:one04260
one:115135762	path:one04260
one:115136042	path:one04260
one:115136404	path:one04260
one:115136432	path:one04260
one:115136485	path:one04260
one:115136514	path:one04260
one:115136939	path:one04260
one:115137200	path:one04260
one:115137929	path:one04260
one:115138378	path:one04260
one:115138467	path:one04260
one:115139148	path:one04260
one:115139453	path:one04260
one:115139617	path:one04260
one:115139733	path:one04260
one:115139915	path:one04260
one:115139938	path:one04260
one:115141201	path:one04260
one:115141572	path:one04260
one:115141656	path:one04260
one:115142016	path:one04260
one:115142494	path:one04260
one:115142495	path:one04260
one:115142665	path:one04260
one:115142708	path:one04260
one:115142736	path:one04260
one:115142868	path:one04260
one:115142918	path:one04260
one:115143004	path:one04260
one:115143345	path:one04260
one:115143646	path:one04260
one:115143707	path:one04260
one:115144246	path:one04260
one:115144313	path:one04260
one:115144689	path:one04260
one:115144843	path:one04260
one:115145252	path:one04260
one:115145288	path:one04260
one:115145380	path:one04260
one:115145781	path:one04260
one:115146082	path:one04260
one:115146361	path:one04260
one:115146539	path:one04260
one:4555709	path:one04260
one:4555710	path:one04260
one:4555712	path:one04260
one:4555715	path:one04260
one:115101315	path:one04261
one:115101319	path:one04261
one:115101632	path:one04261
one:115101759	path:one04261
one:115101902	path:one04261
one:115102100	path:one04261
one:115102160	path:one04261
one:115102235	path:one04261
one:115102440	path:one04261
one:115102517	path:one04261
one:115102640	path:one04261
one:115102646	path:one04261
one:115102672	path:one04261
one:115102673	path:one04261
one:115102692	path:one04261
one:115102724	path:one04261
one:115102745	path:one04261
one:115102829	path:one04261
one:115102844	path:one04261
one:115102979	path:one04261
one:115102992	path:one04261
one:115103013	path:one04261
one:115103025	path:one04261
one:115103094	path:one04261
one:115103144	path:one04261
one:115103228	path:one04261
one:115103391	path:one04261
one:115103559	path:one04261
one:115103560	path:one04261
one:115103562	path:one04261
one:115103568	path:one04261
one:115103569	path:one04261
one:115103706	path:one04261
one:115103707	path:one04261
one:115103831	path:one04261
one:115103843	path:one04261
one:115103872	path:one04261
one:115103873	path:one04261
one:115103883	path:one04261
one:115103975	path:one04261
one:115104014	path:one04261
one:115104092	path:one04261
one:115104341	path:one04261
one:115104790	path:one04261
one:115104846	path:one04261
one:115104847	path:one04261
one:115104883	path:one04261
one:115104895	path:one04261
one:115105026	path:one04261
one:115105092	path:one04261
one:115105159	path:one04261
one:115105214	path:one04261
one:115105217	path:one04261
one:115105237	path:one04261
one:115105285	path:one04261
one:115105336	path:one04261
one:115105400	path:one04261
one:115105626	path:one04261
one:115105636	path:one04261
one:115105673	path:one04261
one:115105943	path:one04261
one:115106654	path:one04261
one:115106719	path:one04261
one:115106722	path:one04261
one:115106782	path:one04261
one:115106942	path:one04261
one:115106950	path:one04261
one:115106957	path:one04261
one:115107039	path:one04261
one:115107040	path:one04261
one:115107178	path:one04261
one:115107502	path:one04261
one:115107503	path:one04261
one:115107517	path:one04261
one:115107584	path:one04261
one:115107731	path:one04261
one:115107835	path:one04261
one:115107900	path:one04261
one:115107934	path:one04261
one:115107967	path:one04261
one:115108241	path:one04261
one:115108300	path:one04261
one:115109130	path:one04261
one:115109214	path:one04261
one:115109253	path:one04261
one:115109414	path:one04261
one:115109538	path:one04261
one:115109568	path:one04261
one:115109682	path:one04261
one:115109800	path:one04261
one:115109849	path:one04261
one:115109991	path:one04261
one:115110004	path:one04261
one:115110115	path:one04261
one:115110240	path:one04261
one:115110300	path:one04261
one:115110635	path:one04261
one:115110637	path:one04261
one:115110736	path:one04261
one:115110748	path:one04261
one:115110751	path:one04261
one:115110765	path:one04261
one:115111353	path:one04261
one:115111483	path:one04261
one:115111486	path:one04261
one:115111555	path:one04261
one:115111558	path:one04261
one:115111868	path:one04261
one:115112011	path:one04261
one:115112180	path:one04261
one:115112387	path:one04261
one:115112487	path:one04261
one:115112520	path:one04261
one:115112847	path:one04261
one:115113125	path:one04261
one:115113211	path:one04261
one:115113238	path:one04261
one:115113305	path:one04261
one:115113332	path:one04261
one:115113492	path:one04261
one:115113769	path:one04261
one:115114040	path:one04261
one:115114051	path:one04261
one:115114102	path:one04261
one:115114350	path:one04261
one:115114494	path:one04261
one:115114521	path:one04261
one:115114535	path:one04261
one:115114576	path:one04261
one:115114721	path:one04261
one:115114728	path:one04261
one:115114773	path:one04261
one:115115109	path:one04261
one:115115684	path:one04261
one:115115702	path:one04261
one:115115903	path:one04261
one:115117066	path:one04261
one:115117482	path:one04261
one:115117594	path:one04261
one:115117644	path:one04261
one:115118291	path:one04261
one:115118419	path:one04261
one:115118565	path:one04261
one:115119455	path:one04261
one:115119596	path:one04261
one:115119955	path:one04261
one:115120489	path:one04261
one:115120502	path:one04261
one:115121177	path:one04261
one:115121250	path:one04261
one:115121474	path:one04261
one:115121873	path:one04261
one:115122421	path:one04261
one:115122422	path:one04261
one:115123034	path:one04261
one:115123270	path:one04261
one:115123378	path:one04261
one:115123485	path:one04261
one:115123786	path:one04261
one:115124047	path:one04261
one:115124333	path:one04261
one:115124871	path:one04261
one:115125066	path:one04261
one:115125070	path:one04261
one:115125157	path:one04261
one:115125510	path:one04261
one:115125634	path:one04261
one:115125731	path:one04261
one:115125792	path:one04261
one:115126051	path:one04261
one:115126262	path:one04261
one:115126762	path:one04261
one:115127704	path:one04261
one:115127732	path:one04261
one:115128129	path:one04261
one:115128266	path:one04261
one:115128267	path:one04261
one:115128343	path:one04261
one:115128344	path:one04261
one:115128397	path:one04261
one:115128501	path:one04261
one:115128595	path:one04261
one:115128658	path:one04261
one:115128682	path:one04261
one:115128808	path:one04261
one:115128908	path:one04261
one:115128998	path:one04261
one:115129206	path:one04261
one:115129584	path:one04261
one:115129805	path:one04261
one:115130118	path:one04261
one:115130141	path:one04261
one:115130175	path:one04261
one:115130188	path:one04261
one:115130238	path:one04261
one:115130240	path:one04261
one:115130386	path:one04261
one:115130504	path:one04261
one:115130555	path:one04261
one:115130848	path:one04261
one:115131357	path:one04261
one:115131447	path:one04261
one:115131505	path:one04261
one:115131598	path:one04261
one:115131599	path:one04261
one:115131627	path:one04261
one:115131653	path:one04261
one:115131654	path:one04261
one:115131655	path:one04261
one:115131688	path:one04261
one:115131694	path:one04261
one:115131798	path:one04261
one:115131819	path:one04261
one:115131888	path:one04261
one:115131918	path:one04261
one:115131919	path:one04261
one:115131939	path:one04261
one:115131954	path:one04261
one:115132056	path:one04261
one:115132097	path:one04261
one:115132105	path:one04261
one:115132146	path:one04261
one:115132219	path:one04261
one:115132407	path:one04261
one:115132526	path:one04261
one:115132538	path:one04261
one:115132631	path:one04261
one:115132987	path:one04261
one:115133058	path:one04261
one:115133059	path:one04261
one:115133160	path:one04261
one:115133168	path:one04261
one:115133175	path:one04261
one:115133301	path:one04261
one:115133302	path:one04261
one:115133623	path:one04261
one:115133659	path:one04261
one:115134093	path:one04261
one:115134127	path:one04261
one:115134165	path:one04261
one:115134247	path:one04261
one:115134427	path:one04261
one:115134451	path:one04261
one:115134478	path:one04261
one:115134548	path:one04261
one:115135084	path:one04261
one:115135138	path:one04261
one:115135219	path:one04261
one:115135251	path:one04261
one:115135438	path:one04261
one:115135460	path:one04261
one:115135470	path:one04261
one:115135655	path:one04261
one:115135755	path:one04261
one:115135762	path:one04261
one:115136042	path:one04261
one:115136149	path:one04261
one:115136153	path:one04261
one:115136183	path:one04261
one:115136218	path:one04261
one:115136432	path:one04261
one:115136514	path:one04261
one:115136593	path:one04261
one:115136939	path:one04261
one:115137061	path:one04261
one:115137086	path:one04261
one:115137139	path:one04261
one:115137200	path:one04261
one:115137264	path:one04261
one:115138158	path:one04261
one:115138195	path:one04261
one:115138229	path:one04261
one:115138441	path:one04261
one:115138454	path:one04261
one:115138467	path:one04261
one:115138576	path:one04261
one:115138594	path:one04261
one:115138654	path:one04261
one:115138661	path:one04261
one:115138839	path:one04261
one:115139148	path:one04261
one:115139151	path:one04261
one:115139176	path:one04261
one:115139318	path:one04261
one:115139332	path:one04261
one:115139339	path:one04261
one:115139544	path:one04261
one:115139615	path:one04261
one:115139667	path:one04261
one:115139783	path:one04261
one:115139915	path:one04261
one:115139920	path:one04261
one:115139993	path:one04261
one:115139995	path:one04261
one:115140088	path:one04261
one:115140311	path:one04261
one:115140388	path:one04261
one:115140897	path:one04261
one:115140988	path:one04261
one:115141159	path:one04261
one:115141161	path:one04261
one:115141163	path:one04261
one:115141201	path:one04261
one:115141418	path:one04261
one:115141455	path:one04261
one:115141477	path:one04261
one:115141529	path:one04261
one:115141656	path:one04261
one:115141982	path:one04261
one:115142360	path:one04261
one:115142442	path:one04261
one:115142444	path:one04261
one:115142494	path:one04261
one:115142495	path:one04261
one:115142665	path:one04261
one:115142708	path:one04261
one:115142736	path:one04261
one:115142918	path:one04261
one:115142934	path:one04261
one:115143004	path:one04261
one:115143141	path:one04261
one:115143191	path:one04261
one:115143529	path:one04261
one:115143707	path:one04261
one:115144086	path:one04261
one:115144313	path:one04261
one:115144321	path:one04261
one:115144345	path:one04261
one:115144768	path:one04261
one:115144843	path:one04261
one:115144870	path:one04261
one:115145247	path:one04261
one:115145252	path:one04261
one:115145380	path:one04261
one:115145452	path:one04261
one:115145781	path:one04261
one:115145830	path:one04261
one:115145895	path:one04261
one:115146058	path:one04261
one:115146082	path:one04261
one:115146133	path:one04261
one:115146154	path:one04261
one:115146263	path:one04261
one:115146444	path:one04261
one:115146539	path:one04261
one:115146760	path:one04261
one:115146827	path:one04261
one:115146920	path:one04261
one:115147121	path:one04261
one:115147134	path:one04261
one:115101146	path:one04270
one:115101206	path:one04270
one:115101315	path:one04270
one:115101704	path:one04270
one:115101833	path:one04270
one:115101902	path:one04270
one:115102160	path:one04270
one:115102189	path:one04270
one:115102217	path:one04270
one:115102233	path:one04270
one:115102290	path:one04270
one:115102323	path:one04270
one:115102607	path:one04270
one:115102608	path:one04270
one:115102673	path:one04270
one:115102692	path:one04270
one:115102695	path:one04270
one:115102936	path:one04270
one:115102979	path:one04270
one:115102984	path:one04270
one:115102992	path:one04270
one:115103122	path:one04270
one:115103208	path:one04270
one:115103705	path:one04270
one:115103781	path:one04270
one:115103786	path:one04270
one:115103831	path:one04270
one:115103872	path:one04270
one:115104134	path:one04270
one:115104146	path:one04270
one:115104179	path:one04270
one:115104281	path:one04270
one:115104341	path:one04270
one:115104759	path:one04270
one:115104908	path:one04270
one:115105214	path:one04270
one:115105355	path:one04270
one:115105532	path:one04270
one:115105943	path:one04270
one:115106117	path:one04270
one:115106329	path:one04270
one:115106350	path:one04270
one:115106359	path:one04270
one:115106654	path:one04270
one:115106657	path:one04270
one:115106662	path:one04270
one:115106722	path:one04270
one:115106910	path:one04270
one:115106941	path:one04270
one:115107030	path:one04270
one:115107095	path:one04270
one:115107355	path:one04270
one:115107502	path:one04270
one:115107503	path:one04270
one:115107549	path:one04270
one:115107768	path:one04270
one:115107900	path:one04270
one:115107934	path:one04270
one:115108228	path:one04270
one:115108309	path:one04270
one:115108339	path:one04270
one:115108454	path:one04270
one:115108605	path:one04270
one:115108845	path:one04270
one:115109547	path:one04270
one:115109698	path:one04270
one:115109876	path:one04270
one:115110004	path:one04270
one:115110249	path:one04270
one:115110289	path:one04270
one:115110462	path:one04270
one:115110594	path:one04270
one:115110681	path:one04270
one:115110748	path:one04270
one:115110751	path:one04270
one:115110765	path:one04270
one:115111046	path:one04270
one:115111070	path:one04270
one:115111115	path:one04270
one:115111353	path:one04270
one:115111479	path:one04270
one:115111486	path:one04270
one:115111500	path:one04270
one:115111501	path:one04270
one:115111555	path:one04270
one:115111781	path:one04270
one:115111809	path:one04270
one:115112123	path:one04270
one:115112387	path:one04270
one:115112487	path:one04270
one:115112532	path:one04270
one:115112816	path:one04270
one:115113223	path:one04270
one:115113332	path:one04270
one:115113424	path:one04270
one:115113535	path:one04270
one:115113632	path:one04270
one:115113769	path:one04270
one:115113835	path:one04270
one:115113856	path:one04270
one:115113873	path:one04270
one:115114051	path:one04270
one:115114143	path:one04270
one:115114521	path:one04270
one:115114530	path:one04270
one:115114535	path:one04270
one:115114580	path:one04270
one:115114736	path:one04270
one:115114804	path:one04270
one:115114971	path:one04270
one:115115134	path:one04270
one:115115135	path:one04270
one:115116217	path:one04270
one:115116263	path:one04270
one:115116663	path:one04270
one:115116749	path:one04270
one:115117066	path:one04270
one:115117655	path:one04270
one:115118189	path:one04270
one:115118796	path:one04270
one:115119003	path:one04270
one:115119800	path:one04270
one:115120219	path:one04270
one:115120284	path:one04270
one:115120351	path:one04270
one:115121139	path:one04270
one:115121835	path:one04270
one:115122400	path:one04270
one:115122609	path:one04270
one:115123016	path:one04270
one:115123270	path:one04270
one:115123306	path:one04270
one:115123347	path:one04270
one:115123423	path:one04270
one:115123485	path:one04270
one:115123933	path:one04270
one:115124277	path:one04270
one:115124333	path:one04270
one:115124863	path:one04270
one:115125018	path:one04270
one:115125070	path:one04270
one:115125526	path:one04270
one:115125634	path:one04270
one:115125719	path:one04270
one:115125795	path:one04270
one:115126762	path:one04270
one:115127363	path:one04270
one:115128055	path:one04270
one:115128449	path:one04270
one:115128595	path:one04270
one:115128908	path:one04270
one:115129037	path:one04270
one:115129068	path:one04270
one:115129805	path:one04270
one:115130118	path:one04270
one:115130161	path:one04270
one:115130504	path:one04270
one:115131549	path:one04270
one:115131694	path:one04270
one:115131798	path:one04270
one:115131882	path:one04270
one:115131919	path:one04270
one:115131939	path:one04270
one:115131954	path:one04270
one:115131981	path:one04270
one:115132159	path:one04270
one:115132214	path:one04270
one:115132271	path:one04270
one:115132302	path:one04270
one:115132503	path:one04270
one:115132631	path:one04270
one:115132705	path:one04270
one:115132718	path:one04270
one:115132803	path:one04270
one:115133010	path:one04270
one:115133068	path:one04270
one:115133087	path:one04270
one:115133173	path:one04270
one:115133206	path:one04270
one:115133302	path:one04270
one:115133372	path:one04270
one:115133623	path:one04270
one:115134115	path:one04270
one:115134457	path:one04270
one:115134507	path:one04270
one:115134548	path:one04270
one:115134783	path:one04270
one:115134800	path:one04270
one:115135103	path:one04270
one:115135251	path:one04270
one:115135655	path:one04270
one:115135921	path:one04270
one:115135980	path:one04270
one:115136092	path:one04270
one:115136149	path:one04270
one:115136344	path:one04270
one:115136496	path:one04270
one:115137011	path:one04270
one:115137085	path:one04270
one:115137086	path:one04270
one:115137120	path:one04270
one:115137202	path:one04270
one:115137233	path:one04270
one:115137234	path:one04270
one:115137264	path:one04270
one:115137609	path:one04270
one:115138121	path:one04270
one:115138158	path:one04270
one:115138441	path:one04270
one:115138572	path:one04270
one:115138594	path:one04270
one:115138621	path:one04270
one:115138654	path:one04270
one:115139151	path:one04270
one:115139176	path:one04270
one:115139332	path:one04270
one:115139544	path:one04270
one:115139555	path:one04270
one:115139762	path:one04270
one:115139781	path:one04270
one:115139783	path:one04270
one:115139910	path:one04270
one:115139920	path:one04270
one:115139937	path:one04270
one:115139993	path:one04270
one:115140270	path:one04270
one:115140382	path:one04270
one:115140388	path:one04270
one:115140427	path:one04270
one:115140484	path:one04270
one:115140770	path:one04270
one:115140990	path:one04270
one:115141418	path:one04270
one:115141432	path:one04270
one:115141455	path:one04270
one:115141492	path:one04270
one:115141818	path:one04270
one:115142117	path:one04270
one:115142142	path:one04270
one:115142270	path:one04270
one:115142394	path:one04270
one:115142397	path:one04270
one:115142433	path:one04270
one:115142439	path:one04270
one:115142441	path:one04270
one:115142570	path:one04270
one:115142573	path:one04270
one:115142708	path:one04270
one:115142782	path:one04270
one:115142895	path:one04270
one:115142918	path:one04270
one:115142965	path:one04270
one:115143109	path:one04270
one:115143158	path:one04270
one:115143176	path:one04270
one:115143328	path:one04270
one:115143394	path:one04270
one:115143463	path:one04270
one:115144049	path:one04270
one:115144061	path:one04270
one:115144077	path:one04270
one:115144100	path:one04270
one:115144321	path:one04270
one:115144498	path:one04270
one:115144737	path:one04270
one:115144748	path:one04270
one:115144833	path:one04270
one:115144888	path:one04270
one:115144916	path:one04270
one:115145247	path:one04270
one:115145305	path:one04270
one:115145396	path:one04270
one:115145479	path:one04270
one:115145593	path:one04270
one:115145808	path:one04270
one:115145830	path:one04270
one:115146058	path:one04270
one:115146104	path:one04270
one:115146133	path:one04270
one:115146159	path:one04270
one:115146565	path:one04270
one:115146920	path:one04270
one:115101019	path:one04310
one:115101207	path:one04310
one:115101630	path:one04310
one:115101700	path:one04310
one:115101762	path:one04310
one:115101876	path:one04310
one:115102053	path:one04310
one:115102189	path:one04310
one:115102223	path:one04310
one:115102233	path:one04310
one:115102349	path:one04310
one:115102364	path:one04310
one:115102376	path:one04310
one:115102456	path:one04310
one:115102493	path:one04310
one:115102555	path:one04310
one:115102564	path:one04310
one:115102653	path:one04310
one:115102658	path:one04310
one:115102783	path:one04310
one:115102796	path:one04310
one:115102802	path:one04310
one:115102911	path:one04310
one:115102948	path:one04310
one:115102979	path:one04310
one:115102988	path:one04310
one:115103042	path:one04310
one:115103044	path:one04310
one:115103093	path:one04310
one:115103229	path:one04310
one:115103831	path:one04310
one:115103864	path:one04310
one:115103872	path:one04310
one:115103908	path:one04310
one:115104135	path:one04310
one:115104141	path:one04310
one:115104158	path:one04310
one:115104176	path:one04310
one:115104263	path:one04310
one:115104268	path:one04310
one:115104321	path:one04310
one:115104341	path:one04310
one:115104415	path:one04310
one:115104506	path:one04310
one:115104597	path:one04310
one:115104612	path:one04310
one:115104652	path:one04310
one:115104710	path:one04310
one:115105004	path:one04310
one:115105102	path:one04310
one:115105179	path:one04310
one:115105216	path:one04310
one:115105282	path:one04310
one:115105286	path:one04310
one:115105388	path:one04310
one:115105455	path:one04310
one:115105566	path:one04310
one:115105598	path:one04310
one:115105789	path:one04310
one:115105958	path:one04310
one:115106154	path:one04310
one:115106182	path:one04310
one:115106239	path:one04310
one:115106313	path:one04310
one:115106409	path:one04310
one:115106433	path:one04310
one:115106456	path:one04310
one:115106460	path:one04310
one:115106509	path:one04310
one:115106790	path:one04310
one:115106837	path:one04310
one:115106865	path:one04310
one:115107053	path:one04310
one:115107178	path:one04310
one:115107372	path:one04310
one:115107502	path:one04310
one:115107503	path:one04310
one:115107549	path:one04310
one:115107655	path:one04310
one:115107660	path:one04310
one:115107854	path:one04310
one:115107955	path:one04310
one:115108155	path:one04310
one:115108336	path:one04310
one:115108451	path:one04310
one:115108486	path:one04310
one:115109116	path:one04310
one:115109274	path:one04310
one:115109295	path:one04310
one:115109355	path:one04310
one:115109603	path:one04310
one:115109641	path:one04310
one:115109660	path:one04310
one:115109686	path:one04310
one:115109687	path:one04310
one:115109887	path:one04310
one:115109930	path:one04310
one:115110042	path:one04310
one:115110302	path:one04310
one:115110322	path:one04310
one:115110408	path:one04310
one:115110428	path:one04310
one:115110515	path:one04310
one:115111084	path:one04310
one:115111251	path:one04310
one:115111281	path:one04310
one:115111489	path:one04310
one:115111531	path:one04310
one:115111609	path:one04310
one:115111795	path:one04310
one:115111801	path:one04310
one:115111925	path:one04310
one:115112096	path:one04310
one:115112416	path:one04310
one:115112432	path:one04310
one:115112481	path:one04310
one:115112488	path:one04310
one:115112676	path:one04310
one:115112695	path:one04310
one:115112873	path:one04310
one:115112909	path:one04310
one:115113067	path:one04310
one:115113076	path:one04310
one:115113204	path:one04310
one:115113238	path:one04310
one:115113398	path:one04310
one:115113414	path:one04310
one:115113432	path:one04310
one:115113563	path:one04310
one:115113706	path:one04310
one:115113771	path:one04310
one:115113829	path:one04310
one:115113929	path:one04310
one:115113977	path:one04310
one:115113978	path:one04310
one:115114043	path:one04310
one:115114144	path:one04310
one:115114261	path:one04310
one:115114460	path:one04310
one:115114462	path:one04310
one:115114535	path:one04310
one:115114560	path:one04310
one:115114569	path:one04310
one:115114614	path:one04310
one:115114650	path:one04310
one:115114657	path:one04310
one:115114672	path:one04310
one:115115040	path:one04310
one:115115133	path:one04310
one:115115195	path:one04310
one:115115270	path:one04310
one:115115279	path:one04310
one:115115614	path:one04310
one:115115733	path:one04310
one:115115749	path:one04310
one:115115812	path:one04310
one:115115928	path:one04310
one:115115939	path:one04310
one:115116921	path:one04310
one:115117320	path:one04310
one:115117563	path:one04310
one:115117846	path:one04310
one:115118015	path:one04310
one:115118047	path:one04310
one:115118086	path:one04310
one:115118124	path:one04310
one:115119601	path:one04310
one:115119808	path:one04310
one:115119955	path:one04310
one:115120012	path:one04310
one:115120149	path:one04310
one:115120501	path:one04310
one:115120833	path:one04310
one:115120971	path:one04310
one:115120981	path:one04310
one:115121173	path:one04310
one:115122288	path:one04310
one:115122346	path:one04310
one:115122429	path:one04310
one:115123324	path:one04310
one:115123431	path:one04310
one:115123943	path:one04310
one:115124215	path:one04310
one:115124216	path:one04310
one:115124638	path:one04310
one:115125070	path:one04310
one:115125355	path:one04310
one:115125372	path:one04310
one:115125402	path:one04310
one:115125499	path:one04310
one:115125653	path:one04310
one:115126002	path:one04310
one:115126083	path:one04310
one:115126103	path:one04310
one:115126201	path:one04310
one:115126303	path:one04310
one:115126658	path:one04310
one:115126797	path:one04310
one:115126885	path:one04310
one:115127012	path:one04310
one:115127363	path:one04310
one:115127376	path:one04310
one:115128074	path:one04310
one:115128108	path:one04310
one:115128222	path:one04310
one:115128246	path:one04310
one:115128259	path:one04310
one:115128404	path:one04310
one:115128452	path:one04310
one:115128471	path:one04310
one:115128693	path:one04310
one:115128715	path:one04310
one:115128719	path:one04310
one:115128757	path:one04310
one:115129303	path:one04310
one:115129320	path:one04310
one:115129502	path:one04310
one:115129638	path:one04310
one:115129703	path:one04310
one:115129775	path:one04310
one:115129787	path:one04310
one:115130025	path:one04310
one:115130202	path:one04310
one:115130353	path:one04310
one:115130452	path:one04310
one:115130467	path:one04310
one:115130492	path:one04310
one:115130519	path:one04310
one:115130580	path:one04310
one:115131109	path:one04310
one:115131204	path:one04310
one:115131205	path:one04310
one:115131304	path:one04310
one:115131328	path:one04310
one:115131331	path:one04310
one:115131525	path:one04310
one:115131545	path:one04310
one:115131733	path:one04310
one:115131822	path:one04310
one:115131844	path:one04310
one:115131872	path:one04310
one:115131934	path:one04310
one:115131981	path:one04310
one:115132206	path:one04310
one:115132214	path:one04310
one:115132332	path:one04310
one:115132344	path:one04310
one:115132452	path:one04310
one:115132495	path:one04310
one:115132539	path:one04310
one:115132606	path:one04310
one:115132656	path:one04310
one:115132866	path:one04310
one:115133053	path:one04310
one:115133245	path:one04310
one:115133302	path:one04310
one:115133379	path:one04310
one:115133496	path:one04310
one:115133535	path:one04310
one:115133564	path:one04310
one:115133606	path:one04310
one:115133659	path:one04310
one:115133724	path:one04310
one:115133974	path:one04310
one:115133978	path:one04310
one:115133996	path:one04310
one:115134045	path:one04310
one:115134079	path:one04310
one:115134315	path:one04310
one:115134379	path:one04310
one:115134404	path:one04310
one:115134433	path:one04310
one:115134479	path:one04310
one:115134945	path:one04310
one:115135000	path:one04310
one:115135138	path:one04310
one:115135319	path:one04310
one:115135343	path:one04310
one:115135425	path:one04310
one:115135460	path:one04310
one:115135519	path:one04310
one:115135699	path:one04310
one:115135862	path:one04310
one:115135892	path:one04310
one:115135980	path:one04310
one:115135990	path:one04310
one:115136022	path:one04310
one:115136150	path:one04310
one:115136184	path:one04310
one:115136185	path:one04310
one:115136307	path:one04310
one:115136335	path:one04310
one:115136516	path:one04310
one:115136592	path:one04310
one:115137249	path:one04310
one:115138063	path:one04310
one:115138109	path:one04310
one:115138149	path:one04310
one:115138195	path:one04310
one:115138228	path:one04310
one:115138354	path:one04310
one:115138361	path:one04310
one:115138441	path:one04310
one:115138594	path:one04310
one:115138621	path:one04310
one:115138671	path:one04310
one:115139101	path:one04310
one:115139208	path:one04310
one:115139224	path:one04310
one:115139460	path:one04310
one:115139520	path:one04310
one:115139544	path:one04310
one:115139555	path:one04310
one:115139585	path:one04310
one:115139688	path:one04310
one:115139691	path:one04310
one:115139967	path:one04310
one:115140010	path:one04310
one:115140258	path:one04310
one:115140262	path:one04310
one:115140388	path:one04310
one:115140401	path:one04310
one:115140921	path:one04310
one:115141007	path:one04310
one:115141027	path:one04310
one:115141216	path:one04310
one:115141377	path:one04310
one:115141380	path:one04310
one:115141681	path:one04310
one:115141941	path:one04310
one:115141995	path:one04310
one:115142011	path:one04310
one:115142401	path:one04310
one:115142766	path:one04310
one:115142822	path:one04310
one:115142871	path:one04310
one:115142895	path:one04310
one:115142916	path:one04310
one:115142965	path:one04310
one:115143156	path:one04310
one:115143208	path:one04310
one:115143318	path:one04310
one:115143477	path:one04310
one:115143637	path:one04310
one:115143659	path:one04310
one:115143868	path:one04310
one:115143928	path:one04310
one:115143975	path:one04310
one:115143988	path:one04310
one:115144005	path:one04310
one:115144086	path:one04310
one:115144181	path:one04310
one:115144185	path:one04310
one:115144223	path:one04310
one:115144247	path:one04310
one:115144251	path:one04310
one:115144254	path:one04310
one:115144480	path:one04310
one:115144518	path:one04310
one:115144563	path:one04310
one:115144765	path:one04310
one:115144842	path:one04310
one:115144912	path:one04310
one:115144914	path:one04310
one:115144993	path:one04310
one:115145037	path:one04310
one:115145267	path:one04310
one:115145333	path:one04310
one:115145482	path:one04310
one:115145890	path:one04310
one:115146041	path:one04310
one:115146064	path:one04310
one:115146104	path:one04310
one:115146133	path:one04310
one:115146354	path:one04310
one:115146369	path:one04310
one:115146567	path:one04310
one:115146763	path:one04310
one:115146824	path:one04310
one:115147134	path:one04310
one:115101644	path:one04330
one:115101645	path:one04330
one:115101706	path:one04330
one:115101826	path:one04330
one:115101900	path:one04330
one:115102107	path:one04330
one:115102255	path:one04330
one:115102288	path:one04330
one:115102349	path:one04330
one:115102669	path:one04330
one:115102670	path:one04330
one:115102800	path:one04330
one:115103229	path:one04330
one:115103940	path:one04330
one:115104122	path:one04330
one:115104164	path:one04330
one:115104263	path:one04330
one:115104638	path:one04330
one:115105216	path:one04330
one:115105313	path:one04330
one:115105870	path:one04330
one:115105990	path:one04330
one:115106790	path:one04330
one:115106837	path:one04330
one:115107710	path:one04330
one:115107864	path:one04330
one:115108074	path:one04330
one:115108336	path:one04330
one:115108370	path:one04330
one:115109046	path:one04330
one:115110277	path:one04330
one:115110309	path:one04330
one:115110408	path:one04330
one:115111193	path:one04330
one:115111281	path:one04330
one:115111437	path:one04330
one:115111522	path:one04330
one:115112260	path:one04330
one:115112630	path:one04330
one:115113204	path:one04330
one:115113647	path:one04330
one:115113829	path:one04330
one:115114261	path:one04330
one:115114883	path:one04330
one:115115732	path:one04330
one:115116866	path:one04330
one:115118601	path:one04330
one:115119132	path:one04330
one:115119593	path:one04330
one:115119808	path:one04330
one:115120395	path:one04330
one:115120816	path:one04330
one:115120923	path:one04330
one:115121701	path:one04330
one:115122693	path:one04330
one:115122798	path:one04330
one:115123394	path:one04330
one:115123915	path:one04330
one:115125402	path:one04330
one:115126201	path:one04330
one:115127654	path:one04330
one:115128123	path:one04330
one:115128641	path:one04330
one:115128648	path:one04330
one:115129320	path:one04330
one:115129531	path:one04330
one:115130025	path:one04330
one:115130467	path:one04330
one:115130789	path:one04330
one:115131287	path:one04330
one:115131898	path:one04330
one:115132237	path:one04330
one:115132272	path:one04330
one:115132674	path:one04330
one:115132784	path:one04330
one:115132785	path:one04330
one:115132801	path:one04330
one:115133535	path:one04330
one:115133594	path:one04330
one:115136050	path:one04330
one:115136110	path:one04330
one:115136150	path:one04330
one:115136220	path:one04330
one:115136516	path:one04330
one:115136957	path:one04330
one:115137016	path:one04330
one:115137104	path:one04330
one:115138063	path:one04330
one:115138131	path:one04330
one:115138209	path:one04330
one:115138326	path:one04330
one:115138413	path:one04330
one:115138489	path:one04330
one:115138579	path:one04330
one:115139458	path:one04330
one:115139508	path:one04330
one:115139643	path:one04330
one:115139691	path:one04330
one:115139859	path:one04330
one:115139957	path:one04330
one:115139960	path:one04330
one:115140586	path:one04330
one:115140868	path:one04330
one:115141501	path:one04330
one:115141570	path:one04330
one:115141634	path:one04330
one:115142334	path:one04330
one:115142482	path:one04330
one:115142483	path:one04330
one:115142639	path:one04330
one:115142642	path:one04330
one:115142839	path:one04330
one:115142881	path:one04330
one:115142900	path:one04330
one:115142935	path:one04330
one:115143103	path:one04330
one:115143254	path:one04330
one:115143255	path:one04330
one:115143258	path:one04330
one:115143748	path:one04330
one:115144060	path:one04330
one:115144263	path:one04330
one:115144307	path:one04330
one:115144480	path:one04330
one:115144912	path:one04330
one:115144914	path:one04330
one:115144946	path:one04330
one:115145499	path:one04330
one:115145508	path:one04330
one:115145518	path:one04330
one:115145543	path:one04330
one:115145780	path:one04330
one:115145791	path:one04330
one:115145794	path:one04330
one:115145798	path:one04330
one:115146150	path:one04330
one:115146239	path:one04330
one:115146310	path:one04330
one:115146388	path:one04330
one:115101782	path:one04340
one:115102569	path:one04340
one:115102839	path:one04340
one:115102979	path:one04340
one:115103013	path:one04340
one:115103042	path:one04340
one:115103090	path:one04340
one:115103670	path:one04340
one:115103812	path:one04340
one:115104210	path:one04340
one:115104288	path:one04340
one:115104341	path:one04340
one:115104496	path:one04340
one:115104895	path:one04340
one:115105004	path:one04340
one:115105141	path:one04340
one:115105201	path:one04340
one:115105605	path:one04340
one:115105789	path:one04340
one:115105953	path:one04340
one:115106687	path:one04340
one:115106698	path:one04340
one:115107053	path:one04340
one:115107829	path:one04340
one:115108387	path:one04340
one:115108662	path:one04340
one:115108762	path:one04340
one:115109527	path:one04340
one:115109603	path:one04340
one:115109686	path:one04340
one:115109930	path:one04340
one:115110348	path:one04340
one:115110428	path:one04340
one:115110515	path:one04340
one:115110640	path:one04340
one:115110928	path:one04340
one:115111122	path:one04340
one:115111823	path:one04340
one:115112096	path:one04340
one:115112354	path:one04340
one:115112373	path:one04340
one:115112451	path:one04340
one:115112466	path:one04340
one:115112864	path:one04340
one:115112870	path:one04340
one:115112909	path:one04340
one:115113108	path:one04340
one:115113409	path:one04340
one:115113563	path:one04340
one:115113734	path:one04340
one:115113750	path:one04340
one:115113953	path:one04340
one:115114417	path:one04340
one:115114451	path:one04340
one:115114462	path:one04340
one:115114494	path:one04340
one:115114535	path:one04340
one:115115093	path:one04340
one:115115749	path:one04340
one:115115812	path:one04340
one:115117262	path:one04340
one:115118633	path:one04340
one:115118731	path:one04340
one:115120387	path:one04340
one:115120559	path:one04340
one:115123949	path:one04340
one:115124148	path:one04340
one:115124532	path:one04340
one:115125427	path:one04340
one:115126410	path:one04340
one:115126873	path:one04340
one:115128222	path:one04340
one:115128958	path:one04340
one:115129303	path:one04340
one:115129638	path:one04340
one:115129690	path:one04340
one:115129810	path:one04340
one:115130122	path:one04340
one:115130175	path:one04340
one:115130329	path:one04340
one:115130408	path:one04340
one:115130492	path:one04340
one:115130580	path:one04340
one:115131345	path:one04340
one:115132490	path:one04340
one:115133053	path:one04340
one:115133617	path:one04340
one:115133836	path:one04340
one:115134045	path:one04340
one:115134079	path:one04340
one:115134139	path:one04340
one:115135338	path:one04340
one:115135699	path:one04340
one:115135849	path:one04340
one:115137145	path:one04340
one:115139348	path:one04340
one:115139544	path:one04340
one:115140695	path:one04340
one:115140788	path:one04340
one:115140816	path:one04340
one:115141469	path:one04340
one:115142603	path:one04340
one:115142768	path:one04340
one:115142769	path:one04340
one:115144185	path:one04340
one:115144255	path:one04340
one:115144268	path:one04340
one:115144965	path:one04340
one:115145301	path:one04340
one:115146094	path:one04340
one:115146893	path:one04340
one:115101394	path:one04350
one:115102105	path:one04350
one:115102189	path:one04350
one:115102233	path:one04350
one:115102571	path:one04350
one:115102599	path:one04350
one:115102825	path:one04350
one:115102886	path:one04350
one:115102936	path:one04350
one:115102988	path:one04350
one:115103031	path:one04350
one:115103042	path:one04350
one:115103165	path:one04350
one:115103362	path:one04350
one:115103812	path:one04350
one:115104263	path:one04350
one:115104268	path:one04350
one:115104288	path:one04350
one:115104599	path:one04350
one:115104826	path:one04350
one:115104841	path:one04350
one:115104863	path:one04350
one:115104882	path:one04350
one:115104968	path:one04350
one:115105004	path:one04350
one:115105039	path:one04350
one:115105102	path:one04350
one:115105148	path:one04350
one:115105179	path:one04350
one:115105208	path:one04350
one:115105285	path:one04350
one:115105286	path:one04350
one:115105308	path:one04350
one:115105527	path:one04350
one:115105539	path:one04350
one:115106162	path:one04350
one:115106345	path:one04350
one:115106590	path:one04350
one:115106696	path:one04350
one:115107516	path:one04350
one:115107610	path:one04350
one:115107957	path:one04350
one:115108100	path:one04350
one:115108297	path:one04350
one:115108347	path:one04350
one:115108362	path:one04350
one:115108732	path:one04350
one:115109063	path:one04350
one:115109407	path:one04350
one:115109606	path:one04350
one:115109887	path:one04350
one:115109925	path:one04350
one:115109927	path:one04350
one:115109964	path:one04350
one:115109988	path:one04350
one:115110004	path:one04350
one:115110408	path:one04350
one:115110640	path:one04350
one:115111131	path:one04350
one:115111151	path:one04350
one:115111206	path:one04350
one:115111251	path:one04350
one:115111341	path:one04350
one:115111387	path:one04350
one:115112011	path:one04350
one:115112329	path:one04350
one:115112330	path:one04350
one:115112473	path:one04350
one:115112658	path:one04350
one:115112687	path:one04350
one:115113046	path:one04350
one:115113157	path:one04350
one:115113249	path:one04350
one:115113284	path:one04350
one:115113757	path:one04350
one:115113829	path:one04350
one:115113909	path:one04350
one:115113940	path:one04350
one:115114036	path:one04350
one:115114043	path:one04350
one:115114206	path:one04350
one:115114273	path:one04350
one:115114462	path:one04350
one:115114475	path:one04350
one:115114580	path:one04350
one:115114686	path:one04350
one:115114767	path:one04350
one:115115324	path:one04350
one:115115619	path:one04350
one:115116546	path:one04350
one:115116636	path:one04350
one:115116792	path:one04350
one:115117008	path:one04350
one:115117037	path:one04350
one:115117187	path:one04350
one:115117286	path:one04350
one:115117400	path:one04350
one:115117461	path:one04350
one:115117464	path:one04350
one:115117516	path:one04350
one:115117517	path:one04350
one:115117952	path:one04350
one:115118232	path:one04350
one:115118419	path:one04350
one:115118583	path:one04350
one:115118815	path:one04350
one:115118835	path:one04350
one:115119318	path:one04350
one:115120146	path:one04350
one:115120380	path:one04350
one:115120489	path:one04350
one:115120787	path:one04350
one:115120790	path:one04350
one:115120856	path:one04350
one:115121264	path:one04350
one:115121701	path:one04350
one:115121867	path:one04350
one:115121957	path:one04350
one:115122004	path:one04350
one:115122005	path:one04350
one:115122246	path:one04350
one:115122909	path:one04350
one:115123220	path:one04350
one:115123492	path:one04350
one:115123745	path:one04350
one:115124306	path:one04350
one:115124634	path:one04350
one:115124701	path:one04350
one:115125080	path:one04350
one:115125432	path:one04350
one:115125499	path:one04350
one:115125651	path:one04350
one:115125738	path:one04350
one:115126444	path:one04350
one:115127194	path:one04350
one:115127363	path:one04350
one:115127655	path:one04350
one:115127845	path:one04350
one:115128033	path:one04350
one:115128230	path:one04350
one:115128452	path:one04350
one:115128982	path:one04350
one:115129206	path:one04350
one:115129545	path:one04350
one:115129607	path:one04350
one:115129641	path:one04350
one:115129688	path:one04350
one:115129763	path:one04350
one:115129798	path:one04350
one:115130110	path:one04350
one:115130190	path:one04350
one:115130220	path:one04350
one:115130252	path:one04350
one:115130353	path:one04350
one:115130367	path:one04350
one:115130403	path:one04350
one:115130431	path:one04350
one:115130452	path:one04350
one:115130802	path:one04350
one:115130946	path:one04350
one:115131545	path:one04350
one:115131674	path:one04350
one:115131753	path:one04350
one:115131890	path:one04350
one:115131981	path:one04350
one:115132094	path:one04350
one:115132164	path:one04350
one:115132214	path:one04350
one:115132487	path:one04350
one:115132917	path:one04350
one:115133624	path:one04350
one:115134040	path:one04350
one:115134071	path:one04350
one:115134254	path:one04350
one:115134582	path:one04350
one:115134742	path:one04350
one:115135000	path:one04350
one:115135051	path:one04350
one:115135153	path:one04350
one:115135198	path:one04350
one:115135356	path:one04350
one:115135570	path:one04350
one:115135909	path:one04350
one:115135922	path:one04350
one:115135980	path:one04350
one:115136116	path:one04350
one:115136183	path:one04350
one:115136185	path:one04350
one:115136642	path:one04350
one:115136693	path:one04350
one:115137089	path:one04350
one:115137139	path:one04350
one:115137281	path:one04350
one:115137705	path:one04350
one:115137905	path:one04350
one:115138323	path:one04350
one:115138413	path:one04350
one:115138471	path:one04350
one:115138506	path:one04350
one:115138632	path:one04350
one:115138927	path:one04350
one:115138937	path:one04350
one:115138961	path:one04350
one:115139001	path:one04350
one:115139147	path:one04350
one:115139218	path:one04350
one:115139446	path:one04350
one:115139508	path:one04350
one:115139688	path:one04350
one:115139828	path:one04350
one:115139854	path:one04350
one:115140098	path:one04350
one:115140453	path:one04350
one:115140628	path:one04350
one:115141085	path:one04350
one:115141148	path:one04350
one:115141309	path:one04350
one:115141383	path:one04350
one:115141421	path:one04350
one:115141457	path:one04350
one:115141477	path:one04350
one:115141874	path:one04350
one:115142038	path:one04350
one:115142066	path:one04350
one:115142067	path:one04350
one:115142516	path:one04350
one:115142603	path:one04350
one:115142774	path:one04350
one:115142783	path:one04350
one:115142871	path:one04350
one:115142895	path:one04350
one:115142949	path:one04350
one:115142965	path:one04350
one:115143169	path:one04350
one:115143213	path:one04350
one:115143359	path:one04350
one:115143471	path:one04350
one:115143650	path:one04350
one:115143747	path:one04350
one:115143769	path:one04350
one:115144395	path:one04350
one:115144480	path:one04350
one:115144877	path:one04350
one:115145247	path:one04350
one:115145260	path:one04350
one:115145381	path:one04350
one:115145449	path:one04350
one:115145583	path:one04350
one:115145842	path:one04350
one:115146089	path:one04350
one:115146230	path:one04350
one:115146249	path:one04350
one:115146310	path:one04350
one:115146393	path:one04350
one:115146620	path:one04350
one:115147009	path:one04350
one:115147121	path:one04350
one:115101321	path:one04370
one:115101998	path:one04370
one:115102048	path:one04370
one:115102341	path:one04370
one:115102458	path:one04370
one:115102493	path:one04370
one:115102496	path:one04370
one:115102640	path:one04370
one:115102646	path:one04370
one:115102907	path:one04370
one:115103206	path:one04370
one:115103208	path:one04370
one:115103245	path:one04370
one:115103316	path:one04370
one:115103805	path:one04370
one:115103831	path:one04370
one:115103843	path:one04370
one:115103864	path:one04370
one:115103872	path:one04370
one:115103883	path:one04370
one:115103908	path:one04370
one:115104292	path:one04370
one:115104321	path:one04370
one:115105394	path:one04370
one:115105636	path:one04370
one:115105841	path:one04370
one:115106712	path:one04370
one:115107039	path:one04370
one:115107040	path:one04370
one:115107835	path:one04370
one:115107843	path:one04370
one:115108180	path:one04370
one:115108309	path:one04370
one:115108329	path:one04370
one:115108455	path:one04370
one:115108766	path:one04370
one:115109150	path:one04370
one:115109334	path:one04370
one:115109509	path:one04370
one:115109544	path:one04370
one:115109568	path:one04370
one:115110004	path:one04370
one:115110645	path:one04370
one:115111495	path:one04370
one:115111795	path:one04370
one:115112007	path:one04370
one:115112873	path:one04370
one:115113873	path:one04370
one:115114142	path:one04370
one:115114221	path:one04370
one:115114277	path:one04370
one:115114621	path:one04370
one:115114736	path:one04370
one:115115733	path:one04370
one:115117320	path:one04370
one:115117575	path:one04370
one:115118188	path:one04370
one:115118189	path:one04370
one:115121086	path:one04370
one:115121421	path:one04370
one:115122343	path:one04370
one:115123431	path:one04370
one:115124277	path:one04370
one:115124292	path:one04370
one:115124638	path:one04370
one:115125046	path:one04370
one:115125089	path:one04370
one:115125372	path:one04370
one:115125526	path:one04370
one:115126103	path:one04370
one:115127376	path:one04370
one:115128360	path:one04370
one:115128496	path:one04370
one:115128731	path:one04370
one:115129213	path:one04370
one:115131211	path:one04370
one:115131343	path:one04370
one:115131462	path:one04370
one:115131508	path:one04370
one:115131640	path:one04370
one:115131842	path:one04370
one:115131882	path:one04370
one:115132056	path:one04370
one:115132207	path:one04370
one:115132318	path:one04370
one:115132452	path:one04370
one:115132453	path:one04370
one:115132526	path:one04370
one:115133058	path:one04370
one:115133059	path:one04370
one:115133564	path:one04370
one:115134093	path:one04370
one:115134119	path:one04370
one:115134169	path:one04370
one:115135438	path:one04370
one:115135470	path:one04370
one:115135519	path:one04370
one:115135649	path:one04370
one:115136344	path:one04370
one:115136593	path:one04370
one:115136609	path:one04370
one:115137994	path:one04370
one:115138109	path:one04370
one:115138454	path:one04370
one:115139232	path:one04370
one:115139331	path:one04370
one:115139339	path:one04370
one:115139930	path:one04370
one:115140258	path:one04370
one:115140780	path:one04370
one:115141425	path:one04370
one:115141807	path:one04370
one:115141974	path:one04370
one:115141982	path:one04370
one:115142321	path:one04370
one:115142593	path:one04370
one:115142855	path:one04370
one:115143005	path:one04370
one:115143242	path:one04370
one:115143340	path:one04370
one:115143529	path:one04370
one:115144223	path:one04370
one:115144239	path:one04370
one:115144251	path:one04370
one:115144254	path:one04370
one:115144345	path:one04370
one:115144888	path:one04370
one:115144908	path:one04370
one:115145130	path:one04370
one:115145247	path:one04370
one:115145304	path:one04370
one:115145305	path:one04370
one:115145315	path:one04370
one:115146263	path:one04370
one:115146827	path:one04370
one:115147159	path:one04370
one:115101038	path:one04371
one:115101074	path:one04371
one:115101315	path:one04371
one:115101319	path:one04371
one:115101327	path:one04371
one:115101391	path:one04371
one:115101759	path:one04371
one:115102217	path:one04371
one:115102273	path:one04371
one:115102673	path:one04371
one:115102889	path:one04371
one:115102979	path:one04371
one:115102984	path:one04371
one:115102988	path:one04371
one:115102992	path:one04371
one:115103014	path:one04371
one:115103031	path:one04371
one:115103270	path:one04371
one:115103574	path:one04371
one:115103599	path:one04371
one:115103706	path:one04371
one:115103707	path:one04371
one:115103805	path:one04371
one:115103843	path:one04371
one:115103883	path:one04371
one:115103940	path:one04371
one:115103975	path:one04371
one:115104036	path:one04371
one:115104134	path:one04371
one:115104258	path:one04371
one:115104292	path:one04371
one:115104341	path:one04371
one:115104365	path:one04371
one:115104841	path:one04371
one:115104898	path:one04371
one:115105215	path:one04371
one:115105336	path:one04371
one:115105539	path:one04371
one:115105621	path:one04371
one:115105940	path:one04371
one:115105943	path:one04371
one:115106329	path:one04371
one:115106359	path:one04371
one:115106634	path:one04371
one:115106654	path:one04371
one:115106657	path:one04371
one:115106957	path:one04371
one:115107289	path:one04371
one:115107502	path:one04371
one:115107503	path:one04371
one:115107801	path:one04371
one:115107835	path:one04371
one:115107900	path:one04371
one:115108066	path:one04371
one:115108127	path:one04371
one:115108228	path:one04371
one:115108231	path:one04371
one:115108270	path:one04371
one:115108309	path:one04371
one:115108605	path:one04371
one:115108883	path:one04371
one:115109085	path:one04371
one:115109206	path:one04371
one:115109284	path:one04371
one:115109404	path:one04371
one:115109411	path:one04371
one:115109509	path:one04371
one:115109538	path:one04371
one:115109544	path:one04371
one:115109547	path:one04371
one:115109686	path:one04371
one:115109849	path:one04371
one:115109859	path:one04371
one:115109983	path:one04371
one:115110004	path:one04371
one:115110180	path:one04371
one:115110403	path:one04371
one:115110635	path:one04371
one:115110637	path:one04371
one:115110645	path:one04371
one:115110765	path:one04371
one:115110933	path:one04371
one:115111016	path:one04371
one:115111021	path:one04371
one:115111100	path:one04371
one:115111166	path:one04371
one:115111251	path:one04371
one:115111353	path:one04371
one:115111387	path:one04371
one:115111726	path:one04371
one:115111915	path:one04371
one:115112096	path:one04371
one:115112123	path:one04371
one:115112149	path:one04371
one:115112150	path:one04371
one:115112387	path:one04371
one:115112448	path:one04371
one:115112487	path:one04371
one:115112562	path:one04371
one:115112988	path:one04371
one:115113125	path:one04371
one:115113332	path:one04371
one:115113535	path:one04371
one:115113563	path:one04371
one:115113568	path:one04371
one:115113769	path:one04371
one:115114051	path:one04371
one:115114189	path:one04371
one:115114475	path:one04371
one:115114493	path:one04371
one:115114521	path:one04371
one:115114530	path:one04371
one:115114535	path:one04371
one:115114576	path:one04371
one:115114597	path:one04371
one:115114736	path:one04371
one:115115929	path:one04371
one:115116666	path:one04371
one:115117017	path:one04371
one:115117386	path:one04371
one:115117418	path:one04371
one:115117575	path:one04371
one:115117655	path:one04371
one:115118373	path:one04371
one:115119026	path:one04371
one:115119070	path:one04371
one:115119684	path:one04371
one:115120136	path:one04371
one:115120676	path:one04371
one:115120700	path:one04371
one:115120933	path:one04371
one:115121030	path:one04371
one:115121086	path:one04371
one:115121140	path:one04371
one:115121250	path:one04371
one:115122650	path:one04371
one:115122744	path:one04371
one:115122924	path:one04371
one:115123270	path:one04371
one:115123485	path:one04371
one:115123805	path:one04371
one:115124408	path:one04371
one:115124871	path:one04371
one:115125070	path:one04371
one:115125227	path:one04371
one:115125271	path:one04371
one:115125499	path:one04371
one:115125510	path:one04371
one:115125966	path:one04371
one:115126262	path:one04371
one:115126712	path:one04371
one:115126762	path:one04371
one:115127966	path:one04371
one:115128066	path:one04371
one:115128362	path:one04371
one:115128452	path:one04371
one:115128470	path:one04371
one:115128582	path:one04371
one:115128595	path:one04371
one:115128707	path:one04371
one:115128709	path:one04371
one:115129069	path:one04371
one:115129577	path:one04371
one:115129620	path:one04371
one:115129686	path:one04371
one:115129805	path:one04371
one:115129836	path:one04371
one:115130118	path:one04371
one:115130174	path:one04371
one:115130252	path:one04371
one:115130507	path:one04371
one:115131208	path:one04371
one:115131357	path:one04371
one:115131531	path:one04371
one:115131545	path:one04371
one:115131599	path:one04371
one:115131637	path:one04371
one:115131798	path:one04371
one:115131807	path:one04371
one:115131882	path:one04371
one:115131919	path:one04371
one:115132058	path:one04371
one:115132146	path:one04371
one:115132159	path:one04371
one:115132255	path:one04371
one:115132538	path:one04371
one:115132692	path:one04371
one:115132942	path:one04371
one:115132987	path:one04371
one:115133160	path:one04371
one:115133302	path:one04371
one:115133324	path:one04371
one:115133421	path:one04371
one:115133557	path:one04371
one:115133651	path:one04371
one:115134115	path:one04371
one:115134119	path:one04371
one:115134127	path:one04371
one:115134169	path:one04371
one:115134263	path:one04371
one:115134394	path:one04371
one:115134548	path:one04371
one:115135139	path:one04371
one:115135251	path:one04371
one:115135438	path:one04371
one:115135571	path:one04371
one:115135643	path:one04371
one:115135655	path:one04371
one:115135836	path:one04371
one:115135909	path:one04371
one:115136042	path:one04371
one:115136148	path:one04371
one:115136153	path:one04371
one:115136367	path:one04371
one:115136416	path:one04371
one:115136514	path:one04371
one:115136593	path:one04371
one:115136693	path:one04371
one:115136939	path:one04371
one:115137086	path:one04371
one:115137104	path:one04371
one:115137202	path:one04371
one:115137212	path:one04371
one:115137281	path:one04371
one:115137888	path:one04371
one:115138090	path:one04371
one:115138441	path:one04371
one:115138454	path:one04371
one:115138476	path:one04371
one:115138594	path:one04371
one:115138654	path:one04371
one:115138777	path:one04371
one:115139151	path:one04371
one:115139332	path:one04371
one:115139339	path:one04371
one:115139479	path:one04371
one:115139544	path:one04371
one:115139615	path:one04371
one:115139688	path:one04371
one:115139740	path:one04371
one:115139762	path:one04371
one:115139783	path:one04371
one:115139828	path:one04371
one:115139868	path:one04371
one:115140088	path:one04371
one:115140182	path:one04371
one:115140382	path:one04371
one:115140388	path:one04371
one:115140566	path:one04371
one:115141075	path:one04371
one:115141201	path:one04371
one:115141331	path:one04371
one:115141346	path:one04371
one:115141418	path:one04371
one:115141455	path:one04371
one:115141501	path:one04371
one:115141656	path:one04371
one:115141874	path:one04371
one:115141939	path:one04371
one:115141982	path:one04371
one:115142360	path:one04371
one:115142442	path:one04371
one:115142444	path:one04371
one:115142593	path:one04371
one:115142635	path:one04371
one:115142642	path:one04371
one:115142665	path:one04371
one:115143004	path:one04371
one:115143109	path:one04371
one:115143141	path:one04371
one:115143168	path:one04371
one:115143191	path:one04371
one:115143394	path:one04371
one:115143449	path:one04371
one:115144049	path:one04371
one:115144077	path:one04371
one:115144100	path:one04371
one:115144288	path:one04371
one:115144345	path:one04371
one:115144498	path:one04371
one:115144888	path:one04371
one:115145089	path:one04371
one:115145188	path:one04371
one:115145229	path:one04371
one:115145247	path:one04371
one:115145396	path:one04371
one:115145819	path:one04371
one:115145842	path:one04371
one:115145899	path:one04371
one:115146058	path:one04371
one:115146133	path:one04371
one:115146263	path:one04371
one:115146497	path:one04371
one:115146539	path:one04371
one:115146827	path:one04371
one:115147027	path:one04371
one:115147052	path:one04371
one:115101044	path:one04382
one:115101285	path:one04382
one:115101379	path:one04382
one:115101443	path:one04382
one:115101482	path:one04382
one:115101576	path:one04382
one:115101828	path:one04382
one:115102032	path:one04382
one:115102635	path:one04382
one:115102636	path:one04382
one:115102637	path:one04382
one:115102638	path:one04382
one:115102743	path:one04382
one:115102768	path:one04382
one:115102995	path:one04382
one:115102998	path:one04382
one:115103010	path:one04382
one:115103022	path:one04382
one:115103111	path:one04382
one:115103180	path:one04382
one:115103261	path:one04382
one:115103291	path:one04382
one:115103352	path:one04382
one:115103353	path:one04382
one:115103490	path:one04382
one:115103546	path:one04382
one:115103754	path:one04382
one:115103757	path:one04382
one:115103759	path:one04382
one:115103760	path:one04382
one:115103761	path:one04382
one:115103762	path:one04382
one:115103763	path:one04382
one:115103764	path:one04382
one:115103806	path:one04382
one:115104009	path:one04382
one:115104075	path:one04382
one:115104291	path:one04382
one:115104357	path:one04382
one:115104399	path:one04382
one:115104573	path:one04382
one:115105237	path:one04382
one:115105285	path:one04382
one:115105847	path:one04382
one:115105987	path:one04382
one:115106241	path:one04382
one:115106772	path:one04382
one:115106775	path:one04382
one:115106831	path:one04382
one:115107023	path:one04382
one:115107168	path:one04382
one:115107584	path:one04382
one:115107619	path:one04382
one:115107850	path:one04382
one:115107894	path:one04382
one:115107967	path:one04382
one:115108091	path:one04382
one:115108103	path:one04382
one:115108469	path:one04382
one:115108595	path:one04382
one:115108612	path:one04382
one:115108700	path:one04382
one:115109050	path:one04382
one:115109061	path:one04382
one:115109064	path:one04382
one:115109094	path:one04382
one:115109165	path:one04382
one:115109520	path:one04382
one:115109657	path:one04382
one:115109667	path:one04382
one:115109771	path:one04382
one:115110189	path:one04382
one:115110191	path:one04382
one:115110192	path:one04382
one:115110193	path:one04382
one:115110194	path:one04382
one:115110644	path:one04382
one:115110752	path:one04382
one:115110833	path:one04382
one:115110862	path:one04382
one:115110984	path:one04382
one:115111235	path:one04382
one:115111430	path:one04382
one:115111558	path:one04382
one:115111715	path:one04382
one:115111896	path:one04382
one:115112011	path:one04382
one:115112174	path:one04382
one:115112301	path:one04382
one:115112556	path:one04382
one:115112606	path:one04382
one:115113211	path:one04382
one:115113305	path:one04382
one:115113578	path:one04382
one:115113693	path:one04382
one:115113794	path:one04382
one:115113849	path:one04382
one:115113942	path:one04382
one:115114070	path:one04382
one:115114108	path:one04382
one:115114402	path:one04382
one:115114483	path:one04382
one:115114498	path:one04382
one:115114499	path:one04382
one:115114511	path:one04382
one:115114516	path:one04382
one:115114690	path:one04382
one:115114712	path:one04382
one:115115945	path:one04382
one:115116118	path:one04382
one:115117014	path:one04382
one:115117279	path:one04382
one:115117529	path:one04382
one:115117687	path:one04382
one:115117835	path:one04382
one:115117965	path:one04382
one:115118045	path:one04382
one:115118108	path:one04382
one:115118419	path:one04382
one:115118565	path:one04382
one:115119289	path:one04382
one:115120116	path:one04382
one:115120433	path:one04382
one:115120435	path:one04382
one:115120489	path:one04382
one:115120915	path:one04382
one:115120930	path:one04382
one:115121052	path:one04382
one:115121338	path:one04382
one:115121355	path:one04382
one:115122030	path:one04382
one:115122032	path:one04382
one:115122381	path:one04382
one:115122690	path:one04382
one:115122707	path:one04382
one:115122789	path:one04382
one:115122869	path:one04382
one:115122937	path:one04382
one:115122974	path:one04382
one:115123448	path:one04382
one:115123786	path:one04382
one:115123960	path:one04382
one:115124175	path:one04382
one:115124252	path:one04382
one:115124254	path:one04382
one:115124611	path:one04382
one:115124754	path:one04382
one:115125233	path:one04382
one:115125234	path:one04382
one:115125281	path:one04382
one:115125322	path:one04382
one:115125943	path:one04382
one:115126043	path:one04382
one:115126109	path:one04382
one:115126135	path:one04382
one:115126307	path:one04382
one:115126445	path:one04382
one:115126953	path:one04382
one:115127382	path:one04382
one:115127704	path:one04382
one:115128197	path:one04382
one:115128204	path:one04382
one:115128206	path:one04382
one:115128308	path:one04382
one:115128472	path:one04382
one:115128763	path:one04382
one:115128803	path:one04382
one:115128808	path:one04382
one:115128865	path:one04382
one:115128974	path:one04382
one:115128976	path:one04382
one:115129206	path:one04382
one:115129692	path:one04382
one:115129696	path:one04382
one:115129770	path:one04382
one:115129982	path:one04382
one:115130493	path:one04382
one:115130555	path:one04382
one:115130903	path:one04382
one:115131241	path:one04382
one:115131334	path:one04382
one:115131478	path:one04382
one:115131538	path:one04382
one:115131540	path:one04382
one:115131699	path:one04382
one:115131788	path:one04382
one:115131789	path:one04382
one:115131854	path:one04382
one:115132090	path:one04382
one:115132525	path:one04382
one:115132527	path:one04382
one:115132528	path:one04382
one:115132529	path:one04382
one:115132747	path:one04382
one:115132762	path:one04382
one:115132763	path:one04382
one:115132764	path:one04382
one:115132766	path:one04382
one:115132952	path:one04382
one:115133280	path:one04382
one:115133281	path:one04382
one:115133301	path:one04382
one:115133377	path:one04382
one:115133476	path:one04382
one:115133527	path:one04382
one:115133604	path:one04382
one:115133921	path:one04382
one:115134149	path:one04382
one:115134165	path:one04382
one:115135084	path:one04382
one:115135095	path:one04382
one:115135219	path:one04382
one:115135435	path:one04382
one:115135436	path:one04382
one:115135686	path:one04382
one:115135790	path:one04382
one:115136183	path:one04382
one:115136218	path:one04382
one:115136391	path:one04382
one:115136655	path:one04382
one:115136782	path:one04382
one:115136783	path:one04382
one:115136784	path:one04382
one:115136786	path:one04382
one:115136788	path:one04382
one:115136789	path:one04382
one:115136988	path:one04382
one:115137139	path:one04382
one:115137190	path:one04382
one:115137517	path:one04382
one:115137615	path:one04382
one:115137941	path:one04382
one:115137960	path:one04382
one:115138056	path:one04382
one:115138229	path:one04382
one:115138392	path:one04382
one:115138487	path:one04382
one:115138576	path:one04382
one:115138661	path:one04382
one:115138925	path:one04382
one:115139039	path:one04382
one:115139270	path:one04382
one:115139313	path:one04382
one:115139354	path:one04382
one:115139667	path:one04382
one:115139995	path:one04382
one:115140193	path:one04382
one:115140522	path:one04382
one:115140829	path:one04382
one:115140994	path:one04382
one:115141072	path:one04382
one:115141278	path:one04382
one:115141477	path:one04382
one:115141603	path:one04382
one:115141790	path:one04382
one:115141794	path:one04382
one:115141795	path:one04382
one:115141796	path:one04382
one:115141797	path:one04382
one:115141798	path:one04382
one:115142255	path:one04382
one:115142319	path:one04382
one:115142425	path:one04382
one:115142531	path:one04382
one:115142537	path:one04382
one:115142540	path:one04382
one:115142541	path:one04382
one:115142543	path:one04382
one:115142545	path:one04382
one:115142546	path:one04382
one:115142547	path:one04382
one:115142548	path:one04382
one:115142596	path:one04382
one:115142698	path:one04382
one:115142787	path:one04382
one:115142789	path:one04382
one:115142791	path:one04382
one:115142814	path:one04382
one:115142913	path:one04382
one:115143228	path:one04382
one:115143292	path:one04382
one:115143295	path:one04382
one:115143524	path:one04382
one:115143540	path:one04382
one:115143550	path:one04382
one:115143619	path:one04382
one:115143625	path:one04382
one:115143631	path:one04382
one:115144126	path:one04382
one:115144293	path:one04382
one:115144357	path:one04382
one:115144392	path:one04382
one:115144548	path:one04382
one:115144971	path:one04382
one:115145046	path:one04382
one:115145051	path:one04382
one:115145274	path:one04382
one:115145387	path:one04382
one:115145879	path:one04382
one:115146154	path:one04382
one:115146331	path:one04382
one:115146444	path:one04382
one:115146680	path:one04382
one:115146836	path:one04382
one:115146838	path:one04382
one:115146839	path:one04382
one:115146840	path:one04382
one:115146841	path:one04382
one:115146843	path:one04382
one:115146844	path:one04382
one:115147081	path:one04382
one:115147082	path:one04382
one:115147083	path:one04382
one:115147084	path:one04382
one:115147121	path:one04382
one:115101073	path:one04510
one:115101125	path:one04510
one:115101137	path:one04510
one:115101321	path:one04510
one:115101971	path:one04510
one:115102121	path:one04510
one:115102149	path:one04510
one:115102189	path:one04510
one:115102217	path:one04510
one:115102233	path:one04510
one:115102323	path:one04510
one:115102341	path:one04510
one:115102395	path:one04510
one:115102439	path:one04510
one:115102496	path:one04510
one:115102636	path:one04510
one:115102743	path:one04510
one:115102756	path:one04510
one:115102901	path:one04510
one:115102907	path:one04510
one:115102911	path:one04510
one:115102928	path:one04510
one:115102936	path:one04510
one:115102984	path:one04510
one:115103010	path:one04510
one:115103013	path:one04510
one:115103096	path:one04510
one:115103098	path:one04510
one:115103110	path:one04510
one:115103111	path:one04510
one:115103146	path:one04510
one:115103245	path:one04510
one:115103316	path:one04510
one:115103352	path:one04510
one:115103353	path:one04510
one:115103509	path:one04510
one:115103712	path:one04510
one:115103736	path:one04510
one:115103786	path:one04510
one:115103831	path:one04510
one:115103843	path:one04510
one:115103872	path:one04510
one:115103883	path:one04510
one:115103977	path:one04510
one:115104043	path:one04510
one:115104108	path:one04510
one:115104134	path:one04510
one:115104286	path:one04510
one:115104321	path:one04510
one:115104636	path:one04510
one:115104875	path:one04510
one:115104890	path:one04510
one:115104895	path:one04510
one:115105043	path:one04510
one:115105096	path:one04510
one:115105170	path:one04510
one:115105299	path:one04510
one:115105489	path:one04510
one:115105672	path:one04510
one:115105946	path:one04510
one:115106013	path:one04510
one:115106356	path:one04510
one:115106409	path:one04510
one:115106491	path:one04510
one:115106520	path:one04510
one:115106552	path:one04510
one:115106636	path:one04510
one:115106657	path:one04510
one:115106706	path:one04510
one:115106712	path:one04510
one:115106722	path:one04510
one:115106775	path:one04510
one:115106816	path:one04510
one:115106912	path:one04510
one:115107053	path:one04510
one:115107064	path:one04510
one:115107095	path:one04510
one:115107157	path:one04510
one:115107168	path:one04510
one:115107540	path:one04510
one:115107549	path:one04510
one:115107642	path:one04510
one:115107671	path:one04510
one:115107673	path:one04510
one:115107835	path:one04510
one:115107843	path:one04510
one:115107934	path:one04510
one:115107982	path:one04510
one:115107994	path:one04510
one:115108180	path:one04510
one:115108228	path:one04510
one:115108259	path:one04510
one:115108329	path:one04510
one:115108398	path:one04510
one:115108455	path:one04510
one:115108486	path:one04510
one:115108534	path:one04510
one:115108605	path:one04510
one:115108722	path:one04510
one:115108869	path:one04510
one:115109094	path:one04510
one:115109150	path:one04510
one:115109239	path:one04510
one:115109374	path:one04510
one:115109402	path:one04510
one:115109413	path:one04510
one:115109427	path:one04510
one:115109462	path:one04510
one:115109509	path:one04510
one:115109603	path:one04510
one:115109616	path:one04510
one:115109635	path:one04510
one:115109636	path:one04510
one:115109662	path:one04510
one:115109663	path:one04510
one:115109664	path:one04510
one:115109686	path:one04510
one:115109930	path:one04510
one:115110004	path:one04510
one:115110126	path:one04510
one:115110145	path:one04510
one:115110151	path:one04510
one:115110253	path:one04510
one:115110471	path:one04510
one:115110639	path:one04510
one:115110682	path:one04510
one:115110748	path:one04510
one:115110751	path:one04510
one:115110775	path:one04510
one:115110779	path:one04510
one:115111320	path:one04510
one:115111418	path:one04510
one:115111486	path:one04510
one:115111495	path:one04510
one:115111691	path:one04510
one:115111693	path:one04510
one:115111705	path:one04510
one:115111814	path:one04510
one:115111841	path:one04510
one:115112007	path:one04510
one:115112096	path:one04510
one:115112123	path:one04510
one:115112215	path:one04510
one:115112606	path:one04510
one:115112873	path:one04510
one:115112964	path:one04510
one:115113222	path:one04510
one:115113414	path:one04510
one:115113429	path:one04510
one:115113535	path:one04510
one:115113563	path:one04510
one:115113637	path:one04510
one:115114037	path:one04510
one:115114100	path:one04510
one:115114108	path:one04510
one:115114142	path:one04510
one:115114221	path:one04510
one:115114347	path:one04510
one:115114402	path:one04510
one:115114404	path:one04510
one:115114412	path:one04510
one:115114414	path:one04510
one:115114494	path:one04510
one:115114499	path:one04510
one:115114530	path:one04510
one:115114580	path:one04510
one:115114592	path:one04510
one:115114614	path:one04510
one:115114621	path:one04510
one:115114710	path:one04510
one:115114712	path:one04510
one:115115195	path:one04510
one:115115303	path:one04510
one:115115592	path:one04510
one:115115733	path:one04510
one:115115749	path:one04510
one:115115861	path:one04510
one:115116347	path:one04510
one:115117104	path:one04510
one:115117595	path:one04510
one:115117618	path:one04510
one:115117729	path:one04510
one:115117826	path:one04510
one:115117902	path:one04510
one:115118045	path:one04510
one:115118054	path:one04510
one:115118108	path:one04510
one:115118113	path:one04510
one:115118651	path:one04510
one:115118688	path:one04510
one:115119294	path:one04510
one:115119601	path:one04510
one:115119901	path:one04510
one:115119918	path:one04510
one:115120056	path:one04510
one:115120420	path:one04510
one:115120734	path:one04510
one:115121378	path:one04510
one:115121421	path:one04510
one:115121478	path:one04510
one:115121638	path:one04510
one:115121787	path:one04510
one:115122042	path:one04510
one:115122097	path:one04510
one:115122265	path:one04510
one:115122343	path:one04510
one:115122462	path:one04510
one:115122691	path:one04510
one:115122803	path:one04510
one:115122919	path:one04510
one:115123646	path:one04510
one:115123684	path:one04510
one:115123754	path:one04510
one:115124244	path:one04510
one:115124651	path:one04510
one:115124799	path:one04510
one:115125089	path:one04510
one:115125262	path:one04510
one:115125349	path:one04510
one:115125364	path:one04510
one:115125369	path:one04510
one:115125372	path:one04510
one:115125479	path:one04510
one:115125795	path:one04510
one:115125973	path:one04510
one:115126043	path:one04510
one:115126135	path:one04510
one:115126139	path:one04510
one:115126231	path:one04510
one:115126777	path:one04510
one:115126848	path:one04510
one:115127174	path:one04510
one:115127184	path:one04510
one:115127363	path:one04510
one:115127473	path:one04510
one:115128074	path:one04510
one:115128185	path:one04510
one:115128222	path:one04510
one:115128360	path:one04510
one:115128394	path:one04510
one:115128492	path:one04510
one:115128731	path:one04510
one:115128757	path:one04510
one:115129161	path:one04510
one:115129213	path:one04510
one:115129341	path:one04510
one:115129422	path:one04510
one:115129551	path:one04510
one:115129638	path:one04510
one:115129709	path:one04510
one:115130123	path:one04510
one:115130172	path:one04510
one:115130175	path:one04510
one:115130182	path:one04510
one:115130195	path:one04510
one:115130343	path:one04510
one:115130376	path:one04510
one:115130458	path:one04510
one:115130519	path:one04510
one:115130536	path:one04510
one:115130567	path:one04510
one:115130649	path:one04510
one:115130813	path:one04510
one:115130903	path:one04510
one:115131211	path:one04510
one:115131316	path:one04510
one:115131343	path:one04510
one:115131484	path:one04510
one:115131512	path:one04510
one:115131596	path:one04510
one:115131599	path:one04510
one:115131640	path:one04510
one:115131882	path:one04510
one:115131896	path:one04510
one:115131926	path:one04510
one:115131981	path:one04510
one:115132148	path:one04510
one:115132149	path:one04510
one:115132207	path:one04510
one:115132214	path:one04510
one:115132302	path:one04510
one:115132318	path:one04510
one:115132366	path:one04510
one:115132406	path:one04510
one:115132453	path:one04510
one:115133010	path:one04510
one:115133034	path:one04510
one:115133053	path:one04510
one:115133205	path:one04510
one:115133280	path:one04510
one:115133281	path:one04510
one:115133369	path:one04510
one:115133623	path:one04510
one:115133969	path:one04510
one:115134006	path:one04510
one:115134045	path:one04510
one:115134079	path:one04510
one:115134169	path:one04510
one:115134230	path:one04510
one:115134248	path:one04510
one:115134267	path:one04510
one:115134292	path:one04510
one:115134420	path:one04510
one:115134421	path:one04510
one:115134552	path:one04510
one:115134628	path:one04510
one:115134744	path:one04510
one:115134824	path:one04510
one:115134836	path:one04510
one:115135099	path:one04510
one:115135343	path:one04510
one:115135438	path:one04510
one:115135456	path:one04510
one:115135457	path:one04510
one:115135590	path:one04510
one:115135649	path:one04510
one:115135788	path:one04510
one:115135955	path:one04510
one:115135980	path:one04510
one:115136059	path:one04510
one:115136075	path:one04510
one:115136131	path:one04510
one:115136593	path:one04510
one:115136594	path:one04510
one:115136609	path:one04510
one:115136672	path:one04510
one:115136816	path:one04510
one:115136930	path:one04510
one:115136938	path:one04510
one:115137000	path:one04510
one:115137078	path:one04510
one:115137190	path:one04510
one:115137481	path:one04510
one:115137783	path:one04510
one:115138158	path:one04510
one:115138444	path:one04510
one:115138454	path:one04510
one:115138471	path:one04510
one:115138528	path:one04510
one:115138621	path:one04510
one:115138825	path:one04510
one:115139039	path:one04510
one:115139176	path:one04510
one:115139232	path:one04510
one:115139331	path:one04510
one:115139339	path:one04510
one:115139501	path:one04510
one:115139506	path:one04510
one:115139555	path:one04510
one:115139744	path:one04510
one:115139762	path:one04510
one:115139920	path:one04510
one:115139930	path:one04510
one:115140166	path:one04510
one:115140273	path:one04510
one:115140291	path:one04510
one:115140387	path:one04510
one:115140416	path:one04510
one:115140648	path:one04510
one:115140753	path:one04510
one:115140780	path:one04510
one:115140966	path:one04510
one:115140968	path:one04510
one:115141425	path:one04510
one:115141448	path:one04510
one:115141590	path:one04510
one:115141657	path:one04510
one:115141664	path:one04510
one:115141749	path:one04510
one:115141807	path:one04510
one:115141895	path:one04510
one:115141974	path:one04510
one:115141982	path:one04510
one:115141983	path:one04510
one:115142346	path:one04510
one:115142377	path:one04510
one:115142448	path:one04510
one:115142519	path:one04510
one:115142573	path:one04510
one:115142668	path:one04510
one:115142697	path:one04510
one:115142699	path:one04510
one:115142782	path:one04510
one:115142799	path:one04510
one:115142814	path:one04510
one:115142855	path:one04510
one:115142895	path:one04510
one:115142913	path:one04510
one:115142965	path:one04510
one:115143004	path:one04510
one:115143005	path:one04510
one:115143128	path:one04510
one:115143180	path:one04510
one:115143242	path:one04510
one:115143463	path:one04510
one:115143474	path:one04510
one:115143667	path:one04510
one:115143876	path:one04510
one:115143912	path:one04510
one:115144005	path:one04510
one:115144052	path:one04510
one:115144126	path:one04510
one:115144239	path:one04510
one:115144251	path:one04510
one:115144254	path:one04510
one:115144285	path:one04510
one:115144345	path:one04510
one:115144373	path:one04510
one:115144387	path:one04510
one:115144459	path:one04510
one:115144908	path:one04510
one:115144971	path:one04510
one:115144979	path:one04510
one:115145127	path:one04510
one:115145130	path:one04510
one:115145247	path:one04510
one:115145315	path:one04510
one:115145396	path:one04510
one:115145482	path:one04510
one:115145623	path:one04510
one:115145890	path:one04510
one:115146013	path:one04510
one:115146104	path:one04510
one:115146249	path:one04510
one:115146263	path:one04510
one:115146644	path:one04510
one:115146655	path:one04510
one:115146824	path:one04510
one:115146827	path:one04510
one:115146908	path:one04510
one:115146917	path:one04510
one:115146941	path:one04510
one:115147105	path:one04510
one:115147159	path:one04510
one:115147160	path:one04510
one:115101073	path:one04512
one:115101912	path:one04512
one:115102023	path:one04512
one:115102121	path:one04512
one:115102149	path:one04512
one:115102439	path:one04512
one:115102455	path:one04512
one:115102636	path:one04512
one:115102743	path:one04512
one:115102901	path:one04512
one:115103010	path:one04512
one:115103096	path:one04512
one:115103098	path:one04512
one:115103110	path:one04512
one:115103111	path:one04512
one:115103146	path:one04512
one:115103352	path:one04512
one:115103353	path:one04512
one:115103736	path:one04512
one:115104043	path:one04512
one:115104108	path:one04512
one:115104215	path:one04512
one:115104875	path:one04512
one:115105096	path:one04512
one:115105946	path:one04512
one:115106491	path:one04512
one:115106520	path:one04512
one:115106636	path:one04512
one:115106775	path:one04512
one:115106816	path:one04512
one:115106912	path:one04512
one:115107168	path:one04512
one:115107560	path:one04512
one:115107642	path:one04512
one:115107671	path:one04512
one:115108118	path:one04512
one:115108715	path:one04512
one:115108722	path:one04512
one:115108869	path:one04512
one:115109094	path:one04512
one:115109276	path:one04512
one:115109517	path:one04512
one:115109635	path:one04512
one:115109636	path:one04512
one:115110126	path:one04512
one:115110145	path:one04512
one:115110151	path:one04512
one:115110253	path:one04512
one:115110682	path:one04512
one:115111055	path:one04512
one:115111418	path:one04512
one:115111691	path:one04512
one:115111693	path:one04512
one:115111814	path:one04512
one:115112606	path:one04512
one:115114100	path:one04512
one:115114108	path:one04512
one:115114347	path:one04512
one:115114402	path:one04512
one:115114404	path:one04512
one:115114412	path:one04512
one:115114414	path:one04512
one:115114499	path:one04512
one:115114712	path:one04512
one:115115303	path:one04512
one:115115592	path:one04512
one:115116347	path:one04512
one:115116398	path:one04512
one:115117729	path:one04512
one:115117902	path:one04512
one:115118045	path:one04512
one:115118054	path:one04512
one:115118108	path:one04512
one:115118204	path:one04512
one:115119901	path:one04512
one:115119918	path:one04512
one:115120420	path:one04512
one:115121378	path:one04512
one:115121478	path:one04512
one:115121638	path:one04512
one:115122803	path:one04512
one:115123135	path:one04512
one:115123411	path:one04512
one:115123560	path:one04512
one:115124598	path:one04512
one:115124651	path:one04512
one:115125139	path:one04512
one:115125369	path:one04512
one:115125479	path:one04512
one:115126043	path:one04512
one:115126135	path:one04512
one:115126139	path:one04512
one:115126848	path:one04512
one:115127174	path:one04512
one:115127184	path:one04512
one:115127473	path:one04512
one:115128394	path:one04512
one:115128492	path:one04512
one:115128509	path:one04512
one:115129193	path:one04512
one:115129709	path:one04512
one:115130172	path:one04512
one:115130195	path:one04512
one:115130343	path:one04512
one:115130458	path:one04512
one:115130903	path:one04512
one:115130960	path:one04512
one:115131316	path:one04512
one:115131498	path:one04512
one:115131512	path:one04512
one:115131596	path:one04512
one:115131824	path:one04512
one:115131880	path:one04512
one:115131896	path:one04512
one:115131926	path:one04512
one:115132061	path:one04512
one:115132148	path:one04512
one:115132149	path:one04512
one:115132406	path:one04512
one:115132416	path:one04512
one:115133205	path:one04512
one:115133280	path:one04512
one:115133281	path:one04512
one:115133369	path:one04512
one:115134006	path:one04512
one:115134156	path:one04512
one:115134401	path:one04512
one:115134552	path:one04512
one:115134568	path:one04512
one:115134628	path:one04512
one:115134824	path:one04512
one:115135165	path:one04512
one:115136816	path:one04512
one:115137190	path:one04512
one:115137781	path:one04512
one:115138094	path:one04512
one:115138471	path:one04512
one:115139039	path:one04512
one:115139506	path:one04512
one:115139744	path:one04512
one:115140170	path:one04512
one:115140195	path:one04512
one:115140273	path:one04512
one:115140416	path:one04512
one:115140966	path:one04512
one:115140968	path:one04512
one:115141752	path:one04512
one:115142237	path:one04512
one:115142519	path:one04512
one:115142799	path:one04512
one:115142814	path:one04512
one:115142913	path:one04512
one:115143180	path:one04512
one:115143667	path:one04512
one:115143912	path:one04512
one:115144126	path:one04512
one:115144285	path:one04512
one:115144373	path:one04512
one:115144387	path:one04512
one:115144971	path:one04512
one:115146249	path:one04512
one:115147160	path:one04512
one:115101044	path:one04514
one:115101285	path:one04514
one:115101579	path:one04514
one:115101828	path:one04514
one:115101919	path:one04514
one:115102119	path:one04514
one:115102181	path:one04514
one:115102336	path:one04514
one:115102445	path:one04514
one:115102483	path:one04514
one:115102636	path:one04514
one:115102715	path:one04514
one:115102731	path:one04514
one:115102733	path:one04514
one:115102743	path:one04514
one:115102828	path:one04514
one:115102830	path:one04514
one:115103000	path:one04514
one:115103043	path:one04514
one:115103146	path:one04514
one:115103261	path:one04514
one:115103291	path:one04514
one:115103348	path:one04514
one:115103512	path:one04514
one:115103783	path:one04514
one:115103793	path:one04514
one:115104147	path:one04514
one:115104370	path:one04514
one:115104515	path:one04514
one:115104573	path:one04514
one:115105067	path:one04514
one:115105096	path:one04514
one:115105126	path:one04514
one:115105136	path:one04514
one:115105325	path:one04514
one:115105326	path:one04514
one:115105417	path:one04514
one:115105420	path:one04514
one:115105427	path:one04514
one:115105430	path:one04514
one:115105552	path:one04514
one:115105653	path:one04514
one:115105705	path:one04514
one:115105920	path:one04514
one:115105999	path:one04514
one:115106344	path:one04514
one:115106607	path:one04514
one:115106736	path:one04514
one:115106772	path:one04514
one:115106825	path:one04514
one:115106831	path:one04514
one:115107432	path:one04514
one:115107560	path:one04514
one:115107619	path:one04514
one:115107880	path:one04514
one:115108070	path:one04514
one:115108142	path:one04514
one:115108449	path:one04514
one:115108700	path:one04514
one:115108702	path:one04514
one:115108758	path:one04514
one:115109050	path:one04514
one:115109094	path:one04514
one:115109099	path:one04514
one:115109100	path:one04514
one:115109463	path:one04514
one:115109519	path:one04514
one:115109657	path:one04514
one:115109667	path:one04514
one:115109694	path:one04514
one:115109695	path:one04514
one:115110292	path:one04514
one:115110672	path:one04514
one:115110752	path:one04514
one:115110984	path:one04514
one:115111318	path:one04514
one:115111418	path:one04514
one:115111564	path:one04514
one:115111686	path:one04514
one:115111693	path:one04514
one:115111715	path:one04514
one:115111896	path:one04514
one:115112135	path:one04514
one:115112149	path:one04514
one:115112150	path:one04514
one:115112186	path:one04514
one:115112779	path:one04514
one:115113521	path:one04514
one:115113568	path:one04514
one:115113582	path:one04514
one:115113583	path:one04514
one:115113605	path:one04514
one:115114070	path:one04514
one:115114100	path:one04514
one:115114347	path:one04514
one:115114461	path:one04514
one:115114712	path:one04514
one:115115226	path:one04514
one:115115300	path:one04514
one:115115651	path:one04514
one:115115920	path:one04514
one:115116045	path:one04514
one:115116118	path:one04514
one:115116121	path:one04514
one:115116203	path:one04514
one:115117014	path:one04514
one:115117041	path:one04514
one:115117103	path:one04514
one:115117137	path:one04514
one:115117234	path:one04514
one:115117424	path:one04514
one:115117486	path:one04514
one:115117529	path:one04514
one:115117698	path:one04514
one:115117729	path:one04514
one:115117831	path:one04514
one:115118252	path:one04514
one:115118454	path:one04514
one:115118544	path:one04514
one:115118578	path:one04514
one:115118943	path:one04514
one:115118967	path:one04514
one:115119289	path:one04514
one:115119301	path:one04514
one:115119304	path:one04514
one:115119531	path:one04514
one:115119769	path:one04514
one:115120420	path:one04514
one:115120887	path:one04514
one:115121052	path:one04514
one:115121274	path:one04514
one:115121338	path:one04514
one:115121355	path:one04514
one:115121385	path:one04514
one:115122107	path:one04514
one:115122381	path:one04514
one:115122707	path:one04514
one:115123135	path:one04514
one:115123178	path:one04514
one:115123389	path:one04514
one:115123390	path:one04514
one:115123448	path:one04514
one:115123721	path:one04514
one:115124611	path:one04514
one:115125233	path:one04514
one:115125234	path:one04514
one:115125391	path:one04514
one:115125889	path:one04514
one:115125943	path:one04514
one:115126459	path:one04514
one:115126655	path:one04514
one:115126747	path:one04514
one:115126896	path:one04514
one:115126897	path:one04514
one:115126946	path:one04514
one:115126953	path:one04514
one:115128308	path:one04514
one:115128370	path:one04514
one:115128612	path:one04514
one:115128765	path:one04514
one:115128865	path:one04514
one:115129205	path:one04514
one:115129284	path:one04514
one:115129604	path:one04514
one:115129610	path:one04514
one:115129622	path:one04514
one:115129680	path:one04514
one:115129683	path:one04514
one:115129692	path:one04514
one:115129696	path:one04514
one:115129737	path:one04514
one:115129738	path:one04514
one:115129740	path:one04514
one:115129770	path:one04514
one:115129812	path:one04514
one:115129900	path:one04514
one:115129982	path:one04514
one:115130458	path:one04514
one:115130473	path:one04514
one:115130474	path:one04514
one:115130493	path:one04514
one:115130901	path:one04514
one:115130903	path:one04514
one:115131044	path:one04514
one:115131052	path:one04514
one:115131334	path:one04514
one:115131604	path:one04514
one:115131613	path:one04514
one:115131614	path:one04514
one:115131626	path:one04514
one:115131660	path:one04514
one:115131699	path:one04514
one:115131709	path:one04514
one:115131780	path:one04514
one:115131893	path:one04514
one:115132311	path:one04514
one:115132409	path:one04514
one:115132442	path:one04514
one:115132651	path:one04514
one:115132747	path:one04514
one:115133031	path:one04514
one:115133038	path:one04514
one:115133274	path:one04514
one:115133472	path:one04514
one:115133476	path:one04514
one:115133527	path:one04514
one:115133550	path:one04514
one:115133604	path:one04514
one:115133695	path:one04514
one:115133743	path:one04514
one:115134154	path:one04514
one:115134325	path:one04514
one:115134334	path:one04514
one:115134446	path:one04514
one:115134448	path:one04514
one:115134555	path:one04514
one:115134611	path:one04514
one:115134628	path:one04514
one:115135165	path:one04514
one:115135378	path:one04514
one:115135410	path:one04514
one:115135435	path:one04514
one:115135436	path:one04514
one:115135510	path:one04514
one:115135686	path:one04514
one:115135776	path:one04514
one:115135808	path:one04514
one:115135865	path:one04514
one:115135904	path:one04514
one:115136002	path:one04514
one:115136004	path:one04514
one:115136008	path:one04514
one:115136011	path:one04514
one:115136391	path:one04514
one:115136704	path:one04514
one:115136710	path:one04514
one:115136716	path:one04514
one:115136717	path:one04514
one:115136782	path:one04514
one:115136783	path:one04514
one:115136784	path:one04514
one:115136786	path:one04514
one:115136788	path:one04514
one:115136789	path:one04514
one:115136981	path:one04514
one:115137203	path:one04514
one:115137517	path:one04514
one:115137604	path:one04514
one:115137615	path:one04514
one:115137882	path:one04514
one:115138056	path:one04514
one:115138079	path:one04514
one:115138164	path:one04514
one:115138392	path:one04514
one:115138596	path:one04514
one:115138925	path:one04514
one:115139063	path:one04514
one:115139354	path:one04514
one:115139540	path:one04514
one:115139744	path:one04514
one:115139747	path:one04514
one:115140001	path:one04514
one:115140193	path:one04514
one:115140522	path:one04514
one:115140837	path:one04514
one:115140842	path:one04514
one:115140949	path:one04514
one:115140966	path:one04514
one:115141016	path:one04514
one:115141170	path:one04514
one:115141173	path:one04514
one:115141278	path:one04514
one:115141342	path:one04514
one:115141355	path:one04514
one:115141611	path:one04514
one:115141790	path:one04514
one:115141794	path:one04514
one:115141795	path:one04514
one:115141796	path:one04514
one:115141797	path:one04514
one:115141798	path:one04514
one:115141811	path:one04514
one:115141852	path:one04514
one:115141853	path:one04514
one:115141858	path:one04514
one:115141865	path:one04514
one:115141979	path:one04514
one:115142004	path:one04514
one:115142025	path:one04514
one:115142181	path:one04514
one:115142565	path:one04514
one:115142567	path:one04514
one:115142569	path:one04514
one:115142940	path:one04514
one:115142941	path:one04514
one:115143180	path:one04514
one:115143195	path:one04514
one:115143228	path:one04514
one:115143352	path:one04514
one:115143600	path:one04514
one:115143736	path:one04514
one:115143932	path:one04514
one:115144064	path:one04514
one:115144373	path:one04514
one:115144382	path:one04514
one:115144465	path:one04514
one:115144548	path:one04514
one:115144817	path:one04514
one:115145035	path:one04514
one:115145046	path:one04514
one:115145109	path:one04514
one:115145195	path:one04514
one:115145274	path:one04514
one:115145404	path:one04514
one:115145881	path:one04514
one:115146221	path:one04514
one:115146331	path:one04514
one:115146372	path:one04514
one:115146680	path:one04514
one:115146836	path:one04514
one:115146838	path:one04514
one:115146839	path:one04514
one:115146840	path:one04514
one:115146841	path:one04514
one:115146843	path:one04514
one:115146844	path:one04514
one:115146871	path:one04514
one:115147081	path:one04514
one:115147082	path:one04514
one:115147083	path:one04514
one:115147084	path:one04514
one:115101025	path:one04517
one:115101055	path:one04517
one:115101056	path:one04517
one:115101138	path:one04517
one:115101169	path:one04517
one:115101229	path:one04517
one:115101235	path:one04517
one:115101359	path:one04517
one:115101552	path:one04517
one:115101578	path:one04517
one:115101579	path:one04517
one:115101843	path:one04517
one:115101848	path:one04517
one:115101919	path:one04517
one:115101948	path:one04517
one:115101998	path:one04517
one:115102027	path:one04517
one:115102051	path:one04517
one:115102181	path:one04517
one:115102189	path:one04517
one:115102217	path:one04517
one:115102233	path:one04517
one:115102282	path:one04517
one:115102336	path:one04517
one:115102341	path:one04517
one:115102394	path:one04517
one:115102395	path:one04517
one:115102399	path:one04517
one:115102439	path:one04517
one:115102444	path:one04517
one:115102496	path:one04517
one:115102512	path:one04517
one:115102514	path:one04517
one:115102581	path:one04517
one:115102640	path:one04517
one:115102646	path:one04517
one:115102663	path:one04517
one:115102695	path:one04517
one:115102731	path:one04517
one:115102733	path:one04517
one:115102801	path:one04517
one:115102824	path:one04517
one:115102828	path:one04517
one:115102830	path:one04517
one:115102907	path:one04517
one:115102930	path:one04517
one:115102984	path:one04517
one:115102997	path:one04517
one:115103000	path:one04517
one:115103043	path:one04517
one:115103073	path:one04517
one:115103145	path:one04517
one:115103146	path:one04517
one:115103209	path:one04517
one:115103245	path:one04517
one:115103316	path:one04517
one:115103510	path:one04517
one:115103681	path:one04517
one:115103705	path:one04517
one:115103708	path:one04517
one:115103712	path:one04517
one:115103783	path:one04517
one:115103831	path:one04517
one:115103843	path:one04517
one:115103860	path:one04517
one:115103872	path:one04517
one:115103883	path:one04517
one:115103903	path:one04517
one:115103938	path:one04517
one:115104108	path:one04517
one:115104134	path:one04517
one:115104147	path:one04517
one:115104281	path:one04517
one:115104286	path:one04517
one:115104337	path:one04517
one:115104338	path:one04517
one:115104484	path:one04517
one:115104519	path:one04517
one:115104569	path:one04517
one:115105043	path:one04517
one:115105067	path:one04517
one:115105094	path:one04517
one:115105096	path:one04517
one:115105125	path:one04517
one:115105170	path:one04517
one:115105213	path:one04517
one:115105278	path:one04517
one:115105303	path:one04517
one:115105304	path:one04517
one:115105373	path:one04517
one:115105415	path:one04517
one:115105416	path:one04517
one:115105417	path:one04517
one:115105420	path:one04517
one:115105427	path:one04517
one:115105430	path:one04517
one:115105552	path:one04517
one:115105573	path:one04517
one:115105586	path:one04517
one:115105636	path:one04517
one:115105653	path:one04517
one:115105705	path:one04517
one:115105725	path:one04517
one:115105735	path:one04517
one:115105785	path:one04517
one:115105786	path:one04517
one:115106030	path:one04517
one:115106037	path:one04517
one:115106117	path:one04517
one:115106133	path:one04517
one:115106409	path:one04517
one:115106552	path:one04517
one:115106591	path:one04517
one:115106607	path:one04517
one:115106612	path:one04517
one:115106636	path:one04517
one:115106657	path:one04517
one:115106688	path:one04517
one:115106736	path:one04517
one:115106766	path:one04517
one:115106907	path:one04517
one:115106956	path:one04517
one:115106967	path:one04517
one:115107039	path:one04517
one:115107040	path:one04517
one:115107102	path:one04517
one:115107369	path:one04517
one:115107432	path:one04517
one:115107540	path:one04517
one:115107587	path:one04517
one:115107673	path:one04517
one:115107705	path:one04517
one:115107737	path:one04517
one:115107756	path:one04517
one:115107813	path:one04517
one:115107835	path:one04517
one:115107880	path:one04517
one:115107975	path:one04517
one:115107987	path:one04517
one:115107994	path:one04517
one:115108070	path:one04517
one:115108101	path:one04517
one:115108180	path:one04517
one:115108228	path:one04517
one:115108309	path:one04517
one:115108398	path:one04517
one:115108449	path:one04517
one:115108455	path:one04517
one:115108605	path:one04517
one:115108758	path:one04517
one:115108766	path:one04517
one:115109150	path:one04517
one:115109280	path:one04517
one:115109334	path:one04517
one:115109374	path:one04517
one:115109382	path:one04517
one:115109506	path:one04517
one:115109519	path:one04517
one:115109568	path:one04517
one:115109570	path:one04517
one:115109574	path:one04517
one:115109694	path:one04517
one:115109695	path:one04517
one:115109703	path:one04517
one:115109704	path:one04517
one:115109732	path:one04517
one:115110004	path:one04517
one:115110205	path:one04517
one:115110253	path:one04517
one:115110292	path:one04517
one:115110462	path:one04517
one:115110594	path:one04517
one:115110638	path:one04517
one:115110639	path:one04517
one:115110865	path:one04517
one:115110907	path:one04517
one:115111249	path:one04517
one:115111299	path:one04517
one:115111300	path:one04517
one:115111418	path:one04517
one:115111432	path:one04517
one:115111450	path:one04517
one:115111495	path:one04517
one:115111560	path:one04517
one:115111561	path:one04517
one:115111564	path:one04517
one:115111572	path:one04517
one:115111686	path:one04517
one:115111693	path:one04517
one:115111722	path:one04517
one:115111804	path:one04517
one:115111933	path:one04517
one:115111988	path:one04517
one:115112007	path:one04517
one:115112057	path:one04517
one:115112123	path:one04517
one:115112149	path:one04517
one:115112150	path:one04517
one:115112174	path:one04517
one:115112370	path:one04517
one:115112465	path:one04517
one:115112544	path:one04517
one:115112547	path:one04517
one:115112550	path:one04517
one:115112824	path:one04517
one:115112860	path:one04517
one:115112873	path:one04517
one:115112964	path:one04517
one:115112985	path:one04517
one:115112995	path:one04517
one:115113075	path:one04517
one:115113135	path:one04517
one:115113172	path:one04517
one:115113230	path:one04517
one:115113386	path:one04517
one:115113406	path:one04517
one:115113414	path:one04517
one:115113429	path:one04517
one:115113469	path:one04517
one:115113535	path:one04517
one:115113552	path:one04517
one:115113568	path:one04517
one:115113578	path:one04517
one:115113748	path:one04517
one:115113850	path:one04517
one:115114031	path:one04517
one:115114034	path:one04517
one:115114037	path:one04517
one:115114046	path:one04517
one:115114073	path:one04517
one:115114142	path:one04517
one:115114221	path:one04517
one:115114276	path:one04517
one:115114347	path:one04517
one:115114349	path:one04517
one:115114431	path:one04517
one:115114461	path:one04517
one:115114513	path:one04517
one:115114530	path:one04517
one:115114589	path:one04517
one:115114598	path:one04517
one:115114621	path:one04517
one:115114646	path:one04517
one:115114697	path:one04517
one:115114736	path:one04517
one:115114833	path:one04517
one:115115132	path:one04517
one:115115195	path:one04517
one:115115226	path:one04517
one:115115300	path:one04517
one:115115421	path:one04517
one:115115523	path:one04517
one:115115651	path:one04517
one:115115749	path:one04517
one:115115883	path:one04517
one:115116006	path:one04517
one:115116121	path:one04517
one:115117009	path:one04517
one:115117032	path:one04517
one:115117041	path:one04517
one:115117110	path:one04517
one:115117279	path:one04517
one:115117342	path:one04517
one:115117424	path:one04517
one:115117477	path:one04517
one:115117579	path:one04517
one:115117698	path:one04517
one:115117831	path:one04517
one:115117991	path:one04517
one:115118186	path:one04517
one:115118222	path:one04517
one:115118303	path:one04517
one:115118544	path:one04517
one:115118791	path:one04517
one:115118920	path:one04517
one:115118943	path:one04517
one:115118952	path:one04517
one:115119006	path:one04517
one:115119043	path:one04517
one:115119147	path:one04517
one:115119221	path:one04517
one:115119301	path:one04517
one:115119304	path:one04517
one:115119317	path:one04517
one:115119601	path:one04517
one:115119769	path:one04517
one:115119921	path:one04517
one:115120118	path:one04517
one:115120161	path:one04517
one:115120345	path:one04517
one:115120528	path:one04517
one:115120643	path:one04517
one:115120734	path:one04517
one:115120871	path:one04517
one:115120887	path:one04517
one:115120928	path:one04517
one:115121249	path:one04517
one:115121421	path:one04517
one:115121625	path:one04517
one:115121688	path:one04517
one:115121788	path:one04517
one:115121919	path:one04517
one:115121928	path:one04517
one:115122107	path:one04517
one:115122316	path:one04517
one:115122343	path:one04517
one:115122609	path:one04517
one:115122653	path:one04517
one:115122963	path:one04517
one:115123178	path:one04517
one:115123646	path:one04517
one:115123684	path:one04517
one:115123721	path:one04517
one:115123797	path:one04517
one:115124214	path:one04517
one:115124344	path:one04517
one:115124411	path:one04517
one:115124757	path:one04517
one:115124799	path:one04517
one:115125089	path:one04517
one:115125132	path:one04517
one:115125303	path:one04517
one:115125372	path:one04517
one:115125446	path:one04517
one:115125472	path:one04517
one:115125732	path:one04517
one:115125764	path:one04517
one:115125771	path:one04517
one:115125830	path:one04517
one:115125889	path:one04517
one:115125917	path:one04517
one:115125933	path:one04517
one:115126322	path:one04517
one:115126791	path:one04517
one:115126861	path:one04517
one:115126946	path:one04517
one:115127363	path:one04517
one:115127707	path:one04517
one:115128094	path:one04517
one:115128222	path:one04517
one:115128262	path:one04517
one:115128360	path:one04517
one:115128370	path:one04517
one:115128374	path:one04517
one:115128420	path:one04517
one:115128512	path:one04517
one:115128525	path:one04517
one:115128731	path:one04517
one:115128757	path:one04517
one:115128801	path:one04517
one:115128805	path:one04517
one:115128815	path:one04517
one:115129205	path:one04517
one:115129284	path:one04517
one:115129294	path:one04517
one:115129376	path:one04517
one:115129556	path:one04517
one:115129604	path:one04517
one:115129609	path:one04517
one:115129610	path:one04517
one:115129614	path:one04517
one:115129618	path:one04517
one:115129622	path:one04517
one:115129638	path:one04517
one:115129663	path:one04517
one:115129683	path:one04517
one:115129726	path:one04517
one:115129737	path:one04517
one:115129738	path:one04517
one:115129740	path:one04517
one:115129782	path:one04517
one:115129812	path:one04517
one:115129891	path:one04517
one:115129900	path:one04517
one:115130023	path:one04517
one:115130170	path:one04517
one:115130200	path:one04517
one:115130376	path:one04517
one:115130428	path:one04517
one:115130458	path:one04517
one:115130459	path:one04517
one:115130473	path:one04517
one:115130474	path:one04517
one:115130481	path:one04517
one:115130519	path:one04517
one:115130603	path:one04517
one:115130821	path:one04517
one:115130901	path:one04517
one:115130971	path:one04517
one:115131052	path:one04517
one:115131343	path:one04517
one:115131492	path:one04517
one:115131495	path:one04517
one:115131579	path:one04517
one:115131622	path:one04517
one:115131626	path:one04517
one:115131640	path:one04517
one:115131660	path:one04517
one:115131830	path:one04517
one:115131981	path:one04517
one:115132043	path:one04517
one:115132056	path:one04517
one:115132062	path:one04517
one:115132067	path:one04517
one:115132140	path:one04517
one:115132181	path:one04517
one:115132187	path:one04517
one:115132207	path:one04517
one:115132214	path:one04517
one:115132311	path:one04517
one:115132318	path:one04517
one:115132366	path:one04517
one:115132370	path:one04517
one:115132406	path:one04517
one:115132453	path:one04517
one:115132468	path:one04517
one:115132503	path:one04517
one:115132526	path:one04517
one:115132592	path:one04517
one:115132613	path:one04517
one:115132651	path:one04517
one:115132990	path:one04517
one:115133031	path:one04517
one:115133038	path:one04517
one:115133058	path:one04517
one:115133059	path:one04517
one:115133087	path:one04517
one:115133137	path:one04517
one:115133162	path:one04517
one:115133207	path:one04517
one:115133221	path:one04517
one:115133273	path:one04517
one:115133392	path:one04517
one:115133405	path:one04517
one:115133472	path:one04517
one:115133506	path:one04517
one:115133510	path:one04517
one:115133529	path:one04517
one:115133547	path:one04517
one:115133550	path:one04517
one:115133654	path:one04517
one:115133695	path:one04517
one:115133941	path:one04517
one:115134079	path:one04517
one:115134082	path:one04517
one:115134086	path:one04517
one:115134092	path:one04517
one:115134093	path:one04517
one:115134100	path:one04517
one:115134154	path:one04517
one:115134172	path:one04517
one:115134284	path:one04517
one:115134292	path:one04517
one:115134325	path:one04517
one:115134334	path:one04517
one:115134368	path:one04517
one:115134397	path:one04517
one:115134448	path:one04517
one:115134467	path:one04517
one:115134468	path:one04517
one:115134555	path:one04517
one:115134609	path:one04517
one:115134611	path:one04517
one:115134628	path:one04517
one:115134682	path:one04517
one:115134925	path:one04517
one:115134976	path:one04517
one:115135013	path:one04517
one:115135038	path:one04517
one:115135111	path:one04517
one:115135125	path:one04517
one:115135343	path:one04517
one:115135410	path:one04517
one:115135438	path:one04517
one:115135470	path:one04517
one:115135590	path:one04517
one:115135592	path:one04517
one:115135704	path:one04517
one:115135705	path:one04517
one:115135748	path:one04517
one:115135776	path:one04517
one:115135808	path:one04517
one:115135865	path:one04517
one:115135884	path:one04517
one:115135903	path:one04517
one:115135904	path:one04517
one:115135980	path:one04517
one:115136002	path:one04517
one:115136004	path:one04517
one:115136008	path:one04517
one:115136011	path:one04517
one:115136013	path:one04517
one:115136014	path:one04517
one:115136026	path:one04517
one:115136059	path:one04517
one:115136124	path:one04517
one:115136147	path:one04517
one:115136189	path:one04517
one:115136289	path:one04517
one:115136593	path:one04517
one:115136608	path:one04517
one:115136609	path:one04517
one:115136666	path:one04517
one:115136668	path:one04517
one:115136686	path:one04517
one:115136710	path:one04517
one:115136716	path:one04517
one:115136717	path:one04517
one:115136750	path:one04517
one:115136830	path:one04517
one:115136901	path:one04517
one:115136930	path:one04517
one:115136938	path:one04517
one:115136985	path:one04517
one:115137043	path:one04517
one:115137335	path:one04517
one:115137604	path:one04517
one:115137697	path:one04517
one:115137737	path:one04517
one:115137783	path:one04517
one:115137945	path:one04517
one:115138026	path:one04517
one:115138038	path:one04517
one:115138041	path:one04517
one:115138058	path:one04517
one:115138079	path:one04517
one:115138192	path:one04517
one:115138206	path:one04517
one:115138414	path:one04517
one:115138444	path:one04517
one:115138454	path:one04517
one:115138539	path:one04517
one:115138605	path:one04517
one:115138667	path:one04517
one:115138852	path:one04517
one:115139063	path:one04517
one:115139077	path:one04517
one:115139197	path:one04517
one:115139210	path:one04517
one:115139232	path:one04517
one:115139339	path:one04517
one:115139358	path:one04517
one:115139431	path:one04517
one:115139464	path:one04517
one:115139501	path:one04517
one:115139549	path:one04517
one:115139664	path:one04517
one:115139734	path:one04517
one:115139762	path:one04517
one:115139781	path:one04517
one:115139866	path:one04517
one:115139930	path:one04517
one:115139998	path:one04517
one:115140001	path:one04517
one:115140013	path:one04517
one:115140033	path:one04517
one:115140044	path:one04517
one:115140186	path:one04517
one:115140266	path:one04517
one:115140323	path:one04517
one:115140387	path:one04517
one:115140571	path:one04517
one:115140664	path:one04517
one:115140776	path:one04517
one:115140780	path:one04517
one:115140837	path:one04517
one:115140842	path:one04517
one:115140879	path:one04517
one:115140880	path:one04517
one:115140944	path:one04517
one:115140949	path:one04517
one:115141048	path:one04517
one:115141053	path:one04517
one:115141170	path:one04517
one:115141371	path:one04517
one:115141546	path:one04517
one:115141607	path:one04517
one:115141657	path:one04517
one:115141664	path:one04517
one:115141749	path:one04517
one:115141807	path:one04517
one:115141811	path:one04517
one:115141827	path:one04517
one:115141852	path:one04517
one:115141853	path:one04517
one:115141858	path:one04517
one:115141902	path:one04517
one:115141906	path:one04517
one:115141974	path:one04517
one:115141982	path:one04517
one:115142004	path:one04517
one:115142181	path:one04517
one:115142196	path:one04517
one:115142276	path:one04517
one:115142394	path:one04517
one:115142397	path:one04517
one:115142417	path:one04517
one:115142433	path:one04517
one:115142439	path:one04517
one:115142441	path:one04517
one:115142448	path:one04517
one:115142565	path:one04517
one:115142567	path:one04517
one:115142569	path:one04517
one:115142692	path:one04517
one:115142772	path:one04517
one:115142782	path:one04517
one:115142799	path:one04517
one:115142832	path:one04517
one:115142855	path:one04517
one:115142873	path:one04517
one:115142895	path:one04517
one:115142940	path:one04517
one:115142941	path:one04517
one:115142964	path:one04517
one:115142965	path:one04517
one:115143005	path:one04517
one:115143076	path:one04517
one:115143077	path:one04517
one:115143078	path:one04517
one:115143113	path:one04517
one:115143125	path:one04517
one:115143151	path:one04517
one:115143176	path:one04517
one:115143242	path:one04517
one:115143284	path:one04517
one:115143320	path:one04517
one:115143338	path:one04517
one:115143415	path:one04517
one:115143463	path:one04517
one:115143474	path:one04517
one:115143484	path:one04517
one:115143511	path:one04517
one:115143529	path:one04517
one:115143573	path:one04517
one:115143667	path:one04517
one:115143876	path:one04517
one:115143931	path:one04517
one:115143932	path:one04517
one:115143990	path:one04517
one:115144005	path:one04517
one:115144239	path:one04517
one:115144254	path:one04517
one:115144280	path:one04517
one:115144345	path:one04517
one:115144455	path:one04517
one:115144459	path:one04517
one:115144465	path:one04517
one:115144506	path:one04517
one:115144684	path:one04517
one:115144786	path:one04517
one:115144792	path:one04517
one:115144888	path:one04517
one:115144979	path:one04517
one:115145035	path:one04517
one:115145109	path:one04517
one:115145130	path:one04517
one:115145195	path:one04517
one:115145247	path:one04517
one:115145315	path:one04517
one:115145396	path:one04517
one:115145404	path:one04517
one:115145790	path:one04517
one:115146026	path:one04517
one:115146198	path:one04517
one:115146263	path:one04517
one:115146309	path:one04517
one:115146605	path:one04517
one:115146655	path:one04517
one:115146758	path:one04517
one:115146824	path:one04517
one:115146827	path:one04517
one:115146884	path:one04517
one:115146917	path:one04517
one:115146941	path:one04517
one:115147030	path:one04517
one:115147095	path:one04517
one:115147117	path:one04517
one:115147159	path:one04517
one:115101073	path:one04518
one:115101354	path:one04518
one:115101394	path:one04518
one:115102121	path:one04518
one:115102149	path:one04518
one:115102341	path:one04518
one:115102439	path:one04518
one:115102496	path:one04518
one:115102636	path:one04518
one:115102743	path:one04518
one:115102901	path:one04518
one:115102907	path:one04518
one:115102928	path:one04518
one:115103010	path:one04518
one:115103096	path:one04518
one:115103098	path:one04518
one:115103110	path:one04518
one:115103111	path:one04518
one:115103146	path:one04518
one:115103245	path:one04518
one:115103316	path:one04518
one:115103348	path:one04518
one:115103352	path:one04518
one:115103353	path:one04518
one:115103736	path:one04518
one:115103783	path:one04518
one:115103843	path:one04518
one:115103883	path:one04518
one:115103919	path:one04518
one:115104043	path:one04518
one:115104108	path:one04518
one:115104321	path:one04518
one:115104875	path:one04518
one:115104890	path:one04518
one:115105096	path:one04518
one:115105510	path:one04518
one:115105946	path:one04518
one:115106491	path:one04518
one:115106520	path:one04518
one:115106636	path:one04518
one:115106706	path:one04518
one:115106712	path:one04518
one:115106736	path:one04518
one:115106775	path:one04518
one:115106816	path:one04518
one:115106912	path:one04518
one:115107053	path:one04518
one:115107064	path:one04518
one:115107168	path:one04518
one:115107642	path:one04518
one:115107671	path:one04518
one:115107835	path:one04518
one:115107843	path:one04518
one:115107880	path:one04518
one:115107982	path:one04518
one:115107997	path:one04518
one:115108118	path:one04518
one:115108142	path:one04518
one:115108180	path:one04518
one:115108455	path:one04518
one:115108534	path:one04518
one:115108722	path:one04518
one:115108869	path:one04518
one:115109094	path:one04518
one:115109099	path:one04518
one:115109100	path:one04518
one:115109150	path:one04518
one:115109402	path:one04518
one:115109413	path:one04518
one:115109462	path:one04518
one:115109603	path:one04518
one:115109616	path:one04518
one:115109635	path:one04518
one:115109636	path:one04518
one:115109662	path:one04518
one:115109686	path:one04518
one:115109930	path:one04518
one:115110126	path:one04518
one:115110145	path:one04518
one:115110151	path:one04518
one:115110253	path:one04518
one:115110682	path:one04518
one:115111418	path:one04518
one:115111495	path:one04518
one:115111691	path:one04518
one:115111693	path:one04518
one:115111814	path:one04518
one:115111840	path:one04518
one:115112007	path:one04518
one:115112096	path:one04518
one:115112149	path:one04518
one:115112150	path:one04518
one:115112215	path:one04518
one:115112606	path:one04518
one:115112873	path:one04518
one:115112964	path:one04518
one:115113429	path:one04518
one:115113563	path:one04518
one:115113568	path:one04518
one:115113637	path:one04518
one:115114100	path:one04518
one:115114108	path:one04518
one:115114142	path:one04518
one:115114221	path:one04518
one:115114347	path:one04518
one:115114402	path:one04518
one:115114404	path:one04518
one:115114412	path:one04518
one:115114414	path:one04518
one:115114499	path:one04518
one:115114592	path:one04518
one:115114621	path:one04518
one:115114712	path:one04518
one:115115195	path:one04518
one:115115303	path:one04518
one:115115592	path:one04518
one:115115733	path:one04518
one:115115749	path:one04518
one:115115883	path:one04518
one:115116347	path:one04518
one:115116815	path:one04518
one:115117104	path:one04518
one:115117477	path:one04518
one:115117595	path:one04518
one:115117729	path:one04518
one:115117902	path:one04518
one:115118045	path:one04518
one:115118054	path:one04518
one:115118108	path:one04518
one:115118113	path:one04518
one:115119294	path:one04518
one:115119901	path:one04518
one:115119918	path:one04518
one:115120420	path:one04518
one:115121378	path:one04518
one:115121421	path:one04518
one:115121478	path:one04518
one:115121638	path:one04518
one:115122343	path:one04518
one:115122803	path:one04518
one:115122919	path:one04518
one:115123754	path:one04518
one:115124244	path:one04518
one:115124598	path:one04518
one:115124651	path:one04518
one:115125089	path:one04518
one:115125139	path:one04518
one:115125364	path:one04518
one:115125369	path:one04518
one:115125372	path:one04518
one:115125479	path:one04518
one:115125917	path:one04518
one:115125973	path:one04518
one:115126043	path:one04518
one:115126135	path:one04518
one:115126139	path:one04518
one:115126848	path:one04518
one:115127174	path:one04518
one:115127184	path:one04518
one:115127473	path:one04518
one:115128222	path:one04518
one:115128360	path:one04518
one:115128394	path:one04518
one:115128492	path:one04518
one:115128731	path:one04518
one:115129008	path:one04518
one:115129161	path:one04518
one:115129213	path:one04518
one:115129341	path:one04518
one:115129398	path:one04518
one:115129422	path:one04518
one:115129551	path:one04518
one:115129638	path:one04518
one:115129709	path:one04518
one:115130074	path:one04518
one:115130123	path:one04518
one:115130172	path:one04518
one:115130182	path:one04518
one:115130195	path:one04518
one:115130343	path:one04518
one:115130458	path:one04518
one:115130536	path:one04518
one:115130626	path:one04518
one:115130649	path:one04518
one:115130813	path:one04518
one:115130903	path:one04518
one:115131211	path:one04518
one:115131316	path:one04518
one:115131343	path:one04518
one:115131512	path:one04518
one:115131596	path:one04518
one:115131640	path:one04518
one:115131896	path:one04518
one:115131926	path:one04518
one:115132058	path:one04518
one:115132148	path:one04518
one:115132149	path:one04518
one:115132207	path:one04518
one:115132318	path:one04518
one:115132406	path:one04518
one:115132453	path:one04518
one:115133034	path:one04518
one:115133053	path:one04518
one:115133205	path:one04518
one:115133221	path:one04518
one:115133280	path:one04518
one:115133281	path:one04518
one:115133369	path:one04518
one:115134006	path:one04518
one:115134045	path:one04518
one:115134079	path:one04518
one:115134248	path:one04518
one:115134267	path:one04518
one:115134420	path:one04518
one:115134421	path:one04518
one:115134552	path:one04518
one:115134628	path:one04518
one:115134744	path:one04518
one:115134824	path:one04518
one:115134836	path:one04518
one:115135438	path:one04518
one:115135456	path:one04518
one:115135457	path:one04518
one:115135570	path:one04518
one:115135865	path:one04518
one:115136593	path:one04518
one:115136594	path:one04518
one:115136609	path:one04518
one:115136816	path:one04518
one:115136938	path:one04518
one:115137190	path:one04518
one:115137335	path:one04518
one:115137481	path:one04518
one:115137781	path:one04518
one:115138094	path:one04518
one:115138454	path:one04518
one:115138471	path:one04518
one:115138528	path:one04518
one:115138633	path:one04518
one:115139039	path:one04518
one:115139219	path:one04518
one:115139232	path:one04518
one:115139331	path:one04518
one:115139339	path:one04518
one:115139506	path:one04518
one:115139744	path:one04518
one:115139930	path:one04518
one:115140273	path:one04518
one:115140416	path:one04518
one:115140780	path:one04518
one:115140966	path:one04518
one:115140968	path:one04518
one:115141221	path:one04518
one:115141222	path:one04518
one:115141425	path:one04518
one:115141657	path:one04518
one:115141752	path:one04518
one:115141805	path:one04518
one:115141807	path:one04518
one:115141974	path:one04518
one:115141982	path:one04518
one:115141983	path:one04518
one:115142519	path:one04518
one:115142565	path:one04518
one:115142567	path:one04518
one:115142627	path:one04518
one:115142799	path:one04518
one:115142814	path:one04518
one:115142855	path:one04518
one:115142913	path:one04518
one:115143005	path:one04518
one:115143180	path:one04518
one:115143242	path:one04518
one:115143667	path:one04518
one:115143912	path:one04518
one:115144126	path:one04518
one:115144239	path:one04518
one:115144251	path:one04518
one:115144254	path:one04518
one:115144285	path:one04518
one:115144345	path:one04518
one:115144373	path:one04518
one:115144387	path:one04518
one:115144459	path:one04518
one:115144971	path:one04518
one:115145127	path:one04518
one:115145130	path:one04518
one:115145315	path:one04518
one:115145623	path:one04518
one:115145790	path:one04518
one:115145890	path:one04518
one:115146086	path:one04518
one:115146249	path:one04518
one:115146263	path:one04518
one:115146644	path:one04518
one:115146827	path:one04518
one:115147159	path:one04518
one:115147160	path:one04518
one:115101009	path:one04519
one:115101019	path:one04519
one:115101025	path:one04519
one:115101245	path:one04519
one:115101300	path:one04519
one:115101301	path:one04519
one:115101630	path:one04519
one:115101700	path:one04519
one:115101727	path:one04519
one:115101760	path:one04519
one:115101762	path:one04519
one:115101876	path:one04519
one:115101900	path:one04519
one:115102032	path:one04519
one:115102044	path:one04519
one:115102053	path:one04519
one:115102108	path:one04519
one:115102119	path:one04519
one:115102189	path:one04519
one:115102233	path:one04519
one:115102275	path:one04519
one:115102341	path:one04519
one:115102349	path:one04519
one:115102376	path:one04519
one:115102405	path:one04519
one:115102456	path:one04519
one:115102531	path:one04519
one:115102555	path:one04519
one:115102564	path:one04519
one:115102635	path:one04519
one:115102637	path:one04519
one:115102638	path:one04519
one:115102640	path:one04519
one:115102643	path:one04519
one:115102646	path:one04519
one:115102658	path:one04519
one:115102800	path:one04519
one:115102802	path:one04519
one:115102928	path:one04519
one:115102936	path:one04519
one:115102948	path:one04519
one:115102995	path:one04519
one:115102998	path:one04519
one:115102999	path:one04519
one:115103000	path:one04519
one:115103044	path:one04519
one:115103067	path:one04519
one:115103068	path:one04519
one:115103209	path:one04519
one:115103229	path:one04519
one:115103299	path:one04519
one:115103392	path:one04519
one:115103490	path:one04519
one:115103546	path:one04519
one:115103754	path:one04519
one:115103757	path:one04519
one:115103759	path:one04519
one:115103760	path:one04519
one:115103761	path:one04519
one:115103762	path:one04519
one:115103763	path:one04519
one:115103764	path:one04519
one:115103860	path:one04519
one:115103903	path:one04519
one:115104075	path:one04519
one:115104113	path:one04519
one:115104135	path:one04519
one:115104141	path:one04519
one:115104158	path:one04519
one:115104176	path:one04519
one:115104263	path:one04519
one:115104321	path:one04519
one:115104415	path:one04519
one:115104506	path:one04519
one:115104570	path:one04519
one:115104597	path:one04519
one:115104652	path:one04519
one:115104710	path:one04519
one:115104883	path:one04519
one:115104890	path:one04519
one:115105026	path:one04519
one:115105043	path:one04519
one:115105072	path:one04519
one:115105115	path:one04519
one:115105116	path:one04519
one:115105117	path:one04519
one:115105118	path:one04519
one:115105122	path:one04519
one:115105205	path:one04519
one:115105260	path:one04519
one:115105261	path:one04519
one:115105263	path:one04519
one:115105264	path:one04519
one:115105282	path:one04519
one:115105299	path:one04519
one:115105335	path:one04519
one:115105344	path:one04519
one:115105393	path:one04519
one:115105506	path:one04519
one:115105566	path:one04519
one:115105636	path:one04519
one:115105670	path:one04519
one:115105672	path:one04519
one:115105673	path:one04519
one:115105787	path:one04519
one:115105790	path:one04519
one:115105842	path:one04519
one:115105958	path:one04519
one:115106202	path:one04519
one:115106239	path:one04519
one:115106348	path:one04519
one:115106409	path:one04519
one:115106433	path:one04519
one:115106460	path:one04519
one:115106464	path:one04519
one:115106499	path:one04519
one:115106706	path:one04519
one:115106722	path:one04519
one:115106733	path:one04519
one:115106755	path:one04519
one:115106790	path:one04519
one:115106794	path:one04519
one:115106837	path:one04519
one:115106865	path:one04519
one:115107039	path:one04519
one:115107040	path:one04519
one:115107209	path:one04519
one:115107321	path:one04519
one:115107549	path:one04519
one:115107576	path:one04519
one:115107605	path:one04519
one:115107612	path:one04519
one:115107652	path:one04519
one:115107653	path:one04519
one:115107655	path:one04519
one:115107682	path:one04519
one:115107723	path:one04519
one:115107737	path:one04519
one:115107756	path:one04519
one:115107808	path:one04519
one:115107854	path:one04519
one:115107903	path:one04519
one:115107934	path:one04519
one:115107955	path:one04519
one:115107989	path:one04519
one:115108040	path:one04519
one:115108155	path:one04519
one:115108309	path:one04519
one:115108380	path:one04519
one:115108534	path:one04519
one:115108594	path:one04519
one:115108595	path:one04519
one:115108612	path:one04519
one:115108692	path:one04519
one:115108746	path:one04519
one:115109116	path:one04519
one:115109210	path:one04519
one:115109274	path:one04519
one:115109350	path:one04519
one:115109402	path:one04519
one:115109509	path:one04519
one:115109544	path:one04519
one:115109568	path:one04519
one:115109615	path:one04519
one:115109660	path:one04519
one:115109662	path:one04519
one:115109687	path:one04519
one:115109740	path:one04519
one:115109983	path:one04519
one:115110004	path:one04519
one:115110180	path:one04519
one:115110189	path:one04519
one:115110191	path:one04519
one:115110192	path:one04519
one:115110193	path:one04519
one:115110194	path:one04519
one:115110259	path:one04519
one:115110302	path:one04519
one:115110322	path:one04519
one:115110408	path:one04519
one:115110748	path:one04519
one:115110751	path:one04519
one:115110862	path:one04519
one:115110872	path:one04519
one:115111174	path:one04519
one:115111176	path:one04519
one:115111332	path:one04519
one:115111430	path:one04519
one:115111459	path:one04519
one:115111486	path:one04519
one:115111531	path:one04519
one:115111572	path:one04519
one:115111609	path:one04519
one:115111637	path:one04519
one:115111904	path:one04519
one:115111920	path:one04519
one:115112133	path:one04519
one:115112134	path:one04519
one:115112135	path:one04519
one:115112147	path:one04519
one:115112149	path:one04519
one:115112150	path:one04519
one:115112152	path:one04519
one:115112174	path:one04519
one:115112214	path:one04519
one:115112264	path:one04519
one:115112270	path:one04519
one:115112448	path:one04519
one:115112481	path:one04519
one:115112556	path:one04519
one:115112562	path:one04519
one:115112566	path:one04519
one:115112676	path:one04519
one:115112771	path:one04519
one:115112873	path:one04519
one:115112964	path:one04519
one:115112967	path:one04519
one:115113224	path:one04519
one:115113347	path:one04519
one:115113414	path:one04519
one:115113429	path:one04519
one:115113432	path:one04519
one:115113521	path:one04519
one:115113522	path:one04519
one:115113523	path:one04519
one:115113568	path:one04519
one:115113578	path:one04519
one:115113582	path:one04519
one:115113583	path:one04519
one:115113636	path:one04519
one:115113649	path:one04519
one:115113653	path:one04519
one:115113693	path:one04519
one:115113829	path:one04519
one:115113929	path:one04519
one:115113951	path:one04519
one:115113977	path:one04519
one:115113997	path:one04519
one:115114037	path:one04519
one:115114040	path:one04519
one:115114165	path:one04519
one:115114261	path:one04519
one:115114276	path:one04519
one:115114440	path:one04519
one:115114460	path:one04519
one:115114510	path:one04519
one:115114511	path:one04519
one:115114516	path:one04519
one:115114569	path:one04519
one:115114580	path:one04519
one:115114592	path:one04519
one:115114650	path:one04519
one:115114736	path:one04519
one:115114819	path:one04519
one:115115133	path:one04519
one:115115174	path:one04519
one:115115181	path:one04519
one:115115195	path:one04519
one:115115270	path:one04519
one:115115279	path:one04519
one:115115614	path:one04519
one:115115733	path:one04519
one:115115749	path:one04519
one:115115939	path:one04519
one:115115945	path:one04519
one:115116008	path:one04519
one:115116404	path:one04519
one:115117088	path:one04519
one:115117279	path:one04519
one:115117330	path:one04519
one:115117497	path:one04519
one:115117563	path:one04519
one:115118015	path:one04519
one:115118086	path:one04519
one:115118186	path:one04519
one:115118291	path:one04519
one:115118896	path:one04519
one:115118926	path:one04519
one:115118943	path:one04519
one:115119026	path:one04519
one:115119043	path:one04519
one:115119125	path:one04519
one:115119593	path:one04519
one:115119601	path:one04519
one:115119765	path:one04519
one:115120116	path:one04519
one:115120118	path:one04519
one:115120249	path:one04519
one:115120329	path:one04519
one:115120366	path:one04519
one:115120501	path:one04519
one:115120622	path:one04519
one:115120928	path:one04519
one:115120934	path:one04519
one:115120971	path:one04519
one:115120981	path:one04519
one:115120985	path:one04519
one:115120988	path:one04519
one:115120998	path:one04519
one:115120999	path:one04519
one:115121002	path:one04519
one:115121123	path:one04519
one:115121173	path:one04519
one:115121327	path:one04519
one:115121332	path:one04519
one:115121526	path:one04519
one:115121659	path:one04519
one:115121660	path:one04519
one:115121689	path:one04519
one:115121919	path:one04519
one:115122310	path:one04519
one:115122343	path:one04519
one:115122346	path:one04519
one:115122429	path:one04519
one:115122753	path:one04519
one:115122813	path:one04519
one:115122974	path:one04519
one:115123001	path:one04519
one:115123646	path:one04519
one:115123727	path:one04519
one:115123960	path:one04519
one:115123999	path:one04519
one:115124074	path:one04519
one:115124175	path:one04519
one:115124216	path:one04519
one:115124536	path:one04519
one:115124720	path:one04519
one:115124754	path:one04519
one:115124757	path:one04519
one:115124841	path:one04519
one:115124855	path:one04519
one:115124880	path:one04519
one:115124981	path:one04519
one:115125031	path:one04519
one:115125074	path:one04519
one:115125091	path:one04519
one:115125198	path:one04519
one:115125309	path:one04519
one:115125372	path:one04519
one:115125402	path:one04519
one:115125653	path:one04519
one:115125732	path:one04519
one:115125864	path:one04519
one:115126002	path:one04519
one:115126280	path:one04519
one:115126282	path:one04519
one:115126283	path:one04519
one:115126558	path:one04519
one:115127012	path:one04519
one:115127152	path:one04519
one:115127363	path:one04519
one:115127382	path:one04519
one:115127528	path:one04519
one:115127814	path:one04519
one:115128027	path:one04519
one:115128042	path:one04519
one:115128222	path:one04519
one:115128266	path:one04519
one:115128267	path:one04519
one:115128360	path:one04519
one:115128404	path:one04519
one:115128731	path:one04519
one:115128734	path:one04519
one:115128757	path:one04519
one:115129120	path:one04519
one:115129129	path:one04519
one:115129164	path:one04519
one:115129252	path:one04519
one:115129303	path:one04519
one:115129341	path:one04519
one:115129372	path:one04519
one:115129461	path:one04519
one:115129479	path:one04519
one:115129510	path:one04519
one:115129515	path:one04519
one:115129528	path:one04519
one:115129529	path:one04519
one:115129596	path:one04519
one:115129638	path:one04519
one:115129686	path:one04519
one:115129694	path:one04519
one:115129703	path:one04519
one:115129707	path:one04519
one:115129726	path:one04519
one:115129732	path:one04519
one:115129733	path:one04519
one:115129734	path:one04519
one:115129775	path:one04519
one:115129786	path:one04519
one:115129931	path:one04519
one:115130030	path:one04519
one:115130037	path:one04519
one:115130040	path:one04519
one:115130170	path:one04519
one:115130182	path:one04519
one:115130188	path:one04519
one:115130322	path:one04519
one:115130435	path:one04519
one:115130436	path:one04519
one:115130437	path:one04519
one:115130438	path:one04519
one:115130492	path:one04519
one:115130519	path:one04519
one:115130536	path:one04519
one:115130568	path:one04519
one:115130578	path:one04519
one:115130601	path:one04519
one:115130691	path:one04519
one:115130692	path:one04519
one:115130722	path:one04519
one:115130762	path:one04519
one:115130765	path:one04519
one:115130769	path:one04519
one:115130784	path:one04519
one:115130835	path:one04519
one:115130840	path:one04519
one:115130862	path:one04519
one:115130910	path:one04519
one:115130961	path:one04519
one:115130980	path:one04519
one:115131032	path:one04519
one:115131033	path:one04519
one:115131034	path:one04519
one:115131035	path:one04519
one:115131069	path:one04519
one:115131204	path:one04519
one:115131205	path:one04519
one:115131343	path:one04519
one:115131384	path:one04519
one:115131525	path:one04519
one:115131640	path:one04519
one:115131819	path:one04519
one:115131835	path:one04519
one:115131844	path:one04519
one:115131872	path:one04519
one:115131882	path:one04519
one:115131891	path:one04519
one:115131893	path:one04519
one:115131895	path:one04519
one:115131934	path:one04519
one:115131981	path:one04519
one:115132056	path:one04519
one:115132214	path:one04519
one:115132256	path:one04519
one:115132318	path:one04519
one:115132344	path:one04519
one:115132495	path:one04519
one:115132519	path:one04519
one:115132525	path:one04519
one:115132526	path:one04519
one:115132527	path:one04519
one:115132528	path:one04519
one:115132529	path:one04519
one:115132606	path:one04519
one:115132656	path:one04519
one:115132661	path:one04519
one:115132866	path:one04519
one:115132952	path:one04519
one:115132994	path:one04519
one:115133058	path:one04519
one:115133059	path:one04519
one:115133065	path:one04519
one:115133085	path:one04519
one:115133091	path:one04519
one:115133137	path:one04519
one:115133245	path:one04519
one:115133379	path:one04519
one:115133405	path:one04519
one:115133441	path:one04519
one:115133454	path:one04519
one:115133496	path:one04519
one:115133535	path:one04519
one:115133547	path:one04519
one:115133549	path:one04519
one:115133623	path:one04519
one:115133625	path:one04519
one:115133651	path:one04519
one:115133678	path:one04519
one:115133724	path:one04519
one:115133974	path:one04519
one:115134026	path:one04519
one:115134079	path:one04519
one:115134093	path:one04519
one:115134119	path:one04519
one:115134169	path:one04519
one:115134267	path:one04519
one:115134319	path:one04519
one:115134404	path:one04519
one:115134423	path:one04519
one:115134433	path:one04519
one:115134479	path:one04519
one:115134488	path:one04519
one:115134610	path:one04519
one:115134642	path:one04519
one:115134836	path:one04519
one:115135105	path:one04519
one:115135111	path:one04519
one:115135237	path:one04519
one:115135269	path:one04519
one:115135343	path:one04519
one:115135377	path:one04519
one:115135413	path:one04519
one:115135457	path:one04519
one:115135470	path:one04519
one:115135527	path:one04519
one:115135567	path:one04519
one:115135667	path:one04519
one:115135668	path:one04519
one:115135691	path:one04519
one:115135695	path:one04519
one:115135696	path:one04519
one:115135703	path:one04519
one:115135788	path:one04519
one:115135789	path:one04519
one:115135790	path:one04519
one:115135811	path:one04519
one:115135892	path:one04519
one:115135938	path:one04519
one:115135980	path:one04519
one:115135990	path:one04519
one:115136022	path:one04519
one:115136052	path:one04519
one:115136074	path:one04519
one:115136131	path:one04519
one:115136184	path:one04519
one:115136205	path:one04519
one:115136206	path:one04519
one:115136207	path:one04519
one:115136208	path:one04519
one:115136304	path:one04519
one:115136307	path:one04519
one:115136592	path:one04519
one:115136672	path:one04519
one:115136734	path:one04519
one:115136766	path:one04519
one:115136938	path:one04519
one:115136999	path:one04519
one:115137001	path:one04519
one:115137060	path:one04519
one:115137061	path:one04519
one:115137078	path:one04519
one:115137128	path:one04519
one:115137250	path:one04519
one:115137323	path:one04519
one:115137525	path:one04519
one:115137780	path:one04519
one:115137785	path:one04519
one:115137882	path:one04519
one:115137945	path:one04519
one:115137975	path:one04519
one:115138026	path:one04519
one:115138063	path:one04519
one:115138158	path:one04519
one:115138159	path:one04519
one:115138211	path:one04519
one:115138228	path:one04519
one:115138237	path:one04519
one:115138309	path:one04519
one:115138330	path:one04519
one:115138354	path:one04519
one:115138469	path:one04519
one:115138615	path:one04519
one:115138621	path:one04519
one:115138660	path:one04519
one:115138671	path:one04519
one:115138727	path:one04519
one:115139022	path:one04519
one:115139077	path:one04519
one:115139101	path:one04519
one:115139155	path:one04519
one:115139176	path:one04519
one:115139208	path:one04519
one:115139224	path:one04519
one:115139232	path:one04519
one:115139431	path:one04519
one:115139447	path:one04519
one:115139460	path:one04519
one:115139481	path:one04519
one:115139555	path:one04519
one:115139585	path:one04519
one:115139589	path:one04519
one:115139590	path:one04519
one:115139642	path:one04519
one:115139653	path:one04519
one:115139810	path:one04519
one:115139920	path:one04519
one:115139967	path:one04519
one:115140013	path:one04519
one:115140033	path:one04519
one:115140086	path:one04519
one:115140107	path:one04519
one:115140184	path:one04519
one:115140408	path:one04519
one:115140456	path:one04519
one:115140659	path:one04519
one:115140780	path:one04519
one:115140868	path:one04519
one:115140904	path:one04519
one:115140911	path:one04519
one:115141027	path:one04519
one:115141161	path:one04519
one:115141163	path:one04519
one:115141448	path:one04519
one:115141483	path:one04519
one:115141529	path:one04519
one:115141530	path:one04519
one:115141591	path:one04519
one:115141592	path:one04519
one:115141657	path:one04519
one:115141681	path:one04519
one:115141814	path:one04519
one:115141840	path:one04519
one:115141895	path:one04519
one:115141927	path:one04519
one:115142011	path:one04519
one:115142531	path:one04519
one:115142537	path:one04519
one:115142540	path:one04519
one:115142541	path:one04519
one:115142543	path:one04519
one:115142545	path:one04519
one:115142546	path:one04519
one:115142547	path:one04519
one:115142548	path:one04519
one:115142639	path:one04519
one:115142787	path:one04519
one:115142789	path:one04519
one:115142791	path:one04519
one:115142812	path:one04519
one:115142844	path:one04519
one:115142877	path:one04519
one:115142895	path:one04519
one:115142965	path:one04519
one:115142989	path:one04519
one:115143089	path:one04519
one:115143136	path:one04519
one:115143151	path:one04519
one:115143208	path:one04519
one:115143242	path:one04519
one:115143318	path:one04519
one:115143338	path:one04519
one:115143352	path:one04519
one:115143477	path:one04519
one:115143524	path:one04519
one:115143529	path:one04519
one:115143539	path:one04519
one:115143540	path:one04519
one:115143550	path:one04519
one:115143619	path:one04519
one:115143625	path:one04519
one:115143659	path:one04519
one:115143790	path:one04519
one:115143890	path:one04519
one:115143915	path:one04519
one:115143988	path:one04519
one:115144005	path:one04519
one:115144062	path:one04519
one:115144251	path:one04519
one:115144254	path:one04519
one:115144357	path:one04519
one:115144459	path:one04519
one:115144480	path:one04519
one:115144518	path:one04519
one:115144664	path:one04519
one:115144757	path:one04519
one:115144765	path:one04519
one:115144842	path:one04519
one:115144876	path:one04519
one:115144888	path:one04519
one:115144955	path:one04519
one:115145094	path:one04519
one:115145127	path:one04519
one:115145130	path:one04519
one:115145229	path:one04519
one:115145247	path:one04519
one:115145269	path:one04519
one:115145281	path:one04519
one:115145382	path:one04519
one:115145387	path:one04519
one:115145404	path:one04519
one:115145827	path:one04519
one:115145866	path:one04519
one:115145962	path:one04519
one:115146041	path:one04519
one:115146050	path:one04519
one:115146104	path:one04519
one:115146113	path:one04519
one:115146114	path:one04519
one:115146115	path:one04519
one:115146369	path:one04519
one:115146386	path:one04519
one:115146408	path:one04519
one:115146460	path:one04519
one:115146492	path:one04519
one:115146595	path:one04519
one:115146758	path:one04519
one:115146763	path:one04519
one:115146824	path:one04519
one:115146853	path:one04519
one:115146917	path:one04519
one:115146958	path:one04519
one:115147002	path:one04519
one:115147018	path:one04519
one:115147117	path:one04519
one:115147133	path:one04519
one:115147154	path:one04519
one:115101019	path:one04520
one:115101025	path:one04520
one:115101132	path:one04520
one:115101616	path:one04520
one:115101765	path:one04520
one:115102189	path:one04520
one:115102233	path:one04520
one:115102341	path:one04520
one:115102359	path:one04520
one:115102395	path:one04520
one:115102401	path:one04520
one:115102496	path:one04520
one:115102731	path:one04520
one:115102801	path:one04520
one:115102893	path:one04520
one:115102928	path:one04520
one:115102936	path:one04520
one:115102988	path:one04520
one:115103031	path:one04520
one:115103145	path:one04520
one:115103812	path:one04520
one:115104263	path:one04520
one:115104288	path:one04520
one:115104316	path:one04520
one:115104321	path:one04520
one:115104519	path:one04520
one:115104841	path:one04520
one:115104890	path:one04520
one:115104953	path:one04520
one:115105163	path:one04520
one:115105170	path:one04520
one:115105282	path:one04520
one:115105489	path:one04520
one:115105705	path:one04520
one:115105935	path:one04520
one:115106433	path:one04520
one:115106706	path:one04520
one:115106967	path:one04520
one:115107102	path:one04520
one:115107549	path:one04520
one:115107660	path:one04520
one:115107673	path:one04520
one:115107737	path:one04520
one:115108040	path:one04520
one:115108101	path:one04520
one:115108758	path:one04520
one:115109295	path:one04520
one:115109402	path:one04520
one:115109653	path:one04520
one:115109662	path:one04520
one:115110004	path:one04520
one:115110042	path:one04520
one:115110408	path:one04520
one:115110640	path:one04520
one:115110775	path:one04520
one:115110779	path:one04520
one:115111251	path:one04520
one:115111307	path:one04520
one:115111341	path:one04520
one:115111572	path:one04520
one:115111609	path:one04520
one:115111841	path:one04520
one:115112135	path:one04520
one:115112149	path:one04520
one:115112150	path:one04520
one:115112174	path:one04520
one:115112873	path:one04520
one:115112964	path:one04520
one:115112985	path:one04520
one:115113386	path:one04520
one:115113429	path:one04520
one:115113521	path:one04520
one:115113568	path:one04520
one:115113578	path:one04520
one:115113829	path:one04520
one:115113974	path:one04520
one:115114349	path:one04520
one:115114475	path:one04520
one:115114580	path:one04520
one:115114592	path:one04520
one:115114598	path:one04520
one:115114646	path:one04520
one:115115195	path:one04520
one:115115651	path:one04520
one:115115733	path:one04520
one:115115928	path:one04520
one:115116921	path:one04520
one:115117279	path:one04520
one:115117497	path:one04520
one:115117579	path:one04520
one:115117618	path:one04520
one:115119336	path:one04520
one:115119769	path:one04520
one:115120683	path:one04520
one:115120928	path:one04520
one:115120981	path:one04520
one:115121689	path:one04520
one:115121781	path:one04520
one:115121946	path:one04520
one:115122240	path:one04520
one:115122343	path:one04520
one:115123051	path:one04520
one:115123600	path:one04520
one:115124087	path:one04520
one:115125372	path:one04520
one:115125499	path:one04520
one:115125830	path:one04520
one:115126347	path:one04520
one:115126633	path:one04520
one:115127112	path:one04520
one:115127363	path:one04520
one:115128230	path:one04520
one:115128246	path:one04520
one:115128360	path:one04520
one:115128370	path:one04520
one:115128452	path:one04520
one:115128487	path:one04520
one:115128604	path:one04520
one:115128719	path:one04520
one:115129479	path:one04520
one:115129607	path:one04520
one:115129632	path:one04520
one:115129808	path:one04520
one:115130182	path:one04520
one:115130252	path:one04520
one:115130376	path:one04520
one:115130378	path:one04520
one:115130722	path:one04520
one:115131044	path:one04520
one:115131331	path:one04520
one:115131520	path:one04520
one:115131545	path:one04520
one:115131599	path:one04520
one:115131626	path:one04520
one:115131640	path:one04520
one:115131733	path:one04520
one:115131753	path:one04520
one:115131934	path:one04520
one:115131981	path:one04520
one:115132214	path:one04520
one:115132318	path:one04520
one:115132326	path:one04520
one:115132366	path:one04520
one:115132372	path:one04520
one:115132453	path:one04520
one:115133510	path:one04520
one:115133751	path:one04520
one:115133977	path:one04520
one:115134267	path:one04520
one:115134379	path:one04520
one:115134480	path:one04520
one:115134836	path:one04520
one:115135479	path:one04520
one:115135534	path:one04520
one:115135776	path:one04520
one:115135955	path:one04520
one:115135980	path:one04520
one:115136059	path:one04520
one:115136184	path:one04520
one:115136938	path:one04520
one:115137525	path:one04520
one:115138041	path:one04520
one:115138361	path:one04520
one:115138621	path:one04520
one:115139232	path:one04520
one:115139250	path:one04520
one:115139431	path:one04520
one:115139501	path:one04520
one:115139520	path:one04520
one:115139549	path:one04520
one:115139555	path:one04520
one:115139688	path:one04520
one:115140013	path:one04520
one:115140044	path:one04520
one:115140291	path:one04520
one:115140776	path:one04520
one:115140780	path:one04520
one:115140798	path:one04520
one:115140949	path:one04520
one:115141657	path:one04520
one:115141811	path:one04520
one:115141941	path:one04520
one:115142603	path:one04520
one:115142782	path:one04520
one:115142822	path:one04520
one:115142855	path:one04520
one:115142895	path:one04520
one:115142965	path:one04520
one:115143004	path:one04520
one:115143242	path:one04520
one:115143367	path:one04520
one:115143463	path:one04520
one:115143474	path:one04520
one:115143868	path:one04520
one:115143988	path:one04520
one:115144157	path:one04520
one:115144239	path:one04520
one:115144251	path:one04520
one:115144254	path:one04520
one:115144455	path:one04520
one:115144459	path:one04520
one:115144480	path:one04520
one:115144766	path:one04520
one:115144786	path:one04520
one:115145195	path:one04520
one:115145247	path:one04520
one:115145267	path:one04520
one:115145273	path:one04520
one:115145620	path:one04520
one:115145827	path:one04520
one:115146104	path:one04520
one:115146354	path:one04520
one:115146758	path:one04520
one:115147030	path:one04520
one:115147056	path:one04520
one:115147070	path:one04520
one:115101044	path:one04530
one:115101055	path:one04530
one:115101056	path:one04530
one:115101074	path:one04530
one:115101138	path:one04530
one:115101285	path:one04530
one:115101386	path:one04530
one:115101828	path:one04530
one:115101948	path:one04530
one:115102051	path:one04530
one:115102189	path:one04530
one:115102233	path:one04530
one:115102341	path:one04530
one:115102359	path:one04530
one:115102395	path:one04530
one:115102399	path:one04530
one:115102496	path:one04530
one:115102512	path:one04530
one:115102514	path:one04530
one:115102517	path:one04530
one:115102597	path:one04530
one:115102695	path:one04530
one:115102824	path:one04530
one:115102894	path:one04530
one:115102911	path:one04530
one:115102936	path:one04530
one:115102979	path:one04530
one:115103014	path:one04530
one:115103145	path:one04530
one:115103146	path:one04530
one:115103193	path:one04530
one:115103209	path:one04530
one:115103261	path:one04530
one:115103291	path:one04530
one:115103299	path:one04530
one:115103503	path:one04530
one:115103705	path:one04530
one:115103860	path:one04530
one:115103903	path:one04530
one:115104281	path:one04530
one:115104339	path:one04530
one:115104341	path:one04530
one:115104519	path:one04530
one:115104573	path:one04530
one:115104898	path:one04530
one:115105096	path:one04530
one:115105170	path:one04530
one:115105190	path:one04530
one:115105237	path:one04530
one:115105255	path:one04530
one:115105278	path:one04530
one:115105285	path:one04530
one:115105296	path:one04530
one:115105299	path:one04530
one:115105420	path:one04530
one:115105478	path:one04530
one:115105492	path:one04530
one:115105586	path:one04530
one:115105735	path:one04530
one:115106030	path:one04530
one:115106037	path:one04530
one:115106318	path:one04530
one:115106409	path:one04530
one:115106706	path:one04530
one:115106772	path:one04530
one:115106831	path:one04530
one:115107549	path:one04530
one:115107587	path:one04530
one:115107619	path:one04530
one:115107688	path:one04530
one:115107737	path:one04530
one:115107756	path:one04530
one:115107903	path:one04530
one:115108113	path:one04530
one:115108242	path:one04530
one:115108263	path:one04530
one:115108285	path:one04530
one:115108486	path:one04530
one:115108698	path:one04530
one:115108700	path:one04530
one:115109050	path:one04530
one:115109216	path:one04530
one:115109238	path:one04530
one:115109382	path:one04530
one:115109657	path:one04530
one:115109658	path:one04530
one:115109667	path:one04530
one:115109686	path:one04530
one:115110319	path:one04530
one:115110462	path:one04530
one:115110594	path:one04530
one:115110680	path:one04530
one:115110683	path:one04530
one:115110752	path:one04530
one:115110826	path:one04530
one:115110984	path:one04530
one:115111016	path:one04530
one:115111558	path:one04530
one:115111715	path:one04530
one:115111741	path:one04530
one:115111896	path:one04530
one:115111904	path:one04530
one:115111933	path:one04530
one:115112011	path:one04530
one:115112032	path:one04530
one:115112096	path:one04530
one:115112174	path:one04530
one:115112276	path:one04530
one:115112284	path:one04530
one:115112370	path:one04530
one:115112873	path:one04530
one:115112895	path:one04530
one:115112996	path:one04530
one:115113211	path:one04530
one:115113308	path:one04530
one:115113414	path:one04530
one:115113449	path:one04530
one:115113563	path:one04530
one:115113578	path:one04530
one:115113643	path:one04530
one:115113658	path:one04530
one:115113664	path:one04530
one:115114004	path:one04530
one:115114034	path:one04530
one:115114070	path:one04530
one:115114090	path:one04530
one:115114165	path:one04530
one:115114209	path:one04530
one:115114276	path:one04530
one:115114347	path:one04530
one:115114349	path:one04530
one:115114493	path:one04530
one:115114535	path:one04530
one:115114580	path:one04530
one:115114614	path:one04530
one:115116118	path:one04530
one:115116369	path:one04530
one:115117014	path:one04530
one:115117146	path:one04530
one:115117279	path:one04530
one:115117342	path:one04530
one:115117386	path:one04530
one:115117529	path:one04530
one:115117588	path:one04530
one:115118035	path:one04530
one:115118070	path:one04530
one:115118152	path:one04530
one:115118186	path:one04530
one:115118270	path:one04530
one:115118419	path:one04530
one:115119043	path:one04530
one:115119289	path:one04530
one:115119366	path:one04530
one:115119601	path:one04530
one:115119921	path:one04530
one:115120118	path:one04530
one:115120136	path:one04530
one:115120157	path:one04530
one:115120489	path:one04530
one:115120700	path:one04530
one:115120717	path:one04530
one:115120893	path:one04530
one:115121030	path:one04530
one:115121052	path:one04530
one:115121316	path:one04530
one:115121327	path:one04530
one:115121338	path:one04530
one:115121355	path:one04530
one:115121849	path:one04530
one:115121919	path:one04530
one:115122316	path:one04530
one:115122343	path:one04530
one:115122379	path:one04530
one:115122381	path:one04530
one:115122609	path:one04530
one:115122707	path:one04530
one:115123275	path:one04530
one:115123448	path:one04530
one:115123786	path:one04530
one:115123805	path:one04530
one:115124333	path:one04530
one:115124368	path:one04530
one:115124429	path:one04530
one:115124611	path:one04530
one:115124757	path:one04530
one:115125198	path:one04530
one:115125233	path:one04530
one:115125234	path:one04530
one:115125277	path:one04530
one:115125303	path:one04530
one:115125372	path:one04530
one:115125698	path:one04530
one:115125732	path:one04530
one:115125741	path:one04530
one:115125943	path:one04530
one:115126803	path:one04530
one:115126953	path:one04530
one:115127363	path:one04530
one:115127704	path:one04530
one:115127966	path:one04530
one:115128074	path:one04530
one:115128130	path:one04530
one:115128194	path:one04530
one:115128308	path:one04530
one:115128360	path:one04530
one:115128500	path:one04530
one:115128512	path:one04530
one:115128525	path:one04530
one:115128757	path:one04530
one:115128865	path:one04530
one:115129206	path:one04530
one:115129419	path:one04530
one:115129454	path:one04530
one:115129556	path:one04530
one:115129610	path:one04530
one:115129620	path:one04530
one:115129692	path:one04530
one:115129696	path:one04530
one:115129726	path:one04530
one:115129770	path:one04530
one:115129782	path:one04530
one:115129817	path:one04530
one:115129982	path:one04530
one:115130170	path:one04530
one:115130174	path:one04530
one:115130338	path:one04530
one:115130376	path:one04530
one:115130458	path:one04530
one:115130493	path:one04530
one:115130519	path:one04530
one:115130555	path:one04530
one:115130645	path:one04530
one:115130675	path:one04530
one:115130821	path:one04530
one:115130901	path:one04530
one:115130971	path:one04530
one:115131334	path:one04530
one:115131495	path:one04530
one:115131504	path:one04530
one:115131599	path:one04530
one:115131640	path:one04530
one:115131694	path:one04530
one:115131699	path:one04530
one:115131954	path:one04530
one:115131981	path:one04530
one:115132043	path:one04530
one:115132140	path:one04530
one:115132214	path:one04530
one:115132318	path:one04530
one:115132326	path:one04530
one:115132366	path:one04530
one:115132370	path:one04530
one:115132453	path:one04530
one:115132468	path:one04530
one:115132503	path:one04530
one:115132592	path:one04530
one:115132613	path:one04530
one:115132747	path:one04530
one:115132997	path:one04530
one:115133137	path:one04530
one:115133405	path:one04530
one:115133476	path:one04530
one:115133525	path:one04530
one:115133527	path:one04530
one:115133547	path:one04530
one:115133604	path:one04530
one:115134100	path:one04530
one:115134284	path:one04530
one:115134448	path:one04530
one:115134611	path:one04530
one:115135084	path:one04530
one:115135111	path:one04530
one:115135222	path:one04530
one:115135343	path:one04530
one:115135410	path:one04530
one:115135435	path:one04530
one:115135436	path:one04530
one:115135686	path:one04530
one:115135748	path:one04530
one:115135952	path:one04530
one:115135980	path:one04530
one:115136008	path:one04530
one:115136059	path:one04530
one:115136131	path:one04530
one:115136133	path:one04530
one:115136183	path:one04530
one:115136189	path:one04530
one:115136213	path:one04530
one:115136218	path:one04530
one:115136391	path:one04530
one:115136672	path:one04530
one:115136686	path:one04530
one:115136782	path:one04530
one:115136783	path:one04530
one:115136784	path:one04530
one:115136786	path:one04530
one:115136788	path:one04530
one:115136789	path:one04530
one:115136938	path:one04530
one:115137139	path:one04530
one:115137517	path:one04530
one:115137604	path:one04530
one:115137615	path:one04530
one:115137945	path:one04530
one:115138026	path:one04530
one:115138056	path:one04530
one:115138206	path:one04530
one:115138392	path:one04530
one:115138621	path:one04530
one:115138727	path:one04530
one:115138852	path:one04530
one:115138925	path:one04530
one:115139077	path:one04530
one:115139155	path:one04530
one:115139232	path:one04530
one:115139310	path:one04530
one:115139354	path:one04530
one:115139431	path:one04530
one:115139480	path:one04530
one:115139544	path:one04530
one:115139555	path:one04530
one:115139664	path:one04530
one:115139781	path:one04530
one:115139868	path:one04530
one:115139995	path:one04530
one:115140033	path:one04530
one:115140193	path:one04530
one:115140206	path:one04530
one:115140522	path:one04530
one:115140780	path:one04530
one:115140897	path:one04530
one:115140953	path:one04530
one:115140996	path:one04530
one:115141048	path:one04530
one:115141053	path:one04530
one:115141219	path:one04530
one:115141278	path:one04530
one:115141477	path:one04530
one:115141657	path:one04530
one:115141790	path:one04530
one:115141794	path:one04530
one:115141795	path:one04530
one:115141796	path:one04530
one:115141797	path:one04530
one:115141798	path:one04530
one:115141895	path:one04530
one:115142181	path:one04530
one:115142394	path:one04530
one:115142397	path:one04530
one:115142433	path:one04530
one:115142439	path:one04530
one:115142441	path:one04530
one:115142490	path:one04530
one:115142491	path:one04530
one:115142708	path:one04530
one:115142782	path:one04530
one:115142855	path:one04530
one:115142895	path:one04530
one:115142965	path:one04530
one:115143004	path:one04530
one:115143076	path:one04530
one:115143077	path:one04530
one:115143078	path:one04530
one:115143085	path:one04530
one:115143151	path:one04530
one:115143168	path:one04530
one:115143176	path:one04530
one:115143228	path:one04530
one:115143242	path:one04530
one:115143320	path:one04530
one:115143338	path:one04530
one:115143463	path:one04530
one:115143474	path:one04530
one:115144005	path:one04530
one:115144077	path:one04530
one:115144106	path:one04530
one:115144206	path:one04530
one:115144239	path:one04530
one:115144254	path:one04530
one:115144448	path:one04530
one:115144498	path:one04530
one:115144548	path:one04530
one:115144686	path:one04530
one:115145046	path:one04530
one:115145089	path:one04530
one:115145274	path:one04530
one:115145278	path:one04530
one:115145287	path:one04530
one:115145482	path:one04530
one:115145962	path:one04530
one:115146104	path:one04530
one:115146331	path:one04530
one:115146680	path:one04530
one:115146758	path:one04530
one:115146824	path:one04530
one:115146836	path:one04530
one:115146838	path:one04530
one:115146839	path:one04530
one:115146840	path:one04530
one:115146841	path:one04530
one:115146843	path:one04530
one:115146844	path:one04530
one:115146958	path:one04530
one:115147081	path:one04530
one:115147082	path:one04530
one:115147083	path:one04530
one:115147084	path:one04530
one:115147117	path:one04530
one:115147121	path:one04530
one:115147124	path:one04530
one:115101055	path:one04540
one:115101056	path:one04540
one:115101464	path:one04540
one:115102160	path:one04540
one:115102399	path:one04540
one:115102496	path:one04540
one:115102512	path:one04540
one:115102514	path:one04540
one:115102673	path:one04540
one:115102928	path:one04540
one:115102979	path:one04540
one:115102992	path:one04540
one:115102997	path:one04540
one:115103712	path:one04540
one:115103831	path:one04540
one:115103872	path:one04540
one:115103977	path:one04540
one:115104286	path:one04540
one:115104337	path:one04540
one:115104338	path:one04540
one:115104341	path:one04540
one:115104890	path:one04540
one:115105125	path:one04540
one:115105242	path:one04540
one:115105682	path:one04540
one:115105943	path:one04540
one:115106030	path:one04540
one:115106037	path:one04540
one:115106350	path:one04540
one:115106654	path:one04540
one:115107333	path:one04540
one:115107502	path:one04540
one:115107503	path:one04540
one:115107723	path:one04540
one:115108024	path:one04540
one:115108031	path:one04540
one:115108060	path:one04540
one:115108309	path:one04540
one:115108339	path:one04540
one:115108534	path:one04540
one:115109030	path:one04540
one:115109509	path:one04540
one:115109538	path:one04540
one:115109544	path:one04540
one:115109547	path:one04540
one:115110004	path:one04540
one:115110639	path:one04540
one:115110765	path:one04540
one:115111353	path:one04540
one:115111450	path:one04540
one:115111625	path:one04540
one:115112174	path:one04540
one:115112487	path:one04540
one:115112547	path:one04540
one:115112550	path:one04540
one:115112864	path:one04540
one:115113075	path:one04540
one:115113171	path:one04540
one:115113193	path:one04540
one:115113223	path:one04540
one:115113268	path:one04540
one:115113578	path:one04540
one:115113769	path:one04540
one:115114051	path:one04540
one:115114513	path:one04540
one:115114521	path:one04540
one:115114535	path:one04540
one:115114592	path:one04540
one:115114736	path:one04540
one:115114784	path:one04540
one:115115322	path:one04540
one:115117066	path:one04540
one:115117279	path:one04540
one:115117342	path:one04540
one:115117655	path:one04540
one:115117821	path:one04540
one:115118553	path:one04540
one:115118920	path:one04540
one:115119294	path:one04540
one:115119771	path:one04540
one:115120056	path:one04540
one:115120161	path:one04540
one:115120219	path:one04540
one:115120284	path:one04540
one:115121548	path:one04540
one:115122392	path:one04540
one:115123347	path:one04540
one:115123485	path:one04540
one:115124048	path:one04540
one:115125018	path:one04540
one:115125070	path:one04540
one:115125303	path:one04540
one:115125364	path:one04540
one:115126262	path:one04540
one:115126762	path:one04540
one:115126873	path:one04540
one:115128374	path:one04540
one:115128595	path:one04540
one:115129161	path:one04540
one:115129341	path:one04540
one:115129376	path:one04540
one:115129551	path:one04540
one:115129618	path:one04540
one:115129705	path:one04540
one:115129805	path:one04540
one:115130118	path:one04540
one:115130182	path:one04540
one:115130428	path:one04540
one:115130536	path:one04540
one:115130603	path:one04540
one:115130813	path:one04540
one:115131201	path:one04540
one:115131622	path:one04540
one:115131798	path:one04540
one:115131882	path:one04540
one:115131919	path:one04540
one:115131939	path:one04540
one:115132043	path:one04540
one:115132159	path:one04540
one:115132370	path:one04540
one:115132453	path:one04540
one:115132468	path:one04540
one:115132538	path:one04540
one:115132987	path:one04540
one:115133302	path:one04540
one:115133479	path:one04540
one:115133750	path:one04540
one:115134100	path:one04540
one:115134115	path:one04540
one:115134119	path:one04540
one:115134127	path:one04540
one:115134169	path:one04540
one:115134368	path:one04540
one:115135037	path:one04540
one:115135103	path:one04540
one:115135178	path:one04540
one:115135457	path:one04540
one:115135480	path:one04540
one:115136153	path:one04540
one:115136219	path:one04540
one:115136455	path:one04540
one:115137129	path:one04540
one:115137202	path:one04540
one:115137233	path:one04540
one:115137234	path:one04540
one:115137636	path:one04540
one:115138441	path:one04540
one:115138594	path:one04540
one:115138636	path:one04540
one:115138749	path:one04540
one:115139274	path:one04540
one:115139298	path:one04540
one:115139332	path:one04540
one:115139447	path:one04540
one:115139544	path:one04540
one:115139615	path:one04540
one:115139783	path:one04540
one:115139866	path:one04540
one:115140088	path:one04540
one:115140382	path:one04540
one:115140388	path:one04540
one:115140944	path:one04540
one:115141048	path:one04540
one:115141053	path:one04540
one:115141418	path:one04540
one:115141482	path:one04540
one:115141648	path:one04540
one:115142063	path:one04540
one:115142226	path:one04540
one:115142270	path:one04540
one:115142360	path:one04540
one:115142448	path:one04540
one:115142668	path:one04540
one:115142855	path:one04540
one:115143076	path:one04540
one:115143077	path:one04540
one:115143078	path:one04540
one:115143109	path:one04540
one:115143141	path:one04540
one:115143191	path:one04540
one:115143394	path:one04540
one:115143511	path:one04540
one:115144061	path:one04540
one:115144239	path:one04540
one:115144268	path:one04540
one:115144888	path:one04540
one:115144916	path:one04540
one:115145127	path:one04540
one:115145247	path:one04540
one:115145808	path:one04540
one:115145920	path:one04540
one:115146083	path:one04540
one:115146133	path:one04540
one:115146565	path:one04540
one:115101042	path:one04620
one:115101587	path:one04620
one:115101983	path:one04620
one:115102158	path:one04620
one:115102483	path:one04620
one:115102640	path:one04620
one:115102646	path:one04620
one:115102767	path:one04620
one:115102907	path:one04620
one:115102911	path:one04620
one:115102987	path:one04620
one:115103245	path:one04620
one:115103316	path:one04620
one:115103336	path:one04620
one:115103589	path:one04620
one:115103591	path:one04620
one:115103592	path:one04620
one:115103843	path:one04620
one:115103883	path:one04620
one:115103964	path:one04620
one:115103983	path:one04620
one:115104241	path:one04620
one:115104691	path:one04620
one:115104921	path:one04620
one:115105104	path:one04620
one:115105225	path:one04620
one:115105636	path:one04620
one:115106306	path:one04620
one:115106409	path:one04620
one:115106499	path:one04620
one:115106665	path:one04620
one:115106747	path:one04620
one:115106755	path:one04620
one:115106895	path:one04620
one:115107039	path:one04620
one:115107040	path:one04620
one:115107605	path:one04620
one:115107660	path:one04620
one:115107680	path:one04620
one:115107828	path:one04620
one:115107835	path:one04620
one:115108041	path:one04620
one:115108180	path:one04620
one:115108294	path:one04620
one:115108309	path:one04620
one:115108455	path:one04620
one:115108486	path:one04620
one:115108660	path:one04620
one:115108891	path:one04620
one:115109150	path:one04620
one:115109425	path:one04620
one:115109512	path:one04620
one:115109568	path:one04620
one:115109851	path:one04620
one:115109852	path:one04620
one:115109853	path:one04620
one:115109854	path:one04620
one:115109855	path:one04620
one:115110004	path:one04620
one:115110134	path:one04620
one:115110135	path:one04620
one:115110136	path:one04620
one:115110137	path:one04620
one:115110138	path:one04620
one:115110139	path:one04620
one:115110140	path:one04620
one:115110142	path:one04620
one:115110554	path:one04620
one:115110624	path:one04620
one:115110625	path:one04620
one:115110626	path:one04620
one:115110714	path:one04620
one:115110735	path:one04620
one:115110858	path:one04620
one:115111931	path:one04620
one:115111959	path:one04620
one:115112007	path:one04620
one:115112090	path:one04620
one:115112404	path:one04620
one:115112795	path:one04620
one:115112873	path:one04620
one:115112972	path:one04620
one:115113414	path:one04620
one:115113421	path:one04620
one:115113533	path:one04620
one:115113542	path:one04620
one:115113685	path:one04620
one:115114115	path:one04620
one:115114142	path:one04620
one:115114221	path:one04620
one:115114526	path:one04620
one:115114614	path:one04620
one:115114621	path:one04620
one:115114686	path:one04620
one:115114693	path:one04620
one:115114736	path:one04620
one:115115548	path:one04620
one:115116546	path:one04620
one:115116789	path:one04620
one:115116793	path:one04620
one:115117100	path:one04620
one:115117458	path:one04620
one:115117812	path:one04620
one:115117991	path:one04620
one:115118936	path:one04620
one:115118998	path:one04620
one:115118999	path:one04620
one:115119066	path:one04620
one:115119504	path:one04620
one:115119601	path:one04620
one:115119721	path:one04620
one:115119806	path:one04620
one:115121421	path:one04620
one:115121927	path:one04620
one:115121957	path:one04620
one:115121977	path:one04620
one:115123178	path:one04620
one:115125089	path:one04620
one:115125288	path:one04620
one:115125290	path:one04620
one:115125372	path:one04620
one:115126380	path:one04620
one:115126882	path:one04620
one:115128074	path:one04620
one:115128126	path:one04620
one:115128757	path:one04620
one:115128854	path:one04620
one:115129126	path:one04620
one:115129372	path:one04620
one:115129673	path:one04620
one:115130148	path:one04620
one:115130447	path:one04620
one:115130519	path:one04620
one:115130588	path:one04620
one:115130601	path:one04620
one:115132056	path:one04620
one:115132207	path:one04620
one:115132442	path:one04620
one:115132526	path:one04620
one:115133058	path:one04620
one:115133059	path:one04620
one:115133223	path:one04620
one:115133625	path:one04620
one:115133756	path:one04620
one:115133971	path:one04620
one:115133986	path:one04620
one:115134093	path:one04620
one:115134162	path:one04620
one:115134366	path:one04620
one:115134409	path:one04620
one:115135343	path:one04620
one:115135352	path:one04620
one:115135438	path:one04620
one:115135470	path:one04620
one:115136593	path:one04620
one:115136609	path:one04620
one:115136661	path:one04620
one:115137327	path:one04620
one:115137632	path:one04620
one:115138159	path:one04620
one:115138361	path:one04620
one:115138454	path:one04620
one:115138513	path:one04620
one:115138514	path:one04620
one:115138660	path:one04620
one:115138681	path:one04620
one:115138873	path:one04620
one:115138875	path:one04620
one:115139339	path:one04620
one:115139492	path:one04620
one:115139520	path:one04620
one:115139653	path:one04620
one:115140184	path:one04620
one:115141061	path:one04620
one:115141066	path:one04620
one:115141974	path:one04620
one:115141982	path:one04620
one:115142004	path:one04620
one:115142156	path:one04620
one:115142490	path:one04620
one:115142491	path:one04620
one:115143174	path:one04620
one:115143529	path:one04620
one:115143915	path:one04620
one:115144005	path:one04620
one:115144141	path:one04620
one:115144254	path:one04620
one:115144345	path:one04620
one:115144798	path:one04620
one:115144888	path:one04620
one:115145247	path:one04620
one:115145315	path:one04620
one:115145341	path:one04620
one:115145482	path:one04620
one:115146031	path:one04620
one:115146050	path:one04620
one:115146263	path:one04620
one:115146354	path:one04620
one:115146645	path:one04620
one:115146824	path:one04620
one:115146827	path:one04620
one:115147159	path:one04620
one:115101153	path:one04621
one:115101198	path:one04621
one:115101302	path:one04621
one:115101947	path:one04621
one:115102189	path:one04621
one:115102233	path:one04621
one:115102369	path:one04621
one:115102436	path:one04621
one:115102442	path:one04621
one:115102640	path:one04621
one:115102646	path:one04621
one:115102761	path:one04621
one:115102767	path:one04621
one:115102911	path:one04621
one:115102982	path:one04621
one:115102987	path:one04621
one:115103011	path:one04621
one:115103013	path:one04621
one:115103070	path:one04621
one:115103286	path:one04621
one:115103310	path:one04621
one:115103336	path:one04621
one:115103574	path:one04621
one:115103589	path:one04621
one:115103591	path:one04621
one:115103592	path:one04621
one:115103685	path:one04621
one:115103970	path:one04621
one:115104241	path:one04621
one:115104491	path:one04621
one:115104895	path:one04621
one:115104920	path:one04621
one:115104921	path:one04621
one:115105281	path:one04621
one:115105335	path:one04621
one:115105636	path:one04621
one:115105803	path:one04621
one:115105911	path:one04621
one:115105974	path:one04621
one:115106403	path:one04621
one:115106409	path:one04621
one:115106499	path:one04621
one:115106665	path:one04621
one:115106747	path:one04621
one:115106755	path:one04621
one:115106959	path:one04621
one:115107039	path:one04621
one:115107040	path:one04621
one:115107502	path:one04621
one:115107503	path:one04621
one:115107603	path:one04621
one:115107605	path:one04621
one:115107660	path:one04621
one:115107680	path:one04621
one:115107885	path:one04621
one:115107965	path:one04621
one:115107966	path:one04621
one:115108041	path:one04621
one:115108065	path:one04621
one:115108080	path:one04621
one:115108486	path:one04621
one:115108525	path:one04621
one:115108660	path:one04621
one:115108786	path:one04621
one:115109039	path:one04621
one:115109054	path:one04621
one:115109284	path:one04621
one:115109316	path:one04621
one:115109419	path:one04621
one:115109425	path:one04621
one:115109452	path:one04621
one:115109512	path:one04621
one:115109547	path:one04621
one:115109568	path:one04621
one:115109697	path:one04621
one:115109851	path:one04621
one:115109852	path:one04621
one:115109853	path:one04621
one:115109854	path:one04621
one:115109855	path:one04621
one:115110004	path:one04621
one:115110134	path:one04621
one:115110135	path:one04621
one:115110136	path:one04621
one:115110137	path:one04621
one:115110138	path:one04621
one:115110139	path:one04621
one:115110140	path:one04621
one:115110142	path:one04621
one:115110554	path:one04621
one:115110586	path:one04621
one:115110592	path:one04621
one:115110624	path:one04621
one:115110625	path:one04621
one:115110626	path:one04621
one:115110858	path:one04621
one:115111008	path:one04621
one:115111322	path:one04621
one:115111589	path:one04621
one:115111724	path:one04621
one:115111813	path:one04621
one:115111931	path:one04621
one:115111952	path:one04621
one:115112090	path:one04621
one:115112360	path:one04621
one:115112380	path:one04621
one:115112777	path:one04621
one:115112795	path:one04621
one:115112956	path:one04621
one:115113103	path:one04621
one:115113414	path:one04621
one:115113996	path:one04621
one:115114076	path:one04621
one:115114115	path:one04621
one:115114150	path:one04621
one:115114174	path:one04621
one:115114258	path:one04621
one:115114438	path:one04621
one:115114494	path:one04621
one:115114526	path:one04621
one:115114614	path:one04621
one:115114686	path:one04621
one:115114693	path:one04621
one:115114718	path:one04621
one:115114861	path:one04621
one:115115548	path:one04621
one:115115756	path:one04621
one:115115916	path:one04621
one:115116194	path:one04621
one:115116225	path:one04621
one:115116231	path:one04621
one:115116497	path:one04621
one:115116546	path:one04621
one:115117100	path:one04621
one:115117358	path:one04621
one:115117380	path:one04621
one:115117448	path:one04621
one:115117458	path:one04621
one:115117655	path:one04621
one:115117812	path:one04621
one:115117826	path:one04621
one:115117991	path:one04621
one:115118312	path:one04621
one:115118567	path:one04621
one:115118688	path:one04621
one:115119078	path:one04621
one:115119601	path:one04621
one:115119721	path:one04621
one:115119806	path:one04621
one:115120084	path:one04621
one:115120518	path:one04621
one:115120755	path:one04621
one:115121372	path:one04621
one:115121526	path:one04621
one:115121720	path:one04621
one:115121787	path:one04621
one:115121927	path:one04621
one:115121957	path:one04621
one:115122135	path:one04621
one:115122285	path:one04621
one:115122470	path:one04621
one:115122481	path:one04621
one:115122608	path:one04621
one:115124246	path:one04621
one:115124463	path:one04621
one:115124851	path:one04621
one:115125070	path:one04621
one:115125924	path:one04621
one:115126239	path:one04621
one:115126380	path:one04621
one:115126882	path:one04621
one:115127289	path:one04621
one:115127363	path:one04621
one:115127796	path:one04621
one:115128074	path:one04621
one:115128493	path:one04621
one:115128757	path:one04621
one:115128854	path:one04621
one:115129239	path:one04621
one:115129281	path:one04621
one:115129372	path:one04621
one:115129673	path:one04621
one:115130148	path:one04621
one:115130155	path:one04621
one:115130175	path:one04621
one:115130519	path:one04621
one:115130601	path:one04621
one:115131028	path:one04621
one:115131190	path:one04621
one:115131208	path:one04621
one:115131511	path:one04621
one:115131981	path:one04621
one:115132053	path:one04621
one:115132056	path:one04621
one:115132136	path:one04621
one:115132159	path:one04621
one:115132214	path:one04621
one:115132526	path:one04621
one:115133058	path:one04621
one:115133059	path:one04621
one:115133159	path:one04621
one:115133177	path:one04621
one:115133302	path:one04621
one:115133433	path:one04621
one:115133539	path:one04621
one:115133540	path:one04621
one:115133542	path:one04621
one:115133543	path:one04621
one:115133616	path:one04621
one:115133625	path:one04621
one:115133756	path:one04621
one:115133971	path:one04621
one:115133986	path:one04621
one:115134093	path:one04621
one:115134115	path:one04621
one:115134162	path:one04621
one:115134241	path:one04621
one:115134394	path:one04621
one:115134409	path:one04621
one:115134971	path:one04621
one:115135139	path:one04621
one:115135334	path:one04621
one:115135343	path:one04621
one:115135424	path:one04621
one:115135470	path:one04621
one:115135664	path:one04621
one:115135793	path:one04621
one:115135980	path:one04621
one:115136074	path:one04621
one:115136186	path:one04621
one:115136852	path:one04621
one:115136855	path:one04621
one:115137001	path:one04621
one:115137182	path:one04621
one:115137202	path:one04621
one:115137504	path:one04621
one:115137906	path:one04621
one:115137955	path:one04621
one:115138072	path:one04621
one:115138121	path:one04621
one:115138144	path:one04621
one:115138159	path:one04621
one:115138361	path:one04621
one:115138441	path:one04621
one:115138513	path:one04621
one:115138594	path:one04621
one:115138660	path:one04621
one:115138681	path:one04621
one:115138873	path:one04621
one:115138875	path:one04621
one:115139312	path:one04621
one:115139492	path:one04621
one:115139520	path:one04621
one:115139653	path:one04621
one:115139654	path:one04621
one:115139751	path:one04621
one:115139906	path:one04621
one:115140023	path:one04621
one:115140030	path:one04621
one:115140183	path:one04621
one:115140184	path:one04621
one:115140382	path:one04621
one:115140388	path:one04621
one:115140802	path:one04621
one:115140905	path:one04621
one:115141040	path:one04621
one:115141500	path:one04621
one:115141591	path:one04621
one:115141735	path:one04621
one:115142041	path:one04621
one:115142061	path:one04621
one:115142183	path:one04621
one:115142479	path:one04621
one:115142635	path:one04621
one:115142895	path:one04621
one:115142965	path:one04621
one:115143025	path:one04621
one:115143109	path:one04621
one:115143158	path:one04621
one:115143174	path:one04621
one:115143310	path:one04621
one:115143328	path:one04621
one:115143375	path:one04621
one:115143394	path:one04621
one:115143529	path:one04621
one:115143581	path:one04621
one:115143915	path:one04621
one:115144005	path:one04621
one:115144010	path:one04621
one:115144332	path:one04621
one:115144463	path:one04621
one:115144798	path:one04621
one:115145247	path:one04621
one:115145300	path:one04621
one:115145341	path:one04621
one:115145482	path:one04621
one:115145893	path:one04621
one:115146031	path:one04621
one:115146050	path:one04621
one:115146133	path:one04621
one:115146354	path:one04621
one:115146525	path:one04621
one:115146824	path:one04621
one:115147154	path:one04621
one:115147161	path:one04621
one:115101153	path:one04622
one:115101587	path:one04622
one:115101654	path:one04622
one:115101968	path:one04622
one:115102640	path:one04622
one:115102646	path:one04622
one:115102767	path:one04622
one:115102987	path:one04622
one:115103589	path:one04622
one:115103591	path:one04622
one:115103592	path:one04622
one:115103685	path:one04622
one:115103821	path:one04622
one:115104123	path:one04622
one:115105225	path:one04622
one:115105636	path:one04622
one:115106409	path:one04622
one:115106467	path:one04622
one:115106499	path:one04622
one:115106665	path:one04622
one:115106747	path:one04622
one:115106755	path:one04622
one:115107039	path:one04622
one:115107040	path:one04622
one:115107605	path:one04622
one:115107660	path:one04622
one:115108525	path:one04622
one:115109425	path:one04622
one:115109512	path:one04622
one:115109568	path:one04622
one:115109851	path:one04622
one:115109852	path:one04622
one:115109853	path:one04622
one:115109854	path:one04622
one:115109855	path:one04622
one:115110134	path:one04622
one:115110135	path:one04622
one:115110136	path:one04622
one:115110137	path:one04622
one:115110138	path:one04622
one:115110139	path:one04622
one:115110140	path:one04622
one:115110142	path:one04622
one:115110161	path:one04622
one:115110278	path:one04622
one:115110624	path:one04622
one:115110625	path:one04622
one:115110626	path:one04622
one:115110858	path:one04622
one:115111813	path:one04622
one:115111952	path:one04622
one:115111959	path:one04622
one:115112090	path:one04622
one:115112296	path:one04622
one:115112333	path:one04622
one:115112795	path:one04622
one:115113392	path:one04622
one:115113414	path:one04622
one:115113608	path:one04622
one:115114526	path:one04622
one:115114686	path:one04622
one:115114693	path:one04622
one:115116546	path:one04622
one:115117991	path:one04622
one:115118152	path:one04622
one:115119397	path:one04622
one:115119504	path:one04622
one:115119601	path:one04622
one:115119721	path:one04622
one:115121372	path:one04622
one:115121927	path:one04622
one:115121957	path:one04622
one:115122470	path:one04622
one:115122481	path:one04622
one:115123629	path:one04622
one:115124133	path:one04622
one:115125924	path:one04622
one:115125930	path:one04622
one:115126882	path:one04622
one:115128126	path:one04622
one:115128757	path:one04622
one:115129126	path:one04622
one:115129372	path:one04622
one:115130519	path:one04622
one:115130601	path:one04622
one:115132056	path:one04622
one:115132152	path:one04622
one:115132229	path:one04622
one:115132526	path:one04622
one:115133058	path:one04622
one:115133059	path:one04622
one:115133625	path:one04622
one:115133756	path:one04622
one:115134093	path:one04622
one:115134162	path:one04622
one:115135343	path:one04622
one:115135470	path:one04622
one:115137632	path:one04622
one:115137908	path:one04622
one:115138159	path:one04622
one:115138361	path:one04622
one:115138660	path:one04622
one:115138681	path:one04622
one:115138873	path:one04622
one:115138875	path:one04622
one:115139520	path:one04622
one:115139653	path:one04622
one:115140184	path:one04622
one:115141040	path:one04622
one:115141500	path:one04622
one:115142156	path:one04622
one:115142612	path:one04622
one:115143368	path:one04622
one:115143529	path:one04622
one:115143581	path:one04622
one:115143760	path:one04622
one:115143915	path:one04622
one:115144005	path:one04622
one:115144059	path:one04622
one:115144120	path:one04622
one:115144519	path:one04622
one:115145607	path:one04622
one:115146031	path:one04622
one:115146050	path:one04622
one:115146354	path:one04622
one:115146824	path:one04622
one:115147124	path:one04622
one:115147161	path:one04622
one:115101020	path:one04623
one:115101994	path:one04623
one:115102767	path:one04623
one:115102987	path:one04623
one:115103016	path:one04623
one:115103589	path:one04623
one:115103591	path:one04623
one:115103592	path:one04623
one:115104207	path:one04623
one:115104274	path:one04623
one:115104311	path:one04623
one:115106499	path:one04623
one:115106665	path:one04623
one:115106747	path:one04623
one:115106755	path:one04623
one:115107605	path:one04623
one:115108844	path:one04623
one:115109240	path:one04623
one:115109425	path:one04623
one:115109452	path:one04623
one:115109512	path:one04623
one:115109851	path:one04623
one:115109852	path:one04623
one:115109853	path:one04623
one:115109854	path:one04623
one:115109855	path:one04623
one:115110134	path:one04623
one:115110135	path:one04623
one:115110136	path:one04623
one:115110137	path:one04623
one:115110138	path:one04623
one:115110139	path:one04623
one:115110140	path:one04623
one:115110142	path:one04623
one:115110352	path:one04623
one:115110418	path:one04623
one:115110432	path:one04623
one:115110513	path:one04623
one:115110858	path:one04623
one:115111603	path:one04623
one:115111788	path:one04623
one:115111931	path:one04623
one:115112090	path:one04623
one:115112431	path:one04623
one:115112699	path:one04623
one:115112795	path:one04623
one:115112932	path:one04623
one:115113244	path:one04623
one:115113716	path:one04623
one:115114526	path:one04623
one:115114693	path:one04623
one:115114708	path:one04623
one:115114718	path:one04623
one:115114979	path:one04623
one:115115318	path:one04623
one:115115548	path:one04623
one:115115872	path:one04623
one:115116890	path:one04623
one:115117458	path:one04623
one:115117812	path:one04623
one:115118827	path:one04623
one:115119162	path:one04623
one:115119721	path:one04623
one:115119806	path:one04623
one:115120341	path:one04623
one:115121027	path:one04623
one:115121927	path:one04623
one:115122470	path:one04623
one:115122503	path:one04623
one:115122788	path:one04623
one:115124133	path:one04623
one:115125924	path:one04623
one:115126882	path:one04623
one:115127689	path:one04623
one:115128494	path:one04623
one:115128662	path:one04623
one:115128854	path:one04623
one:115128993	path:one04623
one:115129259	path:one04623
one:115129372	path:one04623
one:115130601	path:one04623
one:115131684	path:one04623
one:115132726	path:one04623
one:115133625	path:one04623
one:115134101	path:one04623
one:115134162	path:one04623
one:115134366	path:one04623
one:115134444	path:one04623
one:115135136	path:one04623
one:115136855	path:one04623
one:115137223	path:one04623
one:115137906	path:one04623
one:115138159	path:one04623
one:115138660	path:one04623
one:115139653	path:one04623
one:115139713	path:one04623
one:115140045	path:one04623
one:115140184	path:one04623
one:115140980	path:one04623
one:115141111	path:one04623
one:115141735	path:one04623
one:115142061	path:one04623
one:115142685	path:one04623
one:115143915	path:one04623
one:115143950	path:one04623
one:115144582	path:one04623
one:115144820	path:one04623
one:115145810	path:one04623
one:115146050	path:one04623
one:115101315	path:one04625
one:115101528	path:one04625
one:115101587	path:one04625
one:115101756	path:one04625
one:115102048	path:one04625
one:115102189	path:one04625
one:115102233	path:one04625
one:115102493	path:one04625
one:115102496	path:one04625
one:115102581	path:one04625
one:115102640	path:one04625
one:115102646	path:one04625
one:115102767	path:one04625
one:115102796	path:one04625
one:115102907	path:one04625
one:115102911	path:one04625
one:115103092	path:one04625
one:115103206	path:one04625
one:115103245	path:one04625
one:115103316	path:one04625
one:115103843	path:one04625
one:115103864	path:one04625
one:115103883	path:one04625
one:115103908	path:one04625
one:115104159	path:one04625
one:115104759	path:one04625
one:115104921	path:one04625
one:115105225	path:one04625
one:115105275	path:one04625
one:115105636	path:one04625
one:115105770	path:one04625
one:115106182	path:one04625
one:115106409	path:one04625
one:115106439	path:one04625
one:115106499	path:one04625
one:115106755	path:one04625
one:115106824	path:one04625
one:115107039	path:one04625
one:115107040	path:one04625
one:115107605	path:one04625
one:115107835	path:one04625
one:115107900	path:one04625
one:115108041	path:one04625
one:115108180	path:one04625
one:115108235	path:one04625
one:115108245	path:one04625
one:115108455	path:one04625
one:115108486	path:one04625
one:115108880	path:one04625
one:115109150	path:one04625
one:115109334	path:one04625
one:115109425	path:one04625
one:115109426	path:one04625
one:115109509	path:one04625
one:115109544	path:one04625
one:115109547	path:one04625
one:115109568	path:one04625
one:115109641	path:one04625
one:115109983	path:one04625
one:115110004	path:one04625
one:115110180	path:one04625
one:115110305	path:one04625
one:115111322	path:one04625
one:115111406	path:one04625
one:115111579	path:one04625
one:115111795	path:one04625
one:115111931	path:one04625
one:115111959	path:one04625
one:115112007	path:one04625
one:115112387	path:one04625
one:115112448	path:one04625
one:115112562	path:one04625
one:115112686	path:one04625
one:115113290	path:one04625
one:115113332	path:one04625
one:115113414	path:one04625
one:115114142	path:one04625
one:115114221	path:one04625
one:115114277	path:one04625
one:115114415	path:one04625
one:115114599	path:one04625
one:115114614	path:one04625
one:115114621	path:one04625
one:115114649	path:one04625
one:115114657	path:one04625
one:115114686	path:one04625
one:115114693	path:one04625
one:115114718	path:one04625
one:115115548	path:one04625
one:115116062	path:one04625
one:115116546	path:one04625
one:115117320	path:one04625
one:115117458	path:one04625
one:115117655	path:one04625
one:115117812	path:one04625
one:115117893	path:one04625
one:115118188	path:one04625
one:115118791	path:one04625
one:115119026	path:one04625
one:115119397	path:one04625
one:115119504	path:one04625
one:115119601	path:one04625
one:115119721	path:one04625
one:115119806	path:one04625
one:115121421	path:one04625
one:115121927	path:one04625
one:115121957	path:one04625
one:115122049	path:one04625
one:115123431	path:one04625
one:115124215	path:one04625
one:115124292	path:one04625
one:115124638	path:one04625
one:115125089	path:one04625
one:115125355	path:one04625
one:115125930	path:one04625
one:115126103	path:one04625
one:115126322	path:one04625
one:115127363	path:one04625
one:115127376	path:one04625
one:115128074	path:one04625
one:115128126	path:one04625
one:115128259	path:one04625
one:115128757	path:one04625
one:115128854	path:one04625
one:115129126	path:one04625
one:115129372	path:one04625
one:115129673	path:one04625
one:115129686	path:one04625
one:115130148	path:one04625
one:115130519	path:one04625
one:115130601	path:one04625
one:115131078	path:one04625
one:115131822	path:one04625
one:115131842	path:one04625
one:115131882	path:one04625
one:115131981	path:one04625
one:115132056	path:one04625
one:115132062	path:one04625
one:115132159	path:one04625
one:115132207	path:one04625
one:115132214	path:one04625
one:115132452	path:one04625
one:115132453	path:one04625
one:115132526	path:one04625
one:115133058	path:one04625
one:115133059	path:one04625
one:115133509	path:one04625
one:115133564	path:one04625
one:115133625	path:one04625
one:115133651	path:one04625
one:115133971	path:one04625
one:115133986	path:one04625
one:115133996	path:one04625
one:115134093	path:one04625
one:115134115	path:one04625
one:115134119	path:one04625
one:115134169	path:one04625
one:115134234	path:one04625
one:115134548	path:one04625
one:115135251	path:one04625
one:115135343	path:one04625
one:115135438	path:one04625
one:115135470	path:one04625
one:115135519	path:one04625
one:115135655	path:one04625
one:115135720	path:one04625
one:115135980	path:one04625
one:115136092	path:one04625
one:115136192	path:one04625
one:115136512	path:one04625
one:115136526	path:one04625
one:115136593	path:one04625
one:115136609	path:one04625
one:115136644	path:one04625
one:115136855	path:one04625
one:115137086	path:one04625
one:115137091	path:one04625
one:115137120	path:one04625
one:115137202	path:one04625
one:115137632	path:one04625
one:115137783	path:one04625
one:115137908	path:one04625
one:115138040	path:one04625
one:115138109	path:one04625
one:115138121	path:one04625
one:115138159	path:one04625
one:115138454	path:one04625
one:115138513	path:one04625
one:115138654	path:one04625
one:115138660	path:one04625
one:115139151	path:one04625
one:115139339	path:one04625
one:115139653	path:one04625
one:115139751	path:one04625
one:115140019	path:one04625
one:115140184	path:one04625
one:115140258	path:one04625
one:115140382	path:one04625
one:115140831	path:one04625
one:115141377	path:one04625
one:115141455	path:one04625
one:115141492	path:one04625
one:115141523	path:one04625
one:115141735	path:one04625
one:115141749	path:one04625
one:115141928	path:one04625
one:115141974	path:one04625
one:115141982	path:one04625
one:115142061	path:one04625
one:115142156	path:one04625
one:115142855	path:one04625
one:115142895	path:one04625
one:115142965	path:one04625
one:115143109	path:one04625
one:115143158	path:one04625
one:115143174	path:one04625
one:115143328	path:one04625
one:115143368	path:one04625
one:115143394	path:one04625
one:115143529	path:one04625
one:115143915	path:one04625
one:115144005	path:one04625
one:115144223	path:one04625
one:115144239	path:one04625
one:115144345	path:one04625
one:115145229	path:one04625
one:115145247	path:one04625
one:115145304	path:one04625
one:115145315	path:one04625
one:115145482	path:one04625
one:115145607	path:one04625
one:115146050	path:one04625
one:115146058	path:one04625
one:115146263	path:one04625
one:115146824	path:one04625
one:115146827	path:one04625
one:115147159	path:one04625
one:115101394	path:one04672
one:115101728	path:one04672
one:115102483	path:one04672
one:115103379	path:one04672
one:115104159	path:one04672
one:115104370	path:one04672
one:115105200	path:one04672
one:115105325	path:one04672
one:115105326	path:one04672
one:115106418	path:one04672
one:115106439	path:one04672
one:115108096	path:one04672
one:115108247	path:one04672
one:115109221	path:one04672
one:115110305	path:one04672
one:115111418	path:one04672
one:115111693	path:one04672
one:115111860	path:one04672
one:115113420	path:one04672
one:115114008	path:one04672
one:115114253	path:one04672
one:115114691	path:one04672
one:115116045	path:one04672
one:115117072	path:one04672
one:115117076	path:one04672
one:115117077	path:one04672
one:115117812	path:one04672
one:115118967	path:one04672
one:115119427	path:one04672
one:115119802	path:one04672
one:115119806	path:one04672
one:115122049	path:one04672
one:115123178	path:one04672
one:115123389	path:one04672
one:115123390	path:one04672
one:115125957	path:one04672
one:115127180	path:one04672
one:115127579	path:one04672
one:115128845	path:one04672
one:115129622	path:one04672
one:115130330	path:one04672
one:115132442	path:one04672
one:115133090	path:one04672
one:115134325	path:one04672
one:115134334	path:one04672
one:115134628	path:one04672
one:115135112	path:one04672
one:115135113	path:one04672
one:115135115	path:one04672
one:115135116	path:one04672
one:115135349	path:one04672
one:115135570	path:one04672
one:115138692	path:one04672
one:115139744	path:one04672
one:115142004	path:one04672
one:115143180	path:one04672
one:115143999	path:one04672
one:115144194	path:one04672
one:115145580	path:one04672
one:115101315	path:one04744
one:115101465	path:one04744
one:115102052	path:one04744
one:115102273	path:one04744
one:115102324	path:one04744
one:115103369	path:one04744
one:115105619	path:one04744
one:115105887	path:one04744
one:115106314	path:one04744
one:115106328	path:one04744
one:115106809	path:one04744
one:115107900	path:one04744
one:115109609	path:one04744
one:115110729	path:one04744
one:115110730	path:one04744
one:115111953	path:one04744
one:115112387	path:one04744
one:115112976	path:one04744
one:115113152	path:one04744
one:115113332	path:one04744
one:115113454	path:one04744
one:115114103	path:one04744
one:115114827	path:one04744
one:115115743	path:one04744
one:115117227	path:one04744
one:115117645	path:one04744
one:115117685	path:one04744
one:115117854	path:one04744
one:115123114	path:one04744
one:115123877	path:one04744
one:115124272	path:one04744
one:115125918	path:one04744
one:115126772	path:one04744
one:115127211	path:one04744
one:115128707	path:one04744
one:115128709	path:one04744
one:115128997	path:one04744
one:115129314	path:one04744
one:115131853	path:one04744
one:115132255	path:one04744
one:115132540	path:one04744
one:115132692	path:one04744
one:115133698	path:one04744
one:115134038	path:one04744
one:115134548	path:one04744
one:115135251	path:one04744
one:115135655	path:one04744
one:115135839	path:one04744
one:115136250	path:one04744
one:115136367	path:one04744
one:115136628	path:one04744
one:115136915	path:one04744
one:115137086	path:one04744
one:115137181	path:one04744
one:115137251	path:one04744
one:115138654	path:one04744
one:115139151	path:one04744
one:115139702	path:one04744
one:115141455	path:one04744
one:115141944	path:one04744
one:115142151	path:one04744
one:115142233	path:one04744
one:115142244	path:one04744
one:115142254	path:one04744
one:115142266	path:one04744
one:115142335	path:one04744
one:115143190	path:one04744
one:115143449	path:one04744
one:115143458	path:one04744
one:115146058	path:one04744
one:115101025	path:one04810
one:115101125	path:one04810
one:115101131	path:one04810
one:115101137	path:one04810
one:115101312	path:one04810
one:115101684	path:one04810
one:115101728	path:one04810
one:115102086	path:one04810
one:115102189	path:one04810
one:115102217	path:one04810
one:115102233	path:one04810
one:115102323	path:one04810
one:115102341	path:one04810
one:115102439	path:one04810
one:115102496	path:one04810
one:115102528	path:one04810
one:115102636	path:one04810
one:115102743	path:one04810
one:115102756	path:one04810
one:115102907	path:one04810
one:115102916	path:one04810
one:115102928	path:one04810
one:115102936	path:one04810
one:115102984	path:one04810
one:115103146	path:one04810
one:115103209	path:one04810
one:115103245	path:one04810
one:115103270	path:one04810
one:115103272	path:one04810
one:115103316	path:one04810
one:115103322	path:one04810
one:115103530	path:one04810
one:115103705	path:one04810
one:115103773	path:one04810
one:115103783	path:one04810
one:115103786	path:one04810
one:115103843	path:one04810
one:115103860	path:one04810
one:115103883	path:one04810
one:115103903	path:one04810
one:115103977	path:one04810
one:115104108	path:one04810
one:115104134	path:one04810
one:115104281	path:one04810
one:115104321	path:one04810
one:115104636	path:one04810
one:115104643	path:one04810
one:115104644	path:one04810
one:115104721	path:one04810
one:115104723	path:one04810
one:115104741	path:one04810
one:115104759	path:one04810
one:115104890	path:one04810
one:115104941	path:one04810
one:115104994	path:one04810
one:115104997	path:one04810
one:115105035	path:one04810
one:115105043	path:one04810
one:115105096	path:one04810
one:115105170	path:one04810
one:115105180	path:one04810
one:115105336	path:one04810
one:115105489	path:one04810
one:115105498	path:one04810
one:115105672	path:one04810
one:115105735	path:one04810
one:115105832	path:one04810
one:115105954	path:one04810
one:115105958	path:one04810
one:115106193	path:one04810
one:115106269	path:one04810
one:115106329	path:one04810
one:115106520	path:one04810
one:115106636	path:one04810
one:115106657	path:one04810
one:115106722	path:one04810
one:115106736	path:one04810
one:115106751	path:one04810
one:115106967	path:one04810
one:115107028	path:one04810
one:115107055	path:one04810
one:115107095	path:one04810
one:115107106	path:one04810
one:115107168	path:one04810
one:115107335	path:one04810
one:115107390	path:one04810
one:115107540	path:one04810
one:115107549	path:one04810
one:115107587	path:one04810
one:115107756	path:one04810
one:115107808	path:one04810
one:115107835	path:one04810
one:115107880	path:one04810
one:115107934	path:one04810
one:115107952	path:one04810
one:115107994	path:one04810
one:115108040	path:one04810
one:115108054	path:one04810
one:115108096	path:one04810
one:115108155	path:one04810
one:115108180	path:one04810
one:115108228	path:one04810
one:115108259	path:one04810
one:115108309	path:one04810
one:115108398	path:one04810
one:115108455	path:one04810
one:115108458	path:one04810
one:115108534	path:one04810
one:115108580	path:one04810
one:115108605	path:one04810
one:115108958	path:one04810
one:115108994	path:one04810
one:115108995	path:one04810
one:115109094	path:one04810
one:115109116	path:one04810
one:115109150	path:one04810
one:115109239	path:one04810
one:115109374	path:one04810
one:115109509	path:one04810
one:115109544	path:one04810
one:115109600	path:one04810
one:115109601	path:one04810
one:115109983	path:one04810
one:115110004	path:one04810
one:115110095	path:one04810
one:115110126	path:one04810
one:115110145	path:one04810
one:115110180	path:one04810
one:115110253	path:one04810
one:115110462	path:one04810
one:115110474	path:one04810
one:115110509	path:one04810
one:115110594	path:one04810
one:115110682	path:one04810
one:115110748	path:one04810
one:115110751	path:one04810
one:115110775	path:one04810
one:115110779	path:one04810
one:115111002	path:one04810
one:115111215	path:one04810
one:115111418	path:one04810
one:115111459	path:one04810
one:115111486	path:one04810
one:115111495	path:one04810
one:115111572	path:one04810
one:115111661	path:one04810
one:115111693	path:one04810
one:115111694	path:one04810
one:115111705	path:one04810
one:115111809	path:one04810
one:115111836	path:one04810
one:115111841	path:one04810
one:115111879	path:one04810
one:115111974	path:one04810
one:115112007	path:one04810
one:115112073	path:one04810
one:115112078	path:one04810
one:115112093	path:one04810
one:115112094	path:one04810
one:115112095	path:one04810
one:115112123	path:one04810
one:115112370	path:one04810
one:115112448	path:one04810
one:115112562	path:one04810
one:115112688	path:one04810
one:115112796	path:one04810
one:115112873	path:one04810
one:115112964	path:one04810
one:115112985	path:one04810
one:115113273	path:one04810
one:115113420	path:one04810
one:115113429	path:one04810
one:115113496	path:one04810
one:115113508	path:one04810
one:115113535	path:one04810
one:115113550	path:one04810
one:115114037	path:one04810
one:115114100	path:one04810
one:115114132	path:one04810
one:115114142	path:one04810
one:115114187	path:one04810
one:115114189	path:one04810
one:115114208	path:one04810
one:115114221	path:one04810
one:115114276	path:one04810
one:115114347	path:one04810
one:115114530	path:one04810
one:115114580	path:one04810
one:115114592	path:one04810
one:115114607	path:one04810
one:115114621	path:one04810
one:115114691	path:one04810
one:115114710	path:one04810
one:115114712	path:one04810
one:115114736	path:one04810
one:115115733	path:one04810
one:115115815	path:one04810
one:115116640	path:one04810
one:115117579	path:one04810
one:115117618	path:one04810
one:115117729	path:one04810
one:115118186	path:one04810
one:115118910	path:one04810
one:115118965	path:one04810
one:115119026	path:one04810
one:115119043	path:one04810
one:115119173	path:one04810
one:115119294	path:one04810
one:115119684	path:one04810
one:115120056	path:one04810
one:115120118	path:one04810
one:115120137	path:one04810
one:115120206	path:one04810
one:115120420	path:one04810
one:115120537	path:one04810
one:115120734	path:one04810
one:115120928	path:one04810
one:115120973	path:one04810
one:115121275	path:one04810
one:115121421	path:one04810
one:115121478	path:one04810
one:115121509	path:one04810
one:115121548	path:one04810
one:115121623	path:one04810
one:115121687	path:one04810
one:115121689	path:one04810
one:115121919	path:one04810
one:115122042	path:one04810
one:115122097	path:one04810
one:115122106	path:one04810
one:115122132	path:one04810
one:115122211	path:one04810
one:115122265	path:one04810
one:115122343	path:one04810
one:115122609	path:one04810
one:115122803	path:one04810
one:115122826	path:one04810
one:115122924	path:one04810
one:115123051	path:one04810
one:115123410	path:one04810
one:115123587	path:one04810
one:115123646	path:one04810
one:115123684	path:one04810
one:115123727	path:one04810
one:115124592	path:one04810
one:115124726	path:one04810
one:115124757	path:one04810
one:115124762	path:one04810
one:115124799	path:one04810
one:115124916	path:one04810
one:115124917	path:one04810
one:115125029	path:one04810
one:115125089	path:one04810
one:115125324	path:one04810
one:115125364	path:one04810
one:115125369	path:one04810
one:115125372	path:one04810
one:115125384	path:one04810
one:115125479	path:one04810
one:115125621	path:one04810
one:115125732	path:one04810
one:115125795	path:one04810
one:115125894	path:one04810
one:115126015	path:one04810
one:115126751	path:one04810
one:115127012	path:one04810
one:115127174	path:one04810
one:115127180	path:one04810
one:115127184	path:one04810
one:115127363	path:one04810
one:115127955	path:one04810
one:115128185	path:one04810
one:115128360	path:one04810
one:115128525	path:one04810
one:115128604	path:one04810
one:115128731	path:one04810
one:115128873	path:one04810
one:115128940	path:one04810
one:115129128	path:one04810
one:115129129	path:one04810
one:115129161	path:one04810
one:115129244	path:one04810
one:115129341	path:one04810
one:115129367	path:one04810
one:115129398	path:one04810
one:115129439	path:one04810
one:115129510	path:one04810
one:115129521	path:one04810
one:115129524	path:one04810
one:115129551	path:one04810
one:115129597	path:one04810
one:115129686	path:one04810
one:115129694	path:one04810
one:115129709	path:one04810
one:115129726	path:one04810
one:115129782	path:one04810
one:115129820	path:one04810
one:115130027	path:one04810
one:115130170	path:one04810
one:115130172	path:one04810
one:115130182	path:one04810
one:115130351	path:one04810
one:115130376	path:one04810
one:115130458	path:one04810
one:115130536	path:one04810
one:115130567	path:one04810
one:115130579	path:one04810
one:115130594	path:one04810
one:115130626	path:one04810
one:115130665	path:one04810
one:115130779	path:one04810
one:115130781	path:one04810
one:115130813	path:one04810
one:115130864	path:one04810
one:115130903	path:one04810
one:115130961	path:one04810
one:115130971	path:one04810
one:115130987	path:one04810
one:115131101	path:one04810
one:115131343	path:one04810
one:115131357	path:one04810
one:115131414	path:one04810
one:115131599	path:one04810
one:115131640	path:one04810
one:115131867	path:one04810
one:115131882	path:one04810
one:115131981	path:one04810
one:115132207	path:one04810
one:115132214	path:one04810
one:115132302	path:one04810
one:115132318	path:one04810
one:115132406	path:one04810
one:115132453	path:one04810
one:115132613	path:one04810
one:115132847	path:one04810
one:115132984	path:one04810
one:115133010	path:one04810
one:115133050	path:one04810
one:115133052	path:one04810
one:115133070	path:one04810
one:115133137	path:one04810
one:115133369	path:one04810
one:115133405	path:one04810
one:115133549	path:one04810
one:115133623	path:one04810
one:115133651	path:one04810
one:115134046	path:one04810
one:115134047	path:one04810
one:115134119	path:one04810
one:115134169	path:one04810
one:115134292	path:one04810
one:115134552	path:one04810
one:115134628	path:one04810
one:115134642	path:one04810
one:115134684	path:one04810
one:115134685	path:one04810
one:115134808	path:one04810
one:115135048	path:one04810
one:115135111	path:one04810
one:115135189	path:one04810
one:115135349	path:one04810
one:115135375	path:one04810
one:115135438	path:one04810
one:115135457	path:one04810
one:115135590	path:one04810
one:115135619	path:one04810
one:115135660	path:one04810
one:115135700	path:one04810
one:115135748	path:one04810
one:115135788	path:one04810
one:115135865	path:one04810
one:115135947	path:one04810
one:115135955	path:one04810
one:115135980	path:one04810
one:115136075	path:one04810
one:115136092	path:one04810
one:115136593	path:one04810
one:115136609	path:one04810
one:115136798	path:one04810
one:115136930	path:one04810
one:115136938	path:one04810
one:115136985	path:one04810
one:115136987	path:one04810
one:115137000	path:one04810
one:115137078	path:one04810
one:115137120	path:one04810
one:115137585	path:one04810
one:115137783	path:one04810
one:115137945	path:one04810
one:115138026	path:one04810
one:115138158	path:one04810
one:115138444	path:one04810
one:115138454	path:one04810
one:115138472	path:one04810
one:115138621	path:one04810
one:115138692	path:one04810
one:115138698	path:one04810
one:115138852	path:one04810
one:115139004	path:one04810
one:115139005	path:one04810
one:115139176	path:one04810
one:115139232	path:one04810
one:115139339	path:one04810
one:115139555	path:one04810
one:115139664	path:one04810
one:115139744	path:one04810
one:115139762	path:one04810
one:115139871	path:one04810
one:115139920	path:one04810
one:115139930	path:one04810
one:115140013	path:one04810
one:115140033	path:one04810
one:115140044	path:one04810
one:115140107	path:one04810
one:115140111	path:one04810
one:115140120	path:one04810
one:115140166	path:one04810
one:115140172	path:one04810
one:115140175	path:one04810
one:115140270	path:one04810
one:115140291	path:one04810
one:115140387	path:one04810
one:115140408	path:one04810
one:115140441	path:one04810
one:115140445	path:one04810
one:115140698	path:one04810
one:115140780	path:one04810
one:115140966	path:one04810
one:115140983	path:one04810
one:115141201	path:one04810
one:115141448	path:one04810
one:115141492	path:one04810
one:115141590	path:one04810
one:115141606	path:one04810
one:115141607	path:one04810
one:115141657	path:one04810
one:115141664	path:one04810
one:115141749	path:one04810
one:115141783	path:one04810
one:115141805	path:one04810
one:115141807	path:one04810
one:115141974	path:one04810
one:115141982	path:one04810
one:115142394	path:one04810
one:115142397	path:one04810
one:115142433	path:one04810
one:115142439	path:one04810
one:115142441	path:one04810
one:115142558	path:one04810
one:115142565	path:one04810
one:115142567	path:one04810
one:115142573	path:one04810
one:115142668	path:one04810
one:115142782	path:one04810
one:115142799	path:one04810
one:115142855	path:one04810
one:115142895	path:one04810
one:115142965	path:one04810
one:115143004	path:one04810
one:115143005	path:one04810
one:115143087	path:one04810
one:115143136	path:one04810
one:115143151	path:one04810
one:115143180	path:one04810
one:115143242	path:one04810
one:115143338	path:one04810
one:115143463	path:one04810
one:115143667	path:one04810
one:115144100	path:one04810
one:115144126	path:one04810
one:115144239	path:one04810
one:115144251	path:one04810
one:115144254	path:one04810
one:115144345	path:one04810
one:115144373	path:one04810
one:115144455	path:one04810
one:115144459	path:one04810
one:115144786	path:one04810
one:115144872	path:one04810
one:115144888	path:one04810
one:115144979	path:one04810
one:115145042	path:one04810
one:115145127	path:one04810
one:115145186	path:one04810
one:115145188	path:one04810
one:115145229	path:one04810
one:115145247	path:one04810
one:115145315	path:one04810
one:115145396	path:one04810
one:115146006	path:one04810
one:115146104	path:one04810
one:115146250	path:one04810
one:115146263	path:one04810
one:115146614	path:one04810
one:115146615	path:one04810
one:115146655	path:one04810
one:115146827	path:one04810
one:115146852	path:one04810
one:115146908	path:one04810
one:115146917	path:one04810
one:115146941	path:one04810
one:115147030	path:one04810
one:115147117	path:one04810
one:115147159	path:one04810
one:115101024	path:one04814
one:115101055	path:one04814
one:115101056	path:one04814
one:115101307	path:one04814
one:115101759	path:one04814
one:115101857	path:one04814
one:115101950	path:one04814
one:115101951	path:one04814
one:115101981	path:one04814
one:115102100	path:one04814
one:115102154	path:one04814
one:115102235	path:one04814
one:115102316	path:one04814
one:115102399	path:one04814
one:115102512	path:one04814
one:115102514	path:one04814
one:115102695	path:one04814
one:115102742	path:one04814
one:115102744	path:one04814
one:115102838	path:one04814
one:115102892	path:one04814
one:115102997	path:one04814
one:115103025	path:one04814
one:115103089	path:one04814
one:115103228	path:one04814
one:115103296	path:one04814
one:115103300	path:one04814
one:115103583	path:one04814
one:115103691	path:one04814
one:115103705	path:one04814
one:115103868	path:one04814
one:115103911	path:one04814
one:115103965	path:one04814
one:115104151	path:one04814
one:115104281	path:one04814
one:115104337	path:one04814
one:115104338	path:one04814
one:115104846	path:one04814
one:115104847	path:one04814
one:115105111	path:one04814
one:115105125	path:one04814
one:115105170	path:one04814
one:115105344	path:one04814
one:115105471	path:one04814
one:115105489	path:one04814
one:115105670	path:one04814
one:115105774	path:one04814
one:115105868	path:one04814
one:115106030	path:one04814
one:115106037	path:one04814
one:115106289	path:one04814
one:115106359	path:one04814
one:115106366	path:one04814
one:115106464	path:one04814
one:115106582	path:one04814
one:115106618	path:one04814
one:115106729	path:one04814
one:115106871	path:one04814
one:115106942	path:one04814
one:115106943	path:one04814
one:115107161	path:one04814
one:115107193	path:one04814
one:115107501	path:one04814
one:115107517	path:one04814
one:115107565	path:one04814
one:115107637	path:one04814
one:115107870	path:one04814
one:115107981	path:one04814
one:115108050	path:one04814
one:115108211	path:one04814
one:115108241	path:one04814
one:115108304	path:one04814
one:115108380	path:one04814
one:115108644	path:one04814
one:115108656	path:one04814
one:115108680	path:one04814
one:115108701	path:one04814
one:115108919	path:one04814
one:115109038	path:one04814
one:115109185	path:one04814
one:115109214	path:one04814
one:115109414	path:one04814
one:115109493	path:one04814
one:115109661	path:one04814
one:115109674	path:one04814
one:115109682	path:one04814
one:115109700	path:one04814
one:115109849	path:one04814
one:115110020	path:one04814
one:115110059	path:one04814
one:115110109	path:one04814
one:115110294	path:one04814
one:115110462	path:one04814
one:115110594	path:one04814
one:115110775	path:one04814
one:115110779	path:one04814
one:115111174	path:one04814
one:115111209	path:one04814
one:115111227	path:one04814
one:115111289	path:one04814
one:115111332	path:one04814
one:115111344	path:one04814
one:115111450	path:one04814
one:115111492	path:one04814
one:115111569	path:one04814
one:115111700	path:one04814
one:115111722	path:one04814
one:115111841	path:one04814
one:115112042	path:one04814
one:115112143	path:one04814
one:115112264	path:one04814
one:115112354	path:one04814
one:115112373	path:one04814
one:115112420	path:one04814
one:115112547	path:one04814
one:115112550	path:one04814
one:115112735	path:one04814
one:115112766	path:one04814
one:115112847	path:one04814
one:115113075	path:one04814
one:115113167	path:one04814
one:115113433	path:one04814
one:115113514	path:one04814
one:115113649	path:one04814
one:115113814	path:one04814
one:115113832	path:one04814
one:115113936	path:one04814
one:115114052	path:one04814
one:115114066	path:one04814
one:115114164	path:one04814
one:115114167	path:one04814
one:115114418	path:one04814
one:115114513	path:one04814
one:115114576	path:one04814
one:115114773	path:one04814
one:115114783	path:one04814
one:115115102	path:one04814
one:115115103	path:one04814
one:115115106	path:one04814
one:115115109	path:one04814
one:115115174	path:one04814
one:115115305	path:one04814
one:115115590	path:one04814
one:115116778	path:one04814
one:115117190	path:one04814
one:115117253	path:one04814
one:115117256	path:one04814
one:115117324	path:one04814
one:115117342	path:one04814
one:115117344	path:one04814
one:115117519	path:one04814
one:115117594	path:one04814
one:115117618	path:one04814
one:115118371	path:one04814
one:115118719	path:one04814
one:115118731	path:one04814
one:115118920	path:one04814
one:115119079	path:one04814
one:115119104	path:one04814
one:115119596	path:one04814
one:115119610	path:one04814
one:115119631	path:one04814
one:115119824	path:one04814
one:115120007	path:one04814
one:115120161	path:one04814
one:115120163	path:one04814
one:115120354	path:one04814
one:115120692	path:one04814
one:115120786	path:one04814
one:115120972	path:one04814
one:115121043	path:one04814
one:115121179	path:one04814
one:115121788	path:one04814
one:115122571	path:one04814
one:115122609	path:one04814
one:115123191	path:one04814
one:115123476	path:one04814
one:115123843	path:one04814
one:115123941	path:one04814
one:115123949	path:one04814
one:115124047	path:one04814
one:115124855	path:one04814
one:115124922	path:one04814
one:115125303	path:one04814
one:115125700	path:one04814
one:115125713	path:one04814
one:115126584	path:one04814
one:115126756	path:one04814
one:115127314	path:one04814
one:115127315	path:one04814
one:115127421	path:one04814
one:115127730	path:one04814
one:115128374	path:one04814
one:115128377	path:one04814
one:115128501	path:one04814
one:115128638	path:one04814
one:115129285	path:one04814
one:115129376	path:one04814
one:115129618	path:one04814
one:115129723	path:one04814
one:115129786	path:one04814
one:115129875	path:one04814
one:115130238	path:one04814
one:115130240	path:one04814
one:115130291	path:one04814
one:115130300	path:one04814
one:115130337	path:one04814
one:115130376	path:one04814
one:115130428	path:one04814
one:115130441	path:one04814
one:115130603	path:one04814
one:115131042	path:one04814
one:115131384	path:one04814
one:115131447	path:one04814
one:115131505	path:one04814
one:115131599	path:one04814
one:115131622	path:one04814
one:115131888	path:one04814
one:115131927	path:one04814
one:115132043	path:one04814
one:115132071	path:one04814
one:115132145	path:one04814
one:115132172	path:one04814
one:115132201	path:one04814
one:115132370	path:one04814
one:115132468	path:one04814
one:115132503	path:one04814
one:115133172	path:one04814
one:115133175	path:one04814
one:115133242	path:one04814
one:115133340	path:one04814
one:115133378	path:one04814
one:115133673	path:one04814
one:115133848	path:one04814
one:115133947	path:one04814
one:115133972	path:one04814
one:115134100	path:one04814
one:115134197	path:one04814
one:115134247	path:one04814
one:115134368	path:one04814
one:115134454	path:one04814
one:115134459	path:one04814
one:115134460	path:one04814
one:115134461	path:one04814
one:115134462	path:one04814
one:115134463	path:one04814
one:115134735	path:one04814
one:115134825	path:one04814
one:115135034	path:one04814
one:115135305	path:one04814
one:115135313	path:one04814
one:115135363	path:one04814
one:115135492	path:one04814
one:115135521	path:one04814
one:115135661	path:one04814
one:115135717	path:one04814
one:115135751	path:one04814
one:115135762	path:one04814
one:115135789	path:one04814
one:115135955	path:one04814
one:115136016	path:one04814
one:115136052	path:one04814
one:115136238	path:one04814
one:115136694	path:one04814
one:115136750	path:one04814
one:115136790	path:one04814
one:115136925	path:one04814
one:115136999	path:one04814
one:115137785	path:one04814
one:115137899	path:one04814
one:115137932	path:one04814
one:115138317	path:one04814
one:115138337	path:one04814
one:115138340	path:one04814
one:115138467	path:one04814
one:115138541	path:one04814
one:115138561	path:one04814
one:115138583	path:one04814
one:115138659	path:one04814
one:115138731	path:one04814
one:115138840	path:one04814
one:115138846	path:one04814
one:115139148	path:one04814
one:115139177	path:one04814
one:115139202	path:one04814
one:115139257	path:one04814
one:115139455	path:one04814
one:115139504	path:one04814
one:115139611	path:one04814
one:115139781	path:one04814
one:115139807	path:one04814
one:115139866	path:one04814
one:115139926	path:one04814
one:115139999	path:one04814
one:115140008	path:one04814
one:115140157	path:one04814
one:115140186	path:one04814
one:115140291	path:one04814
one:115140369	path:one04814
one:115140461	path:one04814
one:115140654	path:one04814
one:115140944	path:one04814
one:115141041	path:one04814
one:115141048	path:one04814
one:115141053	path:one04814
one:115141322	path:one04814
one:115141592	path:one04814
one:115141671	path:one04814
one:115141789	path:one04814
one:115141827	path:one04814
one:115141926	path:one04814
one:115142194	path:one04814
one:115142344	path:one04814
one:115142394	path:one04814
one:115142397	path:one04814
one:115142433	path:one04814
one:115142439	path:one04814
one:115142441	path:one04814
one:115142494	path:one04814
one:115142495	path:one04814
one:115142649	path:one04814
one:115142782	path:one04814
one:115142885	path:one04814
one:115142998	path:one04814
one:115142999	path:one04814
one:115143004	path:one04814
one:115143017	path:one04814
one:115143076	path:one04814
one:115143077	path:one04814
one:115143078	path:one04814
one:115143176	path:one04814
one:115143211	path:one04814
one:115143463	path:one04814
one:115143480	path:one04814
one:115143511	path:one04814
one:115143890	path:one04814
one:115144039	path:one04814
one:115144049	path:one04814
one:115144136	path:one04814
one:115144143	path:one04814
one:115144270	path:one04814
one:115144313	path:one04814
one:115144436	path:one04814
one:115144511	path:one04814
one:115144807	path:one04814
one:115144808	path:one04814
one:115144810	path:one04814
one:115144811	path:one04814
one:115144812	path:one04814
one:115144841	path:one04814
one:115144955	path:one04814
one:115145309	path:one04814
one:115145380	path:one04814
one:115145941	path:one04814
one:115146082	path:one04814
one:115146143	path:one04814
one:115146194	path:one04814
one:115146381	path:one04814
one:115146398	path:one04814
one:115146443	path:one04814
one:115146679	path:one04814
one:115146761	path:one04814
one:115101083	path:one04820
one:115101359	path:one04820
one:115101487	path:one04820
one:115101759	path:one04820
one:115101912	path:one04820
one:115101950	path:one04820
one:115101951	path:one04820
one:115101977	path:one04820
one:115101981	path:one04820
one:115102023	path:one04820
one:115102090	path:one04820
one:115102100	path:one04820
one:115102121	path:one04820
one:115102235	path:one04820
one:115102237	path:one04820
one:115102246	path:one04820
one:115102332	path:one04820
one:115102439	path:one04820
one:115102455	path:one04820
one:115102556	path:one04820
one:115102632	path:one04820
one:115102636	path:one04820
one:115102743	path:one04820
one:115102829	path:one04820
one:115102901	path:one04820
one:115102952	path:one04820
one:115102969	path:one04820
one:115102995	path:one04820
one:115102998	path:one04820
one:115102999	path:one04820
one:115103025	path:one04820
one:115103121	path:one04820
one:115103146	path:one04820
one:115103228	path:one04820
one:115103352	path:one04820
one:115103353	path:one04820
one:115103391	path:one04820
one:115103705	path:one04820
one:115103732	path:one04820
one:115103736	path:one04820
one:115103754	path:one04820
one:115103890	path:one04820
one:115103918	path:one04820
one:115103938	path:one04820
one:115103969	path:one04820
one:115104043	path:one04820
one:115104075	path:one04820
one:115104108	path:one04820
one:115104109	path:one04820
one:115104111	path:one04820
one:115104281	path:one04820
one:115104846	path:one04820
one:115104847	path:one04820
one:115104875	path:one04820
one:115104909	path:one04820
one:115105047	path:one04820
one:115105072	path:one04820
one:115105096	path:one04820
one:115105169	path:one04820
one:115105274	path:one04820
one:115105358	path:one04820
one:115105365	path:one04820
one:115105447	path:one04820
one:115105509	path:one04820
one:115105573	path:one04820
one:115105592	path:one04820
one:115105626	path:one04820
one:115105854	path:one04820
one:115105946	path:one04820
one:115106127	path:one04820
one:115106241	path:one04820
one:115106289	path:one04820
one:115106367	path:one04820
one:115106397	path:one04820
one:115106442	path:one04820
one:115106520	path:one04820
one:115106609	path:one04820
one:115106618	path:one04820
one:115106636	path:one04820
one:115106775	path:one04820
one:115106782	path:one04820
one:115106942	path:one04820
one:115106943	path:one04820
one:115106968	path:one04820
one:115107168	path:one04820
one:115107321	path:one04820
one:115107422	path:one04820
one:115107517	path:one04820
one:115107560	path:one04820
one:115107570	path:one04820
one:115107642	path:one04820
one:115107793	path:one04820
one:115107809	path:one04820
one:115107833	path:one04820
one:115107854	path:one04820
one:115108108	path:one04820
one:115108233	path:one04820
one:115108241	path:one04820
one:115108594	path:one04820
one:115108595	path:one04820
one:115108612	path:one04820
one:115108672	path:one04820
one:115108694	path:one04820
one:115108716	path:one04820
one:115108722	path:one04820
one:115108728	path:one04820
one:115108869	path:one04820
one:115109073	path:one04820
one:115109094	path:one04820
one:115109214	path:one04820
one:115109319	path:one04820
one:115109413	path:one04820
one:115109414	path:one04820
one:115109548	path:one04820
one:115109634	path:one04820
one:115109661	path:one04820
one:115109682	path:one04820
one:115109700	path:one04820
one:115109745	path:one04820
one:115109757	path:one04820
one:115109775	path:one04820
one:115109849	path:one04820
one:115109916	path:one04820
one:115110059	path:one04820
one:115110126	path:one04820
one:115110145	path:one04820
one:115110151	path:one04820
one:115110189	path:one04820
one:115110253	path:one04820
one:115110260	path:one04820
one:115110296	path:one04820
one:115110299	path:one04820
one:115110462	path:one04820
one:115110594	path:one04820
one:115110682	path:one04820
one:115110717	path:one04820
one:115110775	path:one04820
one:115110779	path:one04820
one:115110893	path:one04820
one:115111182	path:one04820
one:115111227	path:one04820
one:115111248	path:one04820
one:115111289	path:one04820
one:115111418	path:one04820
one:115111598	path:one04820
one:115111691	path:one04820
one:115111693	path:one04820
one:115111841	path:one04820
one:115111898	path:one04820
one:115112207	path:one04820
one:115112306	path:one04820
one:115112415	path:one04820
one:115112606	path:one04820
one:115112847	path:one04820
one:115112964	path:one04820
one:115113030	path:one04820
one:115113123	path:one04820
one:115113135	path:one04820
one:115113172	path:one04820
one:115113185	path:one04820
one:115113280	path:one04820
one:115113387	path:one04820
one:115113396	path:one04820
one:115113429	path:one04820
one:115113432	path:one04820
one:115113462	path:one04820
one:115113465	path:one04820
one:115113629	path:one04820
one:115113705	path:one04820
one:115113876	path:one04820
one:115114100	path:one04820
one:115114102	path:one04820
one:115114108	path:one04820
one:115114347	path:one04820
one:115114375	path:one04820
one:115114486	path:one04820
one:115114510	path:one04820
one:115114511	path:one04820
one:115114516	path:one04820
one:115114547	path:one04820
one:115114564	path:one04820
one:115114576	path:one04820
one:115114712	path:one04820
one:115114773	path:one04820
one:115114783	path:one04820
one:115115102	path:one04820
one:115115103	path:one04820
one:115115106	path:one04820
one:115115109	path:one04820
one:115115129	path:one04820
one:115115303	path:one04820
one:115115305	path:one04820
one:115115421	path:one04820
one:115115884	path:one04820
one:115116347	path:one04820
one:115116398	path:one04820
one:115116424	path:one04820
one:115117050	path:one04820
one:115117097	path:one04820
one:115117104	path:one04820
one:115117344	path:one04820
one:115117378	path:one04820
one:115117519	path:one04820
one:115117520	path:one04820
one:115117594	path:one04820
one:115117595	path:one04820
one:115117618	path:one04820
one:115117684	path:one04820
one:115117729	path:one04820
one:115118045	path:one04820
one:115118054	path:one04820
one:115118108	path:one04820
one:115118161	path:one04820
one:115118420	path:one04820
one:115118442	path:one04820
one:115118492	path:one04820
one:115118518	path:one04820
one:115118541	path:one04820
one:115119177	path:one04820
one:115119221	path:one04820
one:115119455	path:one04820
one:115119596	path:one04820
one:115119787	path:one04820
one:115119900	path:one04820
one:115119901	path:one04820
one:115119918	path:one04820
one:115120007	path:one04820
one:115120163	path:one04820
one:115120304	path:one04820
one:115120354	path:one04820
one:115120420	path:one04820
one:115120786	path:one04820
one:115121043	path:one04820
one:115121478	path:one04820
one:115121828	path:one04820
one:115122310	path:one04820
one:115122349	path:one04820
one:115122390	path:one04820
one:115122609	path:one04820
one:115122803	path:one04820
one:115122919	path:one04820
one:115122999	path:one04820
one:115123135	path:one04820
one:115123560	path:one04820
one:115124047	path:one04820
one:115124651	path:one04820
one:115124880	path:one04820
one:115125262	path:one04820
one:115125369	path:one04820
one:115125397	path:one04820
one:115125479	path:one04820
one:115125686	path:one04820
one:115126043	path:one04820
one:115126051	path:one04820
one:115126117	path:one04820
one:115126135	path:one04820
one:115126139	path:one04820
one:115126848	path:one04820
one:115127099	path:one04820
one:115127174	path:one04820
one:115127184	path:one04820
one:115127473	path:one04820
one:115127612	path:one04820
one:115127696	path:one04820
one:115128033	path:one04820
one:115128133	path:one04820
one:115128359	path:one04820
one:115128389	path:one04820
one:115128492	path:one04820
one:115128501	path:one04820
one:115128612	path:one04820
one:115128763	path:one04820
one:115128765	path:one04820
one:115129164	path:one04820
one:115129255	path:one04820
one:115129297	path:one04820
one:115129394	path:one04820
one:115129584	path:one04820
one:115129597	path:one04820
one:115129707	path:one04820
one:115129709	path:one04820
one:115129712	path:one04820
one:115129723	path:one04820
one:115129760	path:one04820
one:115130137	path:one04820
one:115130159	path:one04820
one:115130172	path:one04820
one:115130195	path:one04820
one:115130238	path:one04820
one:115130240	path:one04820
one:115130343	path:one04820
one:115130365	path:one04820
one:115130458	path:one04820
one:115130483	path:one04820
one:115130529	path:one04820
one:115130567	path:one04820
one:115130569	path:one04820
one:115130624	path:one04820
one:115130848	path:one04820
one:115130864	path:one04820
one:115130903	path:one04820
one:115131315	path:one04820
one:115131316	path:one04820
one:115131364	path:one04820
one:115131447	path:one04820
one:115131505	path:one04820
one:115131512	path:one04820
one:115131599	path:one04820
one:115131607	path:one04820
one:115131627	path:one04820
one:115131639	path:one04820
one:115131709	path:one04820
one:115131814	path:one04820
one:115131824	path:one04820
one:115131874	path:one04820
one:115131888	path:one04820
one:115131896	path:one04820
one:115132061	path:one04820
one:115132097	path:one04820
one:115132105	path:one04820
one:115132145	path:one04820
one:115132172	path:one04820
one:115132227	path:one04820
one:115132369	path:one04820
one:115132406	path:one04820
one:115132416	path:one04820
one:115132502	path:one04820
one:115132553	path:one04820
one:115132559	path:one04820
one:115132827	path:one04820
one:115132828	path:one04820
one:115132910	path:one04820
one:115132917	path:one04820
one:115132952	path:one04820
one:115133037	path:one04820
one:115133111	path:one04820
one:115133151	path:one04820
one:115133172	path:one04820
one:115133175	path:one04820
one:115133227	path:one04820
one:115133280	path:one04820
one:115133281	path:one04820
one:115133369	path:one04820
one:115133401	path:one04820
one:115133454	path:one04820
one:115133552	path:one04820
one:115133553	path:one04820
one:115133654	path:one04820
one:115133789	path:one04820
one:115133972	path:one04820
one:115134007	path:one04820
one:115134197	path:one04820
one:115134247	path:one04820
one:115134248	path:one04820
one:115134353	path:one04820
one:115134434	path:one04820
one:115134454	path:one04820
one:115134459	path:one04820
one:115134460	path:one04820
one:115134461	path:one04820
one:115134462	path:one04820
one:115134463	path:one04820
one:115134471	path:one04820
one:115134552	path:one04820
one:115134628	path:one04820
one:115135013	path:one04820
one:115135038	path:one04820
one:115135047	path:one04820
one:115135053	path:one04820
one:115135165	path:one04820
one:115135196	path:one04820
one:115135304	path:one04820
one:115135317	path:one04820
one:115135489	path:one04820
one:115135505	path:one04820
one:115135592	path:one04820
one:115135718	path:one04820
one:115135741	path:one04820
one:115135751	path:one04820
one:115135762	path:one04820
one:115135884	path:one04820
one:115135935	path:one04820
one:115136016	path:one04820
one:115136045	path:one04820
one:115136073	path:one04820
one:115136197	path:one04820
one:115136525	path:one04820
one:115136674	path:one04820
one:115136797	path:one04820
one:115136924	path:one04820
one:115137043	path:one04820
one:115137190	path:one04820
one:115137200	path:one04820
one:115137237	path:one04820
one:115137331	path:one04820
one:115137369	path:one04820
one:115138082	path:one04820
one:115138083	path:one04820
one:115138192	path:one04820
one:115138244	path:one04820
one:115138459	path:one04820
one:115138467	path:one04820
one:115138471	path:one04820
one:115138671	path:one04820
one:115138832	path:one04820
one:115138845	path:one04820
one:115138850	path:one04820
one:115139039	path:one04820
one:115139148	path:one04820
one:115139340	path:one04820
one:115139361	path:one04820
one:115139455	path:one04820
one:115139620	path:one04820
one:115139744	path:one04820
one:115139874	path:one04820
one:115140039	path:one04820
one:115140291	path:one04820
one:115140395	path:one04820
one:115140416	path:one04820
one:115140708	path:one04820
one:115140753	path:one04820
one:115140966	path:one04820
one:115140968	path:one04820
one:115141052	path:one04820
one:115141082	path:one04820
one:115141215	path:one04820
one:115141546	path:one04820
one:115141673	path:one04820
one:115141782	path:one04820
one:115141889	path:one04820
one:115141963	path:one04820
one:115142093	path:one04820
one:115142255	path:one04820
one:115142394	path:one04820
one:115142397	path:one04820
one:115142433	path:one04820
one:115142439	path:one04820
one:115142441	path:one04820
one:115142494	path:one04820
one:115142495	path:one04820
one:115142517	path:one04820
one:115142519	path:one04820
one:115142531	path:one04820
one:115142626	path:one04820
one:115142692	path:one04820
one:115142782	path:one04820
one:115142799	path:one04820
one:115142836	path:one04820
one:115142894	path:one04820
one:115142990	path:one04820
one:115142998	path:one04820
one:115142999	path:one04820
one:115143004	path:one04820
one:115143180	path:one04820
one:115143188	path:one04820
one:115143211	path:one04820
one:115143463	path:one04820
one:115143472	path:one04820
one:115143480	path:one04820
one:115143491	path:one04820
one:115143667	path:one04820
one:115143949	path:one04820
one:115143981	path:one04820
one:115144012	path:one04820
one:115144041	path:one04820
one:115144081	path:one04820
one:115144126	path:one04820
one:115144143	path:one04820
one:115144285	path:one04820
one:115144286	path:one04820
one:115144313	path:one04820
one:115144373	path:one04820
one:115144387	path:one04820
one:115144459	path:one04820
one:115144469	path:one04820
one:115144503	path:one04820
one:115144616	path:one04820
one:115144807	path:one04820
one:115144808	path:one04820
one:115144810	path:one04820
one:115144811	path:one04820
one:115144812	path:one04820
one:115144840	path:one04820
one:115144841	path:one04820
one:115145116	path:one04820
one:115145380	path:one04820
one:115145387	path:one04820
one:115145412	path:one04820
one:115145757	path:one04820
one:115145792	path:one04820
one:115145805	path:one04820
one:115145925	path:one04820
one:115145967	path:one04820
one:115146026	path:one04820
one:115146041	path:one04820
one:115146082	path:one04820
one:115146249	path:one04820
one:115146257	path:one04820
one:115147095	path:one04820
one:115147147	path:one04820
one:115101074	path:one04910
one:115101125	path:one04910
one:115101223	path:one04910
one:115101315	path:one04910
one:115101321	path:one04910
one:115101439	path:one04910
one:115101466	path:one04910
one:115101971	path:one04910
one:115102177	path:one04910
one:115102313	path:one04910
one:115102401	path:one04910
one:115102597	path:one04910
one:115102824	path:one04910
one:115102857	path:one04910
one:115102893	path:one04910
one:115102907	path:one04910
one:115102979	path:one04910
one:115103014	path:one04910
one:115103245	path:one04910
one:115103316	path:one04910
one:115103712	path:one04910
one:115103731	path:one04910
one:115103843	path:one04910
one:115103883	path:one04910
one:115103977	path:one04910
one:115104253	path:one04910
one:115104286	path:one04910
one:115104341	path:one04910
one:115104411	path:one04910
one:115104636	path:one04910
one:115104644	path:one04910
one:115104737	path:one04910
one:115104854	path:one04910
one:115104878	path:one04910
one:115104898	path:one04910
one:115105473	path:one04910
one:115105487	path:one04910
one:115105501	path:one04910
one:115105521	path:one04910
one:115105539	path:one04910
one:115105617	path:one04910
one:115105779	path:one04910
one:115105947	path:one04910
one:115106013	path:one04910
one:115106371	path:one04910
one:115106409	path:one04910
one:115106445	path:one04910
one:115106549	path:one04910
one:115106552	path:one04910
one:115106722	path:one04910
one:115106778	path:one04910
one:115106824	path:one04910
one:115106879	path:one04910
one:115106883	path:one04910
one:115106924	path:one04910
one:115106958	path:one04910
one:115107007	path:one04910
one:115107835	path:one04910
one:115107900	path:one04910
one:115107934	path:one04910
one:115108180	path:one04910
one:115108309	path:one04910
one:115108329	path:one04910
one:115108385	path:one04910
one:115108455	path:one04910
one:115108704	path:one04910
one:115108758	path:one04910
one:115109006	path:one04910
one:115109068	path:one04910
one:115109150	path:one04910
one:115109469	path:one04910
one:115109509	path:one04910
one:115109544	path:one04910
one:115110004	path:one04910
one:115110372	path:one04910
one:115110542	path:one04910
one:115110639	path:one04910
one:115110748	path:one04910
one:115110751	path:one04910
one:115111016	path:one04910
one:115111320	path:one04910
one:115111329	path:one04910
one:115111486	path:one04910
one:115111601	path:one04910
one:115111646	path:one04910
one:115111772	path:one04910
one:115111809	path:one04910
one:115111839	path:one04910
one:115111984	path:one04910
one:115112007	path:one04910
one:115112130	path:one04910
one:115112387	path:one04910
one:115112391	path:one04910
one:115112681	path:one04910
one:115112759	path:one04910
one:115112970	path:one04910
one:115112988	path:one04910
one:115113014	path:one04910
one:115113020	path:one04910
one:115113021	path:one04910
one:115113088	path:one04910
one:115113332	path:one04910
one:115113336	path:one04910
one:115113343	path:one04910
one:115113386	path:one04910
one:115113414	path:one04910
one:115113526	path:one04910
one:115113815	path:one04910
one:115114034	path:one04910
one:115114142	path:one04910
one:115114221	path:one04910
one:115114493	path:one04910
one:115114535	path:one04910
one:115114621	path:one04910
one:115114736	path:one04910
one:115115468	path:one04910
one:115115749	path:one04910
one:115115987	path:one04910
one:115116227	path:one04910
one:115116501	path:one04910
one:115116666	path:one04910
one:115117386	path:one04910
one:115118046	path:one04910
one:115118651	path:one04910
one:115119601	path:one04910
one:115120056	path:one04910
one:115120136	path:one04910
one:115120360	path:one04910
one:115120676	path:one04910
one:115120700	path:one04910
one:115120807	path:one04910
one:115120900	path:one04910
one:115121030	path:one04910
one:115121140	path:one04910
one:115121421	path:one04910
one:115122097	path:one04910
one:115122691	path:one04910
one:115123275	path:one04910
one:115123533	path:one04910
one:115123805	path:one04910
one:115124203	path:one04910
one:115124592	path:one04910
one:115124666	path:one04910
one:115125089	path:one04910
one:115125349	path:one04910
one:115125449	path:one04910
one:115125734	path:one04910
one:115125868	path:one04910
one:115125933	path:one04910
one:115126208	path:one04910
one:115126857	path:one04910
one:115127127	path:one04910
one:115127142	path:one04910
one:115127472	path:one04910
one:115127966	path:one04910
one:115128222	path:one04910
one:115128375	path:one04910
one:115128757	path:one04910
one:115128912	path:one04910
one:115129128	path:one04910
one:115129413	path:one04910
one:115129620	path:one04910
one:115129638	path:one04910
one:115130174	path:one04910
one:115130194	path:one04910
one:115130229	path:one04910
one:115130519	path:one04910
one:115130639	path:one04910
one:115131177	path:one04910
one:115131807	path:one04910
one:115131882	path:one04910
one:115131964	path:one04910
one:115132058	path:one04910
one:115132183	path:one04910
one:115132207	path:one04910
one:115132372	path:one04910
one:115132743	path:one04910
one:115133110	path:one04910
one:115133161	path:one04910
one:115133193	path:one04910
one:115133196	path:one04910
one:115133282	path:one04910
one:115133536	path:one04910
one:115133557	path:one04910
one:115133603	path:one04910
one:115133623	path:one04910
one:115133635	path:one04910
one:115134079	path:one04910
one:115134119	path:one04910
one:115134169	path:one04910
one:115134465	path:one04910
one:115134548	path:one04910
one:115134579	path:one04910
one:115134609	path:one04910
one:115134925	path:one04910
one:115134958	path:one04910
one:115135032	path:one04910
one:115135205	path:one04910
one:115135251	path:one04910
one:115135256	path:one04910
one:115135265	path:one04910
one:115135343	path:one04910
one:115135438	path:one04910
one:115135513	path:one04910
one:115135649	path:one04910
one:115135655	path:one04910
one:115135711	path:one04910
one:115135909	path:one04910
one:115135929	path:one04910
one:115135975	path:one04910
one:115136075	path:one04910
one:115136269	path:one04910
one:115136593	path:one04910
one:115136609	path:one04910
one:115136693	path:one04910
one:115136778	path:one04910
one:115136794	path:one04910
one:115137000	path:one04910
one:115137086	path:one04910
one:115137119	path:one04910
one:115137212	path:one04910
one:115137281	path:one04910
one:115138064	path:one04910
one:115138090	path:one04910
one:115138147	path:one04910
one:115138158	path:one04910
one:115138171	path:one04910
one:115138454	path:one04910
one:115138608	path:one04910
one:115138654	path:one04910
one:115138920	path:one04910
one:115139151	path:one04910
one:115139176	path:one04910
one:115139339	path:one04910
one:115139544	path:one04910
one:115139760	path:one04910
one:115139868	path:one04910
one:115139879	path:one04910
one:115139920	path:one04910
one:115140042	path:one04910
one:115140184	path:one04910
one:115140238	path:one04910
one:115140270	path:one04910
one:115140290	path:one04910
one:115140583	path:one04910
one:115140648	path:one04910
one:115140941	path:one04910
one:115141455	path:one04910
one:115141495	path:one04910
one:115141590	path:one04910
one:115141804	path:one04910
one:115141874	path:one04910
one:115141974	path:one04910
one:115141982	path:one04910
one:115142000	path:one04910
one:115142448	path:one04910
one:115142515	path:one04910
one:115142582	path:one04910
one:115142668	path:one04910
one:115142862	path:one04910
one:115142901	path:one04910
one:115142952	path:one04910
one:115143167	path:one04910
one:115143168	path:one04910
one:115143876	path:one04910
one:115143979	path:one04910
one:115144005	path:one04910
one:115144036	path:one04910
one:115144250	path:one04910
one:115144264	path:one04910
one:115144289	path:one04910
one:115144345	path:one04910
one:115144431	path:one04910
one:115144542	path:one04910
one:115144797	path:one04910
one:115144888	path:one04910
one:115144908	path:one04910
one:115144962	path:one04910
one:115145089	path:one04910
one:115145195	path:one04910
one:115145247	path:one04910
one:115145273	path:one04910
one:115145315	path:one04910
one:115145819	path:one04910
one:115145842	path:one04910
one:115146058	path:one04910
one:115146122	path:one04910
one:115146263	path:one04910
one:115146579	path:one04910
one:115146824	path:one04910
one:115146827	path:one04910
one:115147105	path:one04910
one:115147159	path:one04910
one:115101315	path:one04912
one:115101902	path:one04912
one:115101971	path:one04912
one:115102160	path:one04912
one:115102341	path:one04912
one:115102496	path:one04912
one:115102640	path:one04912
one:115102646	path:one04912
one:115102673	path:one04912
one:115102692	path:one04912
one:115102780	path:one04912
one:115102911	path:one04912
one:115102928	path:one04912
one:115102979	path:one04912
one:115102992	path:one04912
one:115103208	path:one04912
one:115103712	path:one04912
one:115103831	path:one04912
one:115103872	path:one04912
one:115103977	path:one04912
one:115104014	path:one04912
one:115104286	path:one04912
one:115104341	path:one04912
one:115104890	path:one04912
one:115104991	path:one04912
one:115105215	path:one04912
one:115105624	path:one04912
one:115105636	path:one04912
one:115105943	path:one04912
one:115106306	path:one04912
one:115106409	path:one04912
one:115106654	path:one04912
one:115107039	path:one04912
one:115107040	path:one04912
one:115107178	path:one04912
one:115107502	path:one04912
one:115107503	path:one04912
one:115107900	path:one04912
one:115108309	path:one04912
one:115108339	path:one04912
one:115108486	path:one04912
one:115108913	path:one04912
one:115109509	path:one04912
one:115109544	path:one04912
one:115109547	path:one04912
one:115109568	path:one04912
one:115110004	path:one04912
one:115110115	path:one04912
one:115110639	path:one04912
one:115110714	path:one04912
one:115110735	path:one04912
one:115110765	path:one04912
one:115110787	path:one04912
one:115110791	path:one04912
one:115110872	path:one04912
one:115111353	path:one04912
one:115112387	path:one04912
one:115112487	path:one04912
one:115112972	path:one04912
one:115113193	path:one04912
one:115113238	path:one04912
one:115113332	path:one04912
one:115113414	path:one04912
one:115113769	path:one04912
one:115113873	path:one04912
one:115114051	path:one04912
one:115114521	path:one04912
one:115114535	path:one04912
one:115114538	path:one04912
one:115114592	path:one04912
one:115114614	path:one04912
one:115114675	path:one04912
one:115114736	path:one04912
one:115115684	path:one04912
one:115117066	path:one04912
one:115117655	path:one04912
one:115118152	path:one04912
one:115118189	path:one04912
one:115118837	path:one04912
one:115118936	path:one04912
one:115119601	path:one04912
one:115119955	path:one04912
one:115120056	path:one04912
one:115120284	path:one04912
one:115120329	path:one04912
one:115121729	path:one04912
one:115122343	path:one04912
one:115122650	path:one04912
one:115123001	path:one04912
one:115123028	path:one04912
one:115123485	path:one04912
one:115124277	path:one04912
one:115124333	path:one04912
one:115125070	path:one04912
one:115125488	path:one04912
one:115125526	path:one04912
one:115126762	path:one04912
one:115128074	path:one04912
one:115128360	path:one04912
one:115128595	path:one04912
one:115128757	path:one04912
one:115129024	path:one04912
one:115129705	path:one04912
one:115129805	path:one04912
one:115129884	path:one04912
one:115130118	path:one04912
one:115130182	path:one04912
one:115130507	path:one04912
one:115130519	path:one04912
one:115130968	path:one04912
one:115131510	path:one04912
one:115131640	path:one04912
one:115131694	path:one04912
one:115131798	path:one04912
one:115131882	path:one04912
one:115131919	path:one04912
one:115131939	path:one04912
one:115131954	path:one04912
one:115132056	path:one04912
one:115132159	path:one04912
one:115132318	path:one04912
one:115132453	path:one04912
one:115132526	path:one04912
one:115132631	path:one04912
one:115133058	path:one04912
one:115133059	path:one04912
one:115133302	path:one04912
one:115133442	path:one04912
one:115133479	path:one04912
one:115133659	path:one04912
one:115134093	path:one04912
one:115134115	path:one04912
one:115134119	path:one04912
one:115134169	path:one04912
one:115134548	path:one04912
one:115134752	path:one04912
one:115135081	path:one04912
one:115135138	path:one04912
one:115135251	path:one04912
one:115135343	path:one04912
one:115135460	path:one04912
one:115135470	path:one04912
one:115135655	path:one04912
one:115135834	path:one04912
one:115136148	path:one04912
one:115136169	path:one04912
one:115136344	path:one04912
one:115137086	path:one04912
one:115137202	path:one04912
one:115137690	path:one04912
one:115137978	path:one04912
one:115138121	path:one04912
one:115138195	path:one04912
one:115138441	path:one04912
one:115138594	path:one04912
one:115138654	path:one04912
one:115138932	path:one04912
one:115139151	path:one04912
one:115139232	path:one04912
one:115139332	path:one04912
one:115139544	path:one04912
one:115139783	path:one04912
one:115140382	path:one04912
one:115140388	path:one04912
one:115140780	path:one04912
one:115141418	path:one04912
one:115141455	path:one04912
one:115142043	path:one04912
one:115142448	path:one04912
one:115142490	path:one04912
one:115142491	path:one04912
one:115142668	path:one04912
one:115142708	path:one04912
one:115142855	path:one04912
one:115142918	path:one04912
one:115143109	path:one04912
one:115143158	path:one04912
one:115143242	path:one04912
one:115143328	path:one04912
one:115143394	path:one04912
one:115143529	path:one04912
one:115143601	path:one04912
one:115144005	path:one04912
one:115144086	path:one04912
one:115144141	path:one04912
one:115144239	path:one04912
one:115144338	path:one04912
one:115144388	path:one04912
one:115144888	path:one04912
one:115144916	path:one04912
one:115145247	path:one04912
one:115145305	path:one04912
one:115145482	path:one04912
one:115146058	path:one04912
one:115146133	path:one04912
one:115146243	path:one04912
one:115146561	path:one04912
one:115146673	path:one04912
one:115146824	path:one04912
one:115147124	path:one04912
one:115147134	path:one04912
one:115101145	path:one04914
one:115101147	path:one04914
one:115101413	path:one04914
one:115101434	path:one04914
one:115102281	path:one04914
one:115102640	path:one04914
one:115102646	path:one04914
one:115102673	path:one04914
one:115102714	path:one04914
one:115102808	path:one04914
one:115102907	path:one04914
one:115102979	path:one04914
one:115102992	path:one04914
one:115103245	path:one04914
one:115103316	path:one04914
one:115103790	path:one04914
one:115103843	path:one04914
one:115103883	path:one04914
one:115104026	path:one04914
one:115104341	path:one04914
one:115104644	path:one04914
one:115104977	path:one04914
one:115105240	path:one04914
one:115105266	path:one04914
one:115105425	path:one04914
one:115105636	path:one04914
one:115106409	path:one04914
one:115106654	path:one04914
one:115106713	path:one04914
one:115106729	path:one04914
one:115107039	path:one04914
one:115107040	path:one04914
one:115107064	path:one04914
one:115107463	path:one04914
one:115107603	path:one04914
one:115107641	path:one04914
one:115107835	path:one04914
one:115107965	path:one04914
one:115107966	path:one04914
one:115108180	path:one04914
one:115108443	path:one04914
one:115108455	path:one04914
one:115108507	path:one04914
one:115108517	path:one04914
one:115109150	path:one04914
one:115109402	path:one04914
one:115109538	path:one04914
one:115109544	path:one04914
one:115109568	path:one04914
one:115110004	path:one04914
one:115110129	path:one04914
one:115110765	path:one04914
one:115111484	path:one04914
one:115111809	path:one04914
one:115112007	path:one04914
one:115112265	path:one04914
one:115112487	path:one04914
one:115112810	path:one04914
one:115113027	path:one04914
one:115113138	path:one04914
one:115113171	path:one04914
one:115113356	path:one04914
one:115113414	path:one04914
one:115113650	path:one04914
one:115113769	path:one04914
one:115114051	path:one04914
one:115114142	path:one04914
one:115114221	path:one04914
one:115114521	path:one04914
one:115114535	path:one04914
one:115114618	path:one04914
one:115114621	path:one04914
one:115114731	path:one04914
one:115116666	path:one04914
one:115116842	path:one04914
one:115117325	path:one04914
one:115117851	path:one04914
one:115118555	path:one04914
one:115118567	path:one04914
one:115119486	path:one04914
one:115119601	path:one04914
one:115120014	path:one04914
one:115121140	path:one04914
one:115121194	path:one04914
one:115121421	path:one04914
one:115122286	path:one04914
one:115122380	path:one04914
one:115122393	path:one04914
one:115122414	path:one04914
one:115123289	path:one04914
one:115123485	path:one04914
one:115123810	path:one04914
one:115123879	path:one04914
one:115124592	path:one04914
one:115124723	path:one04914
one:115124807	path:one04914
one:115125089	path:one04914
one:115126262	path:one04914
one:115127183	path:one04914
one:115128595	path:one04914
one:115128757	path:one04914
one:115129128	path:one04914
one:115129565	path:one04914
one:115130107	path:one04914
one:115130118	path:one04914
one:115130519	path:one04914
one:115130831	path:one04914
one:115131101	path:one04914
one:115131798	path:one04914
one:115131882	path:one04914
one:115131919	path:one04914
one:115132056	path:one04914
one:115132207	path:one04914
one:115132526	path:one04914
one:115132538	path:one04914
one:115132987	path:one04914
one:115133034	path:one04914
one:115133058	path:one04914
one:115133059	path:one04914
one:115134093	path:one04914
one:115134119	path:one04914
one:115134127	path:one04914
one:115134267	path:one04914
one:115134570	path:one04914
one:115135037	path:one04914
one:115135277	path:one04914
one:115135343	path:one04914
one:115135438	path:one04914
one:115135470	path:one04914
one:115135522	path:one04914
one:115135547	path:one04914
one:115136153	path:one04914
one:115136202	path:one04914
one:115136593	path:one04914
one:115136609	path:one04914
one:115138197	path:one04914
one:115138283	path:one04914
one:115138454	path:one04914
one:115139332	path:one04914
one:115139339	path:one04914
one:115139544	path:one04914
one:115139604	path:one04914
one:115139615	path:one04914
one:115139654	path:one04914
one:115139916	path:one04914
one:115139946	path:one04914
one:115140088	path:one04914
one:115140270	path:one04914
one:115141071	path:one04914
one:115141418	path:one04914
one:115141974	path:one04914
one:115141982	path:one04914
one:115141999	path:one04914
one:115142360	path:one04914
one:115142580	path:one04914
one:115143073	path:one04914
one:115143141	path:one04914
one:115143191	path:one04914
one:115143513	path:one04914
one:115143529	path:one04914
one:115144005	path:one04914
one:115144345	path:one04914
one:115144420	path:one04914
one:115145100	path:one04914
one:115145247	path:one04914
one:115145315	path:one04914
one:115146263	path:one04914
one:115146431	path:one04914
one:115146824	path:one04914
one:115146827	path:one04914
one:115147159	path:one04914
one:115147168	path:one04914
one:115101019	path:one04916
one:115101315	path:one04916
one:115101630	path:one04916
one:115101700	path:one04916
one:115101762	path:one04916
one:115102160	path:one04916
one:115102330	path:one04916
one:115102349	path:one04916
one:115102456	path:one04916
one:115102555	path:one04916
one:115102564	path:one04916
one:115102658	path:one04916
one:115102673	path:one04916
one:115102724	path:one04916
one:115102758	path:one04916
one:115102948	path:one04916
one:115102979	path:one04916
one:115102992	path:one04916
one:115103094	path:one04916
one:115103229	path:one04916
one:115103831	path:one04916
one:115103872	path:one04916
one:115104135	path:one04916
one:115104141	path:one04916
one:115104158	path:one04916
one:115104263	path:one04916
one:115104341	path:one04916
one:115104597	path:one04916
one:115104652	path:one04916
one:115104710	path:one04916
one:115105282	path:one04916
one:115105566	path:one04916
one:115105943	path:one04916
one:115106239	path:one04916
one:115106433	path:one04916
one:115106460	path:one04916
one:115106654	path:one04916
one:115106790	path:one04916
one:115106837	path:one04916
one:115106950	path:one04916
one:115107178	path:one04916
one:115107502	path:one04916
one:115107503	path:one04916
one:115107900	path:one04916
one:115107955	path:one04916
one:115108300	path:one04916
one:115108309	path:one04916
one:115108535	path:one04916
one:115109371	path:one04916
one:115109509	path:one04916
one:115109538	path:one04916
one:115109544	path:one04916
one:115109660	path:one04916
one:115109669	path:one04916
one:115109693	path:one04916
one:115109696	path:one04916
one:115110004	path:one04916
one:115110300	path:one04916
one:115110302	path:one04916
one:115110408	path:one04916
one:115110765	path:one04916
one:115111353	path:one04916
one:115111531	path:one04916
one:115111609	path:one04916
one:115111868	path:one04916
one:115112331	path:one04916
one:115112387	path:one04916
one:115112487	path:one04916
one:115112520	path:one04916
one:115112676	path:one04916
one:115113238	path:one04916
one:115113332	path:one04916
one:115113492	path:one04916
one:115113769	path:one04916
one:115113829	path:one04916
one:115113929	path:one04916
one:115113977	path:one04916
one:115114051	path:one04916
one:115114261	path:one04916
one:115114521	path:one04916
one:115114535	path:one04916
one:115114569	path:one04916
one:115114703	path:one04916
one:115114736	path:one04916
one:115115195	path:one04916
one:115115270	path:one04916
one:115115279	path:one04916
one:115115614	path:one04916
one:115115749	path:one04916
one:115117066	path:one04916
one:115117118	path:one04916
one:115117563	path:one04916
one:115118015	path:one04916
one:115118086	path:one04916
one:115118699	path:one04916
one:115118923	path:one04916
one:115119580	path:one04916
one:115119955	path:one04916
one:115120501	path:one04916
one:115120502	path:one04916
one:115120971	path:one04916
one:115120981	path:one04916
one:115121173	path:one04916
one:115122346	path:one04916
one:115123485	path:one04916
one:115124216	path:one04916
one:115125070	path:one04916
one:115126076	path:one04916
one:115126262	path:one04916
one:115126762	path:one04916
one:115128222	path:one04916
one:115128456	path:one04916
one:115128595	path:one04916
one:115129068	path:one04916
one:115129638	path:one04916
one:115129703	path:one04916
one:115129805	path:one04916
one:115130118	path:one04916
one:115131204	path:one04916
one:115131205	path:one04916
one:115131330	path:one04916
one:115131525	path:one04916
one:115131798	path:one04916
one:115131872	path:one04916
one:115131882	path:one04916
one:115131919	path:one04916
one:115131934	path:one04916
one:115131939	path:one04916
one:115132308	path:one04916
one:115132495	path:one04916
one:115132538	path:one04916
one:115132705	path:one04916
one:115132866	path:one04916
one:115132987	path:one04916
one:115133168	path:one04916
one:115133302	path:one04916
one:115133496	path:one04916
one:115133535	path:one04916
one:115133548	path:one04916
one:115133659	path:one04916
one:115133702	path:one04916
one:115133724	path:one04916
one:115133961	path:one04916
one:115133974	path:one04916
one:115134079	path:one04916
one:115134119	path:one04916
one:115134127	path:one04916
one:115134169	path:one04916
one:115134293	path:one04916
one:115134433	path:one04916
one:115134548	path:one04916
one:115135138	path:one04916
one:115135251	path:one04916
one:115135460	path:one04916
one:115135655	path:one04916
one:115135892	path:one04916
one:115135990	path:one04916
one:115136022	path:one04916
one:115136153	path:one04916
one:115136184	path:one04916
one:115136307	path:one04916
one:115136592	path:one04916
one:115137086	path:one04916
one:115137152	path:one04916
one:115138063	path:one04916
one:115138195	path:one04916
one:115138354	path:one04916
one:115138441	path:one04916
one:115138594	path:one04916
one:115138654	path:one04916
one:115138898	path:one04916
one:115139101	path:one04916
one:115139151	path:one04916
one:115139208	path:one04916
one:115139224	path:one04916
one:115139332	path:one04916
one:115139544	path:one04916
one:115139615	path:one04916
one:115139783	path:one04916
one:115139967	path:one04916
one:115140088	path:one04916
one:115140311	path:one04916
one:115140388	path:one04916
one:115140459	path:one04916
one:115140988	path:one04916
one:115141027	path:one04916
one:115141418	path:one04916
one:115141455	path:one04916
one:115141681	path:one04916
one:115142011	path:one04916
one:115142360	path:one04916
one:115143141	path:one04916
one:115143191	path:one04916
one:115143399	path:one04916
one:115143477	path:one04916
one:115143988	path:one04916
one:115144086	path:one04916
one:115144480	path:one04916
one:115144518	path:one04916
one:115144842	path:one04916
one:115144888	path:one04916
one:115145128	path:one04916
one:115145236	path:one04916
one:115145247	path:one04916
one:115145452	path:one04916
one:115146058	path:one04916
one:115146133	path:one04916
one:115146369	path:one04916
one:115147134	path:one04916
one:115101074	path:one04920
one:115101153	path:one04920
one:115101466	path:one04920
one:115101829	path:one04920
one:115102215	path:one04920
one:115102581	path:one04920
one:115103014	path:one04920
one:115103148	path:one04920
one:115103204	path:one04920
one:115103843	path:one04920
one:115103883	path:one04920
one:115104128	path:one04920
one:115104563	path:one04920
one:115104854	path:one04920
one:115104898	path:one04920
one:115105276	path:one04920
one:115105617	path:one04920
one:115105658	path:one04920
one:115105905	path:one04920
one:115105998	path:one04920
one:115106117	path:one04920
one:115106409	path:one04920
one:115106445	path:one04920
one:115106499	path:one04920
one:115106619	path:one04920
one:115106672	path:one04920
one:115106755	path:one04920
one:115106778	path:one04920
one:115107601	path:one04920
one:115107605	path:one04920
one:115107835	path:one04920
one:115108285	path:one04920
one:115108378	path:one04920
one:115108704	path:one04920
one:115109485	path:one04920
one:115110063	path:one04920
one:115110281	path:one04920
one:115110372	path:one04920
one:115111016	path:one04920
one:115111035	path:one04920
one:115111305	path:one04920
one:115111329	path:one04920
one:115111402	path:one04920
one:115111415	path:one04920
one:115111813	path:one04920
one:115112296	path:one04920
one:115112333	path:one04920
one:115113014	path:one04920
one:115113414	path:one04920
one:115114095	path:one04920
one:115114280	path:one04920
one:115114344	path:one04920
one:115114493	path:one04920
one:115114686	path:one04920
one:115115374	path:one04920
one:115115987	path:one04920
one:115116369	path:one04920
one:115116546	path:one04920
one:115117386	path:one04920
one:115117445	path:one04920
one:115117569	path:one04920
one:115117588	path:one04920
one:115118046	path:one04920
one:115118204	path:one04920
one:115118211	path:one04920
one:115118691	path:one04920
one:115118699	path:one04920
one:115118791	path:one04920
one:115119438	path:one04920
one:115119580	path:one04920
one:115119601	path:one04920
one:115120136	path:one04920
one:115120700	path:one04920
one:115121030	path:one04920
one:115121372	path:one04920
one:115121817	path:one04920
one:115121957	path:one04920
one:115122481	path:one04920
one:115123805	path:one04920
one:115124666	path:one04920
one:115125073	path:one04920
one:115125722	path:one04920
one:115125773	path:one04920
one:115126322	path:one04920
one:115127142	path:one04920
one:115127966	path:one04920
one:115128391	path:one04920
one:115128757	path:one04920
one:115129058	path:one04920
one:115129262	path:one04920
one:115129372	path:one04920
one:115129620	path:one04920
one:115130174	path:one04920
one:115130229	path:one04920
one:115130519	path:one04920
one:115130601	path:one04920
one:115131606	path:one04920
one:115132012	path:one04920
one:115132058	path:one04920
one:115132062	path:one04920
one:115132098	path:one04920
one:115133087	path:one04920
one:115133282	path:one04920
one:115133536	path:one04920
one:115133557	path:one04920
one:115133603	path:one04920
one:115133625	path:one04920
one:115134194	path:one04920
one:115134430	path:one04920
one:115134579	path:one04920
one:115134631	path:one04920
one:115135343	path:one04920
one:115135438	path:one04920
one:115135595	path:one04920
one:115135804	path:one04920
one:115136190	path:one04920
one:115136269	path:one04920
one:115136593	path:one04920
one:115136748	path:one04920
one:115137220	path:one04920
one:115138064	path:one04920
one:115138090	path:one04920
one:115138147	path:one04920
one:115138159	path:one04920
one:115138454	path:one04920
one:115138477	path:one04920
one:115138660	path:one04920
one:115139339	path:one04920
one:115139653	path:one04920
one:115139656	path:one04920
one:115139760	path:one04920
one:115139834	path:one04920
one:115139868	path:one04920
one:115140020	path:one04920
one:115140184	path:one04920
one:115140459	path:one04920
one:115140757	path:one04920
one:115140758	path:one04920
one:115141298	path:one04920
one:115141982	path:one04920
one:115142862	path:one04920
one:115143053	path:one04920
one:115143168	path:one04920
one:115143297	path:one04920
one:115143424	path:one04920
one:115143915	path:one04920
one:115143979	path:one04920
one:115144005	path:one04920
one:115144289	path:one04920
one:115144345	path:one04920
one:115144542	path:one04920
one:115144848	path:one04920
one:115144952	path:one04920
one:115145089	path:one04920
one:115145346	path:one04920
one:115145809	path:one04920
one:115146050	path:one04920
one:115146263	path:one04920
one:115146824	path:one04920
one:115146827	path:one04920
one:115146915	path:one04920
one:115147161	path:one04920
one:115101062	path:one04977
one:115101748	path:one04977
one:115102406	path:one04977
one:115105073	path:one04977
one:115105211	path:one04977
one:115106196	path:one04977
one:115107328	path:one04977
one:115107805	path:one04977
one:115107933	path:one04977
one:115108479	path:one04977
one:115108756	path:one04977
one:115109587	path:one04977
one:115111647	path:one04977
one:115111889	path:one04977
one:115113908	path:one04977
one:115115075	path:one04977
one:115115506	path:one04977
one:115117377	path:one04977
one:115118102	path:one04977
one:115119119	path:one04977
one:115120849	path:one04977
one:115126778	path:one04977
one:115127009	path:one04977
one:115128258	path:one04977
one:115128856	path:one04977
one:115132376	path:one04977
one:115132671	path:one04977
one:115133962	path:one04977
one:115134067	path:one04977
one:115136146	path:one04977
one:115136903	path:one04977
one:115136968	path:one04977
one:115137135	path:one04977
one:115137336	path:one04977
one:115138626	path:one04977
one:115138757	path:one04977
one:115139364	path:one04977
one:115140097	path:one04977
one:115140857	path:one04977
one:115140859	path:one04977
one:115141378	path:one04977
one:115141481	path:one04977
one:115141622	path:one04977
one:115141692	path:one04977
one:115142165	path:one04977
one:115142413	path:one04977
one:115145906	path:one04977
one:115146059	path:one04977
one:115146554	path:one04977
one:115146555	path:one04977
one:115102904	path:one04980
one:115105024	path:one04980
one:115108009	path:one04980
one:115108479	path:one04980
one:115109918	path:one04980
one:115110053	path:one04980
one:115111647	path:one04980
one:115112335	path:one04980
one:115112336	path:one04980
one:115112458	path:one04980
one:115113741	path:one04980
one:115114642	path:one04980
one:115117194	path:one04980
one:115118194	path:one04980
one:115119947	path:one04980
one:115120857	path:one04980
one:115121975	path:one04980
one:115122946	path:one04980
one:115123308	path:one04980
one:115123310	path:one04980
one:115137450	path:one04980
one:115139768	path:one04980
one:115140097	path:one04980
one:115142633	path:one04980
one:115143377	path:one04980
one:115144712	path:one04980
one:115145585	path:one04980
one:115101012	path:one04981
one:115101438	path:one04981
one:115102605	path:one04981
one:115105597	path:one04981
one:115107162	path:one04981
one:115108967	path:one04981
one:115109675	path:one04981
one:115115646	path:one04981
one:115118957	path:one04981
one:115119119	path:one04981
one:115120120	path:one04981
one:115120208	path:one04981
one:115121040	path:one04981
one:115125126	path:one04981
one:115127858	path:one04981
one:115128117	path:one04981
one:115129169	path:one04981
one:115129769	path:one04981
one:115129771	path:one04981
one:115130380	path:one04981
one:115130875	path:one04981
one:115132121	path:one04981
one:115132689	path:one04981
one:115132708	path:one04981
one:115135331	path:one04981
one:115135863	path:one04981
one:115137166	path:one04981
one:115139864	path:one04981
one:115140432	path:one04981
one:115142001	path:one04981
one:115142165	path:one04981
one:115142413	path:one04981
one:115144158	path:one04981
one:115146059	path:one04981
one:115146277	path:one04981
one:115101125	path:one05100
one:115102189	path:one05100
one:115102233	path:one05100
one:115102281	path:one05100
one:115102341	path:one05100
one:115102439	path:one05100
one:115102496	path:one05100
one:115102907	path:one05100
one:115102912	path:one05100
one:115103146	path:one05100
one:115103209	path:one05100
one:115103245	path:one05100
one:115103292	path:one05100
one:115103316	path:one05100
one:115103667	path:one05100
one:115103860	path:one05100
one:115103903	path:one05100
one:115104347	path:one05100
one:115104406	path:one05100
one:115104636	path:one05100
one:115105096	path:one05100
one:115105259	path:one05100
one:115105473	path:one05100
one:115105542	path:one05100
one:115105651	path:one05100
one:115106013	path:one05100
one:115106828	path:one05100
one:115106967	path:one05100
one:115107756	path:one05100
one:115107813	path:one05100
one:115108040	path:one05100
one:115108180	path:one05100
one:115108329	path:one05100
one:115108455	path:one05100
one:115108494	path:one05100
one:115109150	path:one05100
one:115109374	path:one05100
one:115109607	path:one05100
one:115109662	path:one05100
one:115109663	path:one05100
one:115109664	path:one05100
one:115110931	path:one05100
one:115111495	path:one05100
one:115111714	path:one05100
one:115111728	path:one05100
one:115112007	path:one05100
one:115112032	path:one05100
one:115112149	path:one05100
one:115112150	path:one05100
one:115112873	path:one05100
one:115112964	path:one05100
one:115113429	path:one05100
one:115113449	path:one05100
one:115113568	path:one05100
one:115114142	path:one05100
one:115114221	path:one05100
one:115114276	path:one05100
one:115114347	path:one05100
one:115114609	path:one05100
one:115114621	path:one05100
one:115115195	path:one05100
one:115115214	path:one05100
one:115115861	path:one05100
one:115117497	path:one05100
one:115118186	path:one05100
one:115119043	path:one05100
one:115120118	path:one05100
one:115121421	path:one05100
one:115121478	path:one05100
one:115121689	path:one05100
one:115121887	path:one05100
one:115121919	path:one05100
one:115122097	path:one05100
one:115122175	path:one05100
one:115122343	path:one05100
one:115122691	path:one05100
one:115122775	path:one05100
one:115123051	path:one05100
one:115124141	path:one05100
one:115124757	path:one05100
one:115125089	path:one05100
one:115125349	path:one05100
one:115125372	path:one05100
one:115125695	path:one05100
one:115125732	path:one05100
one:115126487	path:one05100
one:115127363	path:one05100
one:115128360	path:one05100
one:115128604	path:one05100
one:115128731	path:one05100
one:115129590	path:one05100
one:115129726	path:one05100
one:115130170	path:one05100
one:115130458	path:one05100
one:115130854	path:one05100
one:115130970	path:one05100
one:115131252	path:one05100
one:115131343	path:one05100
one:115131484	path:one05100
one:115131640	path:one05100
one:115131981	path:one05100
one:115132207	path:one05100
one:115132214	path:one05100
one:115132318	path:one05100
one:115132406	path:one05100
one:115132453	path:one05100
one:115132997	path:one05100
one:115133137	path:one05100
one:115133405	path:one05100
one:115133969	path:one05100
one:115134039	path:one05100
one:115134292	path:one05100
one:115134836	path:one05100
one:115135111	path:one05100
one:115135810	path:one05100
one:115135911	path:one05100
one:115135975	path:one05100
one:115135980	path:one05100
one:115136075	path:one05100
one:115136216	path:one05100
one:115136594	path:one05100
one:115136609	path:one05100
one:115136673	path:one05100
one:115137000	path:one05100
one:115137119	path:one05100
one:115137364	path:one05100
one:115137497	path:one05100
one:115137525	path:one05100
one:115137572	path:one05100
one:115137945	path:one05100
one:115138026	path:one05100
one:115139232	path:one05100
one:115139358	path:one05100
one:115139930	path:one05100
one:115140033	path:one05100
one:115140044	path:one05100
one:115140179	path:one05100
one:115140192	path:one05100
one:115140780	path:one05100
one:115141404	path:one05100
one:115141495	path:one05100
one:115141506	path:one05100
one:115141590	path:one05100
one:115141807	path:one05100
one:115141893	path:one05100
one:115141974	path:one05100
one:115141983	path:one05100
one:115141987	path:one05100
one:115142346	path:one05100
one:115142457	path:one05100
one:115142799	path:one05100
one:115142855	path:one05100
one:115142895	path:one05100
one:115142965	path:one05100
one:115143005	path:one05100
one:115143027	path:one05100
one:115143128	path:one05100
one:115143151	path:one05100
one:115143242	path:one05100
one:115143338	path:one05100
one:115143667	path:one05100
one:115144239	path:one05100
one:115144254	path:one05100
one:115144459	path:one05100
one:115144786	path:one05100
one:115144908	path:one05100
one:115145315	path:one05100
one:115145596	path:one05100
one:115145761	path:one05100
one:115145827	path:one05100
one:115146910	path:one05100
one:115147117	path:one05100
one:115147159	path:one05100
one:115101019	path:one05132
one:115101020	path:one05132
one:115101024	path:one05132
one:115101029	path:one05132
one:115101055	path:one05132
one:115101056	path:one05132
one:115101153	path:one05132
one:115101210	path:one05132
one:115102154	path:one05132
one:115102189	path:one05132
one:115102233	path:one05132
one:115102260	path:one05132
one:115102316	path:one05132
one:115102341	path:one05132
one:115102399	path:one05132
one:115102436	path:one05132
one:115102442	path:one05132
one:115102512	path:one05132
one:115102514	path:one05132
one:115102640	path:one05132
one:115102646	path:one05132
one:115102742	path:one05132
one:115102767	path:one05132
one:115102838	path:one05132
one:115102911	path:one05132
one:115102950	path:one05132
one:115102987	path:one05132
one:115102997	path:one05132
one:115103013	path:one05132
one:115103209	path:one05132
one:115103310	path:one05132
one:115103316	path:one05132
one:115103322	path:one05132
one:115103691	path:one05132
one:115103843	path:one05132
one:115103860	path:one05132
one:115103883	path:one05132
one:115103903	path:one05132
one:115103965	path:one05132
one:115103983	path:one05132
one:115104124	path:one05132
one:115104156	path:one05132
one:115104160	path:one05132
one:115104161	path:one05132
one:115104319	path:one05132
one:115104320	path:one05132
one:115104337	path:one05132
one:115104338	path:one05132
one:115104347	path:one05132
one:115104564	path:one05132
one:115104691	path:one05132
one:115104723	path:one05132
one:115104895	path:one05132
one:115104953	path:one05132
one:115104989	path:one05132
one:115105111	path:one05132
one:115105125	path:one05132
one:115105170	path:one05132
one:115105176	path:one05132
one:115105179	path:one05132
one:115105282	path:one05132
one:115105286	path:one05132
one:115105347	path:one05132
one:115105369	path:one05132
one:115105489	path:one05132
one:115105636	path:one05132
one:115105651	path:one05132
one:115105971	path:one05132
one:115106030	path:one05132
one:115106037	path:one05132
one:115106306	path:one05132
one:115106409	path:one05132
one:115106433	path:one05132
one:115106440	path:one05132
one:115106499	path:one05132
one:115106515	path:one05132
one:115106648	path:one05132
one:115106755	path:one05132
one:115106828	path:one05132
one:115106957	path:one05132
one:115106967	path:one05132
one:115107039	path:one05132
one:115107040	path:one05132
one:115107549	path:one05132
one:115107559	path:one05132
one:115107603	path:one05132
one:115107605	path:one05132
one:115107637	path:one05132
one:115107660	path:one05132
one:115107680	path:one05132
one:115107756	path:one05132
one:115107828	path:one05132
one:115107835	path:one05132
one:115107870	path:one05132
one:115107965	path:one05132
one:115107966	path:one05132
one:115107975	path:one05132
one:115107981	path:one05132
one:115108021	path:one05132
one:115108054	path:one05132
one:115108080	path:one05132
one:115108110	path:one05132
one:115108309	path:one05132
one:115108455	path:one05132
one:115108486	path:one05132
one:115108523	path:one05132
one:115109038	path:one05132
one:115109054	path:one05132
one:115109380	path:one05132
one:115109425	path:one05132
one:115109452	path:one05132
one:115109493	path:one05132
one:115109509	path:one05132
one:115109568	path:one05132
one:115109727	path:one05132
one:115110004	path:one05132
one:115110020	path:one05132
one:115110050	path:one05132
one:115110279	path:one05132
one:115110301	path:one05132
one:115110306	path:one05132
one:115110369	path:one05132
one:115110586	path:one05132
one:115110592	path:one05132
one:115110624	path:one05132
one:115110625	path:one05132
one:115110626	path:one05132
one:115110714	path:one05132
one:115110735	path:one05132
one:115110775	path:one05132
one:115110779	path:one05132
one:115110931	path:one05132
one:115111061	path:one05132
one:115111317	path:one05132
one:115111450	path:one05132
one:115111459	path:one05132
one:115111569	path:one05132
one:115111609	path:one05132
one:115111619	path:one05132
one:115111722	path:one05132
one:115111788	path:one05132
one:115111813	path:one05132
one:115111841	path:one05132
one:115111931	path:one05132
one:115111939	path:one05132
one:115112090	path:one05132
one:115112092	path:one05132
one:115112143	path:one05132
one:115112296	path:one05132
one:115112333	path:one05132
one:115112547	path:one05132
one:115112550	path:one05132
one:115112735	path:one05132
one:115112795	path:one05132
one:115112873	path:one05132
one:115112970	path:one05132
one:115112972	path:one05132
one:115113003	path:one05132
one:115113013	path:one05132
one:115113075	path:one05132
one:115113256	path:one05132
one:115113414	path:one05132
one:115113504	path:one05132
one:115113507	path:one05132
one:115113514	path:one05132
one:115114043	path:one05132
one:115114099	path:one05132
one:115114132	path:one05132
one:115114142	path:one05132
one:115114150	path:one05132
one:115114276	path:one05132
one:115114494	path:one05132
one:115114513	path:one05132
one:115114526	path:one05132
one:115114544	path:one05132
one:115114568	path:one05132
one:115114614	path:one05132
one:115114686	path:one05132
one:115114693	path:one05132
one:115114718	path:one05132
one:115114736	path:one05132
one:115115065	path:one05132
one:115115195	path:one05132
one:115115214	path:one05132
one:115115267	path:one05132
one:115115548	path:one05132
one:115115590	path:one05132
one:115116203	path:one05132
one:115116223	path:one05132
one:115116349	path:one05132
one:115116546	path:one05132
one:115116789	path:one05132
one:115116793	path:one05132
one:115117342	path:one05132
one:115117448	path:one05132
one:115117458	path:one05132
one:115117577	path:one05132
one:115117593	path:one05132
one:115117618	path:one05132
one:115117653	path:one05132
one:115117812	path:one05132
one:115117884	path:one05132
one:115117971	path:one05132
one:115117991	path:one05132
one:115118040	path:one05132
one:115118156	path:one05132
one:115118186	path:one05132
one:115118318	path:one05132
one:115118567	path:one05132
one:115118920	path:one05132
one:115118936	path:one05132
one:115118965	path:one05132
one:115118998	path:one05132
one:115118999	path:one05132
one:115119043	path:one05132
one:115119079	path:one05132
one:115119246	path:one05132
one:115119285	path:one05132
one:115119578	path:one05132
one:115119601	path:one05132
one:115119610	path:one05132
one:115119721	path:one05132
one:115119806	path:one05132
one:115119824	path:one05132
one:115120118	path:one05132
one:115120161	path:one05132
one:115120223	path:one05132
one:115120752	path:one05132
one:115120914	path:one05132
one:115120972	path:one05132
one:115120981	path:one05132
one:115121027	path:one05132
one:115121038	path:one05132
one:115121091	path:one05132
one:115121372	path:one05132
one:115121530	path:one05132
one:115121616	path:one05132
one:115121617	path:one05132
one:115121787	path:one05132
one:115121788	path:one05132
one:115121919	path:one05132
one:115121957	path:one05132
one:115121977	path:one05132
one:115122030	path:one05132
one:115122032	path:one05132
one:115122132	path:one05132
one:115122321	path:one05132
one:115122343	path:one05132
one:115122359	path:one05132
one:115122481	path:one05132
one:115122571	path:one05132
one:115122608	path:one05132
one:115122640	path:one05132
one:115122922	path:one05132
one:115123191	path:one05132
one:115123317	path:one05132
one:115123727	path:one05132
one:115123843	path:one05132
one:115123914	path:one05132
one:115124141	path:one05132
one:115124244	path:one05132
one:115124294	path:one05132
one:115124757	path:one05132
one:115125303	path:one05132
one:115125372	path:one05132
one:115125732	path:one05132
one:115125854	path:one05132
one:115126307	path:one05132
one:115126380	path:one05132
one:115126445	path:one05132
one:115126751	path:one05132
one:115126756	path:one05132
one:115127231	path:one05132
one:115127363	path:one05132
one:115127449	path:one05132
one:115128074	path:one05132
one:115128206	path:one05132
one:115128301	path:one05132
one:115128351	path:one05132
one:115128352	path:one05132
one:115128360	path:one05132
one:115128374	path:one05132
one:115128638	path:one05132
one:115128757	path:one05132
one:115128854	path:one05132
one:115129129	path:one05132
one:115129259	path:one05132
one:115129372	path:one05132
one:115129376	path:one05132
one:115129510	path:one05132
one:115129618	path:one05132
one:115129726	path:one05132
one:115129746	path:one05132
one:115130027	path:one05132
one:115130170	path:one05132
one:115130175	path:one05132
one:115130256	path:one05132
one:115130271	path:one05132
one:115130316	path:one05132
one:115130353	path:one05132
one:115130358	path:one05132
one:115130376	path:one05132
one:115130428	path:one05132
one:115130441	path:one05132
one:115130519	path:one05132
one:115130601	path:one05132
one:115130603	path:one05132
one:115130961	path:one05132
one:115130970	path:one05132
one:115131017	path:one05132
one:115131252	path:one05132
one:115131286	path:one05132
one:115131599	path:one05132
one:115131622	path:one05132
one:115131640	path:one05132
one:115131646	path:one05132
one:115131882	path:one05132
one:115131927	path:one05132
one:115131934	path:one05132
one:115131981	path:one05132
one:115132043	path:one05132
one:115132056	path:one05132
one:115132071	path:one05132
one:115132098	path:one05132
one:115132146	path:one05132
one:115132157	path:one05132
one:115132207	path:one05132
one:115132214	path:one05132
one:115132242	path:one05132
one:115132249	path:one05132
one:115132318	path:one05132
one:115132370	path:one05132
one:115132468	path:one05132
one:115132526	path:one05132
one:115132763	path:one05132
one:115132976	path:one05132
one:115133058	path:one05132
one:115133059	path:one05132
one:115133071	path:one05132
one:115133079	path:one05132
one:115133137	path:one05132
one:115133160	path:one05132
one:115133340	path:one05132
one:115133378	path:one05132
one:115133405	path:one05132
one:115133421	path:one05132
one:115133433	path:one05132
one:115133625	path:one05132
one:115133673	path:one05132
one:115133751	path:one05132
one:115133756	path:one05132
one:115134093	path:one05132
one:115134100	path:one05132
one:115134169	path:one05132
one:115134368	path:one05132
one:115134409	path:one05132
one:115134444	path:one05132
one:115134515	path:one05132
one:115134585	path:one05132
one:115134642	path:one05132
one:115134735	path:one05132
one:115135000	path:one05132
one:115135111	path:one05132
one:115135163	path:one05132
one:115135305	path:one05132
one:115135313	path:one05132
one:115135343	path:one05132
one:115135363	path:one05132
one:115135438	path:one05132
one:115135470	path:one05132
one:115135479	path:one05132
one:115135534	path:one05132
one:115135590	path:one05132
one:115135810	path:one05132
one:115135955	path:one05132
one:115135980	path:one05132
one:115136063	path:one05132
one:115136184	path:one05132
one:115136185	path:one05132
one:115136593	path:one05132
one:115136609	path:one05132
one:115136661	path:one05132
one:115136750	path:one05132
one:115136818	path:one05132
one:115136854	path:one05132
one:115136855	path:one05132
one:115136859	path:one05132
one:115136925	path:one05132
one:115137223	path:one05132
one:115137783	path:one05132
one:115137899	path:one05132
one:115137906	path:one05132
one:115137932	path:one05132
one:115137945	path:one05132
one:115138026	path:one05132
one:115138062	path:one05132
one:115138159	path:one05132
one:115138317	path:one05132
one:115138361	path:one05132
one:115138454	path:one05132
one:115138514	path:one05132
one:115138529	path:one05132
one:115138539	path:one05132
one:115138583	path:one05132
one:115138621	path:one05132
one:115138660	path:one05132
one:115138865	path:one05132
one:115138873	path:one05132
one:115138875	path:one05132
one:115139197	path:one05132
one:115139202	path:one05132
one:115139232	path:one05132
one:115139236	path:one05132
one:115139242	path:one05132
one:115139257	path:one05132
one:115139339	path:one05132
one:115139492	path:one05132
one:115139520	path:one05132
one:115139555	path:one05132
one:115139611	path:one05132
one:115139653	path:one05132
one:115139654	path:one05132
one:115139684	path:one05132
one:115139866	path:one05132
one:115140008	path:one05132
one:115140024	path:one05132
one:115140026	path:one05132
one:115140033	path:one05132
one:115140044	path:one05132
one:115140059	path:one05132
one:115140107	path:one05132
one:115140184	path:one05132
one:115140186	path:one05132
one:115140187	path:one05132
one:115140265	path:one05132
one:115140291	path:one05132
one:115140757	path:one05132
one:115140758	path:one05132
one:115140761	path:one05132
one:115140780	path:one05132
one:115140804	path:one05132
one:115140905	path:one05132
one:115140944	path:one05132
one:115140997	path:one05132
one:115141041	path:one05132
one:115141048	path:one05132
one:115141053	path:one05132
one:115141066	path:one05132
one:115141120	path:one05132
one:115141322	path:one05132
one:115141506	path:one05132
one:115141671	path:one05132
one:115141729	path:one05132
one:115141735	path:one05132
one:115141749	path:one05132
one:115141761	path:one05132
one:115141827	path:one05132
one:115141974	path:one05132
one:115141982	path:one05132
one:115141987	path:one05132
one:115142010	path:one05132
one:115142061	path:one05132
one:115142479	path:one05132
one:115142490	path:one05132
one:115142491	path:one05132
one:115142624	path:one05132
one:115142649	path:one05132
one:115142782	path:one05132
one:115142871	path:one05132
one:115142885	path:one05132
one:115142895	path:one05132
one:115142930	path:one05132
one:115142939	path:one05132
one:115142965	path:one05132
one:115143004	path:one05132
one:115143027	path:one05132
one:115143076	path:one05132
one:115143077	path:one05132
one:115143078	path:one05132
one:115143120	path:one05132
one:115143136	path:one05132
one:115143151	path:one05132
one:115143153	path:one05132
one:115143242	path:one05132
one:115143336	path:one05132
one:115143338	path:one05132
one:115143392	path:one05132
one:115143457	path:one05132
one:115143463	path:one05132
one:115143511	path:one05132
one:115143529	path:one05132
one:115143915	path:one05132
one:115143925	path:one05132
one:115143950	path:one05132
one:115143985	path:one05132
one:115143988	path:one05132
one:115144005	path:one05132
one:115144141	path:one05132
one:115144236	path:one05132
one:115144254	path:one05132
one:115144345	path:one05132
one:115144438	path:one05132
one:115144709	path:one05132
one:115144786	path:one05132
one:115144820	path:one05132
one:115144888	path:one05132
one:115145247	path:one05132
one:115145272	path:one05132
one:115145391	path:one05132
one:115145482	path:one05132
one:115145810	path:one05132
one:115146050	path:one05132
one:115146104	path:one05132
one:115146143	path:one05132
one:115146198	path:one05132
one:115146204	path:one05132
one:115146263	path:one05132
one:115146354	path:one05132
one:115146398	path:one05132
one:115146443	path:one05132
one:115146645	path:one05132
one:115146679	path:one05132
one:115146824	path:one05132
one:115146827	path:one05132
one:115146941	path:one05132
one:115147056	path:one05132
one:115147070	path:one05132
one:115147117	path:one05132
one:115147151	path:one05132
one:115147161	path:one05132
one:115101153	path:one05168
one:115101223	path:one05168
one:115101321	path:one05168
one:115101329	path:one05168
one:115101587	path:one05168
one:115101943	path:one05168
one:115101947	path:one05168
one:115102163	path:one05168
one:115102232	path:one05168
one:115102439	path:one05168
one:115102458	path:one05168
one:115102496	path:one05168
one:115102581	path:one05168
one:115102731	path:one05168
one:115102767	path:one05168
one:115102907	path:one05168
one:115103013	path:one05168
one:115103091	path:one05168
one:115103155	path:one05168
one:115103188	path:one05168
one:115103245	path:one05168
one:115103316	path:one05168
one:115103336	path:one05168
one:115103589	path:one05168
one:115103591	path:one05168
one:115103592	path:one05168
one:115103789	path:one05168
one:115103843	path:one05168
one:115103883	path:one05168
one:115103919	path:one05168
one:115103970	path:one05168
one:115103979	path:one05168
one:115103983	path:one05168
one:115104108	path:one05168
one:115104160	path:one05168
one:115104161	path:one05168
one:115104241	path:one05168
one:115104310	path:one05168
one:115104351	path:one05168
one:115104370	path:one05168
one:115104878	path:one05168
one:115104895	path:one05168
one:115104921	path:one05168
one:115105225	path:one05168
one:115105319	path:one05168
one:115105325	path:one05168
one:115105326	path:one05168
one:115105359	path:one05168
one:115105510	path:one05168
one:115105846	path:one05168
one:115105905	path:one05168
one:115105998	path:one05168
one:115106493	path:one05168
one:115106499	path:one05168
one:115106636	path:one05168
one:115106665	path:one05168
one:115106722	path:one05168
one:115106747	path:one05168
one:115106755	path:one05168
one:115107010	path:one05168
one:115107136	path:one05168
one:115107419	path:one05168
one:115107605	path:one05168
one:115107660	path:one05168
one:115107680	path:one05168
one:115107835	path:one05168
one:115107904	path:one05168
one:115107934	path:one05168
one:115108041	path:one05168
one:115108180	path:one05168
one:115108229	path:one05168
one:115108455	path:one05168
one:115108660	path:one05168
one:115109150	path:one05168
one:115109203	path:one05168
one:115109380	path:one05168
one:115109425	path:one05168
one:115109512	path:one05168
one:115109851	path:one05168
one:115109852	path:one05168
one:115109853	path:one05168
one:115109854	path:one05168
one:115109855	path:one05168
one:115110050	path:one05168
one:115110134	path:one05168
one:115110135	path:one05168
one:115110136	path:one05168
one:115110137	path:one05168
one:115110138	path:one05168
one:115110139	path:one05168
one:115110140	path:one05168
one:115110142	path:one05168
one:115110253	path:one05168
one:115110306	path:one05168
one:115110554	path:one05168
one:115110661	path:one05168
one:115110685	path:one05168
one:115110691	path:one05168
one:115110748	path:one05168
one:115110751	path:one05168
one:115110829	path:one05168
one:115110858	path:one05168
one:115111322	path:one05168
one:115111415	path:one05168
one:115111486	path:one05168
one:115111646	path:one05168
one:115111668	path:one05168
one:115111788	path:one05168
one:115111813	path:one05168
one:115111931	path:one05168
one:115111959	path:one05168
one:115111974	path:one05168
one:115111984	path:one05168
one:115112007	path:one05168
one:115112090	path:one05168
one:115112092	path:one05168
one:115112296	path:one05168
one:115112333	path:one05168
one:115112699	path:one05168
one:115112795	path:one05168
one:115113005	path:one05168
one:115113014	path:one05168
one:115113207	path:one05168
one:115113221	path:one05168
one:115113507	path:one05168
one:115114115	path:one05168
one:115114142	path:one05168
one:115114169	path:one05168
one:115114221	path:one05168
one:115114298	path:one05168
one:115114494	path:one05168
one:115114621	path:one05168
one:115114686	path:one05168
one:115114693	path:one05168
one:115114785	path:one05168
one:115115168	path:one05168
one:115115548	path:one05168
one:115115568	path:one05168
one:115115651	path:one05168
one:115115840	path:one05168
one:115115987	path:one05168
one:115116045	path:one05168
one:115116349	path:one05168
one:115116546	path:one05168
one:115116795	path:one05168
one:115117100	path:one05168
one:115117458	path:one05168
one:115117812	path:one05168
one:115117893	path:one05168
one:115117991	path:one05168
one:115118125	path:one05168
one:115118194	path:one05168
one:115118791	path:one05168
one:115118792	path:one05168
one:115118967	path:one05168
one:115118995	path:one05168
one:115119136	path:one05168
one:115119420	path:one05168
one:115119504	path:one05168
one:115119677	path:one05168
one:115119721	path:one05168
one:115119769	path:one05168
one:115119806	path:one05168
one:115120083	path:one05168
one:115120424	path:one05168
one:115121372	path:one05168
one:115121421	path:one05168
one:115121489	path:one05168
one:115121787	path:one05168
one:115121927	path:one05168
one:115121957	path:one05168
one:115121975	path:one05168
one:115121977	path:one05168
one:115122236	path:one05168
one:115122470	path:one05168
one:115122481	path:one05168
one:115123317	path:one05168
one:115123389	path:one05168
one:115123390	path:one05168
one:115123533	path:one05168
one:115123904	path:one05168
one:115124472	path:one05168
one:115125089	path:one05168
one:115125211	path:one05168
one:115125924	path:one05168
one:115126322	path:one05168
one:115126350	path:one05168
one:115126357	path:one05168
one:115126363	path:one05168
one:115126364	path:one05168
one:115126368	path:one05168
one:115126371	path:one05168
one:115126380	path:one05168
one:115126874	path:one05168
one:115126882	path:one05168
one:115128126	path:one05168
one:115128370	path:one05168
one:115128379	path:one05168
one:115128380	path:one05168
one:115128386	path:one05168
one:115128447	path:one05168
one:115128773	path:one05168
one:115128854	path:one05168
one:115128993	path:one05168
one:115129126	path:one05168
one:115129259	path:one05168
one:115129372	path:one05168
one:115129399	path:one05168
one:115129673	path:one05168
one:115130148	path:one05168
one:115130175	path:one05168
one:115130194	path:one05168
one:115130531	path:one05168
one:115130601	path:one05168
one:115130950	path:one05168
one:115131153	path:one05168
one:115131256	path:one05168
one:115131552	path:one05168
one:115131604	path:one05168
one:115131611	path:one05168
one:115131613	path:one05168
one:115131614	path:one05168
one:115131619	path:one05168
one:115131626	path:one05168
one:115131684	path:one05168
one:115131945	path:one05168
one:115132058	path:one05168
one:115132062	path:one05168
one:115132098	path:one05168
one:115132136	path:one05168
one:115132207	path:one05168
one:115132210	path:one05168
one:115132406	path:one05168
one:115132453	path:one05168
one:115132577	path:one05168
one:115132926	path:one05168
one:115133102	path:one05168
one:115133606	path:one05168
one:115133623	path:one05168
one:115133625	path:one05168
one:115133971	path:one05168
one:115133986	path:one05168
one:115134062	path:one05168
one:115134162	path:one05168
one:115134409	path:one05168
one:115134531	path:one05168
one:115135098	path:one05168
one:115135136	path:one05168
one:115135425	path:one05168
one:115135438	path:one05168
one:115135535	path:one05168
one:115135610	path:one05168
one:115135649	path:one05168
one:115136041	path:one05168
one:115136094	path:one05168
one:115136593	path:one05168
one:115136609	path:one05168
one:115136749	path:one05168
one:115136943	path:one05168
one:115137223	path:one05168
one:115137327	path:one05168
one:115137450	path:one05168
one:115137504	path:one05168
one:115137632	path:one05168
one:115138149	path:one05168
one:115138158	path:one05168
one:115138159	path:one05168
one:115138361	path:one05168
one:115138454	path:one05168
one:115138513	path:one05168
one:115138660	path:one05168
one:115138681	path:one05168
one:115138726	path:one05168
one:115139176	path:one05168
one:115139339	path:one05168
one:115139492	path:one05168
one:115139502	path:one05168
one:115139520	path:one05168
one:115139653	path:one05168
one:115139751	path:one05168
one:115139879	path:one05168
one:115139920	path:one05168
one:115140060	path:one05168
one:115140184	path:one05168
one:115140583	path:one05168
one:115140757	path:one05168
one:115140758	path:one05168
one:115140762	path:one05168
one:115140949	path:one05168
one:115141066	path:one05168
one:115141115	path:one05168
one:115141147	path:one05168
one:115141221	path:one05168
one:115141222	path:one05168
one:115141654	path:one05168
one:115141826	path:one05168
one:115141974	path:one05168
one:115141979	path:one05168
one:115141982	path:one05168
one:115142156	path:one05168
one:115142169	path:one05168
one:115142492	path:one05168
one:115142493	path:one05168
one:115142578	path:one05168
one:115142627	path:one05168
one:115142670	path:one05168
one:115142799	path:one05168
one:115142855	path:one05168
one:115142973	path:one05168
one:115143167	path:one05168
one:115143174	path:one05168
one:115143201	path:one05168
one:115143375	path:one05168
one:115143377	path:one05168
one:115143667	path:one05168
one:115143915	path:one05168
one:115144059	path:one05168
one:115144239	path:one05168
one:115144330	path:one05168
one:115144331	path:one05168
one:115144345	path:one05168
one:115144444	path:one05168
one:115144798	path:one05168
one:115145012	path:one05168
one:115145272	path:one05168
one:115145315	path:one05168
one:115145341	path:one05168
one:115145481	path:one05168
one:115145810	path:one05168
one:115145964	path:one05168
one:115146031	path:one05168
one:115146050	path:one05168
one:115146263	path:one05168
one:115146354	path:one05168
one:115146486	path:one05168
one:115146827	path:one05168
one:115147159	path:one05168
one:115147161	path:one05168
