"gene","baseMean","log2FoldChange","lfcSE","pvalue","padj","description","treatment"
"LOC115131673",100.828268389963,0.291831928612423,0.120162577730941,8.22039500787107e-06,0.0266090237597237,"NADH dehydrogenase [ubiquinone] iron-sulfur protein 5-like","liver"
"LOC115128702",153.550384216592,0.280644724422316,0.100751919442593,1.93122531444276e-05,0.0266090237597237,"26S proteasome complex subunit SEM1","liver"
"LOC115139187",143.999694322358,0.26759365774384,0.096987503796785,3.76913445260765e-05,0.0266090237597237,"splicing factor 3B subunit 6","liver"
"LOC115133295",217.205891168774,0.262891330293945,0.113119829566506,4.46044153184795e-05,0.0266090237597237,"oligosaccharyltransferase complex subunit ostc, transcript variant X2","liver"
"LOC115123161",148.108566323141,0.261333668384435,0.113638726829367,4.69505305261578e-05,0.0266090237597237,"ferritin, middle subunit-like","liver"
"wdr45",103.888393846575,0.259252798958569,0.11533594801893,4.74585435863265e-05,0.0266090237597237,"WD repeat domain 45","liver"
"LOC115125161",136.916425934153,0.258626551683455,0.108325288422879,6.41241551709696e-05,0.0278496138534842,"60S ribosomal protein L32-like","liver"
"LOC115138705",700.210109238123,0.255078799966231,0.0971100463501187,7.8323148800462e-05,0.0290814747469895,"proteasome subunit alpha type-3","liver"
"LOC115106387",42.5959204661262,0.250520678412365,0.109533913427784,9.27145847406678e-05,0.0290814747469895,"dnaJ homolog subfamily C member 9-like, transcript variant X1","liver"
"LOC115112920",65.1284244089857,0.249813624630375,0.0831168493891307,5.55437163816869e-05,0.0266090237597237,"renin receptor-like","liver"
"LOC115111363",98.3469336555326,0.249341706687156,0.0973115239215318,0.000108841121123559,0.0317880970229787,"glutaredoxin-1-like, transcript variant X1","liver"
"LOC115135049",94.6064474653255,0.249017921478168,0.102451087252465,0.000114146081588133,0.0317880970229787,"bladder cancer-associated protein, transcript variant X2","liver"
"znhit2",158.25734298771,0.248336872503009,0.0998448581321186,0.00011823415470821,0.0317880970229787,"zinc finger HIT-type containing 2, transcript variant X2","liver"
"LOC115146293",46.7356256965599,0.248199815943268,0.124875749473102,3.08815706047042e-05,0.0266090237597237,"MARCKS-related protein 1-A-like","liver"
"LOC115135968",118.176869419857,0.24673345737145,0.0979808629923977,0.000127072854896958,0.0326115153976465,"malate dehydrogenase, mitochondrial-like","liver"
"LOC115105069",181.193886984798,0.237842808385154,0.103009352238605,0.000203477137230581,0.0441858429539947,"eukaryotic translation initiation factor 1b","liver"
"gps1",67.9021499002825,0.237603559143963,0.0859013296604364,0.000145892367852013,0.0358134047344549,"G protein pathway suppressor 1, transcript variant X3","liver"
"LOC115140097",81.1122763616699,0.236052940714164,0.0984039050195112,0.000228249254223109,0.046024831762274,"transcobalamin-2-like","liver"
"LOC115116869",559.328758645918,0.234131518038545,0.089982623450994,0.000215684883173706,0.045102105570324,"cytochrome c oxidase subunit NDUFA4-like","liver"
"LOC115107636",84.8333385619588,0.233701118210556,0.09735036590554,0.000257584384358609,0.0497908750356821,"COP9 signalosome complex subunit 8-like, transcript variant X1","liver"
"LOC115145216",204.780302746805,0.23021504129279,0.0897355459021864,0.000268383879765443,0.0497908750356821,"V-type proton ATPase 16 kDa proteolipid subunit","liver"
"LOC115132717",76.6393436159539,0.227795869934418,0.0989927315755221,0.000353389918377123,0.0513472241377666,"ras-related protein Rab-39B-like","liver"
"anapc16",283.993417182409,0.227086468212978,0.0970312788246776,0.000366294025885155,0.0513472241377666,"anaphase promoting complex subunit 16","liver"
"LOC115104196",106.875930269911,0.225443065144796,0.0975472070916394,0.000400117300497082,0.0513472241377666,"SUMO-conjugating enzyme UBC9-B, transcript variant X2","liver"
"LOC115140067",42.96553516248,0.224659591711691,0.101843351585853,0.000404362561252376,0.0513472241377666,"26S proteasome non-ATPase regulatory subunit 9-like","liver"
"LOC115145095",311.162069601426,0.224066961229431,0.10846846401662,0.000342005297514066,0.0513472241377666,"proteasome subunit beta type-5-like","liver"
"LOC115134514",107.365890738346,0.22341306453503,0.0932302126286362,0.000428993683539396,0.0513472241377666,"40S ribosomal protein S13","liver"
"mrpl21",51.7896821508788,0.223032087463865,0.101018692352205,0.000444141149424496,0.0513472241377666,"mitochondrial ribosomal protein L21, transcript variant X1","liver"
"psmd5",44.1028096034287,0.222908378532308,0.0929929310857008,0.000439204942062872,0.0513472241377666,"proteasome 26S subunit, non-ATPase 5","liver"
"LOC115121896",83.8215562505802,0.222846574291102,0.0975645498123274,0.000458436292862373,0.0513472241377666,"vacuolar protein sorting-associated protein 29, transcript variant X2","liver"
"LOC115101639",40.2833201049163,0.221580969843197,0.100102107131953,0.000483132510113889,0.0514672858887362,"mRNA export factor, transcript variant X2","liver"
"LOC115143985",149.714335201736,0.220553886757128,0.0828026446814501,0.000347972117628604,0.0513472241377666,"ADP-ribosylation factor 1","liver"
"LOC115140186",155.996380722397,0.219782412984768,0.0892091515375144,0.000477871978136389,0.0514672858887362,"dynein light chain 1, cytoplasmic-like","liver"
"LOC115142589",99.382477783106,0.219047181036155,0.0830579710437332,0.000386280733623982,0.0513472241377666,"phosphoribosyl pyrophosphate synthase-associated protein 1-like, transcript variant X2","liver"
"LOC115104729",486.108115545581,0.218949980162273,0.0728110447186109,0.000174624290902199,0.0410803644347422,"cytochrome b-c1 complex subunit 9-like","liver"
"LOC115143167",66.2406955859994,0.218765866675672,0.0853883268431203,0.000440090232766325,0.0513472241377666,"GTP-binding protein Rheb-like","liver"
"LOC115111714",43.1851323603949,0.218266778805869,0.109243272625995,0.00043085602293866,0.0513472241377666,"septin-2-like","liver"
"LOC115126009",252.464003404165,0.218019342557782,0.0951421998475767,0.000585628005459406,0.0524348943476314,"ATP synthase F(0) complex subunit B1, mitochondrial-like","liver"
"LOC115134971",51.3612023673969,0.217372844074398,0.109821523459063,0.000435056733346424,0.0513472241377666,"voltage-dependent anion-selective channel protein 2-like","liver"
"LOC115142640",109.095304773969,0.216139385942522,0.0722380526412294,0.000199150237345712,0.0441858429539947,"protein dpy-30 homolog, transcript variant X1","liver"
"ndufb5",193.309710071905,0.216023365579396,0.104658654705582,0.000578647771451679,0.0524348943476314,"NADH:ubiquinone oxidoreductase subunit B5","liver"
"LOC115138930",247.348124609799,0.215970827993958,0.0866663739065388,0.000544295583480513,0.0524348943476314,"ATPase inhibitor B, mitochondrial-like, transcript variant X2","liver"
"LOC115113712",765.507935780703,0.215129136245447,0.0908962502051276,0.000644644927737875,0.052561951787021,"ferritin, heavy subunit-like","liver"
"LOC115110656",73.048111008013,0.214434956272556,0.0979924074835512,0.000706229330442153,0.054102164082023,"SEC14-like protein 1, transcript variant X2","liver"
"LOC115109712",198.667896808026,0.213199006477446,0.061817627732126,5.65547795105711e-05,0.0266090237597237,"rab GDP dissociation inhibitor beta-like","liver"
"LOC115142868",132.139874556434,0.213024428748238,0.0869837592885959,0.000650074553832822,0.052561951787021,"cytochrome c1, heme protein, mitochondrial-like","liver"
"LOC115132418",125.043507466417,0.212679661470431,0.0940019574291028,0.000768633294854202,0.0562441821509167,"serine/threonine-protein kinase PINK1, mitochondrial-like","liver"
"sptssa",190.624500402747,0.21230786879901,0.0836748480761126,0.000592251899888977,0.0524348943476314,"serine palmitoyltransferase small subunit A","liver"
"LOC115125925",76.5594708916325,0.210888805176003,0.0943991991675591,0.000846301598268271,0.05827096126613,"peptidyl-prolyl cis-trans isomerase A-like","liver"
"LOC115101900",100.121047264529,0.210209560908341,0.087060620299793,0.000762457964264388,0.0562441821509167,"gamma-secretase subunit PEN-2","liver"
"LOC115120964",679.334056449519,0.209836832486403,0.0934042999329761,0.00088716958379898,0.0603489092786631,"cytochrome c oxidase subunit 4 isoform 1, mitochondrial-like","liver"
"LOC115111051",44.605940740642,0.2096376366527,0.111170641875723,0.000565660806015337,0.0524348943476314,"28S ribosomal protein S36, mitochondrial-like, transcript variant X1","liver"
"LOC115122703",93.9453310222086,0.208408523272033,0.0901795029638645,0.000912611277342447,0.0613405151413745,"pyridoxal phosphate homeostasis protein-like, transcript variant X1","liver"
"LOC115101234",262.800734807577,0.208350413317406,0.0937968027099348,0.000961522417837038,0.0616904042171354,"BCL2/adenovirus E1B 19 kDa protein-interacting protein 3-like","liver"
"LOC115123317",75.3482378700743,0.208052057731319,0.0960862195452073,0.000982935010706394,0.0622184253250212,"cytochrome c, transcript variant X1","liver"
"psen2",95.8529032742697,0.208038211004527,0.0852353880411053,0.000806903782186372,0.0562441821509167,"presenilin 2, transcript variant X1","liver"
"LOC115135536",522.407341118967,0.207428578500936,0.113063676061843,0.000540762169236155,0.0524348943476314,"V-type proton ATPase catalytic subunit A-like","liver"
"LOC115139625",82.9731148521565,0.205999337916942,0.0881741193410544,0.00099179211463902,0.0622184253250212,"5'-3' exoribonuclease 2-like","liver"
"LOC115106562",687.498094276931,0.205991382437695,0.0781597594216365,0.00063059210200389,0.052561951787021,"histone H3.3, transcript variant X3","liver"
"LOC115125976",519.08057814341,0.205715488612015,0.110369474549843,0.0007090967307952,0.054102164082023,"60S ribosomal protein L3","liver"
"LOC115134211",44.6860075302028,0.205016423077718,0.0847100288843961,0.000936273793608337,0.061467463240845,"serine/threonine-protein kinase 17B-like","liver"
"LOC115131775",1336.90479125622,0.204719079318862,0.0986075058022173,0.00114203426710012,0.0652607246374232,"40S ribosomal protein S27","liver"
"LOC115135016",283.984900242854,0.204409589775724,0.0889747552429618,0.00110132780093906,0.0652607246374232,"cytochrome c1, heme protein, mitochondrial-like","liver"
"LOC115123135",47.6757598714433,0.204335017027492,0.10585096469896,0.000960192604155565,0.0616904042171354,"syndecan-4-like","liver"
"nenf",104.080672406611,0.204149328118783,0.0940567014586442,0.00119500400514943,0.0668019070601356,"neudesin neurotrophic factor","liver"
"LOC115119000",370.058749408274,0.20363291390119,0.0674632031297221,0.000273382416951142,0.0497908750356821,"transmembrane emp24 domain-containing protein 10-like","liver"
"LOC115140758",171.694610596652,0.203311707295263,0.0972563838118707,0.00124038495043551,0.0670100982937018,"tumor necrosis factor receptor superfamily member 1A-like, transcript variant X3","liver"
"LOC115112864",112.809569092862,0.203138307946548,0.0750185722610854,0.000598504339141622,0.0524348943476314,"casein kinase I, transcript variant X3","liver"
"ndufaf1",48.068698233484,0.202623076839268,0.110835285000178,0.000787059918908581,0.0562441821509167,"NADH:ubiquinone oxidoreductase complex assembly factor 1, transcript variant X1","liver"
"npc2",398.110129019525,0.202605373048456,0.0940105851984691,0.00129243155440105,0.0670100982937018,"NPC intracellular cholesterol transporter 2","liver"
"LOC115110806",662.366194763291,0.202492764903088,0.0935845065033198,0.00129729716842823,0.0670100982937018,"cytochrome c oxidase subunit NDUFA4-like","liver"
"LOC115105984",82.9916507740992,0.202451688620851,0.114037773295334,0.000612947755392078,0.0524348943476314,"NADH dehydrogenase [ubiquinone] 1 alpha subcomplex subunit 8-like","liver"
"LOC115105093",52.0343433136211,0.201742418471987,0.0988475757691785,0.0013172308701109,0.0670100982937018,"cullin-2-like, transcript variant X2","liver"
"LOC115111365",91.1797224554729,0.201286809652914,0.101956145040486,0.00126498587420128,0.0670100982937018,"osteoclast-stimulating factor 1-like","liver"
"LOC115102635",163.755141995053,0.199651816733994,0.115221056385017,0.000612677198683964,0.0524348943476314,"keratin, type I cytoskeletal 18-like","liver"
"LOC115115084",129.996283159779,0.199623988065242,0.0878546107757937,0.00138374002167938,0.0676872164894276,"uncharacterized LOC115115084","liver"
"LOC115144429",75.7192612011235,0.199376645811791,0.0848346136269732,0.00128305159767287,0.0670100982937018,"vacuolar protein sorting-associated protein 26A-like","liver"
"LOC115106648",122.338210324329,0.19919686661246,0.0859942870339469,0.00134556930141676,0.0676244392011865,"ras-related protein Rab-5C, transcript variant X4","liver"
"atp5mpl",683.925896584146,0.19719645872544,0.115223595957723,0.000676464543682208,0.0537932227271795,"ATP synthase membrane subunit 6.8PL","liver"
"LOC115110534",167.652561641131,0.196328834630477,0.0871767045367786,0.00161956140840945,0.0743418187957702,"transmembrane protein 106B-like, transcript variant X4","liver"
"LOC115145882",67.8220315411759,0.196272684077377,0.0988632518718819,0.00171591188138856,0.0768067701095574,"MICOS complex subunit Mic10-like","liver"
"LOC115146361",491.230865527366,0.195893437943571,0.0908104560103032,0.00177198037177875,0.0773782773673894,"cytochrome c oxidase subunit 7A2, mitochondrial-like","liver"
"LOC115147101",65.6823138431096,0.195484019900356,0.10712379207051,0.00135344697657352,0.0676244392011865,"dolichol phosphate-mannose biosynthesis regulatory protein-like, transcript variant X2","liver"
"grpel1",142.98283190015,0.194473487671831,0.11204201215858,0.00101989124202362,0.0632780873897293,"GrpE like 1, mitochondrial","liver"
"LOC115101480",137.094698707325,0.194422042947499,0.0962530918272803,0.00193388729942221,0.0796127610147656,"NADH dehydrogenase [ubiquinone] 1 alpha subcomplex subunit 2-like","liver"
"LOC115128695",120.786028850858,0.194212731858963,0.0856855366828267,0.00173945523708325,0.0768067701095574,"cytochrome b-c1 complex subunit 7-like","liver"
"LOC115132815",158.184996508307,0.193946092109671,0.104183927543182,0.00165799951524628,0.0754924617990361,"NADH dehydrogenase [ubiquinone] 1 beta subcomplex subunit 11, mitochondrial-like","liver"
"LOC115130477",169.720784417405,0.19376918792494,0.111006814192731,0.00114060721427115,0.0652607246374232,"lysozyme g-like","liver"
"LOC115110978",1606.54115977384,0.19318574610377,0.100905943026763,0.00190538661518742,0.0796127610147656,"cytochrome c oxidase subunit 7C, mitochondrial-like","liver"
"LOC115108282",448.938976710955,0.192013025610585,0.0930073746909591,0.00218984736898454,0.0864606870299768,"ATP synthase subunit delta, mitochondrial-like, transcript variant X1","liver"
"LOC115140820",44.8772531554541,0.19121894214515,0.119148744907124,0.000514333619570576,0.0524348943476314,"zinc finger MYM-type protein 1-like, transcript variant X1","liver"
"LOC115110483",230.400742276966,0.190785685230372,0.07544716775758,0.00129797524440449,0.0670100982937018,"NADH dehydrogenase [ubiquinone] 1 alpha subcomplex subunit 6-like","liver"
"LOC115133349",187.487319482589,0.190342197401331,0.067175502047859,0.000651671382410816,0.052561951787021,"ER membrane protein complex subunit 4, transcript variant X2","liver"
"LOC115122299",289.917971707057,0.190206408634049,0.12697834166658,8.77156522313642e-05,0.0290814747469895,"mannose-binding protein C-like","liver"
"LOC115112854",260.988621443685,0.190130115804077,0.0808400786844341,0.00181349320731672,0.0773782773673894,"proteasome subunit beta type-1-B-like","liver"
"LOC115102205",485.663604983162,0.189568454859751,0.098930197779657,0.00235776719900559,0.0874718206443201,"60S ribosomal protein L22","liver"
"LOC115142782",62.9232902367079,0.189510951464471,0.106562692794615,0.00182086352976739,0.0773782773673894,"myosin regulatory light polypeptide 9","liver"
"LOC115138170",325.028728089755,0.189162220325633,0.0991897333259631,0.0023914266245787,0.0874718206443201,"ependymin-like","liver"
"LOC115131682",54.3220645629895,0.189040976322182,0.0992081535960268,0.00240421670949036,0.0874718206443201,"elongin-A-like","liver"
"LOC115138148",46.0042446110076,0.188350779274527,0.103892987870544,0.00216520289393234,0.0860896868953662,"Y-box-binding protein 2-A-like, transcript variant X3","liver"
"LOC115109312",200.968961036424,0.18815362420729,0.0777912804032957,0.00173916484775535,0.0768067701095574,"anamorsin, transcript variant X3","liver"
"LOC115102499",61.053872350021,0.187728007110239,0.093484110773481,0.0027037743741346,0.0922501561356199,"transcription initiation factor TFIID subunit 8-like","liver"
"LOC115108384",39.7953581305831,0.187446893220042,0.0900337086723077,0.00268647822756944,0.0922501561356199,"MOB kinase activator 3A","liver"
"LOC115109447",704.516091075761,0.186542830174371,0.110481990915669,0.00161836503347753,0.0743418187957702,"ADP-ribosylation factor 4-like","liver"
"LOC115142321",89.2864026483266,0.186274096727032,0.0994047433806825,0.00272529935168698,0.0922501561356199,"MAP kinase-activated protein kinase 2-like","liver"
"dhfr",121.315096438226,0.186258101670484,0.10898062254729,0.00182276140450988,0.0773782773673894,"dihydrofolate reductase","liver"
"LOC115103239",275.552708701141,0.185892465399864,0.0947076263151608,0.00294613303652298,0.0961495209491837,"ubiquitin-60S ribosomal protein L40-like","liver"
"LOC115138700",274.376762179229,0.185698626432436,0.0805141037916236,0.00227319023801429,0.0874718206443201,"signal recognition particle 54 kDa protein-like, transcript variant X1","liver"
"LOC115110214",169.6555699466,0.185662317106377,0.106885974279816,0.00212356600227321,0.0851112591503767,"nucleoside diphosphate kinase A-like","liver"
"LOC115101455",230.896022574008,0.185303349162851,0.0757971328309642,0.00181931553784511,0.0773782773673894,"ras-related protein Rab-1A-like","liver"
"LOC115109368",21560.2011986255,0.185117595413726,0.105333566224988,0.00235418239653754,0.0874718206443201,"metallothionein A","liver"
"LOC115101740",155.084673277335,0.185018967123658,0.0932301254472841,0.00308244006073333,0.0987738039056392,"succinate dehydrogenase cytochrome b560 subunit, mitochondrial-like, transcript variant X1","liver"
"LOC115111717",122.149748445696,0.184844134510448,0.0763106869955801,0.00192533383948298,0.0796127610147656,"ubiquitin recognition factor in ER-associated degradation protein 1","liver"
"ndufa1",731.06682744857,0.184787656802022,0.103072953242758,0.00262569069167079,0.0920785692246787,"NADH:ubiquinone oxidoreductase subunit A1","liver"
"LOC115117859",68.5964228466853,0.184635921714935,0.0830820001629522,0.00265246596423836,0.0922501561356199,"protein kish-A-like","liver"
"thoc7",141.127740410038,0.184520015585156,0.0936146392712935,0.00315662500867357,0.0987738039056392,"THO complex 7, transcript variant X2","liver"
"LOC115103576",155.560057498132,0.184240282599091,0.120545754136292,0.000517085627282196,0.0524348943476314,"dispanin subfamily A member 2b-like","liver"
"zmat2",94.898061111777,0.183843317907201,0.112874174716074,0.00147956386299672,0.0707933692413516,"zinc finger matrin-type 2","liver"
"rpl39",1685.63512493942,0.183746910588376,0.0933593676435251,0.00327677821243156,0.0995647716513986,"ribosomal protein L39","liver"
"LOC115133189",137.933537149447,0.183612942935644,0.0787821590147577,0.00235112071148792,0.0874718206443201,"short transmembrane mitochondrial protein 1","liver"
"LOC115103830",2671.48806013347,0.183254974084321,0.0838224771021856,0.00291726475818836,0.0957609117716945,"beta-2-glycoprotein 1-like","liver"
"ndufb3",301.818280216943,0.182655518422694,0.100300106700795,0.00315417767122186,0.0987738039056392,"NADH:ubiquinone oxidoreductase subunit B3","liver"
"LOC115108144",42.695425668713,0.182650448978603,0.0864503499253223,0.00321898333663436,0.0987738039056392,"RNA 3'-terminal phosphate cyclase-like, transcript variant X2","liver"
"LOC115108166",133.825655850166,0.182280330525743,0.0865716251833049,0.00328769644626204,0.0995647716513986,"membralin-like, transcript variant X3","liver"
"LOC115110327",146.12802801956,0.182227270609783,0.093673836737443,0.00352202116657916,0.102308304400293,"ubiquitin domain-containing protein UBFD1-like, transcript variant X3","liver"
"LOC115104936",92.4194988837223,0.181676051257565,0.093883038048244,0.00361355971479765,0.103369826271606,"mitochondrial fission regulator 1-like","liver"
"LOC115141895",52.4232291595452,0.181623651951889,0.0992380359654902,0.00339192271228072,0.101326961024005,"vasodilator-stimulated phosphoprotein-like, transcript variant X2","liver"
"LOC115133149",192.120380426121,0.181483676101816,0.0907988461185029,0.00362508423694263,0.103369826271606,"NADH dehydrogenase [ubiquinone] 1 alpha subcomplex subunit 5-like","liver"
"LOC115130345",41.4577730260986,0.181250069272292,0.0845227006235963,0.00329766423995953,0.0995647716513986,"ATP-binding cassette sub-family F member 2","liver"
"LOC115120267",460.941061721967,0.181235655692488,0.086121380319545,0.00343129340581088,0.101594801820602,"transitional endoplasmic reticulum ATPase-like","liver"
"LOC115115591",159.659982995134,0.181086092429024,0.118789409980496,0.000784378204723866,0.0562441821509167,"dispanin subfamily A member 2b-like","liver"
"cryz",50.1634035257091,0.180712071637279,0.111275306478537,0.00194590170386781,0.0796127610147656,"crystallin zeta, transcript variant X1","liver"
"LOC115116667",88.4393854548743,0.180154401734601,0.0949004617282612,0.00386305943275821,0.105366345687695,"proteasome subunit alpha type-1-like","liver"
"becn1",65.7938087984022,0.180131121791423,0.0846799092259465,0.00350439361066837,0.102308304400293,"beclin 1, transcript variant X2","liver"
"LOC115129427",1188.89348656547,0.179846793869372,0.0972641949598303,0.00381848041648208,0.105366345687695,"ADP/ATP translocase 2-like","liver"
"LOC115137610",60.5012822499813,0.179792049154686,0.0966821547923471,0.00385974712952295,0.105366345687695,"dehydrogenase/reductase SDR family member 11-like","liver"
"dmac2l",40.6520178902742,0.17975676442132,0.112937378227383,0.00174127994580647,0.0768067701095574,"distal membrane arm assembly complex 2 like","liver"
"LOC115132503",278.287297908528,0.179708240762772,0.0957852805639922,0.00391516616238792,0.105750221684418,"myosin light polypeptide 6-like","liver"
"LOC115137284",59.2153474599522,0.179389542556053,0.0924217652595082,0.00403402123483415,0.10692997132335,"LON peptidase N-terminal domain and RING finger protein 1-like, transcript variant X1","liver"
"c8g",2183.90522234269,0.178066306936432,0.0908246732381693,0.00427333553601953,0.107371334663571,"complement C8 gamma chain, transcript variant X2","liver"
"LOC115111499",331.406302592937,0.177689313506185,0.0917142054099958,0.00436728749292848,0.108269851319413,"C-type lectin domain family 4 member E-like","liver"
"nccrp1",43.6297492450123,0.177634469856522,0.10250664623363,0.0036989892632379,0.103902952140503,"non-specific cytotoxic cell receptor protein 1 homolog (zebrafish)","liver"
"LOC115143646",228.346945069676,0.177577331055876,0.0903939407384013,0.00436248536852591,0.108269851319413,"cytochrome c oxidase subunit 6C-1","liver"
"LOC115137319",179.814275421959,0.177250346845563,0.072732919809665,0.00235785648609174,0.0874718206443201,"acid ceramidase-like","liver"
"LOC115114211",842.194092606941,0.177129514619431,0.102198576299821,0.00382502424326788,0.105366345687695,"40S ribosomal protein S28","liver"
"LOC115106440",50.9817645959117,0.176688935063387,0.0853149291391097,0.00422667129533926,0.107371334663571,"ADP-ribosylation factor 1","liver"
"LOC115133187",275.556666573045,0.176680909946486,0.108848466646302,0.00278128877027544,0.0923574532301717,"aldo-keto reductase family 1 member B1-like","liver"
"LOC115140916",136.535574630642,0.176202016519345,0.0716129496705023,0.00231464318040068,0.0874718206443201,"RWD domain-containing protein 1-like, transcript variant X1","liver"
"LOC115112011",89.0809190368425,0.176163119340914,0.0841152894267538,0.00421383896159518,0.107371334663571,"serine/threonine-protein phosphatase 2A catalytic subunit beta isoform-like","liver"
"LOC115102139",713.10469079888,0.176017641372644,0.102321431550845,0.00400241368912367,0.10692997132335,"nascent polypeptide-associated complex subunit alpha-like, transcript variant X1","liver"
"LOC115102966",941.166681436714,0.175991980052826,0.0989114278670399,0.00441855479713515,0.108269851319413,"CCAAT/enhancer-binding protein delta-like","liver"
"LOC115112959",335.047571698218,0.175750092312475,0.107375529570694,0.00318524352826183,0.0987738039056392,"cell cycle control protein 50C-like","liver"
"LOC115140224",52.7166843119531,0.175379437657375,0.0964747249196318,0.00474384521055692,0.112065899827633,"ran-specific GTPase-activating protein-like, transcript variant X1","liver"
"LOC115113675",1433.04796335557,0.175221838394763,0.0912254225601698,0.00490028549506758,0.1133893930539,"cytochrome c oxidase subunit 4 isoform 1, mitochondrial","liver"
"bbs2",42.9962955828453,0.175150699126652,0.110598721111517,0.00260215937622532,0.0918236989885509,"Bardet-Biedl syndrome 2, transcript variant X2","liver"
"LOC115132550",120.331132873945,0.174944934255124,0.0981073513557912,0.00471116785136337,0.111865573815839,"ATP synthase F(0) complex subunit B1, mitochondrial-like","liver"
"LOC115113672",258.928134659453,0.174919358192629,0.0921435272159027,0.00498017678876281,0.113402271416958,"probable ribosome biogenesis protein RLP24","liver"
"LOC115145863",79.9568680641811,0.174911808892778,0.0944062095869089,0.00494854070269249,0.113402271416958,"acid ceramidase-like","liver"
"LOC115132353",41.6842298746211,0.174693872847892,0.0858486567223894,0.00471555199577927,0.111865573815839,"YTH domain-containing family protein 1-like, transcript variant X1","liver"
"LOC115108195",138.193891781901,0.174687892857445,0.0690522958214039,0.00207453304429094,0.084264845813429,"NADH-quinone oxidoreductase subunit B-like","liver"
"LOC115102020",114.230862607735,0.174579410384581,0.0977509221364297,0.00482206615290216,0.112590705889937,"40S ribosomal protein S23","liver"
"arfgap2",43.5841704263918,0.174492873064413,0.0950203551938714,0.0050213406013784,0.113857385684267,"ADP ribosylation factor GTPase activating protein 2","liver"
"LOC115131311",529.424924376496,0.174391211861689,0.0787589330744663,0.00383568331877089,0.105366345687695,"26S proteasome complex subunit SEM1-like","liver"
"LOC115135501",127.073379824732,0.173741099217379,0.089631033963367,0.00520652681937585,0.116147836617255,"ras-related protein Rab-1B-like","liver"
"LOC115141548",123.209165585089,0.173515418427377,0.112213049599863,0.00241686220696315,0.0874718206443201,"flavin reductase (NADPH)-like, transcript variant X2","liver"
"LOC115108511",109.62139808212,0.173290343392291,0.082886392998352,0.00470111308407428,0.111865573815839,"F-box/LRR-repeat protein 5","liver"
"LOC115130323",210.384400225427,0.172693982142875,0.08732989147537,0.00533036523146557,0.117502704619289,"MOB-like protein phocein, transcript variant X5","liver"
"LOC115141504",160.460505467492,0.172584204250305,0.0826941576993482,0.00484220793446077,0.112590705889937,"coatomer subunit delta-like","liver"
"LOC115129029",66.222080311856,0.172275897629269,0.102632955015183,0.00467120751345394,0.111865573815839,"thioredoxin-like protein 4A","liver"
"kctd10",70.1442856690546,0.171893605043278,0.0751573902105118,0.00367436093932622,0.103727209317179,"potassium channel tetramerization domain containing 10","liver"
"LOC115102776",166.245179856961,0.17187152051583,0.0824511532690182,0.00498118372500986,0.113402271416958,"NEDD8-like","liver"
"LOC115104582",127.587772136366,0.171504695321294,0.0866987080429759,0.0055877913121695,0.121809535708529,"proteasome maturation protein-like","liver"
"LOC115144160",50.8693754162633,0.171160905851951,0.113567720834196,0.00231990285097152,0.0874718206443201,"protein Tob1-like","liver"
"LOC115111930",244.820098305034,0.17082778663035,0.0884248777564157,0.00590738594276024,0.125860758614431,"histone H2A.V","liver"
"washc4",66.2036932223502,0.170811607065075,0.0917667502834482,0.00602782897239151,0.126590076225118,"WASH complex subunit 4, transcript variant X2","liver"
"LOC115135239",110.486731010294,0.170493422007083,0.0883913954804954,0.0059991056173285,0.126590076225118,"cytochrome c oxidase subunit 7A-related protein, mitochondrial","liver"
"LOC115112233",216.219266478795,0.170490853395452,0.0967368348379619,0.00590111809575267,0.125860758614431,"26S proteasome non-ATPase regulatory subunit 7","liver"
"ndufb1",428.45153591816,0.170387782204386,0.0910376544226165,0.0061392949235278,0.12743551153764,"NADH:ubiquinone oxidoreductase subunit B1","liver"
"LOC115131932",57.0410436705615,0.169929206654939,0.0924901797737728,0.00627553826810039,0.129312733801806,"poly(rC)-binding protein 2, transcript variant X1","liver"
"LOC115110057",3360.3129211003,0.169916858796087,0.118817169212406,0.00116646202680761,0.0658584460335578,"ferritin, middle subunit-like","liver"
"LOC115113623",192.360911133868,0.168961708742927,0.0983270587569791,0.00613749826998222,0.12743551153764,"cytochrome c oxidase subunit 5A, mitochondrial-like","liver"
"LOC115132293",49.4328410319146,0.168917328112887,0.0757961374810281,0.00444892056431169,0.108269851319413,"diphosphoinositol polyphosphate phosphohydrolase 1-like, transcript variant X2","liver"
"LOC115103192",66.905700812383,0.168861401985403,0.105191034654126,0.00484582740546488,0.112590705889937,"transmembrane protein 56-B-like, transcript variant X2","liver"
"LOC115119183",101.811365475874,0.168803248952367,0.103628742392256,0.00522521262854813,0.116147836617255,"hydroxyacylglutathione hydrolase, mitochondrial-like","liver"
"LOC115129047",1248.20611560568,0.168696759694068,0.0956878465668895,0.00649099203517984,0.129885231245969,"60S ribosomal protein L14-like","liver"
"LOC115140267",46.9194572876575,0.168392211496389,0.0853882212121671,0.00633565754198248,0.129820117443892,"TM2 domain-containing protein 2-like","liver"
"derl1",741.667723792834,0.168374407553197,0.0949456104038877,0.00664023543407901,0.131086605807028,"derlin 1","liver"
"LOC115113529",177.024077061559,0.167996500729108,0.0732766433665837,0.0040734155182088,0.10722439868431,"dnaJ homolog subfamily A member 2","liver"
"LOC115106326",265.161668700201,0.167769191607788,0.0850051204257652,0.00647814527664167,0.129885231245969,"eukaryotic translation initiation factor 3 subunit E","liver"
"sugt1",106.345275197893,0.167675279372857,0.108507810952169,0.00418272051819562,0.107371334663571,"SGT1 homolog, MIS12 kinetochore complex assembly cochaperone, transcript variant X2","liver"
"LOC115144376",328.080197415305,0.167670398984136,0.102922967638857,0.0056523155801584,0.12274220679067,"cytochrome c oxidase assembly protein COX14 homolog","liver"
"LOC115106415",338.497566742022,0.167644341958918,0.108213431015132,0.00427384626589252,0.107371334663571,"zinc transporter ZIP11-like, transcript variant X2","liver"
"LOC115112919",109.79237279985,0.167550572657179,0.092919294256474,0.00698712588976833,0.131582103041871,"thyrotroph embryonic factor-like, transcript variant X2","liver"
"svbp",52.7006900949258,0.167466731534241,0.0942426582978542,0.00696078105352622,0.131582103041871,"small vasohibin binding protein","liver"
"lyplal1",60.9067137445455,0.167141004426248,0.088020835335475,0.00699161015100269,0.131582103041871,"lysophospholipase like 1, transcript variant X1","liver"
"LOC115101415",267.180273372221,0.167076537268694,0.0685970783382578,0.00311784983153862,0.0987738039056392,"pyruvate dehydrogenase E1 component subunit alpha, mitochondrial-like, transcript variant X1","liver"
"LOC115129697",220.571617002974,0.166897134373552,0.0875959983420982,0.00703707413077118,0.13173921772319,"integral membrane protein 2B-like, transcript variant X2","liver"
"LOC115138378",703.432819033702,0.166566499690601,0.0925956158146913,0.00731366991976887,0.132364658484469,"cytochrome c oxidase subunit 7A2, mitochondrial-like","liver"
"bpnt1",71.4893952333444,0.166475537860566,0.0951108744546686,0.00721913154124122,0.132364658484469,"3'(2'), 5'-bisphosphate nucleotidase 1","liver"
"nemf",108.521606843478,0.16645545965911,0.0902176742255244,0.00733823232267909,0.132364658484469,"nuclear export mediator factor","liver"
"LOC115112120",107.858784016251,0.16645004130287,0.084912652842265,0.00688542796143985,0.131582103041871,"cytochrome b-c1 complex subunit Rieske, mitochondrial-like","liver"
"LOC115110178",376.806571728151,0.166357056746658,0.0899267652720694,0.00736140679492085,0.132364658484469,"ATP synthase F(0) complex subunit C3, mitochondrial-like","liver"
"LOC115122168",47.333644407078,0.16634354670935,0.11963679044386,0.00113298286672144,0.0652607246374232,"transcription factor jun-B-like","liver"
"LOC115110500",146.048266089194,0.166179277281653,0.0950612673367239,0.0073193497215607,0.132364658484469,"NADH dehydrogenase [ubiquinone] 1 alpha subcomplex subunit 6-like","liver"
"LOC115112294",267.897940351861,0.166132607309057,0.0997496015238205,0.00671986940250814,0.131582103041871,"probable ribosome biogenesis protein RLP24","liver"
"LOC115135586",64.8317819903526,0.166119687343738,0.10154303911817,0.0063646471473388,0.129820117443892,"proteasome subunit beta type-6-like, transcript variant X3","liver"
"pfdn6",120.254742612979,0.166108643663157,0.0905863053102913,0.0074657645425093,0.132747665995541,"prefoldin subunit 6","liver"
"LOC115111899",38.7703275908561,0.16591684677449,0.0940994592552479,0.00747161240023718,0.132747665995541,"3-oxoacyl-[acyl-carrier-protein] reductase FabG-like","liver"
"LOC115103161",349.845892906869,0.16586515545267,0.101716745826775,0.00639709942904383,0.129820117443892,"T-complex protein 1 subunit gamma-like, transcript variant X1","liver"
"LOC115139699",778.561921895275,0.165829695276027,0.0999213216863448,0.00677775061562734,0.131582103041871,"cysteine dioxygenase type 1-like","liver"
"LOC115109605",697.189768055998,0.165439219321224,0.0880094555165403,0.00756567681305052,0.133071063197767,"cytochrome P450 2F2-like","liver"
"LOC115115463",76.0460918008365,0.165264676599056,0.0982224036562008,0.00724521046582822,0.132364658484469,"OCIA domain-containing protein 1-like","liver"
"ndufs2",87.1826076439365,0.165154380828115,0.0876378197456053,0.00763497558659802,0.133781362412265,"NADH:ubiquinone oxidoreductase core subunit S2","liver"
"LOC115109966",231.817797516141,0.165076872969155,0.0723650693596157,0.00451488544346854,0.109213600457308,"V-type proton ATPase 16 kDa proteolipid subunit-like","liver"
"abcc2",2248.66802473973,0.164784416172611,0.0709873555627523,0.00420640231450443,0.107371334663571,"ATP binding cassette subfamily C member 2","liver"
"LOC115108050",229.733258146964,0.164576951254906,0.120839121829085,0.000927862050912837,0.061467463240845,"kinesin-like protein KIF14, transcript variant X1","liver"
"LOC115129611",217.071619727795,0.164441723450281,0.083093830980109,0.00727763591913817,0.132364658484469,"ATP synthase-coupling factor 6, mitochondrial-like","liver"
"LOC115115072",265.404688751201,0.163886423732825,0.0950039603800654,0.00811138069655686,0.140481151572884,"signal peptidase complex subunit 3","liver"
"LOC115147159",403.724922292986,0.163854436160873,0.11331997299787,0.00320741782066829,0.0987738039056392,"phosphatidylinositol 3-kinase regulatory subunit alpha-like, transcript variant X1","liver"
"LOC115140156",49.9378598948101,0.163812009441993,0.0801629674950118,0.00689809272577989,0.131582103041871,"mesoderm induction early response protein 3-like, transcript variant X1","liver"
"LOC115109168",270.252491422839,0.163777707064219,0.0833921481585661,0.00756507952100709,0.133071063197767,"NADH-quinone oxidoreductase subunit B-like, transcript variant X1","liver"
"LOC115105948",4299.34882878153,0.163578377110577,0.0909858221543225,0.00838226631463116,0.140730428171628,"cathepsin L1-like","liver"
"LOC115121200",611.625340051307,0.163535963746422,0.108586422033826,0.0049558905889835,0.113402271416958,"transcription factor BTF3, transcript variant X2","liver"
"hadh",65.2671928821802,0.163191676358578,0.108109621517906,0.00519828903052502,0.116147836617255,"hydroxyacyl-CoA dehydrogenase","liver"
"LOC115114316",366.70886805808,0.162805222684217,0.0737166797483704,0.00549975801507695,0.120355169585754,"ras-related protein Rab-2A-like","liver"
"srprb",123.071704799794,0.162726867237856,0.078090165885194,0.00675510538229498,0.131582103041871,"SRP receptor subunit beta","liver"
"manbal",126.547769197364,0.162637500691432,0.086751526447013,0.00848343789411872,0.141708551331936,"mannosidase beta like, transcript variant X1","liver"
"LOC115113028",245.038601483018,0.162094581489955,0.0760869491339145,0.006410953306899,0.129820117443892,"ribonuclease T2-like, transcript variant X4","liver"
"LOC115110743",105.113203818963,0.162092813915367,0.0720519066399334,0.00519787929869916,0.116147836617255,"ER membrane protein complex subunit 10-like, transcript variant X1","liver"
"dusp11",60.3395069185367,0.161868708610357,0.0909257211687076,0.00905188082582298,0.146438163732368,"dual specificity phosphatase 11","liver"
"acadm",297.909756512928,0.161412156804018,0.0702265994490748,0.00480944781219234,0.112590705889937,"acyl-CoA dehydrogenase medium chain","liver"
"LOC115106324",337.874628784568,0.161230604913135,0.0848046589011433,0.00878013714778053,0.145374352892577,"nucleoside diphosphate kinase A-like","liver"
"LOC115145073",96.011369336583,0.161129065680718,0.107054281306096,0.00607533672750468,0.127042041346264,"peroxiredoxin-6-like","liver"
"cmc1",177.793907802626,0.160404917448102,0.0817146787713822,0.00851252099909861,0.141774907259324,"C-X9-C motif containing 1","liver"
"rpl37a",1567.77862792599,0.160300571122403,0.101036261695675,0.00832945221894141,0.140730428171628,"ribosomal protein L37a","liver"
"LOC115110397",47.2784975837291,0.160087314449918,0.0963648148104855,0.00941137325396215,0.149699661621266,"cytochrome c oxidase assembly factor 3 homolog, mitochondrial-like","liver"
"LOC115136404",113.235293593115,0.160027247323417,0.0917651771384642,0.00982347125806293,0.151757085218134,"cytochrome c oxidase subunit 8B, mitochondrial-like","liver"
"atp5f1a",130.498824204286,0.1598364118833,0.0858810714169854,0.00953152081370263,0.150321135514427,"ATP synthase F1 subunit alpha, transcript variant X1","liver"
"LOC115101340",71.968802791537,0.159680359587932,0.0912927153552668,0.00998111548662609,0.153551438794253,"ubiquinol-cytochrome-c reductase complex assembly factor 3","liver"
"LOC115115330",597.413561816775,0.159623478920729,0.085558884347227,0.009577833572167,0.150630775343885,"eukaryotic translation initiation factor 3 subunit F-like","liver"
"LOC115131603",1075.79265338979,0.159569937998496,0.102122136237252,0.00827231331778919,0.140730428171628,"40S ribosomal protein S18","liver"
"LOC115101638",308.295938254413,0.15943460073798,0.099644471643946,0.00901704065702654,0.146438163732368,"ATP synthase subunit epsilon, mitochondrial-like","liver"
"LOC115111685",1026.24456162359,0.159412217259728,0.0900136411385972,0.0100837172546654,0.15428907214049,"transitional endoplasmic reticulum ATPase-like","liver"
"LOC115114507",83.1715544327755,0.159238830732205,0.078020862538096,0.00799935440960796,0.138967246143528,"proteasome subunit alpha type-7-like","liver"
"LOC115123569",173.917895044511,0.159066003914491,0.115242644265551,0.00307515279141305,0.0987738039056392,"ferritin, middle subunit-like, transcript variant X1","liver"
"LOC115104993",63.8985372487902,0.159029794499202,0.0851293636225398,0.00977410392948271,0.151757085218134,"eukaryotic translation initiation factor 5A-1-like","liver"
"LOC115123160",252.12253219629,0.158987404988451,0.120262292525559,0.00127354098616704,0.0670100982937018,"ferritin, middle subunit-like","liver"
"LOC115128406",2220.88803076246,0.158939706660303,0.0976576228659013,0.00966133095775512,0.151102145671705,"40S ribosomal protein S18","liver"
"adipor1",88.3733549462088,0.158876100857982,0.0731228930657586,0.00653336976157548,0.129885231245969,"adiponectin receptor 1, transcript variant X2","liver"
"LOC115141996",45.4968918674161,0.158717189190342,0.099306439090296,0.0093848815017923,0.149699661621266,"ragulator complex protein LAMTOR1-like, transcript variant X2","liver"
"LOC115108251",127.658965985998,0.158691498808822,0.090873441633488,0.0104282477554525,0.157849562539637,"NADH dehydrogenase [ubiquinone] 1 alpha subcomplex subunit 11-like","liver"
"LOC115142780",91.2365882020643,0.158133422817221,0.085037542273203,0.0101680501099116,0.155158948433948,"MICOS complex subunit mic25a-like, transcript variant X1","liver"
"LOC115108361",39.8870555138663,0.158000022780549,0.109295169606222,0.00593097989626311,0.12588839283572,"alpha/beta hydrolase domain-containing protein 17A-like, transcript variant X2","liver"
"LOC115135730",1117.09692256009,0.157996099047182,0.103730669299164,0.0082795544062757,0.140730428171628,"60S ribosomal protein L36a","liver"
"LOC115140540",359.565298868985,0.157982572175512,0.0939268089511009,0.010627546509344,0.15831959786743,"glutathione S-transferase theta-1-like, transcript variant X1","liver"
"LOC115113733",73.4215803260361,0.157904613980737,0.0810616245553807,0.00941128568838237,0.149699661621266,"transmembrane protein 9B-like","liver"
"LOC115114264",511.126013078322,0.157871168344902,0.0810097481280694,0.00941257171015752,0.149699661621266,"stress-associated endoplasmic reticulum protein 1-like","liver"
"LOC115128589",108.101344462052,0.157646815852709,0.0877323750732152,0.010760561555196,0.158330977815469,"mediator of RNA polymerase II transcription subunit 10","liver"
"ncbp2",38.4999328629772,0.157409978272574,0.101158114646806,0.00938840154680302,0.149699661621266,"nuclear cap binding protein subunit 2","liver"
"LOC115114956",643.122525833237,0.157122435332533,0.110966269407738,0.00534859990916707,0.117502704619289,"40S ribosomal protein S17-like","liver"
"pxmp2",159.858707590533,0.15709119484522,0.0969111941492417,0.0106150317125388,0.15831959786743,"peroxisomal membrane protein 2","liver"
"LOC115136185",163.19622003013,0.157080526995234,0.069751076310569,0.00589034710471189,0.125860758614431,"S-phase kinase-associated protein 1","liver"
"abhd18",113.962383445311,0.157049189260592,0.0805295139105723,0.00965218863925972,0.151102145671705,"abhydrolase domain containing 18","liver"
"LOC115106253",116.392299178008,0.156716320412632,0.0970069510818522,0.01076852559,0.158330977815469,"NADH dehydrogenase [ubiquinone] 1 alpha subcomplex subunit 5-like","liver"
"LOC115113685",54.4472456804707,0.156268855554017,0.0834794599347985,0.0107597556585929,0.158330977815469,"toll-interacting protein","liver"
"LOC115115624",2648.0414457226,0.156146127421405,0.0769252491504773,0.00891926237383094,0.145965667717825,"glutathione peroxidase 3-like","liver"
"LOC115111108",54.3273441673509,0.155974790106192,0.099847520049061,0.010396557608686,0.157792914673767,"ubiquitin-like protein 7, transcript variant X1","liver"
"LOC115115514",124.541874450287,0.155919024781811,0.0883036197528596,0.0116758213576459,0.166835363782094,"long-chain specific acyl-CoA dehydrogenase, mitochondrial-like","liver"
"LOC115105466",47.2962395365896,0.155600042916901,0.0994115826956294,0.0106930086669739,0.158330977815469,"vacuolar protein sorting-associated protein 37D-like","liver"
"LOC115106689",379.878911351024,0.155597899426579,0.0954030169121194,0.0115924661603913,0.166542147434019,"26S proteasome regulatory subunit 8","liver"
"LOC115101041",58.5478153259554,0.155522378095395,0.0983165190110593,0.0110277783908661,0.16130268599697,"uncharacterized LOC115101041","liver"
"LOC115112430",42.0200882751409,0.155378093585579,0.102253860670868,0.00983760063581951,0.151757085218134,"succinate dehydrogenase assembly factor 2, mitochondrial-like","liver"
"LOC115117228",12862.3128120475,0.154918497738647,0.103687861698286,0.00944854233624072,0.149849634916896,"gamma-aminobutyric acid type B receptor subunit 2-like, transcript variant X1","liver"
"LOC115131703",47.6417398541796,0.154729184098878,0.109175134182639,0.0068594728225106,0.131582103041871,"prolyl endopeptidase-like","liver"
"LOC115134246",206.84155048531,0.154673002253063,0.0871753446531026,0.0122223333995337,0.16918322615087,"electron transfer flavoprotein subunit alpha, mitochondrial-like","liver"
"LOC115132995",1251.02889875504,0.154034083277312,0.10576248317782,0.00883754409648661,0.145587918719111,"ribose-phosphate pyrophosphokinase 2-like, transcript variant X1","liver"
"LOC115111478",57.7200190832153,0.154022312337514,0.106007515350577,0.0087209060308918,0.144818339560044,"small nuclear ribonucleoprotein Sm D3, transcript variant X1","liver"
"LOC115113739",77.4859074888473,0.153735018240843,0.0978062700273764,0.0120355263530325,0.168616828261096,"importin-7-like","liver"
"bola2b",86.3672499865227,0.153549274158,0.096521743254992,0.012437392621197,0.170027890409875,"bolA family member 2B","liver"
"LOC115101601",129.382998328326,0.153255317552509,0.0932692440051986,0.013106463956134,0.173795759856584,"probable ATP-dependent RNA helicase ddx6, transcript variant X1","liver"
"LOC115117545",71.289057605314,0.152993455377775,0.0911305748037401,0.0133779631274511,0.175248213033848,"zinc finger CCHC-type and RNA-binding motif-containing protein 1-like","liver"
"LOC115135886",199.405296909903,0.15267033373754,0.0914732817749622,0.0135572109308245,0.17555966265008,"etoposide-induced protein 2.4 homolog, transcript variant X1","liver"
"LOC115129651",52.270175390538,0.152454182621609,0.0910706264224391,0.0136939348880702,0.176520448351699,"basic leucine zipper and W2 domain-containing protein 1-A-like, transcript variant X1","liver"
"LOC115142016",281.706300195779,0.152334710741274,0.0833607729734777,0.0128348443713919,0.172536979335426,"cytochrome c oxidase subunit 6B1-like","liver"
"LOC115131835",251.43052530504,0.15228162214018,0.0673156589783648,0.00647315374320693,0.129885231245969,"14-3-3 protein beta/alpha-2-like","liver"
"LOC115102029",703.97272614252,0.152222128693288,0.08577370348107,0.013409487505461,0.175254551981094,"60S ribosomal protein L32-like","liver"
"srek1ip1",88.1192107128222,0.152057998993177,0.101895666830386,0.0114678835493696,0.165595065267879,"SREK1 interacting protein 1","liver"
"rmdn1",44.6407937622996,0.151966591122744,0.0869452770318868,0.0137420954048627,0.17673774636869,"regulator of microtubule dynamics 1","liver"
"rps27a",1275.61579085629,0.151945666322036,0.101482666876229,0.0116960260349012,0.166835363782094,"ribosomal protein S27a","liver"
"LOC115128209",440.815439397287,0.151935742302755,0.0969676186616917,0.0132105280325174,0.173795759856584,"40S ribosomal protein S27","liver"
"LOC115143328",42.7312256267109,0.151536262991168,0.0951099134203206,0.0138402286672307,0.176791699219875,"protein kinase C delta type-like, transcript variant X1","liver"
"LOC115125694",258.7791966053,0.151503957241126,0.0921379455773004,0.0142211944568423,0.177532759134817,"cytochrome b-c1 complex subunit 8-like, transcript variant X1","liver"
"asah2",64.8486179578886,0.151310782011441,0.10737206841438,0.00898542963987555,0.146438163732368,"N-acylsphingosine amidohydrolase 2","liver"
"ddx49",62.2699235784404,0.151054480052724,0.112292959631401,0.00603130189595409,0.126590076225118,"DEAD-box helicase 49","liver"
"rps9",1000.16947615765,0.151017330693843,0.097699966288445,0.0135303287531752,0.17555966265008,"ribosomal protein S9, transcript variant X2","liver"
"LOC115126802",1354.63330245244,0.150648035748186,0.0958067386070688,0.0142280047443525,0.177532759134817,"40S ribosomal protein S27-like, transcript variant X3","liver"
"ccs",63.3178451248825,0.150503621340187,0.0969700549808626,0.0140314594539169,0.177532759134817,"copper chaperone for superoxide dismutase","liver"
"btf3",357.806417440062,0.150332519894444,0.0796682980522772,0.0128730813662115,0.17263994630316,"basic transcription factor 3, transcript variant X1","liver"
"LOC115145804",47.2888800859716,0.150230819768324,0.109037949386904,0.00835265446093158,0.140730428171628,"mRNA turnover protein 4 homolog","liver"
"tpp1",98.0892749246012,0.150203376941786,0.101182167731527,0.0127127059244621,0.172041047608422,"tripeptidyl peptidase 1, transcript variant X1","liver"
"LOC115101429",1129.86188689661,0.15009604344628,0.110457974716072,0.00747675483290506,0.132747665995541,"ADP/ATP translocase 2-like","liver"
"LOC115136919",52.3424042550859,0.150061553310914,0.100361942151287,0.0131355746639767,0.173795759856584,"RING-box protein 2-like","liver"
"LOC115128224",85.0745774021184,0.150019873851858,0.121084132097256,0.00139066898915579,0.0676872164894276,"ATPase inhibitor A, mitochondrial-like","liver"
"LOC115130693",58.2884838111164,0.149988981396064,0.0967951453824857,0.0143851696498656,0.177532759134817,"uncharacterized LOC115130693","liver"
"LOC115144962",206.847991768062,0.149972329884154,0.0983939106156126,0.0139158638110581,0.176957133056833,"MAP kinase-interacting serine/threonine-protein kinase 2-like","liver"
"LOC115137167",1511.22303835299,0.14997125791051,0.102498187008259,0.0122257804232297,0.16918322615087,"60S ribosomal protein L35a, transcript variant X1","liver"
"LOC115102637",150.166976849513,0.149932850636776,0.110444198097252,0.00753619877278154,0.133071063197767,"keratin, type II cytoskeletal 8-like","liver"
"LOC115123736",4167.87281080873,0.149830319217038,0.098930901168507,0.0138132422217325,0.176791699219875,"40S ribosomal protein S8-like","liver"
"ndufb10",383.752792844991,0.149797517092908,0.083450773019107,0.0144013467381768,0.177532759134817,"NADH:ubiquinone oxidoreductase subunit B10","liver"
"mcts1",129.538979332416,0.149461029179883,0.100903176782076,0.0132363047712241,0.173795759856584,"MCTS1 re-initiation and release factor","liver"
"cdipt",100.864483033387,0.14940744713809,0.0884888343295679,0.0155347198687788,0.181516621837922,"CDP-diacylglycerol--inositol 3-phosphatidyltransferase","liver"
"atp5pf",106.54123117697,0.14925998448619,0.0898479025546438,0.0157033440516937,0.181516621837922,"ATP synthase peripheral stalk subunit F6, transcript variant X2","liver"
"LOC115117293",158.669221810922,0.149130684943128,0.0861538454619468,0.0154277851424186,0.181516621837922,"ATP synthase membrane subunit DAPIT, mitochondrial-like","liver"
"LOC115103088",96.7025393264705,0.149113329443549,0.091967877411342,0.0157555521379262,0.181516621837922,"V-type proton ATPase 21 kDa proteolipid subunit","liver"
"LOC115113788",132.973166321519,0.149071246249412,0.0760363876808887,0.0121022674219226,0.168714572504135,"tetraspanin-3-like, transcript variant X1","liver"
"LOC115146992",39.1950209231181,0.148975996269919,0.0927046722540981,0.0157854518814063,0.181516621837922,"E3 ubiquitin-protein ligase MARCH5","liver"
"lg3h2orf76",77.9954874111851,0.148885301469122,0.0994353239776163,0.0141761097346202,0.177532759134817,"linkage group 3 C2orf76 homolog","liver"
"LOC115118410",207.011959015391,0.148551601295792,0.0792543586338411,0.0138031378818636,0.176791699219875,"succinate dehydrogenase [ubiquinone] flavoprotein subunit, mitochondrial-like","liver"
"LOC115128083",2608.60971601268,0.148056924081773,0.0999210816666919,0.0144703810209396,0.177795893598211,"60S ribosomal protein L30","liver"
"LOC115106793",1683.09308714272,0.147939959871478,0.09811091968575,0.0152474950975729,0.181516621837922,"60S ribosomal protein L35a","liver"
"LOC115126942",885.306737408539,0.14791618686887,0.0964774266971688,0.0157778147664108,0.181516621837922,"alpha-aspartyl dipeptidase-like, transcript variant X1","liver"
"LOC115109228",174.701163388029,0.147803574000089,0.0884885214088121,0.0166403138192894,0.186217171420974,"NADH dehydrogenase [ubiquinone] 1 alpha subcomplex subunit 11-like","liver"
"LOC115110529",1423.85699368188,0.147578021707754,0.103805231333107,0.0127674812164238,0.172041047608422,"60S ribosomal protein L23","liver"
"LOC115129572",76.8395471269883,0.147561026141321,0.0896014423907589,0.0168747828809673,0.18722504661706,"protein farnesyltransferase/geranylgeranyltransferase type-1 subunit alpha-like","liver"
"LOC115130426",111.030801602674,0.147302129023447,0.105307761614722,0.0119870530649325,0.168616828261096,"cytochrome b5-like","liver"
"LOC115103691",71.5905443250552,0.146948966101208,0.0851801492692662,0.0167631841967457,0.186676406261984,"dynactin subunit 3-like","liver"
"LOC115123078",63.1006776813269,0.14643685352594,0.0862450225028733,0.0173497006868094,0.190896114372334,"protein unc-50 homolog","liver"
"LOC115140061",148.876558429552,0.146390340976255,0.100012768188286,0.0154612833072875,0.181516621837922,"transmembrane emp24 domain-containing protein 2-like, transcript variant X1","liver"
"LOC115114631",42.8992276418958,0.14634489887396,0.106213907154355,0.0118537722006121,0.167735332944,"aldehyde dehydrogenase family 9 member A1-B-like","liver"
"LOC115110121",105.896804508234,0.1461878033914,0.0874502357288512,0.0177184469120438,0.192087047881883,"SUMO-conjugating enzyme UBC9-like, transcript variant X1","liver"
"arpc3",103.33441563197,0.146113688870679,0.0943938885643043,0.0175291913344944,0.190896114372334,"actin related protein 2/3 complex subunit 3","liver"
"LOC115112484",39.5576181834994,0.146067616732476,0.103029779841106,0.0140606395661861,0.177532759134817,"nuclear envelope phosphatase-regulatory subunit 1, transcript variant X2","liver"
"LOC115129598",831.169747066377,0.146052882023539,0.102494530535294,0.0143819005856023,0.177532759134817,"60S ribosomal protein L36a-like","liver"
"LOC115135885",1356.78160361933,0.145883893971056,0.100296640966477,0.0156517022109703,0.181516621837922,"60S acidic ribosomal protein P2-like","liver"
"LOC115130925",86.9383112920092,0.145855015053064,0.0790704289552641,0.0155200280742615,0.181516621837922,"ADP-ribose glycohydrolase MACROD1-like, transcript variant X2","liver"
"LOC115111133",92.8031376893536,0.14567926419633,0.096273332182586,0.017373814028854,0.190896114372334,"proteasome subunit alpha type-1-like","liver"
"LOC115116375",137.43483245697,0.145587296238283,0.097368908752008,0.0170820835810485,0.189108713526666,"NADH dehydrogenase [ubiquinone] 1 alpha subcomplex subunit 13-like","liver"
"dpp7",153.091402870022,0.14556814953447,0.0952884802696975,0.0177253545778358,0.192087047881883,"dipeptidyl peptidase 7","liver"
"LOC115116511",72.9666499585541,0.145476156327752,0.100802771599341,0.0156613147313776,0.181516621837922,"kelch-like protein 23","liver"
"LOC115125292",118.424790610711,0.145400257788656,0.0762511950151964,0.0144856732297516,0.177795893598211,"membrane magnesium transporter 1-like","liver"
"LOC115141890",428.429403652077,0.145154369235512,0.0915774361927423,0.0186363055266064,0.19746665986833,"glucose-6-phosphate exchanger SLC37A4-like","liver"
"LOC115140802",156.066029931021,0.145084607034183,0.10277645430852,0.0147961746731457,0.179654198289421,"gamma-aminobutyric acid receptor-associated protein-like 1","liver"
"LOC115136949",278.504266684864,0.14504893830005,0.0824266530879463,0.017416375344802,0.190896114372334,"histone H3.3, transcript variant X1","liver"
"LOC115102153",286.833553083318,0.144908180350965,0.0993668895134598,0.0167416160485469,0.186676406261984,"poly(rC)-binding protein 2-like, transcript variant X3","liver"
"LOC115141382",78.5246150503356,0.144899479000879,0.0905250449436303,0.0188831570365981,0.198536880127808,"ER membrane protein complex subunit 2-like","liver"
"LOC115128867",47.8409586615357,0.14448281024528,0.0900486892843966,0.0192188879989799,0.199629818720235,"E3 ubiquitin-protein ligase MARCH5-like","liver"
"LOC115101029",228.797914176912,0.144244086158405,0.0901448089735856,0.0194114010764097,0.199629818720235,"ras-related protein rab7-like, transcript variant X1","liver"
"spata1",68.9687060755248,0.143971929430774,0.111328171659904,0.00887039391416476,0.145587918719111,"spermatogenesis associated 1, transcript variant X1","liver"
"LOC115103859",54.6777612184191,0.1438750761737,0.0820084729173287,0.0181823669105254,0.194796287622062,"ras-related protein ORAB-1-like, transcript variant X1","liver"
"LOC115132748",186.092997663318,0.143869518038469,0.0888870504010729,0.0196822629938432,0.201245991223243,"cytochrome c oxidase subunit 6B1-like, transcript variant X2","liver"
"LOC115143221",252.338163825975,0.143635496230276,0.0878647819814032,0.0197902299986105,0.201245991223243,"succinate dehydrogenase [ubiquinone] iron-sulfur subunit, mitochondrial-like","liver"
"LOC115139428",3514.58609033824,0.143528247120409,0.0825204771339805,0.0186414682447432,0.19746665986833,"plasminogen-like","liver"
"LOC115127027",76.2552127985313,0.143351530656901,0.105505458310387,0.0139508640119573,0.177003546542721,"ferritin, heavy subunit-like","liver"
"LOC115101316",3101.77392355213,0.143337263326715,0.0982422201049251,0.0183757620313923,0.196123917635616,"pyruvate carboxylase, mitochondrial-like","liver"
"LOC115136485",804.84490438989,0.143252385190496,0.0765578906938398,0.0161594655078883,0.184520130535523,"cytochrome c oxidase subunit 7B, mitochondrial-like","liver"
"LOC115141006",54.2723929351585,0.143194323021211,0.0901574960923548,0.02027829454824,0.202673878336456,"protein DEK-like, transcript variant X2","liver"
"hmces",70.5926980762126,0.143135986916542,0.0970930460861329,0.0189967942268164,0.198990538412997,"5-hydroxymethylcytosine binding, ES cell specific, transcript variant X1","liver"
"LOC115105494",601.982487374942,0.142972703817187,0.0763389356481299,0.0162459532529223,0.184556643995975,"cytochrome c oxidase subunit 7B, mitochondrial-like","liver"
"commd9",79.4010147603519,0.142789187667989,0.111839664192071,0.00884993881035174,0.145587918719111,"COMM domain containing 9, transcript variant X1","liver"
"cog4",39.1607607275532,0.142653800831781,0.0942481419254709,0.0202517626392011,0.202673878336456,"component of oligomeric golgi complex 4","liver"
"LOC115112424",1000.21596779796,0.142542714857914,0.0974572270011373,0.0193177247915072,0.199629818720235,"60S acidic ribosomal protein P2-like","liver"
"LOC115128684",454.938970630976,0.142509854203928,0.0863218545603247,0.020517777702171,0.203374839394553,"mitogen-activated protein kinase 15-like, transcript variant X1","liver"
"LOC115143940",400.663201636143,0.142457807618075,0.0976901750492381,0.0192879751674703,0.199629818720235,"26S proteasome regulatory subunit 8-like","liver"
"LOC115138665",142.847000798923,0.142406378166246,0.0863388032643693,0.020610490716132,0.203794799620457,"gem-associated protein 2-like","liver"
"LOC115141465",237.140340345753,0.142299116485165,0.0978159889657967,0.0193592485140844,0.199629818720235,"NADPH--cytochrome P450 reductase, transcript variant X2","liver"
"LOC115131938",336.276789032743,0.142221079831028,0.104713824720272,0.0152285678885786,0.181516621837922,"ATP synthase subunit epsilon, mitochondrial-like","liver"
"LOC115132005",41.2777436989257,0.141967876926991,0.0937084203906146,0.020948201710547,0.204565190529633,"protein RCC2 homolog","liver"
"LOC115129776",44.4962886122768,0.141929074737614,0.0912015912880015,0.0213273108163343,0.205956662037057,"basic leucine zipper and W2 domain-containing protein 1-A-like","liver"
"polr2c",118.193985390716,0.141832421239684,0.0814592335654016,0.019649932766109,0.201245991223243,"RNA polymerase II subunit C","liver"
"LOC115112212",109.19095383648,0.141726267161932,0.0766649213437307,0.0173807215354947,0.190896114372334,"BTB/POZ domain-containing protein 10-like","liver"
"hltf",41.0900473890394,0.141679510171889,0.103458023692031,0.0165184357049559,0.185783043805141,"helicase like transcription factor, transcript variant X2","liver"
"LOC115104581",142.732463533201,0.141656056490242,0.094103782396738,0.0211289493704235,0.204972591315139,"NADH dehydrogenase [ubiquinone] 1 beta subcomplex subunit 4-like","liver"
"LOC115143718",70.029039110651,0.14164572855882,0.0792586192095748,0.0188210270320662,0.198536880127808,"elongation factor Ts, mitochondrial","liver"
"LOC115130600",57.3246507210754,0.141524376551296,0.0792749515832278,0.0189299318462017,0.19865872714434,"ubiquitin-conjugating enzyme E2 D2-like, transcript variant X1","liver"
"LOC115110871",101.299772827179,0.141164820755965,0.107834786743606,0.0132265357688094,0.173795759856584,"uncharacterized LOC115110871","liver"
"LOC115125163",288.285072908948,0.141101379716906,0.0829795418616136,0.0208606941353251,0.204123880568537,"NADH dehydrogenase [ubiquinone] 1 subunit C2-like","liver"
"LOC115129393",644.718658573397,0.14107434029866,0.0903939344874343,0.0221297432726617,0.209084663997893,"60S ribosomal protein L31","liver"
"LOC115103257",1340.01541601553,0.140923656317645,0.104751799459271,0.0160239569541835,0.183884676754715,"40S ribosomal protein S28","liver"
"LOC115110818",52.7365238398265,0.140903502419121,0.0884319443009668,0.0222343464397913,0.209084663997893,"transmembrane and ubiquitin-like domain-containing protein 1","liver"
"LOC115109216",70.4124732438967,0.140832322217777,0.079661669749242,0.0197053354279429,0.201245991223243,"ras-related protein Rab-8A-like","liver"
"LOC115120519",79.9140684315119,0.140791972191553,0.0788587710796573,0.0193377166807931,0.199629818720235,"tetraspanin-3-like","liver"
"LOC115147075",1740.86812751107,0.140771847176749,0.102943556104738,0.0175219407889576,0.190896114372334,"40S ribosomal protein S14","liver"
"LOC115127628",38.3504345309965,0.140619137456209,0.0959483323502986,0.0214876365252175,0.207029344405082,"magnesium transporter NIPA2-like","liver"
"aco1",722.542964760854,0.140575485140995,0.0693877071486551,0.0134523136793466,0.175408228714991,"aconitase 1, transcript variant X1","liver"
"aldh7a1",611.437071727558,0.140546980167174,0.10146746063153,0.0187191937289275,0.197918666280009,"aldehyde dehydrogenase 7 family member A1","liver"
"LOC115128602",882.266058299077,0.140467034034807,0.102754774202214,0.0178788606320502,0.193009650341407,"digestive cysteine proteinase 1-like, transcript variant X2","liver"
"LOC115133930",70.0544679960374,0.140459714218999,0.0917019532442361,0.0226060284500981,0.210616562094478,"rab GDP dissociation inhibitor beta-like","liver"
"LOC115132002",1697.48765900131,0.140445862445181,0.102011536653334,0.018425064573276,0.196279084114559,"60S ribosomal protein L22-like","liver"
"LOC115135462",42.7807655211516,0.140337265323894,0.115535080982604,0.00618784658674094,0.127972827211499,"NADH dehydrogenase [ubiquinone] 1 alpha subcomplex subunit 2-like","liver"
"LOC115147170",65.1237479423349,0.140299741292631,0.0910111262928529,0.0228139120870635,0.211506317969721,"V-type proton ATPase subunit G 1-like","liver"
"LOC115134567",140.911997341219,0.140243257246625,0.0715849655037745,0.0152476540827475,0.181516621837922,"sorting nexin-1-like, transcript variant X2","liver"
"gnptg",148.526674748847,0.140190000805582,0.0791244118375214,0.0199942833748995,0.202125451307864,"N-acetylglucosamine-1-phosphate transferase subunit gamma","liver"
"LOC115109117",362.229105607969,0.140115065207781,0.100317077646725,0.0197918844158247,0.201245991223243,"growth arrest and DNA damage-inducible protein GADD45 beta-like","liver"
"LOC115102048",63.9381837935589,0.140077985278883,0.0894206345072765,0.0230561258836928,0.212548566115989,"MAP kinase-activated protein kinase 2-like, transcript variant X2","liver"
"LOC115117313",95.6016421759522,0.139992259283391,0.118828103520628,0.00343687693016915,0.101594801820602,"HMG domain-containing protein 4-like, transcript variant X1","liver"
"isca2",56.7286591049098,0.139858881600697,0.0903690798323388,0.0232604068849074,0.213016855731838,"iron-sulfur cluster assembly 2, transcript variant X1","liver"
"LOC115109070",164.813509696957,0.139834883774085,0.0833659076950804,0.0221508394631485,0.209084663997893,"cytochrome b-c1 complex subunit 6, mitochondrial-like","liver"
"LOC115113723",756.362964793955,0.139808662334228,0.0968457701806541,0.021850902900755,0.209084663997893,"40S ribosomal protein S13-like","liver"
"LOC115132221",71.5026139685098,0.1397662686876,0.095596115418323,0.0223671674374148,0.209427906055794,"lysosomal amino acid transporter 1 homolog, transcript variant X1","liver"
"LOC115145401",94.9985280003394,0.139740947280686,0.0780650410198359,0.0198180607722499,0.201245991223243,"GDP-L-fucose synthase-like","liver"
"ndufv1",52.1955710388208,0.139666740848534,0.093215589310818,0.0231109592601165,0.212548566115989,"NADH:ubiquinone oxidoreductase core subunit V1, transcript variant X2","liver"
"LOC115104186",136.767314437991,0.139570149294958,0.0967541188204978,0.0221007542377341,0.209084663997893,"ubiquitin domain-containing protein UBFD1-like, transcript variant X1","liver"
"LOC115145997",332.2129250835,0.139558639008136,0.0835445704506537,0.0224716321962115,0.210057674469884,"proteasome subunit alpha type-3-like","liver"
"LOC115137281",147.673427738365,0.139537790539827,0.0906001986719145,0.0235581475661915,0.214350535968363,"ribosomal protein S6 kinase beta-2-like, transcript variant X2","liver"
"LOC115122735",72.5743582095092,0.139527696419424,0.105645579796481,0.0161773759502451,0.184520130535523,"surfeit locus protein 4-like","liver"
"LOC115123974",51.400738337571,0.139290232443024,0.100003937835029,0.0206574730210382,0.203902259924443,"cell growth regulator with RING finger domain protein 1-like, transcript variant X3","liver"
"LOC115147094",116.93294332928,0.139287980415457,0.0749639598026968,0.0183084883184913,0.195775994405685,"protein SET-like","liver"
"LOC115126268",41.4278903802288,0.139233833637836,0.117631853448281,0.0045263872665622,0.109213600457308,"ferritin, middle subunit-like","liver"
"LOC115102234",65.4824515960026,0.139196007086565,0.106833250418676,0.0152962042883285,0.181516621837922,"NADH dehydrogenase [ubiquinone] 1 beta subcomplex subunit 11, mitochondrial-like","liver"
"atg16l1",54.9952816523724,0.139067787150435,0.0861581788104482,0.0236559053273151,0.214350535968363,"autophagy related 16 like 1, transcript variant X4","liver"
"LOC115119076",88.5615472324174,0.138954769699132,0.104530411365836,0.0175478362308256,0.190896114372334,"mid1-interacting protein 1-B-like","liver"
"LOC115129300",72.1028959004244,0.138938133177548,0.0790174408111847,0.0210595048479842,0.204650541087295,"stress-70 protein, mitochondrial-like","liver"
"LOC115105834",103.661138451277,0.138909285776955,0.0826469027717853,0.0227691443889298,0.211438469111673,"prostaglandin reductase 3-like","liver"
"LOC115121769",419.283158747323,0.138755845516581,0.0906316639706667,0.0243181570628174,0.216562010688749,"proteasomal ubiquitin receptor ADRM1-like","liver"
"LOC115118247",56.909502119886,0.138674751276589,0.105905736392584,0.0165048058893182,0.185783043805141,"protein CutA homolog","liver"
"LOC115134231",331.31616901982,0.138500957286186,0.100945120215442,0.020698831873018,0.203953935000104,"pro-cathepsin H-like, transcript variant X1","liver"
"ccpg1",50.4574069544538,0.13846424499986,0.0877339065632076,0.0245112902426352,0.217369442851984,"cell cycle progression 1, transcript variant X6","liver"
"LOC115129749",224.614179341732,0.138351181466635,0.0945050604227313,0.0240413913936265,0.21586978768477,"26S proteasome non-ATPase regulatory subunit 14","liver"
"oser1",98.5605610748005,0.138347697048666,0.0749361594592228,0.01908620706601,0.199556898323504,"oxidative stress responsive serine rich 1, transcript variant X2","liver"
"LOC115114120",55.4078827367149,0.138274805445013,0.114959031362403,0.00730577139997436,0.132364658484469,"mesoderm induction early response protein 1-like, transcript variant X1","liver"
"LOC115125102",117.704189547147,0.138272185489414,0.105796862400353,0.0168787723570817,0.18722504661706,"translation machinery-associated protein 7","liver"
"LOC115112827",73.9283352640066,0.138096835769604,0.12290021580397,0.00107281920463127,0.0651305078424534,"serum amyloid A-5 protein-like","liver"
"LOC115145367",85.358156623265,0.137957267882139,0.0976758479348279,0.0231412081745851,0.212548566115989,"protein mago nashi homolog","liver"
"LOC115122809",44.3027739378327,0.137636461650391,0.101774620187823,0.0208165086951659,0.204080854940943,"coatomer subunit zeta-1-like, transcript variant X3","liver"
"LOC115131616",125.797308048914,0.137614683068417,0.0933368287328161,0.0250775497956708,0.219856903953971,"proteasome subunit beta type-8-like","liver"
"LOC115130595",52.1351427270139,0.1375834770247,0.101620100701883,0.020978258114888,0.204565190529633,"39S ribosomal protein L18, mitochondrial-like","liver"
"LOC115134506",100.353299163596,0.137569921052406,0.090009834694208,0.0255389713063907,0.223209027857402,"proteasome subunit alpha type-1","liver"
"LOC115113392",168.095911950705,0.137465080533056,0.0735535382660032,0.0188694699761426,0.198536880127808,"ATP-dependent RNA helicase DDX3X-like, transcript variant X1","liver"
"mrps21",74.8194570734356,0.137447448221859,0.0823817957377168,0.0241081808044294,0.21586978768477,"mitochondrial ribosomal protein S21","liver"
"LOC115144019",734.941297950166,0.137362790494639,0.100447211501952,0.022018037080949,0.209084663997893,"arginase-1-like","liver"
"LOC115138938",552.094621128643,0.137264963229946,0.0873580047778372,0.0256937769217046,0.223382348557403,"60S ribosomal protein L22-like","liver"
"pikfyve",40.5275949601576,0.137238326050223,0.092122284662761,0.0256970372580342,0.223382348557403,"phosphoinositide kinase, FYVE-type zinc finger containing, transcript variant X2","liver"
"ndufa7",148.263812440142,0.136986198274281,0.08791306424847,0.0260570576103849,0.225295784484278,"NADH:ubiquinone oxidoreductase subunit A7","liver"
"LOC115134326",114.47635109517,0.136844272585575,0.119907991105669,0.00296964366106904,0.0963598167264125,"heat shock factor-binding protein 1-like","liver"
"mpdu1",80.4450563953042,0.136635152653711,0.0770692035503392,0.0220732052728967,0.209084663997893,"mannose-P-dolichol utilization defect 1","liver"
"LOC115125554",1565.01379509135,0.13651308652102,0.103881383735893,0.0199675612838434,0.202125451307864,"60S ribosomal protein L30","liver"
"LOC115109805",99.1304798278701,0.136511345551151,0.0781766283061757,0.0228912269731182,0.211528424697587,"NADH dehydrogenase [ubiquinone] 1 alpha subcomplex subunit 10, mitochondrial-like","liver"
"LOC115105128",133.605352275077,0.136416758682875,0.101218650895283,0.0222934763950995,0.209084663997893,"cytochrome b5-like","liver"
"LOC115118407",145.306938415996,0.136367986005496,0.113887208343824,0.00910313527987456,0.146846576543348,"c-Myc-binding protein-like","liver"
"LOC115120144",43.4954055252984,0.136319897550829,0.0892607726742169,0.026860542875089,0.228740007651211,"gamma-soluble NSF attachment protein-like","liver"
"LOC115101374",377.546795238457,0.136234869946081,0.092642468729308,0.0266565163169451,0.228330042727522,"proteasome subunit beta type-6-like, transcript variant X1","liver"
"LOC115108458",2502.33602330323,0.135815789327017,0.0992627467362624,0.0242451420479085,0.216335412500567,"kininogen-1-like","liver"
"LOC115138224",802.060828402074,0.135813705547189,0.0949617399679952,0.0264491983190577,0.22778836580992,"60S ribosomal protein L34","liver"
"LOC115141381",239.809374333948,0.135754849700208,0.0620682085173183,0.0107437578960053,0.158330977815469,"eukaryotic translation initiation factor 3 subunit E","liver"
"LOC115109873",58.1795327786791,0.135736865221647,0.096360737638265,0.0259510592777755,0.225068633920616,"proteasome assembly chaperone 3-like, transcript variant X1","liver"
"LOC115101422",350.413226536381,0.135727310167629,0.0999465214382112,0.0238638873752281,0.215232441087121,"cystatin-B-like","liver"
"acads",54.1873188438889,0.13561467462031,0.098993883679826,0.0246154303723969,0.217834984141932,"acyl-CoA dehydrogenase short chain","liver"
"arpc5l",41.8851993993556,0.135515202203263,0.0942625965632201,0.0270054396153356,0.229627578415941,"actin related protein 2/3 complex subunit 5 like","liver"
"LOC115119189",65.2101358426456,0.135124326661077,0.0785317950404158,0.0245243243175193,0.217369442851984,"ras-related protein Rab-18-B-like","liver"
"LOC115110056",72.4125409997342,0.135088576486254,0.115953784380787,0.00714252920110433,0.131786666239984,"ferritin, middle subunit-like","liver"
"LOC115110394",1764.86329997426,0.135051304413799,0.101030445901407,0.0236901761325289,0.214350535968363,"60S ribosomal protein L23","liver"
"LOC115128587",212.291977820822,0.135025791414786,0.0845428635422929,0.0274885296958437,0.230196866490767,"NADH dehydrogenase [ubiquinone] iron-sulfur protein 6, mitochondrial-like","liver"
"LOC115129589",1497.05758093397,0.135022951169648,0.104042371464706,0.0210378206713432,0.204650541087295,"60S ribosomal protein L39","liver"
"LOC115139920",60.8055225999045,0.134980904566756,0.0824133263499434,0.0267380331528869,0.228385681060816,"serine/threonine-protein phosphatase PP1-gamma catalytic subunit-like","liver"
"ngdn",149.31254006742,0.134867353986299,0.104413750746525,0.0207995210355571,0.204080854940943,"neuroguidin","liver"
"LOC115137956",41.9036803102789,0.134826462613987,0.103259405305726,0.021958045802392,0.209084663997893,"protein TEX261","liver"
"LOC115122956",52.5473707681349,0.134796010159981,0.084958388470206,0.0278748410342264,0.232593816289407,"ribonuclease kappa-A-like","liver"
"LOC115112201",113.816714792806,0.134794317405617,0.095755543075372,0.0272160088260643,0.230196866490767,"cytochrome c oxidase subunit 5A, mitochondrial-like","liver"
"LOC115107282",70.4621530555187,0.134611322797017,0.111682180823447,0.0125319482300648,0.170906714267985,"small integral membrane protein 8-like","liver"
"LOC115123534",272.233265152407,0.134261177887559,0.0922656357493049,0.0289108469680995,0.235480951941543,"proteasome maturation protein-like","liver"
"LOC115102385",66.0562323082699,0.134259593126159,0.0823508460706958,0.027520879362605,0.230196866490767,"YTH domain-containing family protein 1-like, transcript variant X1","liver"
"LOC115106315",106.356841354029,0.134258787277081,0.0902143304225418,0.0291612955245978,0.235543168142888,"histone H3.3","liver"
"LOC115130871",1118.23390017497,0.134198905041633,0.0943454823730149,0.0284222037879873,0.234294517521169,"60S ribosomal protein L36a-like, transcript variant X2","liver"
"LOC115125749",80.1559409703033,0.134125601243216,0.119611912556569,0.00353349616685392,0.102308304400293,"trypsinogen-like protein 3","liver"
"LOC115102245",52.9331160498649,0.134013998178015,0.0927471243363204,0.0290923746130091,0.235543168142888,"pre-mRNA-splicing factor SPF27","liver"
"LOC115122029",79.7929891512178,0.133881010198746,0.111233881733163,0.0134877154680246,0.17546461182596,"keratinocyte-associated protein 2-like","liver"
"LOC115114604",38.1290537768127,0.133686115704634,0.0985952274508406,0.0268380890963164,0.228740007651211,"ragulator complex protein LAMTOR2","liver"
"LOC115107123",1552.03193193263,0.133649462854731,0.112464724558188,0.0120062567065972,0.168616828261096,"sodium-coupled neutral amino acid transporter 4-like, transcript variant X2","liver"
"LOC115143262",1724.41890778826,0.133628405073931,0.0968355005685996,0.0279594228405742,0.232593816289407,"60S ribosomal protein L22","liver"
"LOC115139886",41.5457041400751,0.133563503073214,0.0957983964490461,0.0285502352204329,0.234294517521169,"golgin subfamily A member 1-like, transcript variant X2","liver"
"LOC115103834",502.018989742158,0.133545538719478,0.109928544741784,0.0153692689699595,0.181516621837922,"integral membrane protein GPR155-like, transcript variant X2","liver"
"LOC115113254",40.0699091168221,0.133445199713726,0.0927507404388602,0.0297521923691505,0.237765350995314,"protein YIPF4","liver"
"gnmt",1220.47627713896,0.133367236145297,0.0913522534345113,0.0301049942188432,0.237994641960751,"glycine N-methyltransferase","liver"
"LOC115143241",77.0054192778495,0.13334787484045,0.0839217053008289,0.0292198246063363,0.235678756753393,"small nuclear ribonucleoprotein E","liver"
"LOC115109223",118.361664522266,0.133254389579968,0.0864438058845816,0.0300539908960837,0.237994641960751,"cystinosin-like","liver"
"LOC115109330",1243.64247904743,0.133203121267762,0.082209798074386,0.0286809450923487,0.234684950712175,"aldose reductase-related protein 2-like, transcript variant X2","liver"
"LOC115104268",128.508751713256,0.133162041999357,0.0889471959380037,0.0304706392227322,0.238940595904925,"RING-box protein 1","liver"
"LOC115143303",369.543879828963,0.133029136713592,0.0855954905087363,0.0301281683822388,0.237994641960751,"signal peptidase complex subunit 1-like","liver"
"LOC115123309",139.920766314597,0.132992783042539,0.106236453562048,0.0203535403855421,0.202673878336456,"transcription factor jun-B-like, transcript variant X2","liver"
"LOC115133055",121.575352511435,0.132934041941144,0.112728040182429,0.0120045515788025,0.168616828261096,"protein mono-ADP-ribosyltransferase PARP12-like","liver"
"LOC115134348",65.7932323317372,0.132921053193332,0.0864331250309818,0.0304565153361564,0.238940595904925,"reticulophagy regulator 2-like, transcript variant X2","liver"
"commd4",55.2061105962711,0.132722808052339,0.0843936488906173,0.0301392435355893,0.237994641960751,"COMM domain containing 4, transcript variant X2","liver"
"LOC115122904",1451.66527029585,0.132701660510779,0.100429378368777,0.0265067226952032,0.22778836580992,"40S ribosomal protein S4-like","liver"
"LOC115143933",161.419981179642,0.132440644066631,0.0861577750003858,0.0309881210238058,0.240328202335725,"V-type proton ATPase 16 kDa proteolipid subunit-like","liver"
"LOC115137972",377.972464116687,0.132411390988268,0.0824423836766687,0.0297371831461696,0.237765350995314,"dehydrogenase/reductase SDR family member 4-like, transcript variant X2","liver"
"LOC115112054",41.8232506191307,0.132404357429471,0.105083265369798,0.0221915793282483,0.209084663997893,"DNA damage-binding protein 1-like, transcript variant X2","liver"
"LOC115135638",58.7710811222779,0.132373950375385,0.102963683005176,0.0245061409507667,0.217369442851984,"peroxiredoxin-5, mitochondrial-like","liver"
"LOC115140215",44.0017980180176,0.132373179578469,0.090212778316341,0.031423394853991,0.24210588327599,"ATPase family AAA domain-containing protein 1-A-like, transcript variant X2","liver"
"LOC115113147",1273.93805594744,0.13232907022602,0.0902454298212272,0.0314761324743096,0.242117498569417,"ubiquitin-40S ribosomal protein S27a-like","liver"
"LOC115146256",83.8975168568156,0.132309668750258,0.108575573867163,0.0179597249868521,0.193315701198125,"GTP cyclohydrolase 1 feedback regulatory protein","liver"
"LOC115113710",1090.54027451744,0.132304945836494,0.0986762655511264,0.0282779103490041,0.234101293006565,"60S acidic ribosomal protein P2-like, transcript variant X1","liver"
"LOC115140813",204.527409979748,0.132228401818343,0.0822696212803981,0.0298797866625208,0.237942560643995,"platelet-activating factor acetylhydrolase IB subunit gamma-like, transcript variant X4","liver"
"f9",2950.3494955666,0.132195401215098,0.100972337741611,0.0265723128886069,0.228004982627773,"coagulation factor IX","liver"
"LOC115132310",39.6557391025821,0.131844859874544,0.0897726622784609,0.03210408804922,0.244074907775964,"PRA1 family protein 3-like","liver"
"LOC115123117",128.074863955727,0.131631786698364,0.107622673579405,0.0197209659923267,0.201245991223243,"nucleus accumbens-associated protein 2-like, transcript variant X1","liver"
"LOC115146358",96.8004610970163,0.131538631590009,0.0857649640000853,0.0320296498617488,0.244047777489114,"cell cycle control protein 50A-like","liver"
"LOC115108996",134.622218687677,0.131339927540086,0.110853816447546,0.015488740103495,0.181516621837922,"cytochrome c oxidase subunit 8B, mitochondrial-like","liver"
"LOC115103078",86.3489605608005,0.131303428289163,0.0966087248148874,0.0307559601354796,0.239184780888317,"target of EGR1 protein 1-like","liver"
"LOC115103228",78.0852716064719,0.13113703992448,0.0885434867967714,0.0329928399541536,0.247968994979509,"tropomyosin alpha-3 chain-like, transcript variant X2","liver"
"LOC115133021",139.401576452339,0.131112210597129,0.0946747289268828,0.03194572680304,0.243737261526978,"methionine aminopeptidase 2-like, transcript variant X1","liver"
"LOC115145370",124.640454772879,0.130993393450925,0.113106747232002,0.0124336466095436,0.170027890409875,"cytochrome P450 2J2-like","liver"
"atg3",79.0803218732041,0.130918490678028,0.0755762455328266,0.0270510661228693,0.229669653127398,"autophagy related 3, transcript variant X1","liver"
"LOC115102682",56.7270061962083,0.130802931794842,0.080538707148499,0.0307336048379323,0.239184780888317,"isocitrate dehydrogenase [NAD] subunit gamma, mitochondrial-like, transcript variant X2","liver"
"LOC115126919",69.6909229586924,0.130567124875698,0.0789059062316493,0.0299924186228723,0.237994641960751,"ubiquitin-conjugating enzyme E2 A-like, transcript variant X2","liver"
"LOC115108147",95.8002104956528,0.130464823732668,0.0959981235438183,0.0321196699393449,0.244074907775964,"thimet oligopeptidase-like","liver"
"LOC115140026",157.491793646678,0.130419349032057,0.092178397413642,0.0336368365916519,0.24890377378305,"ras-related protein rab7-like","liver"
"LOC115117790",49.6375501493674,0.130360564222986,0.096590862875663,0.0319151221452713,0.243737261526978,"synapse-associated protein 1-like","liver"
"LOC115141395",103.474588566078,0.130326286405521,0.11976430953345,0.00389610849837197,0.105750221684418,"NADP-dependent malic enzyme-like","liver"
"LOC115107973",1692.37611843051,0.129920898876377,0.0999596152773214,0.0299758852127179,0.237994641960751,"ubiquitin-like protein FUBI","liver"
"LOC115105321",109.309995295942,0.129897977102885,0.0913619502821941,0.0344876536791879,0.252855120886187,"glucose-6-phosphate exchanger SLC37A2-like, transcript variant X2","liver"
"LOC115135980",137.795367962359,0.129888702518676,0.0900697728797833,0.0346471928256228,0.252855120886187,"rho-related GTP-binding protein RhoA-D","liver"
"LOC115118543",106.794334858087,0.12986789121535,0.0770487954304735,0.0295019660846388,0.237614979335051,"ER membrane protein complex subunit 10-like, transcript variant X1","liver"
"LOC115128444",47.1537194592247,0.129773501345031,0.0910121818218789,0.0347082392289753,0.252855120886187,"protein JTB-like, transcript variant X2","liver"
"LOC115146301",56.4626407226376,0.129711833461649,0.0800080230705441,0.031809735715391,0.243357409009617,"pre-mRNA-splicing factor syf2, transcript variant X2","liver"
"LOC115143997",65.3393621687454,0.129703621175994,0.0810446112206472,0.0324483339123612,0.245031792050298,"COP9 signalosome complex subunit 3-like","liver"
"LOC115117576",637.691112906752,0.129645357377763,0.098894948384839,0.0311948157294526,0.241599354744155,"60S ribosomal protein L18","liver"
"LOC115119420",387.170783577238,0.129638079720143,0.098467577835131,0.0315371357378217,0.242256691667675,"protein disulfide-isomerase A3-like","liver"
"LOC115132128",363.373681509995,0.129433425650001,0.116863574719464,0.00765345024073002,0.133781362412265,"neurotensin receptor type 1-like","liver"
"LOC115132292",55.1955400940279,0.129371817493233,0.085535715537545,0.0348448188625791,0.253196714669397,"transcription initiation factor TFIID subunit 11-like","liver"
"LOC115113211",39.4837960796338,0.129350217710784,0.0991075344096657,0.0313804802181628,0.24210588327599,"serine/threonine-protein phosphatase 2A 55 kDa regulatory subunit B delta isoform-like","liver"
"LOC115140246",58.9817356138505,0.129346389553289,0.0868279954428111,0.0351835996691948,0.254153401201062,"erlin-2, transcript variant X2","liver"
"LOC115112381",119.968667004739,0.129193985530452,0.0977195691084546,0.032640351925227,0.246044628798173,"transcription factor 25-like","liver"
"LOC115102788",53.6265972168412,0.12918037458514,0.0841827465101044,0.034661207422265,0.252855120886187,"DDB1- and CUL4-associated factor 8-like, transcript variant X1","liver"
"LOC115129554",278.053694681478,0.129167188187311,0.0763013319440528,0.0297733090955875,0.237765350995314,"electron transfer flavoprotein-ubiquinone oxidoreductase, mitochondrial-like","liver"
"LOC115122632",86.8574471917594,0.12916707775476,0.0858873759560845,0.0352228120202753,0.254153401201062,"transmembrane 9 superfamily member 4-like","liver"
"LOC115111807",48.6795533164986,0.129101982137849,0.0961681028262266,0.0337616724515074,0.249500527043469,"VIP36-like protein, transcript variant X1","liver"
"LOC115109114",62.0571339285538,0.129057663333988,0.0985200427492373,0.0322129110510386,0.244339310096064,"thimet oligopeptidase-like","liver"
"LOC115107579",84.4850618697085,0.128855008801057,0.111258787879284,0.016481799666806,0.185783043805141,"zinc transporter 1-like","liver"
"LOC115143422",39.9312655390748,0.128804472557342,0.0919542910276573,0.0358617644797406,0.255699475541819,"transmembrane protein adipocyte-associated 1 homolog, transcript variant X2","liver"
"LOC115107950",83.4910414808796,0.128484011222541,0.0980105796934001,0.0333309416498843,0.2487661021544,"platelet-activating factor acetylhydrolase-like, transcript variant X1","liver"
"LOC115105710",112.715645587665,0.128483893324406,0.0862446387830122,0.0362704578281662,0.256032452364984,"succinate dehydrogenase assembly factor 1, mitochondrial-like, transcript variant X1","liver"
"sdr39u1",54.4616309577382,0.128259612554166,0.0854480476780227,0.0363805440523722,0.256032452364984,"short chain dehydrogenase/reductase family 39U member 1, transcript variant X1","liver"
"LOC115142802",606.252002281741,0.128170814877731,0.0935904750704313,0.0362522863574201,0.256032452364984,"thioredoxin reductase 1, cytoplasmic-like","liver"
"LOC115112296",111.41989917082,0.128065319791582,0.0903472353901529,0.0371630757799642,0.257885219738498,"tumor necrosis factor receptor type 1-associated DEATH domain protein-like","liver"
"stx17",231.08637222846,0.127979546855828,0.0985289214391374,0.0335741710665343,0.2487661021544,"syntaxin 17, transcript variant X4","liver"
"LOC115145368",141.048718448472,0.127808182902457,0.0836235486223616,0.0363689379182946,0.256032452364984,"non-specific lipid-transfer protein-like, transcript variant X2","liver"
"LOC115113577",60.1644153341014,0.127740876464094,0.0826808565866336,0.0360301289573787,0.25588189697278,"trafficking protein particle complex subunit 2-like protein","liver"
"LOC115107931",79.0320374157429,0.127632194376047,0.0680107516192139,0.0232786751658774,0.213016855731838,"AN1-type zinc finger protein 3-like, transcript variant X1","liver"
"LOC115138515",135.271743221054,0.127555115722586,0.0797250078809472,0.0345415455927074,0.252855120886187,"transmembrane emp24 domain-containing protein 10-like","liver"
"ppib",695.686723511688,0.127474002922525,0.107577472296329,0.0233414657377399,0.213245818050614,"peptidylprolyl isomerase B","liver"
"LOC115123568",154.235709163636,0.127437493777409,0.120353181666743,0.00365693180237228,0.103727209317179,"ferritin, middle subunit-like, transcript variant X2","liver"
"LOC115140780",87.5717418790296,0.127359186526597,0.0805042836121027,0.0353365958099244,0.254153401201062,"cell division control protein 42 homolog","liver"
"LOC115139684",74.2294812227071,0.127328810986947,0.100375810040077,0.0327325243978396,0.246410443666936,"rho-related GTP-binding protein RhoB","liver"
"pigbos1",38.8696400132319,0.127161806687079,0.0960954654861678,0.036419818673261,0.256032452364984,"PIGB opposite strand 1","liver"
"LOC115103921",93.9088986526279,0.127144341771242,0.0977187711435362,0.0353201435478425,0.254153401201062,"mitochondrial import receptor subunit TOM20 homolog","liver"
"LOC115141537",46.1807344296122,0.127082572293628,0.0912111205512549,0.0384739056728284,0.263301419913684,"biogenesis of lysosome-related organelles complex 1 subunit 3-like","liver"
"LOC115144330",47.3238603632737,0.126958915513459,0.106778472781532,0.0250475551845556,0.219856903953971,"interferon gamma receptor 1-like, transcript variant X2","liver"
"LOC115104324",300.08546681155,0.126936334309322,0.102036083039341,0.0314317414880094,0.24210588327599,"eukaryotic translation initiation factor 3 subunit D, transcript variant X1","liver"
"LOC115107584",95.396415438412,0.126912558942358,0.0733058651684281,0.0298716381182872,0.237942560643995,"serine/threonine-protein phosphatase 2A 56 kDa regulatory subunit alpha isoform-like","liver"
"LOC115141477",52.8551482571283,0.1266832087265,0.0962600549022767,0.0369872726663179,0.257497091829878,"serine/threonine-protein phosphatase 2A 65 kDa regulatory subunit A beta isoform","liver"
"LOC115133253",43.909156860821,0.126620180796497,0.105407653228097,0.0274166450191823,0.230196866490767,"cysteine-rich with EGF-like domain protein 2, transcript variant X1","liver"
"tmem18",72.0040274847694,0.1265566062446,0.0980554011564316,0.0358549787598338,0.255699475541819,"transmembrane protein 18, transcript variant X1","liver"
"LOC115141328",122.476181645535,0.126522575241821,0.0902803020850302,0.0394405582467221,0.266383648673165,"peroxisomal targeting signal 1 receptor-like, transcript variant X1","liver"
"LOC115101435",77.8411429386081,0.126445946399486,0.0871536781456542,0.0394539677324973,0.266383648673165,"ubiquitin-conjugating enzyme E2 D2","liver"
"LOC115135463",133.373861103397,0.126437991667801,0.111819957204749,0.0171890321724131,0.189920304589911,"dnaJ homolog subfamily C member 16-like","liver"
"LOC115145480",388.317758752343,0.126413746930231,0.10080297065465,0.0334577628547427,0.2487661021544,"dolichyl-diphosphooligosaccharide--protein glycosyltransferase subunit DAD1-like","liver"
"LOC115132820",24793.7875872474,0.126364549456738,0.101050859469646,0.0332530925241379,0.2487661021544,"cathepsin K-like","liver"
"LOC115129686",151.911631260517,0.126260419646698,0.0926376871280216,0.0393443907629864,0.266383648673165,"ras-related protein M-Ras-like","liver"
"LOC115140993",194.388316819064,0.126066019237934,0.103532112781231,0.030629126151575,0.239184780888317,"T-complex protein 1 subunit gamma-like","liver"
"LOC115140185",1843.60103921301,0.125954457530164,0.101332566615196,0.0334660520769857,0.2487661021544,"60S ribosomal protein L6-like","liver"
"fmc1",132.975264552842,0.125931715690336,0.08033671046176,0.0373093194712817,0.257885219738498,"formation of mitochondrial complex V assembly factor 1 homolog","liver"
"proc",2951.19627057297,0.125907064073474,0.100488438170407,0.0344532492908946,0.252855120886187,"protein C, inactivator of coagulation factors Va and VIIIa","liver"
"LOC115144749",155.652018103622,0.125829069498547,0.0849496273693002,0.0398408958126962,0.266834754161901,"proteasome subunit alpha type-1-like","liver"
"LOC115131685",550.960139459047,0.125590197529571,0.107764671798222,0.0248395519713201,0.218789563853468,"elongation factor 1-alpha-like","liver"
"LOC115139990",87.4938978414538,0.125584153814299,0.0761000098175027,0.0344017331320777,0.252855120886187,"transmembrane protein 127-like, transcript variant X1","liver"
"LOC115101315",97.4486010638372,0.125566416151645,0.0830029343210843,0.0394302287864359,0.266383648673165,"calmodulin","liver"
"LOC115141424",45.719606639554,0.125528684040288,0.104000174149539,0.0306360548460174,0.239184780888317,"alpha-N-acetylgalactosaminidase-like","liver"
"LOC115112549",187.241733857446,0.125297917127189,0.0787571027455762,0.0371039714501195,0.257885219738498,"ATP synthase subunit O, mitochondrial-like","liver"
"LOC115107013",86.582830567859,0.125230934168147,0.0824003282776197,0.0396388403201668,0.266383648673165,"optineurin-like, transcript variant X1","liver"
"LOC115113126",45.5500037443375,0.125228720911927,0.0838009405297309,0.0403291538664936,0.269465565361211,"mitogen-activated protein kinase kinase kinase kinase 3-like, transcript variant X1","liver"
"LOC115129784",57.9982386084052,0.125210954421117,0.0933148584306548,0.0406996099646185,0.270659597008523,"small ubiquitin-related modifier 3","liver"
"idnk",40.3996144456106,0.125202194384747,0.0967450205646292,0.0387906329826177,0.264507142294516,"IDNK gluconokinase","liver"
"LOC115118998",42.0480640501893,0.125006840986873,0.105054821760539,0.0297324417921804,0.237765350995314,"proto-oncogene c-Fos-like","liver"
"LOC115103662",79.6363482039039,0.124812452210378,0.089222134380892,0.0421674198650582,0.275233817986264,"putative RNA-binding protein Luc7-like 2","liver"
"LOC115113514",69.9727339158069,0.124806124145646,0.0799514537570167,0.0387519685580895,0.264507142294516,"cytoplasmic dynein 1 light intermediate chain 2-like, transcript variant X2","liver"
"LOC115125732",191.01303253316,0.124723404652808,0.0800561346319487,0.0389550676072563,0.264988327362131,"actin-related protein 2/3 complex subunit 3-B-like","liver"
"LOC115130168",79.3505986534603,0.124671376679796,0.108633429781004,0.0242543953441125,0.216335412500567,"gamma-glutamyl hydrolase-like, transcript variant X1","liver"
"LOC115128493",159.376965607875,0.12465831582333,0.108809010704763,0.0239580796734934,0.215737349021601,"thioredoxin-interacting protein-like","liver"
"LOC115108391",67.0449532612246,0.124569091656252,0.0874709507835761,0.0424541657061012,0.275711570519406,"oxysterol-binding protein-related protein 1-like, transcript variant X1","liver"
"LOC115144689",76.8892778779423,0.124480034785611,0.0787860996270385,0.0383708343168228,0.262914721544638,"cytochrome c oxidase subunit 5A, mitochondrial-like","liver"
"LOC115135361",178.492791825815,0.124321741374542,0.0836426790665247,0.0417057265522533,0.274093247682177,"erlin-1-like","liver"
"LOC115130184",49.6884798193091,0.124276450905151,0.107004437697527,0.0274557602560269,0.230196866490767,"serine/threonine-protein kinase RIO3-like, transcript variant X1","liver"
"LOC115111574",62.1995203002675,0.124218438128983,0.0996977047860608,0.037608028982477,0.258629636583514,"ectonucleoside triphosphate diphosphohydrolase 4-like, transcript variant X1","liver"
"LOC115107535",2862.4172705146,0.124217162449867,0.113975780032538,0.0146932915505446,0.17917564599217,"complement C1q-like protein 4, transcript variant X2","liver"
"prpf31",41.8208454577643,0.124165995748427,0.0909885537746945,0.0430337280207191,0.276907100859744,"pre-mRNA processing factor 31","liver"
"LOC115145173",44.7332411816097,0.124158590381554,0.0948858145455284,0.0415818447919533,0.274093247682177,"ubiquitin carboxyl-terminal hydrolase isozyme L5-like, transcript variant X3","liver"
"LOC115145775",50.1644453869916,0.124022681853523,0.0920808964022579,0.0430047894661135,0.276907100859744,"NADH dehydrogenase [ubiquinone] iron-sulfur protein 8, mitochondrial-like","liver"
"LOC115104164",124.925503953164,0.123991641366425,0.0936173942634206,0.0424883513682138,0.275711570519406,"beta-1,3-N-acetylglucosaminyltransferase lunatic fringe-like","liver"
"LOC115137079",56.1669977642906,0.123946166510273,0.0765571317296454,0.0372448089573601,0.257885219738498,"AP-2 complex subunit sigma, transcript variant X2","liver"
"lg27h9orf64",78.248513654013,0.123774823856102,0.100508127241432,0.0373545727901643,0.257885219738498,"linkage group 27 C9orf64 homolog","liver"
"LOC115140928",49.9552771208595,0.123606660068544,0.084531105516924,0.0432575386040194,0.276907100859744,"antizyme inhibitor 1-like, transcript variant X2","liver"
"LOC115112862",1110.91136673418,0.123543463410011,0.0975872327025347,0.0406163964595408,0.270659597008523,"60S ribosomal protein L38","liver"
"LOC115143728",125.065329928987,0.123457758769571,0.085583529325672,0.0438725550482634,0.278632672443752,"28S ribosomal protein S16, mitochondrial-like","liver"
"LOC115136217",38.8485084593728,0.123425816146139,0.0817332150649929,0.0421464536044613,0.275233817986264,"E3 ubiquitin-protein ligase RNF14-like","liver"
"LOC115122608",51.0983947036027,0.123417553490613,0.0862665779136031,0.0441274154233246,0.27943352759396,"thioredoxin, mitochondrial-like","liver"
"msmb",8606.03818048327,0.123376159896753,0.110670578061677,0.0216793454713713,0.208165960087351,"microseminoprotein beta","liver"
"ndufs4",302.89205890551,0.123333859633328,0.087311576040046,0.0444758273888864,0.280186172126901,"NADH:ubiquinone oxidoreductase subunit S4","liver"
"sdf4",157.550027406414,0.123307744839355,0.0979199055263942,0.0406862379339508,0.270659597008523,"stromal cell derived factor 4","liver"
"LOC115140289",43.5206211708213,0.123265245494202,0.0956373055631108,0.0425336128094939,0.275711570519406,"glycerol-3-phosphate acyltransferase 3-like, transcript variant X1","liver"
"LOC115134984",1404.71590995898,0.123140011013154,0.0930022049021575,0.0441337642613829,0.27943352759396,"40S ribosomal protein S24, transcript variant X3","liver"
"LOC115136651",156.614730291269,0.12298089290299,0.113898870863741,0.0155981395438878,0.181516621837922,"tsukushin-like, transcript variant X3","liver"
"LOC115114283",105.822639757226,0.122976097986369,0.0925237856469105,0.0445854324215454,0.280186172126901,"cyclic AMP-dependent transcription factor ATF-6 alpha-like, transcript variant X4","liver"
"LOC115102501",99.4895868309557,0.122968834088847,0.0829711560250042,0.0436129807478614,0.278233057079927,"V-type proton ATPase subunit S1-like","liver"
"nudt12",141.613405956942,0.122807761884826,0.0875775201366753,0.0454090796692979,0.280502914456079,"nudix hydrolase 12, transcript variant X2","liver"
"LOC115128392",177.07678798933,0.122736123293947,0.0772928130966818,0.0398263211614401,0.266834754161901,"ATP synthase subunit O, mitochondrial-like","liver"
"LOC115144273",2470.67819848893,0.12271109574943,0.0998483324154279,0.0396521344584386,0.266383648673165,"60S ribosomal protein L38-like, transcript variant X2","liver"
"fam234a",47.1886755341031,0.122702672941979,0.0876654699686142,0.0456007321976184,0.281378944248911,"family with sequence similarity 234 member A, transcript variant X2","liver"
"LOC115107684",93.8100935912072,0.122697490867805,0.0774586916876566,0.0400417233040671,0.267862049496165,"m-AAA protease-interacting protein 1, mitochondrial-like","liver"
"mrps30",61.4409153947836,0.122659652942693,0.103340769197543,0.0352118787266003,0.254153401201062,"mitochondrial ribosomal protein S30","liver"
"LOC115130603",120.686463966486,0.122543136447449,0.102931337932169,0.0359634552910714,0.25588189697278,"tubulin beta-4B chain-like","liver"
"LOC115102534",40.4310511243118,0.122340044523406,0.0932310390161508,0.0453791454417653,0.280502914456079,"coatomer subunit zeta-1-like, transcript variant X1","liver"
"LOC115126080",680.894931611843,0.122317490234862,0.0991846872021001,0.0409730666143548,0.271837760404991,"glutathione S-transferase A-like","liver"
"LOC115113310",1024.9593763596,0.122082742512754,0.0950562029322781,0.0448438333455892,0.280186172126901,"60S ribosomal protein L24","liver"
"LOC115122125",38.5503636665777,0.12207648059626,0.111401894943706,0.0213398241749342,0.205956662037057,"peptidyl-prolyl cis-trans isomerase A-like","liver"
"LOC115117204",276.618313559365,0.122075942854799,0.0760504671302995,0.0396791796907778,0.266383648673165,"protein SREK1IP1-like","liver"
"LOC115140965",169.26018997117,0.121982010936646,0.0723938338716728,0.0357464236205286,0.255699475541819,"tetraspanin-31-like","liver"
"LOC115108426",47.675981928114,0.121934893865706,0.0898151802188586,0.0469716837838852,0.286117614907964,"FAS-associated factor 1-like, transcript variant X2","liver"
"kiaa1143",67.4765570664368,0.121769475126391,0.0838402392307415,0.0461108497569444,0.282819213828447,"KIAA1143 ortholog","liver"
"LOC115118011",41.1772737012342,0.121750411326611,0.08613238724996,0.046976802872774,0.286117614907964,"inhibitor of growth protein 3-like, transcript variant X1","liver"
"LOC115143888",251.262759210741,0.12174124961386,0.0870154674319638,0.0471874127661162,0.286567589625268,"26S proteasome non-ATPase regulatory subunit 11B-like","liver"
"tmem120a",110.090580201521,0.121136793077584,0.0925074688224313,0.0477595043307255,0.287780321719612,"transmembrane protein 120A","liver"
"LOC115132544",40.354748085055,0.12111097743363,0.093853610957401,0.0472014918460208,0.286567589625268,"ragulator complex protein LAMTOR5-like","liver"
"rpe",58.6823410954787,0.120998417567804,0.0974201031427517,0.044838525960905,0.280186172126901,"ribulose-5-phosphate-3-epimerase","liver"
"gnl3l",51.5256011235288,0.120971432564351,0.0954254926010142,0.0464891697437557,0.28437736625869,"G protein nucleolar 3 like","liver"
"LOC115130294",45.0878939404966,0.120958455816991,0.0987159086856117,0.043626555747572,0.278233057079927,"annexin A13-like, transcript variant X2","liver"
"LOC115129236",58.687377884551,0.12093128929562,0.0873615962255137,0.0487029396520904,0.290673147225901,"calcium-binding protein 39-like, transcript variant X1","liver"
"LOC115134202",69.8219524344388,0.120765021643973,0.0908127053601346,0.0489172942645833,0.290758456775754,"calumenin-B-like, transcript variant X2","liver"
"LOC115132763",115.306453899614,0.120752207601707,0.122249534999809,0.00228048111253246,0.0874718206443201,"protein S100-A1-like, transcript variant X1","liver"
"LOC115138205",44.0825630920171,0.120685635708676,0.0960958037944257,0.0464896048630482,0.28437736625869,"grpE protein homolog 1, mitochondrial-like","liver"
"LOC115105717",70.9248113841685,0.120632725411488,0.0805167486367748,0.0461165054990873,0.282819213828447,"ras-related GTP-binding protein A, transcript variant X1","liver"
"LOC115112206",58.1260815547113,0.120616854598759,0.104190617518441,0.0366980885551126,0.256432435621492,"cytochrome c oxidase copper chaperone-like","liver"
"LOC115139799",51.3248944823987,0.120598899366816,0.0884822292282396,0.049414445156879,0.291673730441052,"osteoclast-stimulating factor 1","liver"
"rfk",99.1694946300444,0.120484560787898,0.0717670574220513,0.037276572563791,0.257885219738498,"riboflavin kinase, transcript variant X1","liver"
"LOC115122032",146.835619309866,0.120473036101528,0.114341440250203,0.0162893474412405,0.184678023400088,"protein S100-A1-like","liver"
"LOC115112665",367.469194183048,0.120469178783885,0.0872602034948547,0.0495372700431921,0.291949297143907,"uncharacterized LOC115112665, transcript variant X2","liver"
"psmg1",78.7690508271324,0.120279167501195,0.104324796826501,0.0369490038926701,0.257497091829878,"proteasome assembly chaperone 1, transcript variant X2","liver"
"LOC115103339",862.264413723568,0.120257773445686,0.0876477467831016,0.0499830417522509,0.293962764305425,"translocation protein SEC62-like, transcript variant X2","liver"
"LOC115143168",168.681748099668,0.120233642648279,0.0814534828349687,0.0475057428992629,0.287170689945651,"5'-AMP-activated protein kinase subunit gamma-1-like","liver"
"LOC115133286",1165.23663080331,0.120073832920998,0.101408583065339,0.0417499456264032,0.274093247682177,"40S ribosomal protein S4","liver"
"twistnb",48.6213257104941,0.120020742296989,0.104175291718139,0.0375685546836158,0.258629636583514,"TWIST neighbor","liver"
"LOC115129765",871.645838859351,0.120017657281302,0.0943046655778645,0.0488961770608226,0.290758456775754,"ATP synthase subunit beta, mitochondrial","liver"
"LOC115123928",43.7956065013529,0.119869052666991,0.0912498767668033,0.0504655586314366,0.29576623028943,"translationally-controlled tumor protein homolog, transcript variant X1","liver"
"LOC115107742",42.9712597973538,0.119744229201412,0.0989723808276655,0.0453611622084503,0.280502914456079,"cation-independent mannose-6-phosphate receptor-like, transcript variant X2","liver"
"LOC115128180",39.5138918169099,0.119668572604607,0.101385637616927,0.0424230339715468,0.275711570519406,"density-regulated protein-like, transcript variant X4","liver"
"LOC115118723",127.220982394907,0.119531515364084,0.0844981330598981,0.0504992288343979,0.29576623028943,"eukaryotic translation initiation factor 3 subunit J-A-like","liver"
"ski",103.760332519371,0.119364617766754,0.115393389230185,0.0146514674824905,0.179052349363942,"SKI proto-oncogene","liver"
"LOC115138261",164.986227559034,0.119162235796965,0.0904882249128399,0.0519693761634467,0.300634321535676,"26S proteasome non-ATPase regulatory subunit 6","liver"
"LOC115110573",625.768082777852,0.119011140288286,0.108605616342698,0.0303669100900228,0.238940595904925,"choline transporter-like protein 2, transcript variant X3","liver"
"LOC115103199",112.547637485203,0.118865064975787,0.0932738038187369,0.0515910680597656,0.299982667626608,"uncharacterized LOC115103199","liver"
"LOC115146233",224.027667045909,0.118841422769341,0.101344152068487,0.0438189561190598,0.278632672443752,"dihydrolipoyllysine-residue succinyltransferase component of 2-oxoglutarate dehydrogenase complex, mitochondrial-like, transcript variant X1","liver"
"LOC115129070",46.2503328111457,0.118800735707842,0.0997872064721528,0.0459903120737251,0.282819213828447,"dnaJ homolog subfamily C member 15-like","liver"
"LOC115116444",625.539889147832,0.118699536556777,0.0862700587238402,0.0527057808035743,0.30210846539795,"proteasome subunit alpha type-4-like","liver"
"gsto1",661.838340570976,0.118490397152932,0.106621047537421,0.0351731093716592,0.254153401201062,"glutathione S-transferase omega 1","liver"
"LOC115128732",359.507379603292,0.118485125802699,0.106557068124921,0.0353093386886015,0.254153401201062,"60S acidic ribosomal protein P1-like","liver"
"LOC115104181",116.429400761166,0.118367902822022,0.0812622030156779,0.0508813703270279,0.29724317096211,"lipopolysaccharide-induced tumor necrosis factor-alpha factor homolog, transcript variant X1","liver"
"ten1",89.7092195592681,0.118289202949479,0.108406015703187,0.0316741317086992,0.242797493549127,"TEN1 subunit of CST complex","liver"
"LOC115144743",394.228749801123,0.118219913784454,0.0970634958854328,0.0500482100611217,0.294039744021949,"60S ribosomal protein L27a-like","liver"
"LOC115135455",1495.25607892271,0.118095591443526,0.0952008821031346,0.0518616336365664,0.300627087794716,"cytidine deaminase-like","liver"
"LOC115121065",1353.12745824996,0.118073395414689,0.0841676851081931,0.0531866651078914,0.302493985279894,"60S ribosomal protein L27","liver"
"LOC115102094",216.099175458322,0.118066252169925,0.0828040138214779,0.0524830456852514,0.301844278062762,"phospholemman-like, transcript variant X2","liver"
"LOC115132410",99.2906584590323,0.11803681749095,0.0825079075192096,0.0523626456584992,0.301672956518252,"C4b-binding protein alpha chain-like, transcript variant X2","liver"
"LOC115112425",2541.17016693705,0.117809215060197,0.102960679856786,0.0429814289277195,0.276907100859744,"ferritin, heavy subunit","liver"
"LOC115107347",371.175123412961,0.117734868528245,0.0959971422714865,0.0519168347138717,0.300634321535676,"40S ribosomal protein S29","liver"
"LOC115112457",81.2420186916644,0.117696907759132,0.0915612510620221,0.0545626255320763,0.305513320573911,"importin-7","liver"
"LOC115105170",217.888067132129,0.117582653714942,0.0642418416671187,0.0306657108217271,0.239184780888317,"myosin regulatory light polypeptide 9-like","liver"
"LOC115108626",78.2793067935793,0.117520084884105,0.0829463804565122,0.0536550473107013,0.304153009152831,"protein mago nashi homolog","liver"
"LOC115111419",1488.34636471504,0.117446729043877,0.0750855812916008,0.0466353636358467,0.284960241437219,"lipocalin-like, transcript variant X2","liver"
"LOC115122485",249.663635957951,0.117400064216706,0.100543226626512,0.0474088466297901,0.287170689945651,"eukaryotic translation initiation factor 3 subunit D-like, transcript variant X2","liver"
"LOC115109260",348.511301951405,0.117366376184792,0.100538501612698,0.0474747477814429,0.287170689945651,"ATP synthase subunit delta, mitochondrial-like, transcript variant X1","liver"
"LOC115122847",140.736329114118,0.11731268211822,0.0768106783435936,0.0488673907864503,0.290758456775754,"rab GDP dissociation inhibitor beta-like","liver"
"LOC115107550",2511.28756650074,0.117263670357788,0.0835581683985003,0.0545130012327929,0.305513320573911,"leucine-rich alpha-2-glycoprotein-like","liver"
"LOC115102708",150.527065802286,0.117247873638171,0.0805692667736578,0.0525581947872111,0.301875450425833,"TAR DNA-binding protein 43-like","liver"
"LOC115121374",94.1713062806575,0.117206457361544,0.0944673065012585,0.0540999667741075,0.304679468912728,"oxidation resistance protein 1-like, transcript variant X1","liver"
"LOC115103203",44.0885549938108,0.117188221406628,0.0893243593558642,0.0560269981072436,0.309248266085386,"cyclic AMP-dependent transcription factor ATF-6 alpha-like, transcript variant X7","liver"
"nop14",54.5334717753229,0.117169174551129,0.10317204536538,0.0436617939377994,0.278233057079927,"NOP14 nucleolar protein, transcript variant X2","liver"
"LOC115132130",324.765913462177,0.117167440677896,0.0793646160379192,0.0516959581653169,0.300283312552859,"syntenin-1-like","liver"
"LOC115137968",116.940722846393,0.116952106822887,0.0890806974899452,0.0565262883163556,0.311135015210024,"protein transport protein Sec61 subunit alpha","liver"
"LOC115132527",170.353149271136,0.116888435457703,0.112823192116965,0.0226717568605653,0.21088095425824,"keratin, type II cytoskeletal 8-like","liver"
"LOC115103775",213.16083133671,0.116517216639306,0.0831478869152364,0.0558217088446974,0.308686942347856,"proteasome subunit beta type-3","liver"
"itm2b",157.034203494152,0.116465022928353,0.0862219120929614,0.0572253978132616,0.312444816097772,"integral membrane protein 2B","liver"
"LOC115146517",1471.54330376048,0.116413321911904,0.0954440427215382,0.0549494851169449,0.306566000958766,"60S ribosomal protein L13a","liver"
"lig3",38.1358280859256,0.116389305899452,0.100172505971057,0.0497459724342139,0.292873577021451,"DNA ligase 3","liver"
"LOC115128076",97.9705654551206,0.11637108928229,0.116923610714051,0.0127564817064951,0.172041047608422,"protein CREG1-like, transcript variant X2","liver"
"LOC115101312",952.976781727732,0.116354329180395,0.075548194034522,0.0492684200213999,0.291644206066893,"cofilin-2-like","liver"
"cdkl1",112.012669501929,0.116344548704297,0.105148315153884,0.0412777362161065,0.273216997275659,"cyclin dependent kinase like 1, transcript variant X1","liver"
"LOC115112085",925.968771973068,0.116332664396696,0.0882058848472952,0.0578162601572572,0.313337271703472,"26S proteasome regulatory subunit 6A-B, transcript variant X1","liver"
"LOC115102161",45.3376200584233,0.116320126499232,0.0966576576188736,0.0540552964426449,0.304679468912728,"vesicle-associated membrane protein-associated protein B-like, transcript variant X2","liver"
"LOC115118419",276.557272748153,0.116298994202927,0.0805750646891414,0.0544865261641932,0.305513320573911,"serine/threonine-protein phosphatase 2A catalytic subunit beta isoform","liver"
"LOC115116310",78.0417944528638,0.116114166546878,0.110348234453415,0.0297369155340666,0.237765350995314,"60S ribosomal protein L32","liver"
"LOC115116342",159.897598194438,0.116074800247788,0.0898392976861386,0.0582887588766809,0.313725769892984,"high mobility group-T protein-like","liver"
"LOC115131937",73.666266145217,0.115948271927795,0.0773585040013054,0.0521441423733864,0.300720968171746,"PRELI domain containing protein 3B-like, transcript variant X2","liver"
"LOC115141923",120.258379745092,0.115924665882739,0.108425851633411,0.034676925642672,0.252855120886187,"tsukushin-like, transcript variant X4","liver"
"LOC115136851",40.5630503540718,0.115900023970784,0.0934335432571194,0.0573866939945784,0.312444816097772,"spartin-like, transcript variant X2","liver"
"gys2",1303.72205052129,0.115823072657269,0.117730298949307,0.01110128579134,0.161540875200788,"glycogen synthase 2, transcript variant X1","liver"
"znf593",127.68496176667,0.115768333652786,0.0964077459617475,0.0553924527194646,0.307809592433157,"zinc finger protein 593","liver"
"LOC115130134",47.8694450860078,0.115644774319081,0.0981619434040828,0.0537664658248585,0.304478902755418,"signal transducing adapter molecule 2-like","liver"
"LOC115130378",60.7058704274262,0.115610385484007,0.0933291585951171,0.0580500861143874,0.313337271703472,"tyrosine-protein kinase yes","liver"
"ociad1",68.9749325343994,0.115548157291033,0.0996432556448029,0.0520566761353858,0.300680469446756,"OCIA domain containing 1, transcript variant X2","liver"
"LOC115127823",134.597636934111,0.115453988313906,0.0793289749168203,0.0551512271503018,0.307084643481858,"protein strawberry notch homolog 1-like, transcript variant X3","liver"
"LOC115139828",48.3330051106485,0.115426970514341,0.0894161295192969,0.059721997257908,0.31910822109266,"mothers against decapentaplegic homolog 2-like, transcript variant X2","liver"
"LOC115125211",41.7313818323415,0.115419510939072,0.105802723453575,0.0413653635585923,0.27347639654779,"serine/arginine-rich splicing factor 9-like, transcript variant X2","liver"
"LOC115146294",85.2068706950803,0.115376055276389,0.0795594990859724,0.0555280433461976,0.307967910346397,"BSD domain-containing protein 1-like","liver"
"rab13",74.672977665242,0.115208959179862,0.082588151304712,0.0582525578719549,0.313725769892984,"RAB13, member RAS oncogene family","liver"
"LOC115140947",50.185229433449,0.115020304958266,0.0856856023393214,0.0601685301031016,0.320180509860614,"phosphatidylserine lipase ABHD16A-like","liver"
"LOC115122746",58.2660206834732,0.115010702641387,0.08197759390053,0.0582707141275452,0.313725769892984,"golgin subfamily A member 2-like, transcript variant X1","liver"
"LOC115127407",240.133756834181,0.114927010367978,0.105327255507214,0.0431704042374457,0.276907100859744,"immediate early response gene 2 protein-like","liver"
"ppt1",40.5152141244326,0.114909957701473,0.0865260610494765,0.0606458785985949,0.322168353245057,"palmitoyl-protein thioesterase 1","liver"
"LOC115107721",312.780397813226,0.11489346449265,0.0825318012806975,0.0589003036578591,0.315414695037886,"serine incorporator 1-like","liver"
"LOC115142410",42.0100794412385,0.114851655411005,0.103161797454639,0.0476299492927165,0.287306296695168,"nuclear distribution protein nudE homolog 1-like","liver"
"LOC115102115",38.3402765465602,0.114620475170724,0.0961401518123246,0.0580006874244401,0.313337271703472,"cytochrome b reductase 1-like","liver"
"LOC115122532",50.6463289947055,0.114422045359767,0.086867559275865,0.0618019810323734,0.324288090063922,"phosphatidylserine lipase ABHD16A-like, transcript variant X1","liver"
"LOC115114242",92.8782361970596,0.11439028285837,0.088730169946253,0.0620379454218282,0.324795518174815,"coatomer subunit beta'-like","liver"
"LOC115125424",314.806983664301,0.11433108931835,0.104915747408588,0.0450343080919117,0.280502914456079,"neutral cholesterol ester hydrolase 1-like","liver"
"LOC115116664",140.32036487725,0.114307123764939,0.0823047935206296,0.0600377239882136,0.320087808911666,"coatomer subunit beta, transcript variant X2","liver"
"afg3l2",110.765863046358,0.114270650623667,0.0968511739221437,0.0580188413493866,0.313337271703472,"AFG3 like matrix AAA peptidase subunit 2","liver"
"LOC115132401",134.552726141412,0.114152521976231,0.0736993418914851,0.0512448798315183,0.298412033906182,"DAZ-associated protein 2-like","liver"
"as3mt",116.059689267372,0.114119038260329,0.107818235382774,0.0387031459876622,0.264507142294516,"arsenite methyltransferase, transcript variant X2","liver"
"LOC115103957",358.411584845549,0.114118342486003,0.121177323797602,0.0044272422413283,0.108269851319413,"cathepsin S-like","liver"
"LOC115102203",75.1168947660982,0.114063379938712,0.0750951183440157,0.0533088054115292,0.302493985279894,"protein RCC2 homolog, transcript variant X1","liver"
"LOC115128439",503.384844594091,0.113982509810878,0.0912072728940615,0.0625262738550353,0.325367135654866,"proteasome subunit beta type-4-like","liver"
"arih1",42.6293685763837,0.113947619260453,0.0922695898104077,0.062186318658692,0.324795518174815,"ariadne RBR E3 ubiquitin protein ligase 1","liver"
"hgd",1203.26756714114,0.113901494192292,0.0900253345539036,0.063006925852164,0.326364315010383,"homogentisate 1,2-dioxygenase","liver"
"dnajc22",211.599257734641,0.113689529768913,0.0591838659914532,0.0274513251531379,0.230196866490767,"DnaJ heat shock protein family (Hsp40) member C22, transcript variant X1","liver"
"LOC115139545",338.186730919956,0.113470668568245,0.0993759845589173,0.0565399443155305,0.311135015210024,"uricase-like","liver"
"LOC115144421",447.546754665778,0.113425821633252,0.0828853377221952,0.0624010308911053,0.325014963478949,"mitochondrial pyruvate carrier 1-like","liver"
"LOC115129586",101.124697127954,0.113336097636878,0.0804716704652873,0.0607882473750732,0.322566207405698,"NF-kappa-B-activating protein-like, transcript variant X1","liver"
"LOC115114313",510.402181216687,0.113285595072076,0.0906479152080993,0.0642699363073426,0.330056696847667,"alpha-tocopherol transfer protein-like","liver"
"pepd",55.3081461752197,0.113120797332043,0.109323551676016,0.0362592866545796,0.256032452364984,"peptidase D","liver"
"LOC115112491",60.7230279230583,0.113050746047,0.0920209129202365,0.0643232404320339,0.330056696847667,"AKT-interacting protein-like, transcript variant X1","liver"
"ufsp2",72.8522768431329,0.112853895888941,0.0836798182054263,0.0641914508310463,0.330056696847667,"UFM1 specific peptidase 2","liver"
"tmem129",74.9363856536875,0.11280440348505,0.100035099627203,0.0569263663185053,0.312313453371061,"transmembrane protein 129","liver"
"LOC115105853",752.407153920372,0.112726484212707,0.110877610176696,0.0324625895241982,0.245031792050298,"lipocalin-like, transcript variant X1","liver"
"LOC115135539",310.750561531028,0.112644694824466,0.112359215771757,0.0282480606938519,0.234101293006565,"thiosulfate:glutathione sulfurtransferase-like","liver"
"LOC115103902",43.2643682500252,0.112568420362767,0.0935045676725874,0.0646196483409224,0.330362180102072,"ras-related protein ORAB-1-like","liver"
"LOC115104972",462.615002180171,0.112491070854337,0.0902146829224652,0.0662194909945383,0.332777226903407,"eukaryotic translation initiation factor 2 subunit 3","liver"
"LOC115136138",208.559964651439,0.112421977999025,0.0726249569855385,0.0532664396286895,0.302493985279894,"GTP-binding protein SAR1a","liver"
"LOC115104358",39.8600053487807,0.112397915397713,0.100449883168106,0.0571058452980662,0.312313453371061,"eukaryotic peptide chain release factor GTP-binding subunit ERF3A-like","liver"
"LOC115130761",39.2717112365624,0.112341979997453,0.0881552955295747,0.0667537233143436,0.334585404241115,"leptin receptor overlapping transcript-like 1, transcript variant X2","liver"
"LOC115125620",191.996723897816,0.112245065468952,0.0938572119643774,0.0651256469340937,0.330664930386595,"ER membrane protein complex subunit 7-like","liver"
"LOC115135692",1340.3135788912,0.112238394417824,0.0956083244666123,0.0636945229492936,0.32892990091333,"40S ribosomal protein S10-like","liver"
"LOC115105496",141.408379655113,0.112228829416697,0.0942469955812249,0.0648778661788125,0.330596058163877,"ras-related protein Rab-24-like, transcript variant X1","liver"
"LOC115106595",1053.65536466817,0.112094849270581,0.088575674514037,0.0673487824329172,0.334728191563601,"V-type proton ATPase 16 kDa proteolipid subunit-like","liver"
"LOC115113080",2366.22945206013,0.112065804048686,0.0945351936545656,0.065028645049255,0.330627777077903,"S-adenosylmethionine synthase-like","liver"
"LOC115139474",74.3840454833526,0.112034547302807,0.0905101291120049,0.0672295533694369,0.334728191563601,"NUAK family SNF1-like kinase 2","liver"
"LOC115135279",115.845177142815,0.111920496266932,0.0672699695694775,0.0452933866842624,0.280502914456079,"insulin-degrading enzyme","liver"
"LOC115114935",804.906624559947,0.11182558820509,0.108199221648182,0.0412328578288592,0.273216997275659,"40S ribosomal protein S12","liver"
"LOC115107560",55.2976457607402,0.111614784431807,0.114672427986688,0.022283872980009,0.209084663997893,"syndecan-1-like","liver"
"LOC115121668",984.170557192459,0.111575326541033,0.085390894064044,0.0680306135511512,0.337226377620544,"60S ribosomal protein L27-like","liver"
"LOC115141340",112.819993849666,0.111547838419375,0.0922732225710843,0.0677212676272165,0.336228753200268,"peroxisomal targeting signal 1 receptor-like, transcript variant X1","liver"
"LOC115129540",79765.8844068798,0.111451277469941,0.103666742239781,0.0529406807735014,0.302493985279894,"leukocyte cell-derived chemotaxin-2-like, transcript variant X2","liver"
"LOC115136183",336.852045677145,0.111338760518752,0.085693412226377,0.0687150438425558,0.338538514428508,"serine/threonine-protein phosphatase 2A catalytic subunit alpha isoform-like, transcript variant X2","liver"
"LOC115110052",79.7014923709771,0.111236280409034,0.0959453965516126,0.0656631250572573,0.331901525580371,"ferritin, middle subunit-like","liver"
"LOC115143133",99.9748570895589,0.111189719573295,0.109911680945674,0.0373627541172673,0.257885219738498,"CD302 antigen-like","liver"
"LOC115113296",44.1514328176757,0.111086423675225,0.0892804055125432,0.0697535471491694,0.340293699560475,"ectonucleoside triphosphate diphosphohydrolase 6-like","liver"
"LOC115134057",196.672572514072,0.111081231494329,0.0732109950063877,0.0570719761983036,0.312313453371061,"V-type proton ATPase subunit E 1-like","liver"
"LOC115112856",65.5984338844688,0.111039934198387,0.0990663222150537,0.0621854361182567,0.324795518174815,"protein phosphatase 1G-like","liver"
"LOC115131258",103.47040829425,0.110946269309469,0.0856375059136383,0.0696638076040813,0.34024382156803,"small nuclear ribonucleoprotein Sm D1, transcript variant X3","liver"
"LOC115118062",38.5234189273332,0.110854466345674,0.111335123880832,0.0335328150320528,0.2487661021544,"receptor expression-enhancing protein 5-like","liver"
"LOC115145893",56.0231677034852,0.110778346955786,0.113379580698251,0.0271844797138877,0.230196866490767,"cathepsin B-like","liver"
"LOC115121634",120.77877293033,0.110723981482025,0.10191055101373,0.0580001821737741,0.313337271703472,"stromal cell-derived factor 2-like","liver"
"LOC115112217",69.177456598009,0.11068021834731,0.0827095708553439,0.0688210353618221,0.338648638330668,"ubiquitin carboxyl-terminal hydrolase 47-like, transcript variant X4","liver"
"LOC115113243",56.3927614679265,0.110639298491806,0.0806656960307376,0.0673090872018637,0.334728191563601,"F-box only protein 28-like","liver"
"LOC115107873",162.0069017067,0.110595909073749,0.0962848468269147,0.0668040027452248,0.334585404241115,"protein Z-dependent protease inhibitor-like","liver"
"LOC115131188",58.2645804760878,0.110420681177019,0.0950762974401547,0.068441712558583,0.337733563618684,"C1GALT1-specific chaperone 1-like, transcript variant X1","liver"
"LOC115139206",151.705843278879,0.11037550544232,0.0857625596283451,0.0711334084206589,0.34326429396841,"methylmalonate-semialdehyde dehydrogenase [acylating], mitochondrial-like, transcript variant X1","liver"
"LOC115139733",50.307975943049,0.110105064989381,0.0934833961487361,0.0705043302118384,0.341514322888925,"cytochrome c oxidase subunit 7C, mitochondrial-like","liver"
"LOC115101346",86.0463340158353,0.110081773766429,0.096903749905578,0.067310384225671,0.334728191563601,"neutral alpha-glucosidase AB-like, transcript variant X1","liver"
"LOC115142412",1297.54075381506,0.110078749666756,0.0958617389443226,0.068491840301699,0.337733563618684,"40S ribosomal protein S15a","liver"
"LOC115128329",66.6970509067042,0.109955692193037,0.101021145317578,0.0613350348428857,0.323326800909387,"NADH dehydrogenase [ubiquinone] iron-sulfur protein 5-like, transcript variant X1","liver"
"rcl1",5076.98871141191,0.109775671676612,0.0868140045630451,0.0729396480198826,0.347232084924331,"RNA terminal phosphate cyclase like 1","liver"
"bnip3",107.430551896785,0.109527949142378,0.08450465669413,0.0727844134836819,0.347232084924331,"BCL2 interacting protein 3, transcript variant X1","liver"
"LOC115116970",52.2439888915633,0.109494564120307,0.0884072289610627,0.0738206100696819,0.349363926616449,"guanine nucleotide-binding protein-like 1, transcript variant X1","liver"
"LOC115137352",126.964610662466,0.109486606880264,0.0788722834260673,0.0683808650251009,0.337733563618684,"NADH dehydrogenase [ubiquinone] iron-sulfur protein 8, mitochondrial-like","liver"
"tango2",39.2378586733626,0.109404982892427,0.0934503898287891,0.0722763896563843,0.346411286926949,"transport and golgi organization 2 homolog, transcript variant X7","liver"
"LOC115112121",66.9088711625896,0.109391357358497,0.0852469414231269,0.0734644621476114,0.348554918727239,"vacuolar protein sorting-associated protein 35-like, transcript variant X1","liver"
"LOC115131881",473.311985095003,0.109333472856712,0.0724217984029459,0.0598041439993006,0.319143853516116,"cellular nucleic acid-binding protein-like","liver"
"LOC115112235",2393.41559909146,0.109296409594388,0.106873178087215,0.0491877165557779,0.291644206066893,"60S ribosomal protein L13","liver"
"mrps14",47.8646940263175,0.10929417583406,0.0983900575303871,0.0672020183787489,0.334728191563601,"mitochondrial ribosomal protein S14","liver"
"LOC115103739",1743.06021643696,0.109286490136364,0.103352329726917,0.0580266486599724,0.313337271703472,"fucolectin-6-like, transcript variant X2","liver"
"LOC115135251",97.4904595283907,0.109250004533286,0.0897011685001455,0.07433367233091,0.349952305925367,"calmodulin","liver"
"pgls",58.7147301080608,0.109165326213166,0.098803492853074,0.0668883803363804,0.334585404241115,"6-phosphogluconolactonase, transcript variant X2","liver"
"LOC115131981",81.7458106537503,0.109123392660986,0.0863558936735334,0.0745259248473507,0.350352515976804,"rho-related GTP-binding protein RhoA-B","liver"
"LOC115114749",64.6072200770246,0.109115513470065,0.0883173366908035,0.0748060065024595,0.350501836276254,"cytochrome b-c1 complex subunit 10","liver"
"LOC115114539",93.0510078770924,0.10909983366333,0.0846203352342724,0.0739516602794684,0.349398388232534,"EF-hand calcium-binding domain-containing protein 14-like","liver"
"LOC115139186",97.6222705596765,0.109095078294011,0.0959922140892209,0.070757161459021,0.342326421249042,"platelet-activating factor acetylhydrolase-like, transcript variant X1","liver"
"LOC115107006",96.0204699012882,0.109057878374714,0.0917642991996948,0.0741593015881014,0.349793998969441,"calphotin-like","liver"
"LOC115121087",674.011735296301,0.109016065454518,0.0971653879166186,0.0695545657078948,0.340004396525346,"60S ribosomal protein L18","liver"
"lg22h18orf32",171.342402772214,0.108752395089264,0.0726844204456918,0.0616072496364507,0.323868278815084,"linkage group 22 C18orf32 homolog","liver"
"LOC115138062",190.64492836976,0.108735849848207,0.0973130332781094,0.070050016691144,0.340606724118502,"ras-related protein rab7-like","liver"
"LOC115106933",180.249492004698,0.108683933908381,0.0859713786785722,0.0755747742671223,0.351189444865986,"short transmembrane mitochondrial protein 1-like","liver"
"LOC115113496",28218.4076179466,0.108613904243943,0.0990795300231927,0.0677698053740533,0.336228753200268,"prothrombin-like","liver"
"rps21",1127.76346629332,0.108509492513302,0.089220571418842,0.076349785109258,0.353336792399074,"ribosomal protein S21","liver"
"LOC115104235",120.962499659442,0.108445761500553,0.0882427890095994,0.0765734412245076,0.353502574941594,"glucosidase 2 subunit beta-like, transcript variant X4","liver"
"rpl21",2497.11887369325,0.108437716163479,0.11013845061154,0.0408327686335786,0.271225660829629,"ribosomal protein L21, transcript variant X1","liver"
"LOC115119248",3446.87580707764,0.108433513754739,0.0965795415661928,0.0717287907307473,0.345464952867983,"40S ribosomal protein S29-like","liver"
"LOC115105933",4278.77411633309,0.108342698599801,0.101417985470454,0.064207018491265,0.330056696847667,"serine protease inhibitor Kazal-type 1-like","liver"
"LOC115132136",105.6981052137,0.108288965273753,0.0980298638709569,0.0701604003099218,0.340606724118502,"bcl-2-like protein 1, transcript variant X2","liver"
"LOC115145826",504.96191759815,0.108222413690274,0.100478226411525,0.066290553964376,0.332777226903407,"succinate--CoA ligase [ADP/GDP-forming] subunit alpha, mitochondrial-like","liver"
"LOC115131912",265.216046377339,0.108197659434904,0.10062067564709,0.0660841442182963,0.332567033439638,"prostaglandin E synthase 3-like, transcript variant X1","liver"
"slc25a16",43.3738552611367,0.108186105408894,0.0932554464518461,0.0755496186604074,0.351189444865986,"solute carrier family 25 member 16, transcript variant X3","liver"
"LOC115101941",176.01699093752,0.107823213731589,0.0812063389112015,0.075013362833768,0.350765408744932,"small nuclear ribonucleoprotein G-like","liver"
"LOC115133003",510.953725252817,0.107777438046631,0.0969387733835994,0.072937332884864,0.347232084924331,"40S ribosomal protein S16","liver"
"las1l",41.5884749785342,0.10777473195382,0.0954494918445306,0.0746920876625993,0.350501836276254,"LAS1 like, ribosome biogenesis factor, transcript variant X2","liver"
"LOC115134683",49.0618360061794,0.107745768199364,0.120558248901066,0.00704662482330912,0.13173921772319,"cytochrome c oxidase subunit 8B, mitochondrial-like","liver"
"LOC115106702",97.6924156199937,0.10773842918633,0.0838929712604134,0.0771995302938897,0.355520838531241,"mitochondrial amidoxime-reducing component 1-like","liver"
"ydjc",203.634694383103,0.107681151095739,0.107209991162295,0.0512680965088552,0.298412033906182,"YdjC chitooligosaccharide deacetylase homolog","liver"
"LOC115112058",59.1818005795527,0.107638945328681,0.0777239349987286,0.0717730056170995,0.345464952867983,"oxysterols receptor LXR-alpha-like, transcript variant X2","liver"
"tpst1",43.2053206157371,0.107552171575916,0.0914679909788346,0.078274433493416,0.358715463882976,"tyrosylprotein sulfotransferase 1, transcript variant X1","liver"
"LOC115129309",295.553298771209,0.107390185123241,0.0688736616624493,0.0579429426590144,0.313337271703472,"heterogeneous nuclear ribonucleoprotein A0-like","liver"
"LOC115129023",41.2445284165085,0.107367764611934,0.100540218660761,0.0682148992045749,0.337547169946564,"protein rapunzel-like","liver"
"LOC115135451",1091.91899876957,0.107310150017967,0.0917126658082312,0.0788144645967992,0.360021413522272,"40S ribosomal protein S14","liver"
"LOC115106928",85.3154997623951,0.107308347393001,0.0944934915843095,0.0768611001442688,0.354540662920377,"aldo-keto reductase family 1 member B1-like","liver"
"LOC115108503",1232.17306432197,0.107220077064174,0.1006730532315,0.0683176933672873,0.337733563618684,"proteasome subunit beta type-5-like","liver"
"LOC115118318",686.308138429235,0.107116157761621,0.0971396591662724,0.0743698461954957,0.349952305925367,"40S ribosomal protein S3","liver"
"LOC115123537",102.117086358306,0.106948531562924,0.102072600179477,0.0660893042010759,0.332567033439638,"NADH dehydrogenase [ubiquinone] 1 beta subcomplex subunit 4-like","liver"
"LOC115128635",48.0240099566694,0.106863458465503,0.111240824664574,0.0395549448818841,0.266383648673165,"gamma-glutamylcyclotransferase-like, transcript variant X1","liver"
"LOC115138144",559.411261548364,0.10684745993543,0.084696051332779,0.0800722238065116,0.363969161033969,"gamma-aminobutyric acid receptor-associated protein-like","liver"
"LOC115109275",41.3317308293719,0.106846211487534,0.0932779566745475,0.0791130689653521,0.360801605313714,"uncharacterized protein C11orf24-like, transcript variant X5","liver"
"klhl22",48.1698982256392,0.106724449068302,0.0987011401944427,0.0730578247198052,0.347501666695889,"kelch like family member 22, transcript variant X2","liver"
"LOC115102188",48.2762488746006,0.106695145894417,0.089221554749057,0.0812935640189899,0.366015520296026,"transmembrane protein 115-like","liver"
"fam210a",42.7864742871407,0.106687038820796,0.100199044131598,0.070528816948014,0.341514322888925,"family with sequence similarity 210 member A","liver"
"LOC115116458",54.7633501581814,0.106685800581488,0.11461437157516,0.0274330816314021,0.230196866490767,"metalloproteinase inhibitor 2-like","liver"
"mospd1",136.804833665281,0.106659882987768,0.0815026801846284,0.0784436656819857,0.359066789172764,"motile sperm domain containing 1, transcript variant X1","liver"
"LOC115133279",65.8384641482317,0.106636083258137,0.0765537933007597,0.0728843104946978,0.347232084924331,"ankyrin repeat domain-containing protein 46","liver"
"eci2",817.628599312659,0.106534984061949,0.0838634538946315,0.0805066158565969,0.364048909709233,"enoyl-CoA delta isomerase 2, transcript variant X4","liver"
"hadhb",288.945856157005,0.106492050917732,0.0632643662590971,0.0481255436707021,0.289060446345515,"hydroxyacyl-CoA dehydrogenase trifunctional multienzyme complex subunit beta","liver"
"LOC115126510",1630.07722337662,0.106472961964645,0.0991601884308391,0.0729343760861862,0.347232084924331,"40S ribosomal protein S9-like","liver"
"LOC115142960",109.600471397614,0.106402578454841,0.100134381402256,0.0713612459215611,0.34406967931096,"double-stranded RNA-binding protein Staufen homolog 1-like, transcript variant X1","liver"
"LOC115146490",111.257200364064,0.106395940710052,0.0821988077438982,0.079755545858518,0.362852386718124,"uncharacterized LOC115146490, transcript variant X1","liver"
"LOC115118532",96.74159181423,0.106360489050826,0.0791570526759572,0.0769250653555054,0.354546056324231,"RNA polymerase-associated protein RTF1 homolog","liver"
"LOC115110570",54.3109309891023,0.106355102592985,0.115729947670902,0.0236046611368353,0.214350535968363,"uncharacterized LOC115110570","liver"
"LOC115138225",971.23763022466,0.106211033778438,0.0862421570294721,0.0824485751277191,0.367987869700476,"oligosaccharyltransferase complex subunit ostc-like","liver"
"LOC115143067",662.370249766949,0.106198797201099,0.0851589427094675,0.082106997857125,0.366753251504215,"probable Bax inhibitor 1, transcript variant X1","liver"
"LOC115114914",1133.87376873569,0.106138368973061,0.0963175410592198,0.0780208582613609,0.357843838946908,"60S ribosomal protein L24-like","liver"
"LOC115102393",54.0241227931949,0.106110132391499,0.105058513967061,0.060656209617339,0.322168353245057,"proteasomal ubiquitin receptor ADRM1-like","liver"
"LOC115105184",238.078760787325,0.105929617494839,0.0849638578300713,0.0827912284022439,0.368642961797373,"electron transfer flavoprotein subunit beta-like, transcript variant X1","liver"
"LOC115128031",207.471892747524,0.105900234074399,0.091978572130754,0.0825810449027005,0.368213261357068,"60S ribosomal protein L28-like","liver"
"LOC115117925",79.5360811812178,0.105880137797604,0.102803529867859,0.0669644893362486,0.334585404241115,"lysozyme C II","liver"
"selenop",1627.30121478001,0.105866832111808,0.112666000350838,0.0358143166985254,0.255699475541819,"selenoprotein P, transcript variant X1","liver"
"LOC115119306",133.957766896685,0.105855414385645,0.0879999234604132,0.0837376626485988,0.369749661724783,"protein SET-like","liver"
"nipsnap2",151.641215028271,0.105839513040661,0.0956882048238342,0.079588646156764,0.362385077581524,"nipsnap homolog 2","liver"
"LOC115138249",593.119021585147,0.105821831215106,0.105611196867718,0.0597409475194725,0.31910822109266,"GTP cyclohydrolase 1","liver"
"LOC115119931",49.5106906498153,0.10572425278656,0.118621961345732,0.0136234433748385,0.176013641405809,"ferritin, middle subunit-like","liver"
"LOC115113120",1083.29712149644,0.105554689567926,0.0949600174480338,0.0811746206003321,0.365989465949182,"40S ribosomal protein S24, transcript variant X1","liver"
"LOC115119053",48.9543752652893,0.105347415161069,0.085455129898044,0.0846775846000781,0.37118761075469,"serine/threonine-protein phosphatase 6 catalytic subunit","liver"
"LOC115119338",56.3698578173563,0.105282580525854,0.104008177836136,0.0653699932293152,0.33101253970647,"cysteine protease ATG4B-like","liver"
"LOC115109963",3522.68185733282,0.105233133068769,0.096408814568975,0.0803747344059662,0.364048909709233,"nucleoside diphosphate kinase-like, transcript variant X2","liver"
"LOC115132071",43.9785834366651,0.105189915586564,0.0864289553922478,0.0854463897547332,0.371958609526001,"dynein light chain Tctex-type 3-like","liver"
"LOC115123887",1082.99974278123,0.105044186402982,0.0983709669612002,0.0780124082326124,0.357843838946908,"40S ribosomal protein S12","liver"
"LOC115110747",42.3868008384816,0.105035385050156,0.0872881973209918,0.0860635570985297,0.372348538987202,"histone-lysine N-methyltransferase KMT5C-like","liver"
"LOC115119588",94.1717148272135,0.104904564459144,0.0894782281697439,0.0863857040740629,0.372885080429785,"ribonuclease H1-like, transcript variant X3","liver"
"LOC115135293",131.701707508389,0.104901528840303,0.0730995147611383,0.0721123095155914,0.346411286926949,"transmembrane 9 superfamily member 3","liver"
"LOC115114642",4469.10304169294,0.104843535986755,0.0942756541458982,0.0838624610979966,0.369799861691092,"peroxiredoxin","liver"
"LOC115122307",1178.74608412532,0.104795062687447,0.0961390289937709,0.0819400708973864,0.366587670591635,"40S ribosomal protein S15a","liver"
"LOC115131913",1762.85279979362,0.104790377275407,0.0971969217036441,0.0805195682952124,0.364048909709233,"nascent polypeptide-associated complex subunit alpha, transcript variant X2","liver"
"LOC115135390",133.659392339585,0.104740518904075,0.0789162796897632,0.0812175995269137,0.365989465949182,"ATP synthase subunit g, mitochondrial-like","liver"
"LOC115102189",298.812421897881,0.104683903291633,0.0805232110469188,0.0831529888453588,0.368799509050193,"rho-related GTP-binding protein RhoA-B-like","liver"
"LOC115107559",86.916832339842,0.104621078836314,0.0868124512305636,0.0872118505452999,0.374162696184471,"rho-related GTP-binding protein RhoB-like","liver"
"mmab",39.4245328851181,0.104579966081791,0.0933588243980325,0.0854254308511245,0.371958609526001,"metabolism of cobalamin associated B","liver"
"LOC115128922",102.274551539047,0.104507217459556,0.115073727727915,0.0281084601572718,0.233382891246995,"macrophage receptor MARCO-like","liver"
"LOC115113500",690.88484921646,0.104457198740581,0.0951088226514799,0.0841161674097907,0.370141297050814,"synaptotagmin-13-like, transcript variant X2","liver"
"LOC115135604",1601.455584138,0.104434861842008,0.0957495656748065,0.0834405850320614,0.36942659711129,"40S ribosomal protein S23","liver"
"LOC115135313",61.0673822937033,0.104401844858505,0.0816830300666719,0.0850769092313589,0.371958609526001,"dynactin subunit 2-like, transcript variant X3","liver"
"LOC115131962",83.7985672194511,0.10423601798604,0.101178472690013,0.0748003731387493,0.350501836276254,"interferon-related developmental regulator 2-like, transcript variant X1","liver"
"LOC115125733",57.1128765982519,0.10421435757135,0.0827776674934236,0.086519930370186,0.372894295320664,"ubiquitin-conjugating enzyme E2 G1-like, transcript variant X3","liver"
"LOC115132427",170.875345059545,0.104157637714341,0.092828200979802,0.0870676837381445,0.374112741541525,"polypyrimidine tract-binding protein 1-like, transcript variant X1","liver"
"LOC115103822",41.261174269401,0.104146944916883,0.0909409188204262,0.0881828658191049,0.375397231660697,"diacylglycerol kinase epsilon-like, transcript variant X1","liver"
"echs1",89.2907237369423,0.104113725426646,0.105876050096709,0.0627825150332205,0.326099429510178,"enoyl-CoA hydratase, short chain 1","liver"
"srp19",125.814026096992,0.103981091322184,0.0894287718006739,0.0891447889075821,0.375698126541646,"signal recognition particle 19","liver"
"LOC115102726",60.8287043243658,0.103825957711579,0.0919209625843525,0.0886487476419814,0.375693067082965,"ubiquitin-conjugating enzyme E2 R1","liver"
"rbm19",41.2825286906815,0.103816245362129,0.105544194499891,0.0644797266423977,0.330056696847667,"RNA binding motif protein 19","liver"
"LOC115119455",2085.57667564131,0.103774224218454,0.097169987209113,0.0834158427151792,0.36942659711129,"sodium/potassium-transporting ATPase subunit alpha-1","liver"
"LOC115114233",192.938041089437,0.103769925771257,0.0846065414594154,0.0890015237243793,0.375698126541646,"ubiquitin-60S ribosomal protein L40-like","liver"
"LOC115106260",58.6346251389869,0.103598832633824,0.0958809812491911,0.0856877861334047,0.372348538987202,"phytanoyl-CoA dioxygenase, peroxisomal-like","liver"
"LOC115136822",45.4765887819799,0.103535972841959,0.101703803808931,0.0754593780798885,0.351189444865986,"arsenite methyltransferase-like, transcript variant X2","liver"
"LOC115109362",42.5072250206444,0.103506131437651,0.094156678928937,0.0878762846331922,0.375397231660697,"PSME3-interacting protein-like, transcript variant X3","liver"
"LOC115108130",124.347330615372,0.10350535029389,0.101301345609887,0.0764624518700948,0.353502574941594,"polypyrimidine tract-binding protein 1-like, transcript variant X1","liver"
"LOC115110576",70.1173032704066,0.103465310656052,0.0994051576814352,0.080509769158729,0.364048909709233,"phenylalanine--tRNA ligase alpha subunit-like","liver"
"LOC115118649",244.746408662412,0.103382305959333,0.100074873450329,0.0794229956785788,0.361922706699964,"inosine-uridine preferring nucleoside hydrolase-like, transcript variant X1","liver"
"eif3i",298.836252222028,0.103311379674884,0.0858269592981707,0.0909202799854177,0.379829937063863,"eukaryotic translation initiation factor 3 subunit I","liver"
"LOC115143550",39.9542602689424,0.103257964778628,0.11533898518882,0.028452879842801,0.234294517521169,"keratin, type I cytoskeletal 18-like, transcript variant X1","liver"
"LOC115116228",101.839687596592,0.10315946456739,0.0854255845113062,0.0912438509851738,0.380193935544126,"HMG box-containing protein 1-like","liver"
"LOC115137336",214746.43808828,0.103126633964808,0.0720274289364852,0.0750486386404317,0.350765408744932,"lecithin retinol acyltransferase-like, transcript variant X2","liver"
"LOC115132388",484.74422216198,0.103096705668087,0.0979656518223262,0.0841109380508242,0.370141297050814,"CD63 antigen-like","liver"
"LOC115141644",227.495125391962,0.103037977746582,0.0787503931733219,0.0860506751288217,0.372348538987202,"histone H3.3","liver"
"LOC115129613",45.7875851211857,0.102988269863263,0.0995486180318147,0.0815673871754412,0.366421645556231,"sorting nexin-4-like, transcript variant X1","liver"
"LOC115113829",40.4958822804275,0.102824831470874,0.100284512367023,0.0805343762357123,0.364048909709233,"histone acetyltransferase p300-like","liver"
"LOC115111993",59.259831425829,0.102786267450427,0.0920111153947332,0.091753539442062,0.38037532177934,"protein FAM160B2-like, transcript variant X1","liver"
"LOC115105431",63.5969198498291,0.102771419491919,0.0931051721207763,0.0910219455981945,0.379829937063863,"ras-related GTP-binding protein C","liver"
"LOC115113988",94.0418729235451,0.102670877843938,0.116981404746997,0.0221114275963566,0.209084663997893,"microsomal glutathione S-transferase 3-like, transcript variant X1","liver"
"LOC115143503",1302.97766429462,0.102580761169328,0.106373331018854,0.0647734561411608,0.330362180102072,"40S ribosomal protein S10-like","liver"
"churc1",42.7528046151484,0.102506809978534,0.093864140464589,0.0911716992047653,0.380173865369354,"churchill domain containing 1, transcript variant X1","liver"
"LOC115109102",58.8981948022092,0.102428973858053,0.0823439662995857,0.0916557406625293,0.38037532177934,"RNA 3'-terminal phosphate cyclase-like","liver"
"chchd10",222.331458509674,0.102385845048619,0.109892335806247,0.0524993058904768,0.301844278062762,"coiled-coil-helix-coiled-coil-helix domain containing 10","liver"
"snap23",58.9345360016721,0.102362738861362,0.0905314142134625,0.09381237656314,0.384372045047524,"synaptosome associated protein 23, transcript variant X3","liver"
"LOC115101131",77.8491618850594,0.102362200447974,0.107645540078585,0.0609367500620422,0.322747552392392,"complement component C6-like","liver"
"LOC115116268",123179.859227099,0.102332255056467,0.0997865976722763,0.0829524161834535,0.368799509050193,"transmembrane protein 116-like, transcript variant X2","liver"
"tomm7",119.838746575184,0.102258415364337,0.0789594967003986,0.0886997623842706,0.375693067082965,"translocase of outer mitochondrial membrane 7","liver"
"LOC115111768",73.9127190201166,0.102227219945729,0.0993227328960984,0.0841766605407803,0.370141297050814,"histone acetyltransferase KAT6A-like","liver"
"LOC115111711",80.424733059091,0.102222340291756,0.0991689751859867,0.0844879466673807,0.370644092372985,"endoplasmic reticulum-Golgi intermediate compartment protein 2-like, transcript variant X3","liver"
"LOC115112440",597.100087985284,0.102220499510565,0.0928560250014664,0.0929188707552073,0.382097555924181,"40S ribosomal protein S13-like","liver"
"fem1c",58.6575637379766,0.102181895821037,0.09267674780218,0.0931749882954945,0.382593442848263,"fem-1 homolog C","liver"
"LOC115118968",46.6490415521117,0.102174017794402,0.0871030118893647,0.0947982506986323,0.385891076744396,"protein GPR107-like","liver"
"LOC115119022",242.103376297865,0.102158767302174,0.0895082710210144,0.0947651334863676,0.385891076744396,"transmembrane emp24 domain-containing protein 9-like","liver"
"LOC115113580",42.1727251308654,0.102119148022882,0.0970841064766604,0.0883847274349719,0.375397231660697,"paraplegin-like, transcript variant X3","liver"
"dcxr",268.394132504117,0.102107244185006,0.10309275420952,0.0757783652312377,0.351845929354908,"dicarbonyl and L-xylulose reductase, transcript variant X2","liver"
"LOC115134531",286.144509610876,0.102073404565588,0.107804071309404,0.06102243638849,0.322898477834503,"protein disulfide-isomerase A3-like","liver"
"LOC115111634",90.1089188117105,0.101998558963761,0.088433077035274,0.0954226065742504,0.387037382699869,"cyclin-dependent kinase 2-associated protein 1-like","liver"
"LOC115145843",74.4028918175499,0.101960077165679,0.10107266474787,0.0812229544517048,0.365989465949182,"LON peptidase N-terminal domain and RING finger protein 1-like, transcript variant X1","liver"
"LOC115112044",50.2878408777296,0.101933814847182,0.0957859976572289,0.0907807188139867,0.379829937063863,"oxidoreductase HTATIP2-like","liver"
"LOC115107021",158.531066972436,0.101921506405981,0.090366376176089,0.0952688577477988,0.386697835181929,"ATP synthase subunit gamma, mitochondrial-like, transcript variant X1","liver"
"LOC115123807",538.86064387133,0.101911687884897,0.0989057715419599,0.0858936723376461,0.372348538987202,"40S ribosomal protein S19","liver"
"LOC115121194",145.259317834194,0.101903452512187,0.106690981072101,0.0653180891873245,0.33101253970647,"anaphase-promoting complex subunit CDC26-like, transcript variant X1","liver"
"atp6v0b",118.918817844219,0.101863646078986,0.0807613084109789,0.0919807481292273,0.380703937965568,"ATPase H+ transporting V0 subunit b, transcript variant X1","liver"
"hmgb1",102.877914962328,0.1018399295135,0.0972171254815398,0.0890178406847555,0.375698126541646,"high mobility group box 1, transcript variant X2","liver"
"LOC115136230",85.5466684930353,0.101693089887381,0.0837767603545022,0.0950329694459815,0.386567828164273,"NEDD4 family-interacting protein 1-like, transcript variant X2","liver"
"LOC115112485",111.118170479957,0.101576576374674,0.0890824271342444,0.0967081707633811,0.388584701377943,"terminal nucleotidyltransferase 4A-like","liver"
"LOC115112169",90.4222819987005,0.10155165415577,0.08842185416462,0.0968592367453941,0.388584701377943,"IST1 homolog, transcript variant X2","liver"
"LOC115135911",207.095072613575,0.101538473845707,0.0769377847941302,0.0881829296451457,0.375397231660697,"clathrin heavy chain 1-like, transcript variant X5","liver"
"LOC115143058",326.047219051415,0.101504471964882,0.108821821364944,0.0585008401321539,0.314567374653468,"cathepsin Z-like","liver"
"LOC115103491",52.8773903591819,0.101492941622463,0.0870589726120628,0.0969805973506095,0.388584701377943,"pleckstrin homology domain-containing family F member 2-like, transcript variant X1","liver"
"LOC115138300",65.4625909916782,0.101486465400548,0.0887555624531269,0.0970429381762131,0.388584701377943,"CAAX prenyl protease 1 homolog","liver"
"LOC115110905",63.5377867683306,0.101428797243811,0.0954150526113047,0.0928110986799128,0.381932553313985,"nucleosome-remodeling factor subunit BPTF-like","liver"
"lamtor1",91.0158059934668,0.101418636040436,0.100119481079185,0.0848929661039596,0.371554795831749,"late endosomal/lysosomal adaptor, MAPK and MTOR activator 1","liver"
"LOC115113796",44.7419836335232,0.101391642607879,0.0996248311094964,0.0860089274944718,0.372348538987202,"folliculin-like","liver"
"LOC115146682",214.209443445955,0.101087531572989,0.095681929532164,0.0935367087536979,0.383520884258081,"ATPase inhibitor B, mitochondrial-like","liver"
"LOC115120883",333.573743069546,0.101071250990342,0.0933606574184131,0.0961294980528059,0.388294286039754,"FAD synthase-like","liver"
"LOC115107967",60.2060963012432,0.101046465529448,0.0833203634127858,0.0968281951945648,0.388584701377943,"serine/threonine-protein phosphatase 2A 56 kDa regulatory subunit gamma isoform-like, transcript variant X4","liver"
"LOC115135169",54.6663697005608,0.101029973050211,0.0865569639358964,0.0983956049812001,0.392379519979724,"V-type proton ATPase subunit B, brain isoform","liver"
"LOC115115620",66.5633888911584,0.101024577496916,0.0966513617157208,0.092377682432311,0.380703937965568,"E3 ubiquitin-protein ligase synoviolin-like, transcript variant X2","liver"
"LOC115143108",43.1908357499758,0.100966909521883,0.0899406821948227,0.0984904044949442,0.392379519979724,"ubiquitin carboxyl-terminal hydrolase BAP1-like, transcript variant X2","liver"
"LOC115143444",69.1578860857392,0.100958047810628,0.0896104689170872,0.0986108491932297,0.392379519979724,"tumor suppressor candidate 2-like, transcript variant X1","liver"
"LOC115142560",91.8911551222051,0.100876182746784,0.0875646638795919,0.0990560687226017,0.393298568219275,"proteasome subunit beta type-3-like","liver"
"LOC115131303",349.582924270333,0.100688778672816,0.0758991464031221,0.0892378625192193,0.375698126541646,"cytochrome b-c1 complex subunit 7-like","liver"
"tpmt",66.956124146622,0.100636311011323,0.0977859849469444,0.091758977729979,0.38037532177934,"thiopurine S-methyltransferase, transcript variant X2","liver"
"dpm3",58.9603101296718,0.100596971239027,0.0887714287796199,0.0999546942248252,0.395199022124204,"dolichyl-phosphate mannosyltransferase subunit 3, regulatory","liver"
"LOC115146891",10647.5815567107,0.100581024842799,0.0767264979982245,0.0908875691999526,0.379829937063863,"extracellular matrix protein 1-like, transcript variant X2","liver"
"LOC115122065",1827.40724230252,0.100571340924911,0.111267986664277,0.0503877797220577,0.295727031508044,"complement C1q-like protein 2","liver"
"med31",74.9591066723055,0.100463631351514,0.0860871510098121,0.100146221683261,0.395358580830595,"mediator complex subunit 31","liver"
"LOC115124839",100.068691401744,0.100457603531754,0.0807937933000076,0.0965577714487804,0.388294286039754,"ubiquitin-conjugating enzyme E2 D2","liver"
"timm8b",40.8598820346412,0.100363229829057,0.0967228547724637,0.0943423981029068,0.385424876764842,"translocase of inner mitochondrial membrane 8 homolog B","liver"
"LOC115135148",40.7601493131233,0.100341738769046,0.0996388986468736,0.0891165008220079,0.375698126541646,"sphingolipid delta(4)-desaturase DES1-like","liver"
"LOC115138299",861.101615772544,0.100332769081261,0.0932624184326483,0.0986060521042197,0.392379519979724,"60S ribosomal protein L13a-like","liver"
"LOC115103930",40.815458920542,0.100328204826917,0.099581193338328,0.0892787689338739,0.375698126541646,"induced myeloid leukemia cell differentiation protein Mcl-1-like","liver"
"LOC115140268",42.2583972416374,0.100295483784934,0.10676862950338,0.0689773174070614,0.338648638330668,"VIP36-like protein, transcript variant X1","liver"
"LOC115130279",142.852684666448,0.100286336973084,0.0856018525191661,0.100575421622915,0.395827798365698,"proteasome activator complex subunit 2-like","liver"
"LOC115124641",294.079854288374,0.100281309006443,0.112507703354212,0.0453906633464106,0.280502914456079,"eukaryotic translation initiation factor 4E-binding protein 3-like","liver"
"LOC115103982",73.4470229202121,0.100164819058752,0.0874481849630679,0.101414638803396,0.396817826327715,"eukaryotic initiation factor 4A-III","liver"
"tymp",350.554822159867,0.100129255333855,0.104778658884033,0.0761488931898674,0.352985756116578,"thymidine phosphorylase","liver"
"ppp4c",59.907365745905,0.100116541941031,0.0782619497429323,0.0946219129286853,0.385891076744396,"protein phosphatase 4 catalytic subunit","liver"
"LOC115114718",85.6466100627716,0.100105019553394,0.0845313759316236,0.100698948260658,0.395827798365698,"apoptosis-associated speck-like protein containing a CARD","liver"
"LOC115126147",127.824707852714,0.100074737836451,0.0831309925054457,0.0999137381970595,0.395199022124204,"stromal cell-derived factor 2-like","liver"
"LOC115134140",743.1569612402,0.100046678697319,0.0900087432360177,0.101516213236995,0.396817826327715,"40S ribosomal protein S17, transcript variant X1","liver"
"LOC115130904",2324.90113174701,0.100039004970331,0.111385867887226,0.0509093422459015,0.29724317096211,"ribonuclease-like 3","liver"
"pik3c3",43.0730356785041,0.0999561593841206,0.0923099285885215,0.100614499836942,0.395827798365698,"phosphatidylinositol 3-kinase catalytic subunit type 3, transcript variant X2","liver"
"LOC115108691",336.972396175682,0.0999434915590567,0.101433771660882,0.0861828672669968,0.372579225566205,"transmembrane 4 L6 family member 4-like","liver"
"spr",67.7449169099603,0.0999166412519188,0.105219014319927,0.0752937990499904,0.35079118175122,"sepiapterin reductase, transcript variant X3","liver"
"LOC115123393",64.7158361251913,0.099848302955626,0.102469461410706,0.083760151850159,0.369749661724783,"COP9 signalosome complex subunit 1-like","liver"
"LOC115131257",1304.81287889331,0.0998479866128944,0.100668540517426,0.0883209267071258,0.375397231660697,"60S ribosomal protein L14-like","liver"
"LOC115134253",518.277144818283,0.0998383428918823,0.097189318149687,0.095270401831042,0.386697835181929,"chromodomain-helicase-DNA-binding protein 2-like, transcript variant X1","liver"
"mrps18c",155.647497690722,0.0998369126469101,0.0807720855685677,0.0985974079976883,0.392379519979724,"mitochondrial ribosomal protein S18C, transcript variant X3","liver"
"LOC115139890",1203.45168515924,0.099717738053214,0.0969952274126835,0.0959713660140946,0.388186032876622,"60S ribosomal protein L35-like","liver"
"LOC115131440",75.7047026680452,0.0996489416362473,0.0825643499606196,0.100911671529347,0.396208134530385,"splicing factor 3A subunit 3-like","liver"
"LOC115124645",80.0257955586456,0.0994026406535028,0.0854627503692309,0.103519287379224,0.401421632241137,"cyclin-L1-like, transcript variant X1","liver"
"LOC115131739",766.989959692479,0.0993733207323178,0.0933042359026488,0.101746175647339,0.397274486656209,"40S ribosomal protein S5","liver"
"LOC115108593",248.566677837402,0.09924047462459,0.0894921344828376,0.10439889825474,0.402702643938854,"proteasome subunit alpha type-7-like","liver"
"LOC115139195",133.900088398587,0.0992117878243557,0.106199416350196,0.0738077982476523,0.349363926616449,"ubiquitin-like protein FUBI","liver"
"LOC115106841",198.947579161991,0.0991672109574758,0.0941827116044126,0.10155893713134,0.396817826327715,"cyclin-dependent kinase inhibitor 1B-like","liver"
"ndufc1",248.737496607524,0.0991049133391798,0.0764142523294061,0.0952120587616549,0.386697835181929,"NADH:ubiquinone oxidoreductase subunit C1","liver"
"LOC115102474",63.9781654511305,0.0990978271270602,0.0811689829095541,0.101512419311496,0.396817826327715,"pituitary tumor-transforming gene 1 protein-interacting protein-like","liver"
"LOC115137212",1078.20384049173,0.0990034522779856,0.097232498966174,0.0978925762181589,0.391709061181945,"40S ribosomal protein S6","liver"
"LOC115113119",97.111083253915,0.0989958616873631,0.087073027717392,0.105362234581683,0.404676990781075,"eukaryotic translation initiation factor 4E-binding protein 2-like","liver"
"LOC115123318",123.524239109764,0.0989908941936089,0.0985067105676288,0.0956249220869511,0.387579547812581,"RNA-binding protein 45-like","liver"
"LOC115134658",44.5585198609854,0.0988779647111532,0.11048810486343,0.057324662726462,0.312444816097772,"chemokine-like protein TAFA-5","liver"
"LOC115104018",71.0854975008484,0.0988716427567914,0.0743047648655921,0.0923304624142935,0.380703937965568,"SUMO-conjugating enzyme UBC9-like","liver"
"LOC115105004",116.280786841945,0.098747931395097,0.093273282777634,0.103890798708885,0.401960459628282,"cullin-1-like","liver"
"LOC115126441",113.962028791537,0.098704523837062,0.0985673935615771,0.096428550901024,0.388294286039754,"enolase-phosphatase E1, transcript variant X2","liver"
"pqbp1",51.9758372798439,0.0986880835086389,0.0852809225593293,0.10592028353574,0.405284507949253,"polyglutamine binding protein 1, transcript variant X1","liver"
"LOC115103226",73.274031778072,0.0985917064151481,0.0989727720126302,0.0959768110624675,0.388186032876622,"choline-phosphate cytidylyltransferase A-like, transcript variant X1","liver"
"LOC115143345",217.543852355702,0.0985907979771374,0.0761767340658503,0.096545646949243,0.388294286039754,"cytochrome b-c1 complex subunit 1, mitochondrial-like","liver"
"selenbp1",457.976486183033,0.0985202053309434,0.102205425466196,0.0884304495410426,0.375397231660697,"selenium binding protein 1","liver"
"LOC115125343",41.217314826855,0.0985173013300229,0.116153027032296,0.0304304573301931,0.238940595904925,"calcium-activated potassium channel subunit alpha-1-like, transcript variant X1","liver"
"c8b",676.152829804591,0.0985118504853222,0.107723829999927,0.06988331303211,0.340293699560475,"complement C8 beta chain","liver"
"LOC115105716",53.5230680109995,0.098373369962306,0.0880689161556252,0.107603093416819,0.408010117818241,"nuclear pore glycoprotein p62-like, transcript variant X1","liver"
"LOC115130433",51.0981647736564,0.0983465156296136,0.102081959388336,0.0892998380834023,0.375698126541646,"NADH dehydrogenase [ubiquinone] 1 alpha subcomplex subunit 10, mitochondrial-like","liver"
"vps26c",109.248810235377,0.0983437990040617,0.0974675058104587,0.0996577655116374,0.394577660644253,"VPS26 endosomal protein sorting factor C, transcript variant X1","liver"
"LOC115131831",1303.97172415527,0.098338218325847,0.0810267694967713,0.103993735027272,0.401960459628282,"60S ribosomal protein L32, transcript variant X1","liver"
"LOC115109031",376.609349533514,0.0983004545628082,0.0989281888133045,0.0970114489415081,0.388584701377943,"uncharacterized LOC115109031, transcript variant X1","liver"
"LOC115146872",1522.90725624064,0.0982754880117422,0.0901670628893624,0.107539146188985,0.408010117818241,"60S ribosomal protein L7a","liver"
"LOC115141493",699.09693021315,0.0981835617673153,0.094538918442812,0.104491564536029,0.402702643938854,"translocon-associated protein subunit alpha","liver"
"LOC115139445",109.218678611193,0.0981446059339214,0.124633524376765,0.00058218099472883,0.0524348943476314,"protein broad-minded-like, transcript variant X5","liver"
"LOC115108625",70.5241669554302,0.0980965835244318,0.0874280855859188,0.108560130105991,0.410182247435219,"non-specific lipid-transfer protein-like","liver"
"LOC115139938",285.246258292285,0.0979966116294496,0.082012226622112,0.106159591682744,0.405298888758373,"cytochrome c oxidase subunit 6A, mitochondrial-like","liver"
"LOC115139915",232.908430259201,0.0979589544127975,0.0886058587054886,0.109035859182662,0.410606533645322,"sarcoplasmic/endoplasmic reticulum calcium ATPase 2-like, transcript variant X1","liver"
"LOC115112651",502.052966224033,0.0979511705081135,0.0858975475815353,0.108757142120178,0.410182247435219,"cystatin","liver"
"malsu1",48.0238808465661,0.09785907269498,0.0900608511675267,0.109049120220074,0.410606533645322,"mitochondrial assembly of ribosomal large subunit 1","liver"
"LOC115145288",363.205016098705,0.097852933178898,0.0881072425554547,0.109447966062791,0.410642013279183,"cytochrome c oxidase subunit 6C-1-like","liver"
"LOC115142169",73.7089043020292,0.0977748286299265,0.102146354679034,0.0908868055810397,0.379829937063863,"serine/arginine-rich splicing factor 3-like, transcript variant X1","liver"
"LOC115104927",93.3099218208959,0.0977381689995801,0.0792443654459618,0.104014210328891,0.401960459628282,"brefeldin A-inhibited guanine nucleotide-exchange protein 1-like","liver"
"LOC115116421",51.8462159525595,0.0975340005779817,0.0989418622174318,0.0995017357258789,0.39423635081285,"lysine-specific demethylase 4B-like, transcript variant X1","liver"
"LOC115109348",70.017494822881,0.0974699817639532,0.096175642142589,0.104733103639023,0.403083233228306,"heat shock factor-binding protein 1-like","liver"
"LOC115126363",469.449381795945,0.0974293874090122,0.0974081751384752,0.10283266188001,0.400398897359629,"tumor necrosis factor receptor superfamily member 14-like, transcript variant X1","liver"
"LOC115139488",71.5653326408753,0.0972252270789844,0.0817670217386117,0.108687464347573,0.410182247435219,"glycoprotein integral membrane protein 1-like","liver"
"LOC115105158",40.0875442046983,0.0972210583776705,0.12309200163889,0.00276129585315617,0.0922501561356199,"plexin domain-containing protein 2-like, transcript variant X1","liver"
"LOC115131347",3144.57926612264,0.0971581118400061,0.10870923785466,0.0692451360790868,0.339078957764548,"60S acidic ribosomal protein P1-like","liver"
"LOC115132243",226.524844241969,0.0970019277496398,0.0894207338547929,0.112330293170426,0.415879891960804,"dolichyl-diphosphooligosaccharide--protein glycosyltransferase 48 kDa subunit-like","liver"
"LOC115132965",1411.1986056771,0.0969466154583538,0.112034916455326,0.0541203275366685,0.304679468912728,"sodium-coupled neutral amino acid transporter 4-like, transcript variant X2","liver"
"LOC115142386",315.750734314141,0.0968805650494315,0.0809340591676349,0.109087814464751,0.410606533645322,"ATP synthase membrane subunit DAPIT, mitochondrial-like","liver"
"LOC115102446",72.7912801213227,0.0965988338885625,0.0824770043412017,0.11161464736159,0.414534279780827,"C4b-binding protein alpha chain-like, transcript variant X3","liver"
"LOC115113519",55.6078989188197,0.0965615461635161,0.114148296589134,0.0438598681977028,0.278632672443752,"uncharacterized LOC115113519","liver"
"LOC115136834",78.2945116827821,0.0965321696685902,0.113188693120722,0.0490185303210278,0.291018530170897,"complement C4-B-like","liver"
"LOC115146386",79.4152427420382,0.0964608420454974,0.0764970217676444,0.104477797887505,0.402702643938854,"14-3-3 protein zeta-like","liver"
"LOC115137581",150.173252520436,0.0964221033670911,0.0867776727168698,0.114551744891623,0.417803069546578,"DNA topoisomerase 1-like","liver"
"LOC115111545",75.6561493131742,0.0964058215376353,0.115542160954306,0.0365501517191246,0.256032452364984,"GTPase-activating protein and VPS9 domain-containing protein 1-like, transcript variant X3","liver"
"commd10",66.9205199331002,0.0963737449100209,0.0849067181666848,0.11409391253123,0.417461520645816,"COMM domain containing 10","liver"
"LOC115141318",52.7927203217702,0.0963171885313296,0.0872902385475557,0.115016125652792,0.41822312326793,"prenylated Rab acceptor protein 1-like, transcript variant X4","liver"
"LOC115128206",38.1856404644073,0.0962666141674284,0.12167111255265,0.00683873905708836,0.131582103041871,"protein S100-A1-like","liver"
"ube2j1",64.3556354795468,0.0961843576050453,0.0879104303431056,0.11554169587925,0.418747185070502,"ubiquitin conjugating enzyme E2 J1","liver"
"anxa2",212.765666030118,0.0961772445805091,0.109339243289885,0.0689319059292048,0.338648638330668,"annexin A2, transcript variant X1","liver"
"LOC115131737",70.8722335657168,0.0961513932252948,0.103362485165888,0.0923515260955443,0.380703937965568,"N(G),N(G)-dimethylarginine dimethylaminohydrolase 2-like, transcript variant X1","liver"
"LOC115121010",877.491862131217,0.0961427871771693,0.104653190553475,0.0880574983804858,0.375397231660697,"diamine acetyltransferase 1-like","liver"
"LOC115126864",67.5329604610936,0.0959869947749157,0.107740297934121,0.0765292220628414,0.353502574941594,"transgelin-2-like","liver"
"slc5a12",147.811129250787,0.095914952496685,0.117639179479409,0.0257170610276854,0.223382348557403,"solute carrier family 5 member 12","liver"
"LOC115133066",86.2762648455403,0.0957747269758264,0.0711896635034266,0.0963515066929312,0.388294286039754,"serine/threonine-protein phosphatase 6 regulatory subunit 2-like, transcript variant X3","liver"
"LOC115129181",153.539423901853,0.095772003914803,0.0729728347579566,0.100275148379279,0.395358580830595,"matrin-3-like","liver"
"lg4h9orf78",65.9183408262206,0.0956677138073075,0.081673140686074,0.114333652799223,0.417533437964033,"linkage group 4 C9orf78 homolog","liver"
"LOC115103871",7113.8905399124,0.0956488738513548,0.0822683686770053,0.1149669881155,0.41822312326793,"beta-2-glycoprotein 1-like","liver"
"LOC115109284",309.038483599886,0.0956454476086611,0.081224868217623,0.113959404374102,0.417461520645816,"microtubule-associated proteins 1A/1B light chain 3B","liver"
"LOC115141892",2413.83892703264,0.09564260202453,0.0978657537293853,0.108186786999727,0.40912431306126,"40S ribosomal protein S25-like","liver"
"cops9",157.788192976912,0.0956286343659014,0.0972170384607313,0.109460897978245,0.410642013279183,"COP9 signalosome subunit 9","liver"
"LOC115129842",67.5876743547515,0.0955587880942233,0.0981675273039678,0.107882673572186,0.408521512400108,"histone deacetylase complex subunit SAP18-like","liver"
"LOC115121186",57.7418268677904,0.0955370874352863,0.0889863508914958,0.11786751071784,0.421723679032272,"V-type proton ATPase subunit G 1-like","liver"
"LOC115136793",254.061140035594,0.0953981137558578,0.0963795862093899,0.111742203722992,0.414534279780827,"T-complex protein 1 subunit zeta","liver"
"LOC115141776",53.9737350581976,0.0953796796206531,0.0832422189556666,0.116793201462607,0.419961751669949,"clustered mitochondria protein homolog, transcript variant X1","liver"
"LOC115137356",59.2164229840092,0.0953441146629889,0.0857733471983882,0.118338288277307,0.421746217368234,"uncharacterized LOC115137356, transcript variant X3","liver"
"cope",132.441661246404,0.095343492065934,0.0876097105238252,0.118707377169028,0.421747689395958,"coatomer protein complex subunit epsilon","liver"
"LOC115135488",77.0251041756134,0.0952343074462663,0.0753697380174477,0.106946346314172,0.40690286237896,"sorting nexin-12-like, transcript variant X2","liver"
"LOC115112912",234.970414877057,0.0951736955867083,0.074874948363309,0.106242004137866,0.405298888758373,"28 kDa heat- and acid-stable phosphoprotein-like, transcript variant X1","liver"
"LOC115123551",75.1338127022042,0.095173473944093,0.105604914574362,0.087546292426057,0.374981702541253,"SRA stem-loop-interacting RNA-binding protein, mitochondrial-like","liver"
"LOC115130838",62.4787311371187,0.0951081680516987,0.0797241981118594,0.114236282217107,0.417461520645816,"protein farnesyltransferase/geranylgeranyltransferase type-1 subunit alpha-like, transcript variant X4","liver"
"LOC115103785",113.079746865209,0.0951055973657405,0.0994689206472422,0.106640868061317,0.406545807612555,"nicotinate-nucleotide pyrophosphorylase [carboxylating]-like, transcript variant X2","liver"
"rpl27a",1314.7015899205,0.0950774760492775,0.0976524286179292,0.110626685909314,0.412821063214796,"ribosomal protein L27a","liver"
"LOC115138099",59.7308396866843,0.0950387055198301,0.0963900093763303,0.113037458922988,0.417098701959589,"phospholipase A-2-activating protein-like","liver"
"LOC115107125",108.583073596139,0.0950200182199427,0.122592575604084,0.00420568020434691,0.107371334663571,"anoctamin-4-like, transcript variant X2","liver"
"picalm",114.85810192332,0.0949922339551309,0.0880839805502344,0.12005329116953,0.424433864710813,"phosphatidylinositol binding clathrin assembly protein, transcript variant X5","liver"
"LOC115122329",65.9598119407592,0.0949033717272859,0.0979253420006569,0.110718864468856,0.412892145833,"protein jagunal homolog 1-B","liver"
"LOC115135321",86.4114954822583,0.0948914071668213,0.117305244765498,0.0287446830648054,0.234866107936167,"cytochrome c oxidase subunit 5B, mitochondrial-like","liver"
"LOC115114670",59.3489013874991,0.0948531486555097,0.074263597006983,0.106229528018657,0.405298888758373,"TOX high mobility group box family member 4-A-like, transcript variant X6","liver"
"LOC115124714",100.688295352555,0.0948528415560219,0.0827003722531733,0.11837587855477,0.421746217368234,"glycogen synthase kinase-3 beta-like","liver"
"LOC115131562",149.481691372512,0.0948097920971089,0.092072244571781,0.119138663560382,0.422257937515327,"proteasome subunit beta type-4-like","liver"
"LOC115105477",599.007776070306,0.0947973319810055,0.0913217432736454,0.119718479033857,0.4240467582341,"malate dehydrogenase, mitochondrial-like","liver"
"LOC115134791",64.9654910359669,0.0947034380766844,0.0936630366743738,0.118047374853388,0.421746217368234,"RNA-binding protein 45-like, transcript variant X3","liver"
"LOC115144141",64.9905542286669,0.09468904414163,0.0900189341402818,0.120804836112791,0.42575786809789,"dual specificity mitogen-activated protein kinase kinase 4-like, transcript variant X3","liver"
"LOC115101437",50.0699487277407,0.0946403262618347,0.100990552719973,0.104413157269104,0.402702643938854,"39S ribosomal protein L17, mitochondrial-like","liver"
"tmem106c",73.84561126966,0.0945407906309528,0.102536136915111,0.100241398637093,0.395358580830595,"transmembrane protein 106C, transcript variant X1","liver"
"LOC115106483",98.3326050098434,0.0945151586937973,0.0871169195756836,0.12185918117335,0.4271679881079,"charged multivesicular body protein 2a-like","liver"
"LOC115132171",43.7664790749332,0.0945140072777096,0.0960437126655905,0.115545092362437,0.418747185070502,"ER degradation-enhancing alpha-mannosidase-like protein 2","liver"
"LOC115134516",732.363756944591,0.0944477808520591,0.0799208857583255,0.117008342837735,0.419961751669949,"nucleobindin-2-like","liver"
"LOC115113332",188.284463396645,0.0944410922640664,0.0896859182407629,0.121885871208258,0.4271679881079,"calmodulin","liver"
"psme1",363.452901095056,0.094378137322045,0.0889965140896938,0.122317981427347,0.427885578152912,"proteasome activator subunit 1","liver"
"pacsin3",109.438805169697,0.0943576651806012,0.0840272689272463,0.121282448564708,0.426111203855845,"protein kinase C and casein kinase substrate in neurons 3, transcript variant X6","liver"
"sec13",71.6952074807342,0.094350005193957,0.0993822950876088,0.109537626637022,0.410656998667081,"SEC13 homolog, nuclear pore and COPII coat complex component, transcript variant X2","liver"
"LOC115106641",48.71853002051,0.094346761036221,0.105066954299057,0.0921800073455612,0.380703937965568,"60S ribosomal protein L19","liver"
"LOC115124725",269.011736330683,0.0943176614130489,0.0857950171140585,0.122315954608435,0.427885578152912,"transmembrane protein 120B-like","liver"
"syap1",240.315569998317,0.0942211564680217,0.0786760998448036,0.116202432798262,0.419605842861163,"synapse associated protein 1","liver"
"LOC115132038",42.0562271608928,0.0942157290818398,0.0990224681833418,0.110860545409149,0.413147616752513,"transcription initiation factor TFIID subunit 10-like, transcript variant X2","liver"
"LOC115106857",205.699491937676,0.0940766826755657,0.11132277403026,0.0643318771901899,0.330056696847667,"cysteine-rich with EGF-like domain protein 2, transcript variant X1","liver"
"srp9",71.3978955710647,0.0940729712084972,0.0957616041470619,0.117649846901379,0.421211817124405,"signal recognition particle 9","liver"
"lg23h16orf91",38.8055227809609,0.0940285960640379,0.0967120660596959,0.116235128982441,0.419605842861163,"linkage group 23 C16orf91 homolog","liver"
"LOC115138727",38.3485076423193,0.0940214761160114,0.0862771786607622,0.123630191228338,0.429812844627584,"MAGUK p55 subfamily member 5-A-like","liver"
"LOC115130375",106.173338622326,0.09401969236297,0.0822776266008762,0.121244649610326,0.426111203855845,"charged multivesicular body protein 5","liver"
"LOC115141717",111.812206361454,0.0940040095893611,0.0787008564622162,0.117077541113797,0.419961751669949,"succinate dehydrogenase [ubiquinone] cytochrome b small subunit B, mitochondrial-like","liver"
"LOC115106495",50.466099728677,0.0939958670999828,0.114379688730221,0.0472537063303444,0.286567589625268,"NADP-dependent malic enzyme-like","liver"
"LOC115136059",85.7266553076383,0.0938672412746111,0.094694160060071,0.119980818349904,0.424433864710813,"ras-related protein Rap-1A-like, transcript variant X1","liver"
"LOC115135507",4403.13854769765,0.0938467849089788,0.105776935154342,0.0910182823770758,0.379829937063863,"complement factor B-like, transcript variant X1","liver"
"LOC115111458",607.374756436806,0.0938380768683194,0.0919508263106703,0.122985647565093,0.428363335072496,"60S ribosomal protein L35","liver"
"LOC115115949",1050.38389480569,0.0937209804837841,0.10179623587346,0.105330630662064,0.404676990781075,"elongation factor 1-beta-like","liver"
"LOC115121109",64.8700368976822,0.0937204234011664,0.0911306335882991,0.124019139579409,0.429997277272484,"torsin-1A-interacting protein 2-like, transcript variant X1","liver"
"LOC115119573",902.827629804592,0.0936788410771232,0.0890193230766051,0.12506377283072,0.431848229397376,"60S ribosomal protein L26","liver"
"LOC115105912",447.95606355013,0.0936440326834313,0.0875573586346778,0.125328562098882,0.431950345182262,"tricarboxylate transport protein B, mitochondrial-like","liver"
"LOC115139707",126.410761045247,0.0935523890194934,0.108063058366451,0.0820606815716544,0.366753251504215,"tetraspanin-36-like","liver"
"LOC115143194",47.9558892310222,0.0935370672806493,0.0969660920384006,0.117631724141616,0.421211817124405,"striatin-interacting protein 1 homolog","liver"
"LOC115109361",52.7729314738455,0.093492048671966,0.0936365633421605,0.122737445209721,0.428291480626754,"RING finger and SPRY domain-containing protein 1-like, transcript variant X1","liver"
"LOC115124622",59.1622796914558,0.0934462600644797,0.113543821487806,0.0532776873416162,0.302493985279894,"eukaryotic translation initiation factor 4E-binding protein 3-like","liver"
"LOC115145055",45.1474901151003,0.0934365741728124,0.114563119198644,0.0472260583791407,0.286567589625268,"cytochrome P450 2J2-like","liver"
"LOC115135202",1045.31033199917,0.0933991437391905,0.073156906378775,0.109360521000776,0.410642013279183,"glutamate dehydrogenase, mitochondrial-like, transcript variant X1","liver"
"LOC115107685",111.857373958913,0.0932790095484917,0.0760339017275247,0.11555226963157,0.418747185070502,"glycoprotein integral membrane protein 1-like, transcript variant X1","liver"
"LOC115103924",39.3885913400603,0.0932691270052544,0.0975251586607664,0.117578441835164,0.421211817124405,"catalase-like","liver"
"phykpl",67.8871471995815,0.0932573514784257,0.100731118083793,0.110045701431237,0.411468894225672,"5-phosphohydroxy-L-lysine phospho-lyase, transcript variant X1","liver"
"LOC115134509",410.677237448584,0.0932009174176216,0.103079222001008,0.103087629948552,0.400573130550258,"ethanolamine kinase 1-like, transcript variant X1","liver"
"LOC115124171",187.963244743707,0.0931264793553727,0.096329649016531,0.120338029053355,0.424792019666353,"sodium-dependent phosphate transporter 1-B-like","liver"
"LOC115134589",1628.31020714737,0.093125324674196,0.0909014148985483,0.126518642911837,0.433382888053045,"60S ribosomal protein L28-like, transcript variant X2","liver"
"atg12",54.9099884884812,0.0930970882302308,0.0948644515945119,0.122733953074089,0.428291480626754,"autophagy related 12","liver"
"LOC115133988",177.733657672966,0.0930516722724533,0.106587430166716,0.0901836174421208,0.37857004020685,"glucose-6-phosphate isomerase-like","liver"
"LOC115135224",207.957249556606,0.0930391444245118,0.0858693943030231,0.127433269001558,0.43452433672627,"nuclear receptor coactivator 4-like, transcript variant X3","liver"
"LOC115127207",105.393501482469,0.0930378894288211,0.103291879336631,0.102935050434885,0.400398897359629,"ATP-binding cassette sub-family D member 3-like","liver"
"LOC115112536",2521.33503614597,0.0930103570903225,0.0982684902998875,0.11701707701527,0.419961751669949,"polyamine-modulated factor 1-binding protein 1-like","liver"
"LOC115109529",591.534555168631,0.0929588823634383,0.0938021102657224,0.124643717554207,0.431212272862165,"40S ribosomal protein S17","liver"
"LOC115131941",64.4620049307464,0.0929300617670528,0.0871718053186323,0.128168010434657,0.435591946489243,"charged multivesicular body protein 4c-like","liver"
"LOC115131350",134.260478548645,0.0928860341371443,0.0879347378257552,0.12837849786718,0.435591946489243,"proteasome subunit alpha type-2-like","liver"
"plod1",114.852553451972,0.0928233409031762,0.11363676839031,0.0540479004869477,0.304679468912728,"procollagen-lysine,2-oxoglutarate 5-dioxygenase 1, transcript variant X2","liver"
"rpl7a",1971.93142944058,0.0928140989257282,0.0926662925904501,0.126421235875801,0.433382888053045,"ribosomal protein L7a","liver"
"LOC115121566",1540.14620149682,0.0928017724936604,0.0948017764821911,0.123981727606028,0.429997277272484,"60S ribosomal protein L26","liver"
"LOC115144396",473.924952688542,0.0927166930386506,0.0764345696946905,0.118477778965789,0.421746217368234,"CD209 antigen-like, transcript variant X2","liver"
"ccz1",73.5397627088447,0.092670236700013,0.0748345445056383,0.115651632717762,0.418838433819425,"CCZ1 homolog, vacuolar protein trafficking and biogenesis associated, transcript variant X1","liver"
"LOC115108228",117.556952889052,0.0925725405983379,0.0857106933962998,0.129276828243646,0.437325927060289,"myosin light chain kinase, smooth muscle-like","liver"
"LOC115103926",85.9782182060581,0.0923986767548803,0.0815811737332411,0.127059730265144,0.43372384345647,"protein dpy-30 homolog, transcript variant X2","liver"
"LOC115114568",198.46513504001,0.0923953247718077,0.0827317960674834,0.128168330317136,0.435591946489243,"ADP-ribosylation factor 1-like","liver"
"LOC115128497",556.926519165706,0.0922516044682964,0.0953948278123844,0.125292824201048,0.431950345182262,"translocon-associated protein subunit beta-like","liver"
"LOC115133938",693.4532148161,0.0921337355296982,0.0921833704733378,0.12960351113314,0.438069202809917,"phosphate carrier protein, mitochondrial-like, transcript variant X1","liver"
"LOC115132132",215.008575335286,0.0921095537203817,0.0895404509737334,0.131267579119714,0.440338498129878,"NSFL1 cofactor p47-like, transcript variant X2","liver"
"LOC115119004",665.857808387166,0.0919542508963898,0.0959175178473527,0.125640424211823,0.431950345182262,"60S ribosomal protein L35","liver"
"LOC115108042",58.5884227198979,0.0919161921193323,0.086363282289364,0.132187544025121,0.441615901518245,"sialomucin core protein 24-like, transcript variant X1","liver"
"LOC115104149",288.578987480601,0.0918935217596386,0.0702037414984307,0.108133359387806,0.40912431306126,"ubiquilin-4-like","liver"
"LOC115143250",180.660400930254,0.0918828555748602,0.0915980382791257,0.131099380012867,0.440338498129878,"aflatoxin B1 aldehyde reductase member 4-like","liver"
"LOC115114198",65.3870744292082,0.0918530074844869,0.0946409081625351,0.127996252066806,0.435591946489243,"DET1- and DDB1-associated protein 1-like","liver"
"socs3",283.287109204076,0.0918513244915266,0.114330384551789,0.0518183136987014,0.300627087794716,"suppressor of cytokine signaling 3","liver"
"dhrs7b",86.4702837826547,0.0917280763196106,0.0947570873324652,0.128339646153989,0.435591946489243,"dehydrogenase/reductase 7B, transcript variant X1","liver"
"LOC115103788",107.574522952065,0.0916601446959241,0.0928288114284547,0.13094395373454,0.440327315536159,"rho GDP-dissociation inhibitor 1-like, transcript variant X1","liver"
"LOC115124728",67.1797899783411,0.0916406587810604,0.102150760216215,0.111746577014952,0.414534279780827,"single-stranded DNA-binding protein 3-like, transcript variant X2","liver"
"LOC115104853",42.7412316265455,0.0916388768545593,0.0974480946242919,0.124064039085525,0.429997277272484,"proteasome activator complex subunit 1-like","liver"
"LOC115137195",314.082027659711,0.0915952289980341,0.0951521813010555,0.128301195161794,0.435591946489243,"probable signal peptidase complex subunit 2","liver"
"LOC115110776",164.263586389426,0.0914924992126354,0.0732822404575893,0.11705318804372,0.419961751669949,"elongin-B","liver"
"LOC115113140",55.3115724458497,0.0914063131298805,0.0861928181484598,0.134277477994205,0.445724238170928,"zinc transporter 6-like, transcript variant X1","liver"
"aven",120.720596469146,0.0913598204000187,0.0736506017090754,0.118392929347192,0.421746217368234,"apoptosis and caspase activation inhibitor, transcript variant X1","liver"
"mrpl40",54.7122958141695,0.0912520716703171,0.0849491597785358,0.134443566702992,0.445724238170928,"mitochondrial ribosomal protein L40","liver"
"LOC115145785",44.3755711430612,0.0912227016474092,0.0894206972311605,0.13500315470732,0.446371250594239,"thioredoxin-related transmembrane protein 2-B","liver"
"LOC115129617",53.3352437563056,0.0910684301312815,0.0941979442448448,0.13180536891832,0.441200610693172,"reticulophagy regulator 2-like","liver"
"pcyox1",48.1325203214822,0.0910549886683142,0.0993099632508259,0.122137853811156,0.427785559936592,"prenylcysteine oxidase 1","liver"
"LOC115141572",230.895594140988,0.0910347185258021,0.104166630727386,0.106872316301182,0.40690286237896,"cytochrome c oxidase subunit 7A2, mitochondrial-like","liver"
"LOC115134219",193.596973053019,0.0909506773267016,0.0962227119300201,0.129171029571183,0.437229995778716,"ADP-ribosylation factor 4-like","liver"
"LOC115142915",1565.89190801898,0.0908573999008735,0.097078248596631,0.127945635569638,0.435591946489243,"60S ribosomal protein L10a-like","liver"
"ipo4",42.8036663000165,0.0908569013098105,0.0989474845517409,0.123821151882179,0.429964647322025,"importin 4","liver"
"LOC115101024",59.7440858194676,0.0908138857219582,0.0835176848467635,0.135415901410963,0.446371250594239,"beta-centractin-like","liver"
"uprt",59.3864761048615,0.0907997097955336,0.0965657958759496,0.129164921471506,0.437229995778716,"uracil phosphoribosyltransferase homolog, transcript variant X1","liver"
"LOC115129376",364.576273177167,0.0907900934037228,0.103404053015984,0.110607359065381,0.412821063214796,"tubulin beta-4B chain-like","liver"
"LOC115125142",38.3520949228123,0.0907246986470036,0.104645521276238,0.106121137340388,0.405298888758373,"chromosome alignment-maintaining phosphoprotein 1-like, transcript variant X1","liver"
"LOC115135688",91.4573068422672,0.0906460626473762,0.0963937587875369,0.130112312157972,0.439099889087811,"nucleophosmin-like","liver"
"LOC115122994",63.1005566831812,0.0905167731448319,0.0879369415034016,0.138276837776765,0.449718332999777,"E3 ubiquitin-protein ligase KCMF1-like, transcript variant X1","liver"
"LOC115112078",18167.2019650442,0.0904792687722699,0.10716569412869,0.0959808186141985,0.388186032876622,"prothrombin-like","liver"
"LOC115139232",147.858194577542,0.0904441355529207,0.108711468110876,0.0884012341753996,0.375397231660697,"cell division control protein 42 homolog, transcript variant X1","liver"
"LOC115136988",91.6307069192465,0.0903837580220313,0.0928014588727259,0.136306859259268,0.446949475016727,"bleomycin hydrolase-like, transcript variant X2","liver"
"LOC115131280",52.2116992529533,0.0903269195159445,0.10021381062758,0.122617093446478,0.428291480626754,"juxtaposed with another zinc finger protein 1","liver"
"LOC115135651",306.599930943144,0.090293808139172,0.0969308174788989,0.130545891176395,0.439907857031632,"peptidyl-prolyl cis-trans isomerase FKBP2-like","liver"
"LOC115103321",104.175978581044,0.090283844439828,0.096637135202229,0.131154558161586,0.440338498129878,"TSC22 domain family protein 2-like, transcript variant X2","liver"
"LOC115108107",100.325086186689,0.0902662283297654,0.0988358542182775,0.126464522961774,0.433382888053045,"cytochrome b-c1 complex subunit 6, mitochondrial-like","liver"
"LOC115133083",197.332089637021,0.0902239865095599,0.0803662499329484,0.134780735742541,0.446317908505798,"ATP synthase subunit gamma, mitochondrial-like, transcript variant X1","liver"
"cideb",1682.6918403661,0.0901900116256599,0.0806784542478329,0.135312338513471,0.446371250594239,"cell death inducing DFFA like effector b","liver"
"lman1",236.028395443921,0.0901320359084076,0.0936897879021398,0.136378808809182,0.446949475016727,"lectin, mannose binding 1, transcript variant X2","liver"
"LOC115133435",283.768985199626,0.0900449269310623,0.0695493194646902,0.113659805123568,0.417461520645816,"cell death activator CIDE-B-like","liver"
"LOC115143343",395.822736331232,0.0899539113018752,0.0844749884314286,0.139764847984333,0.451954370973394,"protein transport protein Sec61 subunit alpha","liver"
"LOC115127689",53.0632030735361,0.0898956382011821,0.101183087369479,0.121481017061928,0.426543421848038,"DNA-directed RNA polymerases I, II, and III subunit RPABC4","liver"
"LOC115109217",93.6324469674266,0.0897980577688577,0.0950631561030696,0.135899914574901,0.446949475016727,"tax1-binding protein 3","liver"
"LOC115130653",1455.34345233884,0.0897917971481483,0.0998795541988104,0.125684617851154,0.431950345182262,"ADP/ATP translocase 2-like","liver"
"LOC115103835",136.554169334649,0.0897896277605697,0.0894572825593736,0.141137762801098,0.453933779918658,"26S proteasome non-ATPase regulatory subunit 12","liver"
"LOC115129910",59.4841438582472,0.0897784895197948,0.106535848589037,0.101346871046863,0.396817826327715,"mitochondrial import receptor subunit TOM5 homolog","liver"
"LOC115129507",56.4468146399636,0.089768051244939,0.0971365318201247,0.132317724491544,0.441789398272772,"solute carrier family 49 member A3-like, transcript variant X1","liver"
"LOC115109143",124.606588815513,0.0897044383743955,0.0846731269658251,0.14096954280193,0.453770831618985,"U6 snRNA-associated Sm-like protein LSm4","liver"
"LOC115132993",90.1696874162623,0.0896399265003048,0.102983444424599,0.116472680793339,0.419961751669949,"NADH dehydrogenase [ubiquinone] 1 beta subcomplex subunit 2, mitochondrial-like, transcript variant X2","liver"
"LOC115105575",50.4802065941164,0.0896372823305496,0.087929626496264,0.14210032958216,0.45430263919642,"ubiquitin carboxyl-terminal hydrolase 25-like, transcript variant X4","liver"
"pcnp",165.355581302858,0.0896341426437962,0.0927282654328009,0.13959554942927,0.451720525765249,"PEST proteolytic signal containing nuclear protein, transcript variant X1","liver"
"LOC115105880",80.5815119584439,0.0894911863612906,0.0837648657103318,0.141335737503865,0.453933779918658,"BRCA1-A complex subunit Abraxas 1","liver"
"LOC115114111",47.4116813013219,0.0894532893494592,0.103975560223871,0.11346585200607,0.417461520645816,"translocation protein SEC62-like","liver"
"LOC115106356",61.525724631821,0.0894268532838129,0.0941522691150196,0.138805289947023,0.450514774185322,"phosphatidylinositol 3,4,5-trisphosphate 3-phosphatase and dual-specificity protein phosphatase PTEN-like, transcript variant X1","liver"
"LOC115109074",43.9998030501555,0.0893865049611504,0.095921847656605,0.136234163808873,0.446949475016727,"FYVE and coiled-coil domain-containing protein 1-like","liver"
"fuom",372.191135284583,0.0893845463556003,0.0846413393571391,0.142362247935852,0.454368146888536,"fucose mutarotase, transcript variant X1","liver"
"LOC115112951",353.575323816203,0.0893830297074271,0.0606698411313339,0.0883077616554313,0.375397231660697,"glycine N-acyltransferase-like, transcript variant X4","liver"
"LOC115110331",47.0058241727544,0.0893437014128836,0.0848214610140697,0.142640623454118,0.454955862591751,"non-structural maintenance of chromosomes element 1 homolog, transcript variant X2","liver"
"LOC115136594",39.5747830842945,0.089201572907527,0.0823302102818023,0.141422160622905,0.453933779918658,"integrin-linked protein kinase","liver"
"LOC115110308",877.733941204828,0.0891818834646976,0.0953780375533086,0.138034143876948,0.449446814492068,"40S ribosomal protein S11","liver"
"LOC115131488",46.3389358364745,0.0891450731805186,0.0960722670783917,0.136998157427917,0.447363560924244,"thioredoxin-like protein 4A, transcript variant X1","liver"
"LOC115135642",47.6188189238505,0.0890540549156074,0.0863570889946941,0.144523809966561,0.458674216453739,"barrier-to-autointegration factor","liver"
"LOC115129303",214.59056753191,0.0889680973788577,0.0721550432263412,0.124810675816587,0.431525459681845,"casein kinase I-like, transcript variant X2","liver"
"psmd10",86.2428358312811,0.0889491986428267,0.093887822800013,0.141229787817506,0.453933779918658,"proteasome 26S subunit, non-ATPase 10","liver"
"LOC115126314",90.192834093641,0.0889381473945666,0.10191394415924,0.122946947073905,0.428363335072496,"cytochrome c oxidase subunit 7A-related protein, mitochondrial-like","liver"
"cct7",225.475743299128,0.0888465244154452,0.081616674397984,0.142276925439733,0.454368146888536,"chaperonin containing TCP1 subunit 7","liver"
"LOC115108501",139.959822662387,0.0888462000465647,0.0947593096961072,0.1404594089666,0.453421282461647,"CD302 antigen-like","liver"
"LOC115102911",54.1985287005359,0.0888209040597704,0.106907928148493,0.102971873709915,0.400398897359629,"transcription factor AP-1-like","liver"
"LOC115138191",1857.76248620162,0.0887427379539792,0.109412770587389,0.0900644808372583,0.378351234231518,"acidic mammalian chitinase-like, transcript variant X2","liver"
"LOC115102700",236.313238687944,0.0885966435703052,0.104554465918288,0.114403866193829,0.417533437964033,"intelectin-like","liver"
"LOC115117380",410.807201811852,0.0885772829113709,0.0912696669139699,0.1455247907524,0.460814901058917,"cathepsin B-like","liver"
"LOC115141359",70.8081553276491,0.0885295418074645,0.0990803239276806,0.133030338633123,0.443382108572971,"platelet-activating factor acetylhydrolase IB subunit alpha-like","liver"
"dpagt1",74.5302607487274,0.0884368573047759,0.0963492748488033,0.139543567527617,0.451720525765249,"dolichyl-phosphate N-acetylglucosaminephosphotransferase 1","liver"
"LOC115123305",96.4941894974684,0.0883027956014949,0.110021378694186,0.0879634854182348,0.375397231660697,"transcription factor jun-B-like, transcript variant X2","liver"
"LOC115124752",671.062088563362,0.0882071465193835,0.0901726105897495,0.14786807162688,0.46227194485347,"rho-related GTP-binding protein RhoF-like, transcript variant X1","liver"
"LOC115109448",560.47090259246,0.0878431337456571,0.0817956282772938,0.147001615405666,0.461611977739084,"small EDRK-rich factor 2-like","liver"
"LOC115141084",125.752085660819,0.087771777916168,0.0888043250991388,0.150356331684221,0.466948211600172,"ras-related protein Rab-11A-like","liver"
"LOC115113384",1435.75801847511,0.0877503063866869,0.0868563448737438,0.150531449581799,0.467235054611784,"60S ribosomal protein L8-like","liver"
"LOC115137482",169.761156034686,0.0877437379916292,0.0972992045305599,0.14064623938511,0.453650891269378,"signal peptidase complex subunit 3","liver"
"LOC115144182",187.20256059676,0.0877154659238785,0.0748489150387451,0.136417317480121,0.446949475016727,"28 kDa heat- and acid-stable phosphoprotein-like","liver"
"LOC115101924",28390.5719714283,0.0875387407353812,0.0804100507565301,0.146771386098803,0.461611977739084,"apolipoprotein C-I-like","liver"
"LOC115113503",104.638611609727,0.0874920937363561,0.0811073005260791,0.147844928303086,0.46227194485347,"mitochondrial carrier homolog 2-like","liver"
"LOC115120229",60.4830757641864,0.0874598350599915,0.0947060783620242,0.1466890927503,0.461611977739084,"calcium-binding protein 39-like","liver"
"LOC115119824",177.50789578984,0.0874553397835403,0.0797096326532327,0.14621156540367,0.46143683525384,"dynactin subunit 2-like","liver"
"LOC115125726",115.093102329903,0.0874440581950215,0.0731013596880758,0.133694067224401,0.444599905247562,"vacuolar protein sorting-associated protein 29, transcript variant X2","liver"
"LOC115130283",53.6695794442304,0.0873525101046572,0.119976147969076,0.0200120664684902,0.202125451307864,"uncharacterized protein C8orf34 homolog, transcript variant X8","liver"
"LOC115108243",169.181204089234,0.0873330624913126,0.1053729529049,0.115740911251953,0.418893067261877,"40S ribosomal protein S27-like, transcript variant X1","liver"
"LOC115141499",51.4416987970678,0.0873162373550484,0.0914208193594358,0.151129932601272,0.467387572494951,"ubiquitin conjugation factor E4 A-like, transcript variant X2","liver"
"LOC115107122",318.020719417165,0.0873092657237142,0.108481114114593,0.100164869228396,0.395358580830595,"sodium-coupled neutral amino acid transporter 2-like","liver"
"LOC115119847",1875.73109729824,0.0872766347863614,0.111250455801567,0.083592734626194,0.369588551056767,"complement factor H-like","liver"
"LOC115129442",197.273455322519,0.0872620276444009,0.10492461308759,0.118018920859933,0.421746217368234,"cationic amino acid transporter 3-like","liver"
"LOC115125319",53.6525888041059,0.0872395871792885,0.0871571693946231,0.152931704310556,0.468257953029076,"ankyrin repeat and LEM domain-containing protein 2-like","liver"
"rnf14",42.5611188595079,0.0871644818771318,0.0921793245476568,0.151168894488309,0.467387572494951,"ring finger protein 14, transcript variant X1","liver"
"LOC115136739",1966.0134746781,0.0871610113006858,0.0802703128299918,0.148331350272813,0.462951245793424,"alpha-2-antiplasmin-like","liver"
"LOC115143146",615.891983573849,0.0871533953693092,0.106975201123973,0.108738977998673,0.410182247435219,"protein transport protein Sec61 subunit alpha","liver"
"LOC115119315",757.154158288587,0.0871533922064153,0.0998580272501987,0.136792187890348,0.446949475016727,"60S ribosomal protein L31-like","liver"
"edem1",76.0513743134613,0.0871461053085573,0.0916013639168204,0.151768776351998,0.467477638452471,"ER degradation enhancing alpha-mannosidase like protein 1","liver"
"LOC115130130",1233.61360632621,0.0871247092712802,0.0899339473219584,0.152948106277406,0.468257953029076,"60S ribosomal protein L21","liver"
"slc35a5",40.3251838576295,0.087022262673338,0.0947076580693556,0.148671356922948,0.463678203730041,"solute carrier family 35 member A5, transcript variant X1","liver"
"LOC115123845",50.9905622626959,0.086962123905565,0.103050139667704,0.126932208950652,0.433608569252479,"histone deacetylase complex subunit SAP18-like","liver"
"LOC115126561",69.8540266858752,0.0869135258944399,0.100227883257046,0.136746927187848,0.446949475016727,"heat shock factor-binding protein 1-like","liver"
"LOC115133681",129.079183465206,0.0868761155526183,0.092680834107631,0.151991432202602,0.467488641544349,"glucosidase 2 subunit beta-like","liver"
"dcaf11",67.3589276902527,0.0868631830453978,0.0803927867423165,0.149876281919012,0.466226714994349,"DDB1 and CUL4 associated factor 11, transcript variant X3","liver"
"LOC115115363",1165.65984416294,0.0867865074660161,0.11356406519863,0.0690960344366746,0.338936759712828,"ferritin, middle subunit-like","liver"
"tlk1",75.1753358595317,0.08671915389815,0.0862028081574583,0.155197540212759,0.469123488605409,"tousled like kinase 1, transcript variant X3","liver"
"LOC115106446",52.2945193615305,0.0866655329543597,0.0921661811741738,0.153493273751809,0.468257953029076,"next to BRCA1 gene 1 protein-like","liver"
"LOC115141226",118.945181533935,0.0866526813021089,0.106304453566409,0.113995151299578,0.417461520645816,"serine/threonine-protein kinase 40-like","liver"
"LOC115101141",211.829002797788,0.0866320740337723,0.0838717633275634,0.154465576111577,0.468625815543235,"cytochrome c oxidase subunit 6B1-like, transcript variant X1","liver"
"lg27h5orf51",41.6628168715549,0.0866250242110845,0.0873347618807861,0.155826467235855,0.470227810803654,"linkage group 27 C5orf51 homolog","liver"
"saraf",222.575591339847,0.0865488174664635,0.0700052306030772,0.129651724742361,0.438069202809917,"store-operated calcium entry associated regulatory factor","liver"
"LOC115126082",220.542365878619,0.0865187331346003,0.0818591584916194,0.153224286047383,0.468257953029076,"high mobility group protein B2-like","liver"
"znf414",85.2965055574675,0.0864898538417287,0.10014613239456,0.138840897464127,0.450514774185322,"zinc finger protein 414, transcript variant X1","liver"
"pex14",130.388402709787,0.0864555366062941,0.0866557253124713,0.156548100316896,0.470895351299517,"peroxisomal biogenesis factor 14","liver"
"LOC115138660",101.727643698212,0.0864482634661472,0.103836892138054,0.125937164182979,0.432506830278042,"NF-kappa-B inhibitor alpha-like","liver"
"lg9ah11orf74",64.6789016426735,0.0864360931363149,0.0958611056431754,0.149399289979615,0.464999113133906,"linkage group 9a C11orf74 homolog, transcript variant X1","liver"
"LOC115135105",42.9800505290879,0.0864291921078808,0.0950091319021362,0.150913369548312,0.467387572494951,"protocadherin-15-like, transcript variant X3","liver"
"LOC115144937",44.5297957295314,0.0863270649206889,0.0828150577117289,0.155065642534409,0.469123488605409,"AN1-type zinc finger protein 5-like","liver"
"LOC115112486",46.5291128481054,0.086251721928908,0.0935863786640468,0.153822632785254,0.468552523879122,"bromodomain-containing protein 7-like","liver"
"LOC115132943",191.850992747902,0.08623727082227,0.0979491055122293,0.145883525454764,0.461174907456662,"ADP-ribosylation factor GTPase-activating protein 3-like","liver"
"LOC115103254",1194.87656282054,0.0862326306963302,0.093231025829275,0.154358429758266,0.468552523879122,"40S ribosomal protein S15","liver"
"LOC115129791",62.004603887385,0.0862312612319165,0.0940411528961033,0.153303413074585,0.468257953029076,"obg-like ATPase 1","liver"
"LOC115131683",762.726558073902,0.0861581602823215,0.094319431599149,0.153243676688139,0.468257953029076,"60S ribosomal protein L11-like","liver"
"wdr33",105.093073043427,0.0861511582206564,0.0939110494267386,0.153858736809256,0.468552523879122,"WD repeat domain 33, transcript variant X1","liver"
"LOC115113592",39891.2143299596,0.086125243920164,0.0992417678875315,0.143058848581745,0.45556134184576,"haptoglobin-like, transcript variant X1","liver"
"LOC115117867",2428.11969080628,0.0861002312550191,0.0972435067252734,0.148133986204005,0.462846976263316,"40S ribosomal protein S8","liver"
"abhd4",127.080753591141,0.086060755561314,0.0954517759962965,0.151869044201397,0.467488641544349,"abhydrolase domain containing 4","liver"
"rbp4",7173.30062078948,0.0860229628078964,0.10101259221668,0.138176485631689,0.44965097283949,"retinol binding protein 4","liver"
"LOC115125763",1358.7961891904,0.0860038684933768,0.0940987369147775,0.154285606734056,0.468552523879122,"60S ribosomal protein L17-like","liver"
"rwdd4",38.2856146339176,0.0859750885061177,0.0824386780414915,0.15639483760124,0.470895351299517,"RWD domain containing 4, transcript variant X2","liver"
"LOC115102232",387.579163910277,0.085861944626145,0.115990677668055,0.0527707098060324,0.302173861627646,"properdin-like","liver"
"LOC115125575",79.5550672071313,0.0858059838473826,0.0747244568777072,0.144865454256568,0.459242198053108,"SPRY domain-containing protein 7","liver"
"psmb7",586.221139701576,0.0857270934842035,0.0910355557098867,0.158880598876792,0.474777140783732,"proteasome subunit beta 7, transcript variant X1","liver"
"LOC115139333",163.290087440547,0.0857201938445458,0.0895997373833933,0.159733433242042,0.476164183782772,"WD repeat-containing protein 26-like, transcript variant X1","liver"
"LOC115144409",145.443113502585,0.0856841305321506,0.0986530850944971,0.146634014075629,0.461611977739084,"glutamate--cysteine ligase catalytic subunit-like, transcript variant X1","liver"
"LOC115133233",3765.4709271905,0.0856407353449393,0.10035302007454,0.141974483006602,0.45430263919642,"L-lactate dehydrogenase B chain-like, transcript variant X2","liver"
"LOC115104091",41.7322958351602,0.0855909066676996,0.104048443662198,0.128634281507616,0.436197689724924,"ADP-ribosylation factor-like protein 5B","liver"
"LOC115138413",38.6712931324185,0.0855560836184218,0.106172499105956,0.118976901464864,0.421949488486571,"histone deacetylase 1","liver"
"LOC115118586",42.7625720007606,0.0853723804726472,0.10231447267749,0.136483205268824,0.446949475016727,"uncharacterized LOC115118586, transcript variant X2","liver"
"LOC115118689",52.3612105681251,0.0853203753205701,0.0831835869585175,0.1602248054734,0.47712513275465,"cohesin subunit SA-2-like","liver"
"LOC115115615",39.0356088973532,0.0852364523496457,0.0884993050334753,0.162407975953763,0.480055247576905,"histone-lysine N-methyltransferase KMT5B-like","liver"
"LOC115107100",995.329212622924,0.0851160685012095,0.095011062529936,0.157068795323558,0.471206385970675,"40S ribosomal protein S16, transcript variant X2","liver"
"med19",95.9296324333061,0.0850873850522534,0.0829612947031542,0.161171304574438,0.478933255593302,"mediator complex subunit 19","liver"
"LOC115112431",46.8048079275714,0.0850769430768104,0.105114091823363,0.126043545191861,0.432609031096197,"DNA-directed RNA polymerases I, II, and III subunit RPABC5, transcript variant X1","liver"
"LOC115102725",60.4321520946487,0.085032736317178,0.0848139577203626,0.162749270927825,0.480055247576905,"cactin-like","liver"
"LOC115127167",51.6587952044132,0.0849321595720965,0.0848695623084087,0.163272626502015,0.480055247576905,"Golgi phosphoprotein 3-like","liver"
"glyctk",412.189781967231,0.0849185406642666,0.0778021313957384,0.155174953385607,0.469123488605409,"glycerate kinase, transcript variant X3","liver"
"txndc16",61.5493308447909,0.0849171485860724,0.0904153097203326,0.163209246125824,0.480055247576905,"thioredoxin domain containing 16, transcript variant X1","liver"
"LOC115113961",494.677881694326,0.0849123631389237,0.103175402161954,0.135164105801287,0.446371250594239,"protein transport protein Sec61 subunit gamma-like, transcript variant X1","liver"
"LOC115117358",414.628361171417,0.0849111542797063,0.0907142359513348,0.16304854294304,0.480055247576905,"cathepsin B-like","liver"
"LOC115110513",58.1889445142298,0.0849051601619984,0.0849473579390785,0.16344568995143,0.480055247576905,"DNA-directed RNA polymerases I, II, and III subunit RPABC2","liver"
"LOC115109553",50.8905859011961,0.0848349953080681,0.0996823137753464,0.14766316432403,0.46227194485347,"ubiquitin-conjugating enzyme E2 N-like","liver"
"LOC115137271",67.4088937105614,0.0847961893529693,0.0894720054034877,0.16427420413927,0.480815011182125,"protein PAT1 homolog 1-like, transcript variant X2","liver"
"LOC115104156",165.892717621742,0.0847743057513156,0.082378510124149,0.162165921953702,0.480055247576905,"ADP-ribosylation factor 2","liver"
"LOC115103371",163.708786429659,0.0847179401165226,0.101212855082833,0.143328091912941,0.455830831663949,"nuclear receptor-binding protein 2-like, transcript variant X2","liver"
"LOC115113001",74.1981563362118,0.0846759595698378,0.0971878175173623,0.154890451325866,0.469123488605409,"leucine-rich repeat-containing protein 59-like","liver"
"rpl29",2335.95236247375,0.0846723976161896,0.0911411519314303,0.163910089348218,0.480346425356979,"ribosomal protein L29","liver"
"mrpl48",59.420743263309,0.0846507510058351,0.0861217152294311,0.165168494704329,0.48192616245621,"mitochondrial ribosomal protein L48","liver"
"LOC115129377",65.090850952086,0.0846467067697691,0.107784262304893,0.114027333610982,0.417461520645816,"ancient ubiquitous protein 1-like","liver"
"LOC115104928",48.6722784700309,0.0846340258215695,0.0851367719180893,0.164876967049581,0.481829894390235,"COP9 signalosome complex subunit 5","liver"
"rabggta",75.0343131822081,0.0846325505444839,0.0830726917389866,0.163504470614663,0.480055247576905,"Rab geranylgeranyltransferase subunit alpha","liver"
"LOC115142754",772.729884985728,0.0845586684440702,0.106155440742236,0.123129444988105,0.428599781999285,"RNA polymerase II elongation factor ELL2-like, transcript variant X2","liver"
"LOC115122675",172.031275722152,0.084504997210808,0.106623653969747,0.120931073879655,0.425858973607763,"lysosome membrane protein 2-like","liver"
"LOC115118164",392.379827589214,0.0844922973135017,0.0929231199353621,0.163058717081155,0.480055247576905,"eukaryotic initiation factor 4A-I","liver"
"LOC115133073",44.6556734423652,0.0843986275754193,0.0818261943928247,0.163451937493309,0.480055247576905,"rab GDP dissociation inhibitor beta-like","liver"
"LOC115110241",1318.83392395297,0.0843702687737232,0.0858695702675061,0.166482862923728,0.483022735903066,"60S ribosomal protein L19-like","liver"
"LOC115135161",81.0265630985999,0.0843533714318454,0.0847088902271812,0.166049955112088,0.482510574659213,"protein YIPF4-like","liver"
"LOC115108220",220.147605474463,0.0843404063627197,0.100912144238667,0.146067315317067,0.461239408434095,"myeloid-derived growth factor-like","liver"
"LOC115126710",1553.97029299949,0.0843247475247952,0.113674602756956,0.0751981034311108,0.35079118175122,"complement factor H-related protein 1-like","liver"
"LOC115101330",1347.45989142158,0.0843050219954666,0.101856105462616,0.142928990280852,0.455404672192826,"peroxiredoxin-5, mitochondrial-like","liver"
"LOC115123937",790.762208653706,0.0842678467632294,0.110447558020108,0.0989743677649637,0.393250725123846,"mesencephalic astrocyte-derived neurotrophic factor-like","liver"
"LOC115121319",258.580467330657,0.0841891449104978,0.09242104443845,0.165112865638835,0.48192616245621,"cysteine and histidine-rich protein 1-like, transcript variant X1","liver"
"LOC115130150",59.9896641271308,0.0840596072971874,0.0972369146645666,0.157720682813568,0.4721585234175,"ER membrane protein complex subunit 9-like, transcript variant X1","liver"
"LOC115109175",50.929546021698,0.0840417225961396,0.0885346368554024,0.168299674138197,0.485557356900762,"coiled-coil domain-containing protein 124-like, transcript variant X1","liver"
"LOC115101055",60.7065044758226,0.0840389194684839,0.120368961141135,0.0201529620904045,0.202673878336456,"tubulin alpha chain, testis-specific-like","liver"
"LOC115122383",50.4073534019533,0.083979288347854,0.0895222583401338,0.168302470324972,0.485557356900762,"endoplasmic reticulum aminopeptidase 1-like","liver"
"LOC115131360",2096.54251578148,0.0839564817558659,0.115322698190125,0.0627751890660581,0.326099429510178,"fatty acid-binding protein, liver-like","liver"
"spp2",2520.84482121041,0.083907125656561,0.108989959421153,0.109751535968101,0.411185913786264,"secreted phosphoprotein 2","liver"
"smc5",119.328697531419,0.0838810704515579,0.115515890806966,0.0613334702303382,0.323326800909387,"structural maintenance of chromosomes 5","liver"
"LOC115132781",506.421848344024,0.0838808584245145,0.0881306666469686,0.169173789415122,0.486149390522903,"ATP synthase subunit beta, mitochondrial-like","liver"
"LOC115144414",68.6139885311723,0.0838527283388752,0.103391128183633,0.138965608290522,0.450660439062772,"glutathione S-transferase 3-like","liver"
"ap1m1",90.5219267584282,0.083799165162813,0.0748526459472263,0.154765707066678,0.469032303863909,"adaptor related protein complex 1 subunit mu 1","liver"
"LOC115110748",313.283136124567,0.0837742010330906,0.0861415911301159,0.169554584126308,0.486435559947731,"serine/threonine-protein phosphatase alpha-2 isoform-like, transcript variant X1","liver"
"LOC115137929",149.97763219817,0.0837680345709991,0.0854544829713863,0.169347586900902,0.486149390522903,"cytochrome b-c1 complex subunit 1, mitochondrial-like","liver"
"LOC115144742",56.2547528265032,0.0837587638991488,0.0853664665348876,0.16935722042914,0.486149390522903,"small acidic protein-like","liver"
"LOC115108149",38.616953868052,0.0837325968088177,0.0904039718469284,0.16908243844688,0.486149390522903,"small glutamine-rich tetratricopeptide repeat-containing protein alpha-like","liver"
"LOC115140949",132.484409023418,0.0837070002424452,0.0902028687575097,0.169330480241788,0.486149390522903,"nectin-2-like, transcript variant X1","liver"
"LOC115109380",129.284063753302,0.0836148205294537,0.099665972573907,0.153418060159521,0.468257953029076,"cytochrome c","liver"
"LOC115130688",132.918039338148,0.0836097250088307,0.105038832474658,0.132666161527431,0.442690985806073,"nocturnin-like, transcript variant X1","liver"
"LOC115103285",53.3713187891863,0.0835458006868728,0.0899129758606953,0.170299175568841,0.487580702465354,"transcription initiation factor IIB-like","liver"
"taf7",61.5857731613813,0.0835223704169712,0.0992065791319874,0.155211242776285,0.469123488605409,"TATA-box binding protein associated factor 7","liver"
"LOC115139681",370.712223863557,0.083478178597719,0.100657038099851,0.150928080880658,0.467387572494951,"lysosomal-associated transmembrane protein 4A-like, transcript variant X3","liver"
"gpcpd1",85.9829249892196,0.083452880655157,0.0918380031094421,0.169368730279587,0.486149390522903,"glycerophosphocholine phosphodiesterase 1, transcript variant X2","liver"
"vti1b",146.906210630017,0.0833050402570941,0.118556757162494,0.0359874554572908,0.25588189697278,"vesicle transport through interaction with t-SNAREs 1B, transcript variant X3","liver"
"LOC115119163",359.674069479448,0.0831959341207679,0.119390677071347,0.0289450550207989,0.235480951941543,"copper transport protein ATOX1-like","liver"
"LOC115135671",67.5088520327555,0.0831820988037452,0.10477779184918,0.135787566462714,0.446949475016727,"H/ACA ribonucleoprotein complex subunit DKC1-like","liver"
"LOC115127632",73.3583048952313,0.0831647011608681,0.0895221883035845,0.172415357391885,0.4899759564631,"DEP domain-containing protein 7-like","liver"
"LOC115107821",137.173496777515,0.0831306671146212,0.0917374941045164,0.171089813404267,0.488199202838294,"alpha-1,6-mannosyl-glycoprotein 2-beta-N-acetylglucosaminyltransferase-like","liver"
"LOC115146154",68.1918462391488,0.0831163850593565,0.0731148220158259,0.154017653530166,0.468552523879122,"serine/threonine-protein phosphatase 2A 56 kDa regulatory subunit epsilon isoform, transcript variant X1","liver"
"LOC115113954",1599.87965800433,0.0831040314289511,0.093998047661226,0.168511435946718,0.485663893494218,"60S ribosomal protein L8","liver"
"LOC115140191",160.224069066197,0.0830839287597851,0.0876154561002384,0.173255111289579,0.490817038806304,"ubiquitin recognition factor in ER-associated degradation protein 1-like, transcript variant X1","liver"
"LOC115145864",78.5959067074284,0.0828540623374111,0.0965717642078288,0.165097384680109,0.48192616245621,"protein FRG1-like","liver"
"LOC115122343",58.576205230847,0.0828359688439969,0.08084317730597,0.170180562175217,0.487488307479085,"cell division control protein 42 homolog","liver"
"LOC115108757",1392.67791496027,0.0827553124719008,0.099171754985303,0.159015864899404,0.474777140783732,"60S ribosomal protein L5-like","liver"
"LOC115103393",1627.87356249413,0.0827456496046158,0.112869611557818,0.0864864794219748,0.372894295320664,"pancreatic alpha-amylase-like","liver"
"LOC115132739",44.1927030251361,0.0827124670687737,0.113151417194656,0.0843402078105797,0.370571839142827,"DEP domain-containing mTOR-interacting protein-like","liver"
"rnf103",173.45427458726,0.082599110517933,0.0953331835694148,0.168845368234098,0.486149390522903,"ring finger protein 103","liver"
"LOC115112069",56.5805865052585,0.082591065097883,0.107310297072109,0.125133493321663,0.431848229397376,"protein kinase C and casein kinase II substrate protein 3-like","liver"
"LOC115139803",44.870674143374,0.0824981877621375,0.106498879730976,0.13006393629227,0.439099889087811,"annexin A1-like, transcript variant X2","liver"
"LOC115122004",71.5196740524862,0.0824788429194412,0.116589443075131,0.055288949989273,0.307548188807325,"transmembrane protein 53-like, transcript variant X1","liver"
"mrpl51",53.4751091924954,0.0824637112907103,0.0935191953545529,0.172437517798827,0.4899759564631,"mitochondrial ribosomal protein L51","liver"
"LOC115123629",65.7268562412101,0.0824346548115274,0.0802800529941416,0.171503340488573,0.488550888192979,"ATP-dependent RNA helicase DDX3X-like, transcript variant X1","liver"
"LOC115120366",43.9484464214806,0.0824207265433979,0.0900810608158169,0.175959555265966,0.494703180520236,"MOB kinase activator 1B","liver"
"LOC115136068",97.4130583524375,0.0823352739646065,0.0818613959045174,0.173972492164004,0.492108562503991,"histone H3.3","liver"
"LOC115129293",81.4672720974213,0.0822855326238462,0.104064177742997,0.143151246296516,0.455598611381133,"COMM domain-containing protein 5-like","liver"
"sod2",55.8612937992466,0.082206018584043,0.094047696296246,0.172994049283908,0.490559197885381,"superoxide dismutase 2","liver"
"LOC115130936",70.4037964982497,0.0821342997976616,0.0762748266063142,0.166180806779357,0.482642404874614,"UBX domain-containing protein 1-like, transcript variant X1","liver"
"LOC115136676",2086.08790453393,0.0820985511696649,0.100895279008219,0.156719139288849,0.470954688407,"40S ribosomal protein S25-like","liver"
"ccdc90b",77.8948770305331,0.0820655892451774,0.0798051819174219,0.172746093088506,0.490559197885381,"coiled-coil domain containing 90B, transcript variant X1","liver"
"LOC115136996",39.5052489002445,0.0819247568932555,0.1155914233441,0.0657535415774994,0.332061266320717,"large neutral amino acids transporter small subunit 4-like, transcript variant X1","liver"
"mrpl24",92.2510722363217,0.0819137805919465,0.0814554710454568,0.175714249439773,0.494659404980228,"mitochondrial ribosomal protein L24, transcript variant X1","liver"
"LOC115134466",65.8629069825335,0.0818628639129867,0.0779790532778206,0.170845288669571,0.4879071825131,"dihydrolipoyl dehydrogenase, mitochondrial-like","liver"
"echdc2",62.107071187872,0.0818585690852259,0.0818917740327612,0.176498094822163,0.495775245455689,"enoyl-CoA hydratase domain containing 2, transcript variant X2","liver"
"LOC115114262",45.1980664373068,0.0817695796815931,0.0859222248980615,0.179838724663185,0.500328542132158,"AP-2 complex subunit mu-A-like","liver"
"LOC115129808",166.595149510357,0.0817257749367661,0.0964170345809776,0.171120478642753,0.488199202838294,"programmed cell death protein 10-B-like","liver"
"pfdn4",85.6013319163541,0.0817036637674616,0.0939018068955933,0.175803724990412,0.494659404980228,"prefoldin subunit 4","liver"
"ssh2",74.1663391832756,0.0816326146411832,0.109309255645289,0.116729092886357,0.419961751669949,"slingshot protein phosphatase 2, transcript variant X2","liver"
"LOC115129477",38.3352553967568,0.0815756287053739,0.0984664221686694,0.166864685799216,0.483633478450911,"polyribonucleotide 5'-hydroxyl-kinase Clp1","liver"
"LOC115108696",1475.51140690528,0.0815590948207502,0.0915213275746335,0.179399284336014,0.500072644392109,"60S ribosomal protein L36","liver"
"LOC115136381",113.689344743229,0.081519734038527,0.103085910708818,0.151054146059442,0.467387572494951,"mitochondrial fission 1 protein-like","liver"
"LOC115129313",49.1781629602857,0.0814485770068236,0.119968334717173,0.0261145627511063,0.225447738979735,"C-X-C motif chemokine 14-like","liver"
"LOC115110783",117.950277702572,0.0814144508615737,0.0941274891057524,0.176965470988916,0.496347267363845,"coiled-coil domain-containing protein 47-like","liver"
"LOC115104041",102.480386948556,0.0813482603366498,0.0900939553590172,0.181569130174018,0.501838091174527,"26S proteasome non-ATPase regulatory subunit 3-like, transcript variant X1","liver"
"LOC115122135",440.882461201312,0.0813206871806623,0.0887038340096926,0.182301437054454,0.503175124546153,"cathepsin B-like","liver"
"LOC115122412",78.5924119840677,0.0813081949732233,0.0772649973676546,0.172436058645419,0.4899759564631,"acyl-CoA dehydrogenase family member 9, mitochondrial-like","liver"
"LOC115139683",86.8582221311588,0.0812189223980705,0.0706687882624336,0.156922457618917,0.471017647908775,"pumilio homolog 2-like, transcript variant X11","liver"
"LOC115116167",253.855136902324,0.0811688524541114,0.0940087853986117,0.178433612167989,0.499044476129916,"exocyst complex component 7-like","liver"
"LOC115112194",358.337360412104,0.0810083090123923,0.0960503452350935,0.175599398491418,0.494659404980228,"UDP-glucuronosyltransferase 2C1-like, transcript variant X1","liver"
"LOC115141350",5725.26724050577,0.0809903250066631,0.100516158659146,0.163499567958985,0.480055247576905,"CD209 antigen-like protein E","liver"
"hax1",62.3305831253732,0.0808776120866263,0.0857796116846411,0.184546961628017,0.505718320105893,"HCLS1 associated protein X-1, transcript variant X1","liver"
"LOC115121614",337.299924556701,0.080837794199833,0.0807185722605466,0.180508463949999,0.501354165896467,"ATP synthase F(0) complex subunit C2, mitochondrial-like","liver"
"LOC115133296",845.656422254371,0.0808347988069812,0.0934042982971485,0.181075568584626,0.501645073713836,"60S ribosomal protein L34, transcript variant X1","liver"
"LOC115130914",142.814862853489,0.0806734721045951,0.0922167592553336,0.183400546534879,0.505111944261428,"thiosulfate:glutathione sulfurtransferase-like","liver"
"LOC115137017",63.3994356209994,0.0806324135916715,0.100303352793576,0.166027480099082,0.482510574659213,"mitochondrial import inner membrane translocase subunit TIM50-like, transcript variant X2","liver"
"rabl3",66.0729366579784,0.080547459366305,0.0834603553116497,0.184989672987388,0.505718320105893,"RAB, member of RAS oncogene family like 3, transcript variant X2","liver"
"LOC115129234",145.859363333353,0.0805389074445726,0.081352011053389,0.182915887375549,0.504269091856616,"N-terminal kinase-like protein, transcript variant X2","liver"
"LOC115121009",239.292228736467,0.0804951718631083,0.0833141264871219,0.185153320767687,0.505718320105893,"eukaryotic translation initiation factor 2 subunit 3-like","liver"
"amacr",134.775460977685,0.0804933225270516,0.0741357514698527,0.169964919719668,0.487117734384388,"alpha-methylacyl-CoA racemase, transcript variant X2","liver"
"LOC115122937",231.907936802106,0.0804839121586809,0.110339058038019,0.114209413118593,0.417461520645816,"ictacalcin-like","liver"
"LOC115131407",276.650635214674,0.080444772037744,0.100760610761333,0.165401810388672,0.48192616245621,"ATP-binding cassette sub-family F member 1-like, transcript variant X1","liver"
"LOC115123753",384.157415664015,0.080366144493759,0.106055094103193,0.142091177945309,0.45430263919642,"transmembrane protein 258","liver"
"LOC115109479",113.930977463326,0.0803054892806702,0.0994027682448151,0.170611738184074,0.487830769793794,"MOB kinase activator 2-like, transcript variant X1","liver"
"LOC115120410",191.884212731117,0.0802888701186824,0.0963539349683591,0.17872784864268,0.49955318486959,"protein Tob1-like, transcript variant X2","liver"
"dnajc19",51.4218351069901,0.0802190607063734,0.0853591143197424,0.187954918457826,0.508966220230387,"DnaJ heat shock protein family (Hsp40) member C19, transcript variant X3","liver"
"LOC115102390",47.4951137033759,0.0802137651891231,0.0884827591189483,0.188315698558498,0.508966220230387,"microtubule-associated protein RP/EB family member 1-like","liver"
"LOC115144463",208.929001108143,0.080182172446836,0.0896607299412649,0.188064234557343,0.508966220230387,"voltage-dependent anion-selective channel protein 2","liver"
"LOC115110516",122.84882546619,0.0801535660997401,0.0815135667357556,0.185201244131177,0.505718320105893,"trinucleotide repeat-containing gene 6B protein-like","liver"
"LOC115136306",55.8198896572792,0.0801436061201998,0.101807960790922,0.163033191104342,0.480055247576905,"ribosomal protein 63, mitochondrial-like","liver"
"LOC115135560",40.4453445602818,0.0801236239177263,0.100961852170438,0.166315575819305,0.482785470990126,"pyruvate dehydrogenase (acetyl-transferring) kinase isozyme 3, mitochondrial-like, transcript variant X2","liver"
"LOC115130424",337.854820420229,0.080094320059103,0.110792655860272,0.112406909517532,0.415890832985575,"protein phosphatase 1 regulatory subunit 3G-like","liver"
"LOC115130125",42.7684301469456,0.0800738881746074,0.0967395083588117,0.179000069658047,0.499819185603033,"very-long-chain (3R)-3-hydroxyacyl-CoA dehydratase 2-like","liver"
"LOC115140301",247.746852141844,0.0800644057452639,0.0938367025066002,0.184567589879797,0.505718320105893,"ATP synthase subunit alpha, mitochondrial-like","liver"
"LOC115141460",209.450037988619,0.0799749168111841,0.0878248864416349,0.189724686246772,0.510818110896174,"probable signal peptidase complex subunit 2","liver"
"LOC115106552",88.867782688428,0.0797352975032495,0.0777573685056485,0.181793779249458,0.502156398063815,"3-phosphoinositide-dependent protein kinase 1-like","liver"
"LOC115131924",49.723512729658,0.0796514336046882,0.106646918721306,0.142091728999453,0.45430263919642,"glycerol-3-phosphate dehydrogenase [NAD(+)], cytoplasmic-like","liver"
"LOC115122295",70.8663462206216,0.0796486253109384,0.1039326633369,0.15636471121943,0.470895351299517,"Krueppel-like factor 15","liver"
"LOC115111647",80.509102993515,0.0796472977260932,0.101994102705113,0.164813039334432,0.481829894390235,"transcobalamin-2-like","liver"
"LOC115129536",2035.18964158399,0.0796437171830104,0.110181867057071,0.118841017360751,0.421747689395958,"sequestosome-1-like, transcript variant X1","liver"
"LOC115106835",108.153044916008,0.0796422200915893,0.0713537232859311,0.167121670180995,0.483793686361866,"transcription initiation factor TFIID subunit 12-like, transcript variant X1","liver"
"LOC115129372",55.5071282170493,0.0796210490378207,0.0791014902598927,0.184747826603005,0.505718320105893,"nuclear factor NF-kappa-B p105 subunit-like, transcript variant X3","liver"
"LOC115126013",70.9386252007714,0.0795736207124059,0.108547406515783,0.130616506232758,0.439907857031632,"transmembrane protein 14C-like, transcript variant X2","liver"
"slc25a20",76.0753237871195,0.079529186637468,0.0823118660175847,0.189513841722024,0.51049386944778,"solute carrier family 25 member 20","liver"
"LOC115117953",47.649686472838,0.0794687547481688,0.0870705357661226,0.192521020137737,0.513505197126316,"leucyl-cystinyl aminopeptidase-like, transcript variant X1","liver"
"LOC115133528",92.9186772012827,0.0794042530342621,0.0916484958057373,0.190874797835012,0.512013194604582,"mitochondrial fission 1 protein-like","liver"
"LOC115125303",119.192681076749,0.0794013400496165,0.103929706663086,0.157607054826722,0.4721585234175,"tubulin alpha chain","liver"
"cdc26",46.6710984494862,0.079334477684921,0.0933516064342339,0.189240740971528,0.510001538675536,"cell division cycle 26","liver"
"LOC115105290",83.5615681170755,0.0792964972514325,0.0941692952600335,0.188215410217555,0.508966220230387,"protein transport protein Sec24A-like, transcript variant X1","liver"
"LOC115107019",1557.50587840587,0.0791209564070449,0.0980804535315163,0.180704167127048,0.501354165896467,"inter-alpha-trypsin inhibitor heavy chain H2-like","liver"
"LOC115105538",43.8153746941848,0.0790585399006037,0.0844579472527748,0.193903706842025,0.514464440239696,"E3 ubiquitin-protein ligase RNFT1-like, transcript variant X1","liver"
"LOC115118659",95.0299168278367,0.0790313018538277,0.08629149866727,0.194838818203042,0.51597559454708,"ubiquitin-conjugating enzyme E2 D2","liver"
"LOC115111973",63.9874841024485,0.0789910925859772,0.0981400687383304,0.181237785155065,0.501838091174527,"PR domain zinc finger protein 12-like","liver"
"LOC115110190",703.530424763063,0.0789830583228808,0.0809250095663598,0.190940801501232,0.512013194604582,"eukaryotic translation initiation factor 1","liver"
"amt",51.051980430458,0.0789797284312803,0.0915190521119851,0.193348630223831,0.514019226531819,"aminomethyltransferase","liver"
"LOC115141347",119.551068542353,0.0789704899725797,0.0753158980995407,0.180963594898446,0.501645073713836,"COP9 signalosome complex subunit 7a-like","liver"
"LOC115119285",103.75275007385,0.0788004367209187,0.0958754636614354,0.187767852923021,0.508966220230387,"GRIP and coiled-coil domain-containing protein 2-like, transcript variant X1","liver"
"LOC115103922",47.0960627014655,0.0787863827071517,0.0974873513092383,0.184084514924904,0.505718320105893,"interferon regulatory factor 2-binding protein 2-B-like","liver"
"lg15h1orf50",92.6738181049424,0.0787420389183697,0.0931588366894177,0.192778670876639,0.513505197126316,"linkage group 15 C1orf50 homolog","liver"
"LOC115115469",44.5050171138833,0.0786701002074494,0.103044060079428,0.165380036561828,0.48192616245621,"WD repeat domain phosphoinositide-interacting protein 1-like","liver"
"LOC115143533",58.9240741873142,0.0786622612200648,0.0875964495702633,0.197040718047138,0.519128275358908,"SWI/SNF-related matrix-associated actin-dependent regulator of chromatin subfamily D member 1-like","liver"
"slc31a1",3455.10899944978,0.0786333678089292,0.0940291608983865,0.192095338968144,0.513041761501486,"solute carrier family 31 member 1","liver"
"LOC115139381",50.1859594160683,0.0786241520448545,0.113905851208216,0.0916482985989082,0.38037532177934,"uncharacterized LOC115139381, transcript variant X8","liver"
"LOC115141794",131.385783502347,0.0786129744435804,0.117194295982726,0.0587229792444951,0.314862241989002,"claudin-4-like","liver"
"LOC115101228",57.4248886330319,0.078585915045008,0.0746707977144959,0.181589659983981,0.501838091174527,"bromodomain-containing protein 3-like, transcript variant X3","liver"
"LOC115107740",3435.43515505223,0.0785638594658822,0.074387297059754,0.181029997874019,0.501645073713836,"plasminogen-like","liver"
"LOC115136182",55.1690252788225,0.0784958693662788,0.095113209520418,0.190968330288536,0.512013194604582,"CDKN2AIP N-terminal-like protein","liver"
"hsd17b4",146.003908314941,0.0784375729588755,0.0828585039903134,0.196167443375028,0.517552049203462,"hydroxysteroid 17-beta dehydrogenase 4, transcript variant X2","liver"
"LOC115137287",2094.9454247571,0.0783894843554186,0.100971028916566,0.175311148879289,0.49440896432191,"plasma protease C1 inhibitor-like, transcript variant X2","liver"
"LOC115114614",56.4982036112787,0.0783626423894934,0.0979650817243136,0.185125506997851,0.505718320105893,"transcription factor AP-1-like","liver"
"plpp5",43.5990483841349,0.0782737226580564,0.112518424576095,0.105561245123423,0.404934791981364,"phospholipid phosphatase 5, transcript variant X2","liver"
"LOC115141784",108.359819037974,0.0782340029608005,0.0960205924491934,0.190583162656755,0.512013194604582,"T-complex protein 1 subunit zeta-like","liver"
"LOC115113567",141.709528444894,0.0782288359980871,0.0753628548985083,0.185193018329328,0.505718320105893,"cytosolic iron-sulfur assembly component 2B-like","liver"
"LOC115113375",252.693791721102,0.078152377279297,0.104808042381272,0.159528973908314,0.476008355994093,"lysophosphatidylserine lipase ABHD12-like","liver"
"LOC115129470",74.9583005007292,0.0781275629144405,0.0842321166090202,0.199026260318611,0.520727370911008,"GTP-binding nuclear protein Ran-like","liver"
"LOC115103223",632.422642751122,0.0781141047100709,0.0889257119971094,0.199891290315734,0.521963706384579,"stress-associated endoplasmic reticulum protein 1","liver"
"LOC115103860",43.9964715394822,0.0781109193086095,0.0841729523512863,0.199081946752078,0.520727370911008,"actin-related protein 2-A","liver"
"LOC115133600",153.995908744609,0.0781096175943415,0.076058230093003,0.18740666049071,0.508700964005072,"DNA-directed RNA polymerase II subunit RPB1-like","liver"
"LOC115139420",53.6142934714036,0.0778953736500308,0.0762376242284361,0.189002658958783,0.509765257826169,"tetratricopeptide repeat protein 13-like, transcript variant X3","liver"
"LOC115139983",54.339361819425,0.0778333341609382,0.0807722333608736,0.197249945026959,0.519194960196836,"GTPase-activating protein and VPS9 domain-containing protein 1-like, transcript variant X4","liver"
"LOC115129832",310.85762061188,0.0777874087242724,0.0891184550276267,0.20168776272704,0.523072626714224,"receptor expression-enhancing protein 6-like","liver"
"LOC115142749",44.9434787896762,0.077758084643206,0.110350329936206,0.125698621525763,0.431950345182262,"ubiquitin-associated protein 1-like","liver"
"LOC115102953",46.8866274860137,0.0777002561202701,0.096487898081646,0.192514157891218,0.513505197126316,"autophagy-related protein 9A-like, transcript variant X2","liver"
"LOC115101926",105.182785003698,0.0775706072591007,0.0919510015272982,0.200863091832245,0.522742992384455,"para-nitrobenzyl esterase-like, transcript variant X2","liver"
"LOC115107971",55.3674359097158,0.0774966571186736,0.102117685090039,0.17554813744068,0.494659404980228,"MAM domain-containing glycosylphosphatidylinositol anchor protein 2-like","liver"
"LOC115114215",1084.59007860201,0.0774492147933482,0.089460271419854,0.203485587306381,0.525223538911795,"40S ribosomal protein S15-like","liver"
"snx3",141.68163644428,0.0774430679511507,0.0814943198570801,0.200411206308393,0.522401510072569,"sorting nexin 3","liver"
"LOC115102811",171.189971231724,0.0774280746439314,0.0868810495282242,0.204075700415384,0.526121924447461,"lactoylglutathione lyase-like","liver"
"LOC115101635",98.8710477644754,0.0773643890562308,0.0887305653645212,0.204261292665398,0.526121924447461,"mitochondrial import receptor subunit TOM40 homolog, transcript variant X4","liver"
"LOC115110285",121.185227742065,0.0773136157369601,0.0763999810111791,0.19266564764605,0.513505197126316,"V-type proton ATPase 116 kDa subunit a-like, transcript variant X2","liver"
"aifm2",63.1338061945869,0.0773046198352462,0.106523125492731,0.154209914632292,0.468552523879122,"apoptosis inducing factor mitochondria associated 2","liver"
"LOC115144425",1680.66707080069,0.0772662722759157,0.102483194872387,0.175225790296665,0.49440896432191,"nucleolar RNA helicase 2-like","liver"
"dhx9",46.6907896866961,0.0772578161397168,0.100679358816899,0.18249742175032,0.503361232634249,"DExH-box helicase 9, transcript variant X2","liver"
"LOC115104066",331.985282609944,0.077256653772203,0.0710313911377554,0.179232050672599,0.500072644392109,"ATP synthase F(0) complex subunit C3, mitochondrial-like","liver"
"LOC115122693",78.3936212897561,0.0771266549408149,0.0834476819611691,0.204224150331809,0.526121924447461,"SNW domain-containing protein 1","liver"
"LOC115130819",57.5972573525681,0.0770477656239441,0.0974996309464392,0.193680230800453,0.514113109120527,"electron transfer flavoprotein-ubiquinone oxidoreductase, mitochondrial-like, transcript variant X2","liver"
"LOC115101134",580.969045944649,0.076899664500878,0.107314841978892,0.151311460100834,0.467387572494951,"growth hormone receptor-like, transcript variant X1","liver"
"LOC115141662",264.618708145643,0.0768619925931738,0.0849870210754978,0.206794987358152,0.530711135738238,"eukaryotic translation initiation factor 3 subunit K","liver"
"LOC115119775",2625.0215449487,0.076801841666974,0.110118041020876,0.131828804505735,0.441200610693172,"endoplasmic reticulum chaperone BiP","liver"
"LOC115127683",40.2562011194262,0.0767102446225525,0.0916951221146415,0.206105182155116,0.529663112629851,"uncharacterized LOC115127683, transcript variant X1","liver"
"mrpl3",61.0631089064383,0.0766282333856767,0.0877423881876453,0.208755090188772,0.532113426278015,"mitochondrial ribosomal protein L3","liver"
"LOC115141048",175.49599964002,0.0765540643677059,0.103711611274613,0.173395992525594,0.490969796288619,"tubulin alpha-1C chain","liver"
"LOC115111015",737.130815354998,0.0765194813843045,0.0924905872877471,0.20632033548251,0.529763855526779,"cytochrome c oxidase subunit 6A, mitochondrial-like","liver"
"lg9bh14orf119",61.0029885554393,0.0765042032772462,0.0843449731561727,0.208534358750193,0.532113426278015,"linkage group 9b C14orf119 homolog","liver"
"LOC115107625",49.6750778846643,0.0764947562972817,0.0909906544359486,0.208029016250492,0.532113426278015,"5'-3' exoribonuclease 2-like, transcript variant X1","liver"
"LOC115143437",51.0705877345083,0.0763569935083557,0.117503838330377,0.0611486704866419,0.322983271865177,"cytokine-inducible SH2-containing protein-like, transcript variant X1","liver"
"cert1",55.3656764696112,0.0763416266456133,0.105106382098267,0.167312725978035,0.483938345733599,"ceramide transporter 1, transcript variant X3","liver"
"LOC115113589",47.1957067463484,0.0763031360749186,0.0917469863079302,0.208436814963639,0.532113426278015,"dihydroorotate dehydrogenase (quinone), mitochondrial-like","liver"
"timm9",66.2613879207302,0.0762100399874737,0.0855170383833384,0.210885133042914,0.534406400879844,"translocase of inner mitochondrial membrane 9","liver"
"paip2b",162.558926775031,0.0761099688446157,0.090003665912696,0.211026202294095,0.534503533093858,"poly(A) binding protein interacting protein 2B, transcript variant X2","liver"
"LOC115103230",71.1911425140714,0.0761071077265639,0.100178126706665,0.190716308261446,0.512013194604582,"coatomer subunit beta'-like, transcript variant X2","liver"
"LOC115142616",591.204674384731,0.0760782263883576,0.107884958319742,0.151651485761104,0.467477638452471,"N-acetylmuramoyl-L-alanine amidase-like, transcript variant X2","liver"
"suox",198.566019680473,0.0760363504504116,0.0973117590899957,0.19995290198379,0.521963706384579,"sulfite oxidase","liver"
"LOC115112893",351.850666663988,0.0760092071846878,0.108742700495785,0.145972805654667,0.461198914788051,"cystathionine beta-synthase-like","liver"
"LOC115142973",225.919147857766,0.0759898986217226,0.0833265882343284,0.210833451816067,0.534406400879844,"serine/arginine-rich splicing factor 3-like","liver"
"snrnp27",116.607358597516,0.0758864362924032,0.0842896140300326,0.212173892603129,0.536015581232057,"small nuclear ribonucleoprotein U4/U6.U5 subunit 27","liver"
"LOC115120624",84.5553741451178,0.0758571039091453,0.0724409733376752,0.191345794170772,0.512737709486557,"RNA exonuclease 4-like","liver"
"LOC115108137",4165.00275640946,0.0757798650115256,0.0876810511783906,0.213799146735492,0.537410714354654,"antithrombin-III-like, transcript variant X1","liver"
"zfand1",38.3366234812039,0.0757384509563508,0.0974618167512596,0.201282902133157,0.522742992384455,"zinc finger AN1-type containing 1, transcript variant X1","liver"
"LOC115137969",65.2378628734932,0.0757234402193409,0.0857754379855197,0.213888127804615,0.537410714354654,"NEDD8","liver"
"LOC115130705",165.232960321636,0.0756484423361024,0.0857065675369399,0.214315131324819,0.537973217846168,"GTP-binding nuclear protein Ran, transcript variant X1","liver"
"rnf181",47.0718222666905,0.0756336190600402,0.0938898937812655,0.209537113020261,0.532424185469124,"ring finger protein 181, transcript variant X1","liver"
"LOC115109240",110.958660825124,0.0755939955057447,0.0969895307330512,0.203354720443034,0.525223538911795,"DNA-directed RNA polymerases I, II, and III subunit RPABC1","liver"
"LOC115114346",70.6228892409173,0.0755180758549537,0.118833508261249,0.0476105158697414,0.287306296695168,"UDP-glucuronosyltransferase-like, transcript variant X2","liver"
"herpud1",49.0747192218807,0.0753484409319072,0.0843914022195928,0.215478159019078,0.539268477757853,"homocysteine inducible ER protein with ubiquitin like domain 1, transcript variant X2","liver"
"LOC115139282",327.655435433626,0.0753193928651935,0.100630265917046,0.193543385527909,0.514113109120527,"solute carrier family 22 member 16-like","liver"
"LOC115105090",282.602634174124,0.0752036194533873,0.0941071725729428,0.211735667764786,0.535600170340495,"Krueppel-like factor 6","liver"
"tardbp",107.31957633321,0.0751687472856111,0.0729635744804949,0.196854115351298,0.518878774637455,"TAR DNA binding protein, transcript variant X2","liver"
"LOC115109286",111.119972222703,0.0751540310273946,0.109585356258307,0.143837940728766,0.456754225733753,"zinc finger protein 708-like, transcript variant X1","liver"
"lztr1",70.1878008953392,0.0751316092118222,0.0835884114018385,0.216220914894748,0.53945350662649,"leucine zipper like transcription regulator 1","liver"
"LOC115101930",696.744381272404,0.0750743495555779,0.0966497765640707,0.207259161999405,0.531419268232805,"ragulator complex protein LAMTOR5-like","liver"
"LOC115129439",271.280723391881,0.0750667195653903,0.0829633969941458,0.216078482667519,0.53945350662649,"cofilin-2-like","liver"
"adamts13",263.653715679155,0.0750592722123987,0.072184986693662,0.195322517627721,0.516287890695747,"ADAM metallopeptidase with thrombospondin type 1 motif 13","liver"
"LOC115128625",187.638755670216,0.0750208453870683,0.111251357574206,0.1306633858027,0.439907857031632,"hydroxyacid oxidase 2-like, transcript variant X6","liver"
"LOC115129573",122.337253667434,0.0749819122781997,0.101119431745698,0.193591007003624,0.514113109120527,"glutathione S-transferase P-like","liver"
"LOC115108068",61.3781747814097,0.0749805080063605,0.0910696858173993,0.216991853188256,0.539546388221831,"GRAM domain-containing protein 2B-like, transcript variant X1","liver"
"LOC115133558",76.758008630793,0.0749710661754352,0.0823122290476772,0.216017691052221,0.53945350662649,"alkaline ceramidase 2-like","liver"
"LOC115135860",849.180405424162,0.0748805623105602,0.0786506785642935,0.211414658840038,0.535027863653454,"solute carrier family 13 member 5-like, transcript variant X2","liver"
"LOC115134947",50.8628472211666,0.0748752472582157,0.0919956423113468,0.216691282165828,0.539546388221831,"sideroflexin-1-like, transcript variant X1","liver"
"LOC115120937",555.191166230875,0.0748379310883864,0.0984364320531215,0.203779090907898,0.52559924498218,"40S ribosomal protein S19","liver"
"LOC115105724",69.6846388477904,0.0747777191187732,0.0962147983337999,0.2100603967505,0.533273830959228,"MICOS complex subunit MIC27-like, transcript variant X2","liver"
"LOC115108258",150.523571883954,0.0747248068138194,0.0829722709252267,0.218175009701615,0.539546388221831,"ras-related protein Rab-11B-like","liver"
"LOC115140749",5335.85775901998,0.0746938443247057,0.0895676362522735,0.219803031913742,0.53977107297084,"complement C1r subcomponent-like","liver"
"LOC115105375",9797.18486256252,0.0746564117566601,0.104502078585104,0.17973453901982,0.500328542132158,"heat shock cognate 70 kDa protein","liver"
"LOC115137198",101.638653717532,0.0746563217307119,0.0898543077560769,0.219870945686611,0.53977107297084,"eukaryotic translation initiation factor 4H-like, transcript variant X1","liver"
"LOC115117629",180.200992942569,0.0746168477928212,0.0863631346730227,0.220770510094105,0.540533521245151,"probable C-mannosyltransferase DPY19L1","liver"
"LOC115117957",150.20472274128,0.0745031787050195,0.0923567044885135,0.218525475215336,0.539546388221831,"2-hydroxyacyl-CoA lyase 1-like","liver"
"LOC115113540",140.715641116778,0.0744831760722553,0.0810031075556378,0.217456155914971,0.539546388221831,"cytochrome b-c1 complex subunit Rieske, mitochondrial-like","liver"
"LOC115144176",43.6499270502615,0.0744604144729754,0.0880212883788159,0.221769467792487,0.541586952567353,"aconitate hydratase, mitochondrial-like","liver"
"LOC115120174",691.613313250895,0.0744351347059257,0.101485167345827,0.195269611965408,0.516287890695747,"60S ribosomal protein L37","liver"
"LOC115128614",67.2774194693632,0.0743332429354587,0.100891722490249,0.198250124562443,0.520214482810841,"WD repeat-containing protein 3-like","liver"
"LOC115138886",70.8011585131562,0.0743112231697935,0.101016338657173,0.197888315699874,0.520214482810841,"transmembrane protein 256-like","liver"
"LOC115121671",92.475158153515,0.0742801903975506,0.0977630117325473,0.209061970948396,0.532323545319732,"interferon-induced 35 kDa protein homolog, transcript variant X1","liver"
"LOC115119515",141.382926805524,0.0742019668612115,0.0774814860607079,0.213386050339223,0.537410714354654,"transmembrane 9 superfamily member 4","liver"
"LOC115113545",41.2107583364697,0.074197884212844,0.0932964021547364,0.219110772509874,0.539546388221831,"protein C19orf12 homolog, transcript variant X4","liver"
"LOC115102631",78.0374255717273,0.0741740240322306,0.0813791634837752,0.219844166003254,0.53977107297084,"tensin-2-like, transcript variant X1","liver"
"LOC115106918",125.242819766575,0.0741670781961313,0.10079461282893,0.199602956051889,0.521739949013411,"ras-related and estrogen-regulated growth inhibitor","liver"
"LOC115129593",79.054003547975,0.0740701563201658,0.0783259903904354,0.215802174567024,0.53945350662649,"ubiquitin-conjugating enzyme E2 A","liver"
"LOC115128063",662.299766062866,0.0740192887620174,0.10148902415677,0.197678627543369,0.520080862586142,"pyruvate kinase PKM-like","liver"
"LOC115103209",59.9668806326273,0.073985556346886,0.0919064113134015,0.222231585696953,0.541586952567353,"actin-related protein 2/3 complex subunit 5-like","liver"
"LOC115137305",338.565679507465,0.0738954419453329,0.101605549801721,0.197917512750437,0.520214482810841,"N-acyl-aromatic-L-amino acid amidohydrolase (carboxylate-forming) B-like","liver"
"LOC115109408",424.977499983591,0.0737965205166922,0.0580140622159739,0.146790951195932,0.461611977739084,"chromodomain-helicase-DNA-binding protein 2-like, transcript variant X2","liver"
"LOC115141710",46.0595277671283,0.0737782240708378,0.102900195717809,0.192814562151575,0.513505197126316,"uncharacterized LOC115141710","liver"
"LOC115144310",38.6877692253897,0.0737681756518193,0.0828376587227151,0.223969406355094,0.542717282523975,"PHD finger protein 10, transcript variant X3","liver"
"LOC115112359",167.333179634346,0.0737441863111622,0.0847302566376055,0.225551967127764,0.545615426908036,"transcription factor 25-like, transcript variant X1","liver"
"LOC115143991",57.5971577443556,0.0736793268350817,0.0809674911787154,0.222394027645135,0.541586952567353,"vesicle transport through interaction with t-SNAREs homolog 1A-like, transcript variant X2","liver"
"LOC115109095",4652.99968967017,0.0736579247117494,0.101794523635965,0.198510541375393,0.520571535813038,"antithrombin-III-like","liver"
"LOC115135915",56.6488846534499,0.0736122239006533,0.104945248097181,0.183167355909363,0.504715906034291,"uncharacterized LOC115135915, transcript variant X4","liver"
"LOC115142807",419.48267649127,0.0735887389376936,0.101818470165784,0.198815345750492,0.520645381311352,"60S ribosomal protein L10a","liver"
"LOC115141356",7178.25224182292,0.0735725091628769,0.100038970577158,0.20597264645375,0.529569863128434,"C-type lectin domain family 4 member E-like","liver"
"LOC115138755",65.632624898369,0.0735172715216228,0.105874600685054,0.178249215914086,0.499044476129916,"aspartate--tRNA ligase, cytoplasmic-like","liver"
"arl6ip4",71.5119700647839,0.0734585976959324,0.0916244300898853,0.22580942581832,0.546004290436933,"ADP ribosylation factor like GTPase 6 interacting protein 4","liver"
"hint1",169.946792222237,0.0734320352482144,0.0976394255975836,0.214540120929337,0.538113515223029,"histidine triad nucleotide binding protein 1","liver"
"LOC115141348",75.9724545797608,0.0733813591601172,0.0946663916220907,0.221821607978375,0.541586952567353,"citrate synthase, mitochondrial-like, transcript variant X2","liver"
"rbp2",4599.3080009075,0.0733576867603756,0.091896113078922,0.226142427088453,0.546131779406339,"retinol binding protein 2","liver"
"LOC115109270",472.88167149605,0.0732672657146424,0.0882065729692802,0.229163607813909,0.548804437970148,"ATP synthase F(0) complex subunit C3, mitochondrial-like, transcript variant X1","liver"
"LOC115130744",209.377829938091,0.073265589388484,0.108373110273977,0.162788547114331,0.480055247576905,"protein NipSnap homolog 3A-like, transcript variant X2","liver"
"cacybp",70.1535060928331,0.073235666502596,0.0864959482669595,0.229397533405871,0.548804437970148,"calcyclin binding protein","liver"
"LOC115111720",2386.07487541868,0.0732264814734155,0.0974370451895194,0.216361640402937,0.539546388221831,"60S ribosomal protein L6-like","liver"
"LOC115107007",88.1820911438502,0.0732023589389177,0.117324328793538,0.0723989381901991,0.346704329959172,"suppressor of cytokine signaling 2-like, transcript variant X1","liver"
"LOC115104250",153.795034457569,0.0731868536509497,0.0877398482768363,0.229746889635887,0.549174825945902,"eukaryotic translation initiation factor 3 subunit G","liver"
"LOC115130449",278.663608930459,0.0731446717069647,0.0744274360818357,0.213056294625118,0.537410714354654,"zinc finger CCCH domain-containing protein 15-like","liver"
"LOC115110813",59.7286634469468,0.073110188952505,0.102386915146404,0.199123342861648,0.520727370911008,"nucleolar transcription factor 1-like, transcript variant X4","liver"
"LOC115102873",153.767315081527,0.0730443403202667,0.0992714347594808,0.211857962657563,0.535669528510793,"NADH dehydrogenase [ubiquinone] 1 alpha subcomplex subunit 13-like","liver"
"LOC115106816",550.484228582179,0.072974106075002,0.102204552618501,0.200759325139126,0.522742992384455,"vitronectin-like","liver"
"LOC115111962",45.5632390702329,0.0729541075064813,0.0851717696477354,0.230757933691689,0.550659042106202,"bromodomain-containing protein 3-like, transcript variant X2","liver"
"LOC115143065",144.964756467777,0.0729358562373099,0.0762003924903064,0.218582004558375,0.539546388221831,"carboxy-terminal domain RNA polymerase II polypeptide A small phosphatase 2-like","liver"
"LOC115113397",48.6396572472432,0.0729187794703111,0.0972076524602311,0.218881987157552,0.539546388221831,"CDK2-associated and cullin domain-containing protein 1-like","liver"
"LOC115128279",120.149573456315,0.0728953253183343,0.111834929061279,0.135409508440926,0.446371250594239,"sialidase-1-like","liver"
"LOC115111222",56.6416468602555,0.0728931747332752,0.0811344407902553,0.227567397290491,0.54767498938709,"small ubiquitin-related modifier 3-like, transcript variant X1","liver"
"LOC115132528",183.917605024767,0.0728580872292716,0.112712485162016,0.126949161348627,0.433608569252479,"keratin, type I cytoskeletal 18","liver"
"LOC115102162",120.503581896368,0.0728356914653975,0.0780843650629821,0.22308063989136,0.541885278714501,"charged multivesicular body protein 4b-like","liver"
"LOC115114176",64.2713283030512,0.0728219874159075,0.110398283196777,0.148858271892345,0.463826602154625,"volume-regulated anion channel subunit LRRC8D-like","liver"
"LOC115123973",312.469523909586,0.0727223689260546,0.0942144888477222,0.226765648023064,0.546818429352144,"26S proteasome regulatory subunit 10B-like","liver"
"LOC115109596",71.6575299899874,0.0727223156257047,0.0904640916933247,0.231504500007052,0.551185855513596,"NADH dehydrogenase [ubiquinone] 1 alpha subcomplex subunit 9, mitochondrial-like","liver"
"rps7",753.710282813617,0.0726457623261318,0.0943947897747497,0.226922118849068,0.546821290235527,"ribosomal protein S7","liver"
"LOC115108401",201.68875756257,0.072643321152997,0.0939132452775396,0.227786636259642,0.547735667939498,"inhibitor of growth protein 5-like, transcript variant X2","liver"
"LOC115133282",131.694481382638,0.0726341679614224,0.108848363926448,0.162577211769149,0.480055247576905,"insulin receptor substrate 2-B-like","liver"
"LOC115114132",358.544180576282,0.072611016447548,0.0744825943285996,0.216548158643383,0.539546388221831,"profilin-2-like, transcript variant X1","liver"
"LOC115143528",55.049818070417,0.0724998364868021,0.0967195257439863,0.222765143965653,0.541885278714501,"ATP-dependent RNA helicase DDX19A-like","liver"
"LOC115104314",106.327089392114,0.0724537240723012,0.105921949993161,0.184000043982545,0.505718320105893,"hepatic leukemia factor-like","liver"
"LOC115140869",31466.1479209623,0.0724515731586481,0.0822794055472216,0.231740975312924,0.551185855513596,"apolipoprotein C-I-like","liver"
"gcat",81.2324986042886,0.0724279110648818,0.108394025296863,0.167177024812611,0.483793686361866,"glycine C-acetyltransferase","liver"
"LOC115119899",77.2363018663648,0.0723980089892182,0.0902672466129234,0.233717637466547,0.552583660442264,"solute carrier family 35 member F6-like","liver"
"LOC115111413",443.066510793548,0.0723922847892937,0.106377969558955,0.1814633214192,0.501838091174527,"glycine dehydrogenase (decarboxylating), mitochondrial-like","liver"
"LOC115140133",89.0572890014977,0.0723921435212549,0.101073899181994,0.209120372568042,0.532323545319732,"acyl-CoA dehydrogenase family member 11-like, transcript variant X3","liver"
"LOC115110828",49.5553913675573,0.0723831850560996,0.0971421878421292,0.222390851557141,0.541586952567353,"transmembrane emp24 domain-containing protein 1-like","liver"
"LOC115128431",72.1315667540793,0.0723242137256466,0.0942961480164868,0.229133204457708,0.548804437970148,"CDC42 small effector protein 1-like","liver"
"LOC115129232",353.639506780517,0.0722757282945878,0.0893324354328096,0.235069761766041,0.553443073863524,"neutral alpha-glucosidase AB-like, transcript variant X3","liver"
"LOC115101462",49.922150643197,0.0722333943105759,0.0844912422345714,0.235004366580651,0.553443073863524,"H(+)/Cl(-) exchange transporter 5, transcript variant X3","liver"
"LOC115110369",48.5688931316626,0.0722062234518222,0.0944128999074401,0.22966837954204,0.549174825945902,"ras-related protein Rab-5B-like, transcript variant X1","liver"
"LOC115142570",105.768859039987,0.0722007659767878,0.101184692981429,0.209834977576422,0.532941198109078,"group XIIB secretory phospholipase A2-like protein","liver"
"LOC115105252",43.9500331510905,0.0721772601777189,0.0946896742384493,0.229329756080849,0.548804437970148,"poly(U)-specific endoribonuclease-B-like","liver"
"LOC115110447",528.629665841514,0.0721341377243884,0.0820089595580666,0.233486571307798,0.552327125823459,"glutaryl-CoA dehydrogenase, mitochondrial-like","liver"
"LOC115106479",1009.84265962266,0.0721207405113723,0.0639998279841114,0.183930828078656,0.505718320105893,"calcium-binding and coiled-coil domain-containing protein 2-like","liver"
"LOC115111469",93.7646971796098,0.072099131738251,0.0872723410364739,0.236717931247036,0.555534575006486,"protein SET-like","liver"
"LOC115140865",55.5777231296534,0.072063352561886,0.0967468017325561,0.225438691651823,0.545575162051519,"amyloid-like protein 2","liver"
"LOC115109431",49.6742252760368,0.0720575073541636,0.106004805122602,0.185771937515341,0.506699690440393,"isocitrate dehydrogenase [NADP], mitochondrial-like","liver"
"cir1",164.894136292065,0.0720476338861043,0.0941865934650046,0.231088712138273,0.551084079663979,"corepressor interacting with RBPJ, 1","liver"
"LOC115103832",10262.8586966935,0.0720419781406378,0.098492564127732,0.220593711459399,0.540533521245151,"beta-2-glycoprotein 1-like","liver"
"LOC115102218",49.1618607841187,0.0720128091067697,0.0882000918472507,0.237168353583749,0.556084935354588,"antizyme inhibitor 1-like, transcript variant X2","liver"
"LOC115101086",60.2345162259562,0.0719409311986471,0.0981980228875969,0.222140082186173,0.541586952567353,"protein phosphatase 1 regulatory subunit 26-like, transcript variant X1","liver"
"LOC115130259",92.7681678609324,0.0718111275331417,0.0946397233536808,0.231759691992433,0.551185855513596,"zinc finger CCHC domain-containing protein 2-like, transcript variant X1","liver"
"LOC115142061",91.1303671266933,0.0718101305535768,0.0996713024970384,0.218082487758604,0.539546388221831,"apoptosis-associated speck-like protein containing a CARD","liver"
"LOC115118210",1018.37054128121,0.0717971060448257,0.0954665083952703,0.230157908473949,0.549691857548187,"40S ribosomal protein S23","liver"
"cops3",123.429122017675,0.0717335964855026,0.0931788529776225,0.234757217666783,0.553418876637302,"COP9 signalosome subunit 3","liver"
"lrrc47",60.5501534780796,0.0717247621339492,0.105476443754998,0.190984730399796,0.512013194604582,"leucine rich repeat containing 47","liver"
"LOC115129381",115.877638944506,0.071704635459624,0.0801655872826264,0.233854252956328,0.552675224860371,"tetraspanin-7-like","liver"
"LOC115143532",66.6910012255828,0.0716296473587199,0.117011395378763,0.0816457565827535,0.366421645556231,"glycerol-3-phosphate dehydrogenase [NAD(+)], cytoplasmic-like","liver"
"LOC115113321",36172.75141835,0.0716207485338635,0.0862992281914044,0.23972093312644,0.55905179199995,"serum amyloid P-component-like","liver"
"LOC115146299",115.202808925559,0.0715575495427078,0.0945745603383027,0.233511308774459,0.552327125823459,"transmembrane protein 50A","liver"
"LOC115129186",358.966331011248,0.0715257100697916,0.0820671751017112,0.237501865865884,0.556404786173769,"transmembrane emp24 domain-containing protein 9","liver"
"LOC115133588",214.684890410715,0.0715187534573424,0.100515922809234,0.216742854963928,0.539546388221831,"ceramide-1-phosphate transfer protein-like, transcript variant X2","liver"
"LOC115109398",91.9834765285556,0.0715014034972419,0.101552157822899,0.212591192305433,0.536802268227404,"choline kinase alpha-like, transcript variant X2","liver"
"LOC115130318",51.0190223870381,0.0714922714969074,0.0991166617388004,0.222009591577051,0.541586952567353,"coenzyme Q-binding protein COQ10 homolog B, mitochondrial-like","liver"
"LOC115132041",907.656943939627,0.0714806311393651,0.100481550323205,0.21711529832414,0.539546388221831,"nuclease-sensitive element-binding protein 1-like, transcript variant X1","liver"
"cdk5rap3",46.4665201406611,0.0714795761177557,0.109460050026013,0.16394395353576,0.480346425356979,"CDK5 regulatory subunit associated protein 3","liver"
"LOC115102419",151.843749522136,0.0713172956723441,0.0981759508793097,0.226152337983,0.546131779406339,"CD63 antigen-like","liver"
"LOC115118184",132.734652360638,0.0713113255688561,0.0823564000947027,0.239219134774592,0.558342800718209,"interleukin-6 receptor subunit beta-like","liver"
"LOC115105363",69.0616910643044,0.0713048644249717,0.0839156547044264,0.240657066860084,0.560540346325097,"calcium uptake protein 2, mitochondrial-like","liver"
"LOC115111497",91.2340752810977,0.071287399216763,0.0779938877618414,0.232875244855987,0.552118036516239,"RING finger protein 10-like","liver"
"LOC115144311",72.8834311395548,0.0712422091146819,0.100375863751904,0.219021284822088,0.539546388221831,"rho-related GTP-binding protein RhoU-like","liver"
"LOC115119255",150.654238242258,0.0712261119267961,0.116835017277695,0.0854194366624391,0.371958609526001,"ferritin, middle subunit-like","liver"
"LOC115130665",401.631972056451,0.0712221515855227,0.0925033015124469,0.239024467649176,0.558263754304206,"cofilin-2-like","liver"
"tmem59",227.343213804228,0.0710895833243675,0.0780643912480935,0.234305436294274,0.553047028978875,"transmembrane protein 59","liver"
"LOC115103365",1785.59718004582,0.0708645179677419,0.0918773342637866,0.242141829510997,0.561279686595605,"ATP-binding cassette sub-family F member 2-like, transcript variant X2","liver"
"acp1",91.693690118323,0.0708355136426582,0.0931996730097209,0.240557950489407,0.560540346325097,"acid phosphatase 1, transcript variant X1","liver"
"LOC115138241",38.2064396000958,0.0708294459667739,0.0990492465014085,0.22645119150446,0.546619678167671,"coiled-coil domain-containing protein 32-like","liver"
"LOC115109711",111.310528685277,0.070826300615322,0.0869267533728017,0.245025957742352,0.562822033121775,"transcription initiation factor TFIID subunit 3-like","liver"
"LOC115134679",47.7795932085613,0.0707755397846574,0.111315696541462,0.1511281004882,0.467387572494951,"small nuclear ribonucleoprotein F-like","liver"
"LOC115130480",110.235240681381,0.070773590688536,0.0757922121103573,0.231580712681855,0.551185855513596,"protein FAM199X, transcript variant X1","liver"
"LOC115115068",69.9820961936385,0.070728042096922,0.0911003236782999,0.2438626105606,0.561511432118534,"transcription and mRNA export factor ENY2-2, transcript variant X2","liver"
"LOC115122609",302.327170892081,0.0706685163667483,0.0911730111361424,0.244185156097668,0.561576126813619,"myosin-9-like, transcript variant X3","liver"
"LOC115145012",224.219533420041,0.070621367367206,0.101512970198378,0.218271932217243,0.539546388221831,"calreticulin-like","liver"
"LOC115102089",60.2336076525644,0.0705613883672006,0.102905949964954,0.212184701391011,0.536015581232057,"androgen-dependent TFPI-regulating protein-like","liver"
"LOC115136070",129.225311459263,0.0705147789871252,0.0730041936421552,0.226100792612784,0.546131779406339,"mitochondrial import inner membrane translocase subunit Tim17-A","liver"
"LOC115136875",43.5557366479374,0.0704919660740925,0.117170790928904,0.0834906726733983,0.36942659711129,"uncharacterized LOC115136875","liver"
"LOC115101113",89.7489118949329,0.0704498987910252,0.0956744028934344,0.238409181557057,0.558067263296495,"hepatic leukemia factor-like, transcript variant X2","liver"
"LOC115125854",488.309313694026,0.0704488817811911,0.104399601324291,0.2049893485156,0.527515889571137,"ras-related protein Rab-9B-like","liver"
"LOC115146282",314.392240572954,0.0704177550643407,0.0714728905672003,0.222206942017521,0.541586952567353,"KH domain-containing, RNA-binding, signal transduction-associated protein 1-like, transcript variant X5","liver"
"sarnp",40.6553288986501,0.0703981732711245,0.0833400646940006,0.246203352717883,0.564607688645479,"SAP domain containing ribonucleoprotein, transcript variant X1","liver"
"agxt",1867.9756505831,0.0703965001035437,0.111952036562325,0.146825148310377,0.461611977739084,"alanine--glyoxylate and serine--pyruvate aminotransferase","liver"
"LOC115111380",576.362148409335,0.070372851556854,0.109416808673789,0.170472287096626,0.487828957398657,"Krueppel-like factor 9","liver"
"LOC115144188",83.8408176462414,0.07033868153601,0.10508932032617,0.201660161376082,0.523072626714224,"transcription factor MafF-like, transcript variant X1","liver"
"LOC115101325",92.0602686945074,0.070293648329492,0.0750482431284929,0.232970908175991,0.552118036516239,"U4/U6.U5 tri-snRNP-associated protein 1-like","liver"
"LOC115141522",216.184267030422,0.0702850742655325,0.0692665580130243,0.215838316539342,0.53945350662649,"cleft lip and palate transmembrane protein 1 homolog","liver"
"LOC115106462",218.953189472456,0.0702645107367397,0.0998366418443453,0.227290770704387,0.547242512322802,"26S proteasome non-ATPase regulatory subunit 11B-like","liver"
"LOC115131509",453.459493605014,0.070249335153068,0.106480956313759,0.193371738780302,0.514019226531819,"translocon-associated protein subunit beta","liver"
"LOC115134382",113.10664764603,0.0702262601387411,0.0931393141896445,0.244665946017151,0.562223822227445,"group XV phospholipase A2-like, transcript variant X1","liver"
"LOC115136854",944.441544154039,0.0700261886059225,0.0953138095336978,0.24199823543861,0.561279686595605,"40S ribosomal protein S3-like","liver"
"LOC115108241",46.9441776188365,0.0700043369122988,0.0963835026871031,0.239647859599502,0.55905179199995,"tropomyosin alpha-4 chain, transcript variant X2","liver"
"ost4",326.358013233858,0.0699940113704063,0.0966502819247381,0.239036661844339,0.558263754304206,"oligosaccharyltransferase complex subunit 4, non-catalytic","liver"
"LOC115133216",229.38802346786,0.0699795265411005,0.0831373796038683,0.248832980916293,0.569020255266663,"ADP-ribosylation factor 4","liver"
"LOC115103252",197.181891238061,0.0699517350598612,0.0894781477158544,0.250248480615514,0.570371204086373,"calponin-2-like","liver"
"LOC115143249",61.3085210553093,0.0699424897185626,0.0853724166300126,0.250551927190996,0.570409750371114,"protein/nucleic acid deglycase DJ-1-like","liver"
"LOC115117682",136.777817296781,0.0699224619273003,0.0946491853084022,0.244057572514857,0.561511432118534,"nuclear protein localization protein 4 homolog, transcript variant X1","liver"
"LOC115135777",38.9726439669693,0.0698734760507522,0.0950260251934165,0.243621319151238,0.561511432118534,"diablo homolog, mitochondrial-like","liver"
"LOC115126636",284.753713688771,0.0698611165562934,0.0989561435764003,0.233031753634112,0.552118036516239,"calponin-3-like, transcript variant X2","liver"
"LOC115104132",86.6357856373507,0.0698545128529785,0.0896482048413069,0.250804269642381,0.570754093672261,"ras-related protein Rab-11A-like","liver"
"LOC115110316",84.5830363407169,0.0697758587912632,0.0833988589405823,0.250433973597258,0.570371204086373,"transmembrane protein 184B-like, transcript variant X1","liver"
"LOC115113562",96.7916455380578,0.0697598454463445,0.0991567433382894,0.233006410828726,0.552118036516239,"two pore calcium channel protein 2-like","liver"
"acot13",71.5093534820937,0.0697341874177348,0.0953231220722899,0.243915827158749,0.561511432118534,"acyl-CoA thioesterase 13, transcript variant X2","liver"
"tepsin",46.9007019498128,0.0697289253349048,0.0835961679715166,0.25091321985697,0.57077197393733,"TEPSIN adaptor related protein complex 4 accessory protein, transcript variant X2","liver"
"LOC115105176",78.6669321378898,0.0696667989312784,0.0843581836283458,0.251880903678004,0.571708608865431,"vacuolar protein sorting-associated protein 41 homolog","liver"
"LOC115112196",64.8614355220064,0.0696258991922241,0.11721284198502,0.0860399677753706,0.372348538987202,"3 beta-hydroxysteroid dehydrogenase/Delta 5-->4-isomerase-like","liver"
"LOC115136131",38.5258782903293,0.0696073916381196,0.0991333734295983,0.234086738946325,0.552993191669853,"vasodilator-stimulated phosphoprotein-like, transcript variant X3","liver"
"LOC115144428",47.9088366800379,0.0696000761849056,0.105908366207655,0.201110196439972,0.522742992384455,"serglycin-like","liver"
"psma5",584.372945576866,0.0695867577397764,0.0906540119840999,0.251880738173233,0.571708608865431,"proteasome subunit alpha 5","liver"
"LOC115103268",139.426872640922,0.0695312114332332,0.0854089176165592,0.253347615403876,0.573766801672798,"CMP-N-acetylneuraminate-beta-1,4-galactoside alpha-2,3-sialyltransferase-like, transcript variant X2","liver"
"LOC115118779",172.382657034697,0.0694884247248379,0.105725901045929,0.202974340276923,0.525034415797146,"carnitine O-acetyltransferase-like","liver"
"LOC115145819",1738.0107655272,0.0694001527094062,0.102264646780285,0.222668065889554,0.541885278714501,"40S ribosomal protein S6","liver"
"LOC115105876",1014.87566294209,0.0693818257311102,0.096618645063435,0.243177918441526,0.561511432118534,"60S ribosomal protein L17","liver"
"LOC115127083",64.9285114096292,0.0693545274605019,0.109269905022666,0.177572517373843,0.497555549921945,"aminoacyl tRNA synthase complex-interacting multifunctional protein 1-like","liver"
"LOC115102044",141.961759153878,0.0693233792559491,0.0730802160964542,0.234247468718514,0.553047028978875,"14-3-3 protein beta/alpha-2","liver"
"LOC115115736",87.7288658681846,0.069301339957487,0.0936130877428952,0.250097183102047,0.570371204086373,"heme oxygenase 2-like","liver"
"ece1",236.522764231762,0.0693000622844615,0.100241677418243,0.232028366239731,0.551308343643213,"endothelin converting enzyme 1, transcript variant X2","liver"
"LOC115131400",70.1260269555268,0.0692994558193228,0.096505745109152,0.244019071976169,0.561511432118534,"NADH dehydrogenase [ubiquinone] iron-sulfur protein 6, mitochondrial-like","liver"
"rbks",259.455414849616,0.0692463858054779,0.0733679224852597,0.235574423559465,0.554188831423641,"ribokinase, transcript variant X1","liver"
"LOC115141057",135.415140135947,0.0691540900267831,0.0798483071465997,0.250365812502814,0.570371204086373,"induced myeloid leukemia cell differentiation protein Mcl-1 homolog","liver"
"LOC115107932",109.901525450102,0.069088517557873,0.0870541300827855,0.256722928916574,0.578394914869505,"protein yippee-like 5, transcript variant X2","liver"
"bsdc1",114.632256273596,0.0690873855003368,0.0841184969604434,0.255667675719122,0.577630931216552,"BSD domain containing 1","liver"
"LOC115105930",49.2507007174811,0.0690652063182946,0.109666360375296,0.175838013778838,0.494659404980228,"vesicle-associated membrane protein 8-like","liver"
"LOC115144825",57.3969165788124,0.0690241674824136,0.116337325021571,0.100744694695627,0.395827798365698,"solute carrier family 41 member 2-like","liver"
"LOC115104162",638.835262564489,0.0690011444498258,0.0978920329577932,0.242138029294925,0.561279686595605,"40S ribosomal protein S11, transcript variant X2","liver"
"LOC115107612",66.3914893826095,0.0689816049940808,0.0810634598286292,0.253305872567737,0.573766801672798,"14-3-3 protein zeta-like, transcript variant X1","liver"
"LOC115115621",53.4901759800576,0.0689681828902652,0.101684667039719,0.22815299664362,0.54794786447927,"annexin A6-like, transcript variant X1","liver"
"LOC115102263",285.516596761398,0.0689502709633765,0.100928984135806,0.231551729863133,0.551185855513596,"dolichyl-diphosphooligosaccharide--protein glycosyltransferase 48 kDa subunit","liver"
"LOC115145269",44.2996748616205,0.0689460738365507,0.0905280435679884,0.256336494099317,0.578331085176276,"serine/threonine-protein kinase TAO2-like, transcript variant X2","liver"
"LOC115109482",84.7134491053738,0.0688995711536676,0.0847375619144008,0.257339604551757,0.578860321633155,"dnaJ homolog subfamily A member 2-like","liver"
"LOC115141843",43.5860617567881,0.0688843460620414,0.0799868801165035,0.252428476780019,0.57237396783132,"protein Smaug homolog 2-like, transcript variant X1","liver"
"LOC115116538",44.0011361072388,0.0685375391878409,0.0832129572367337,0.258741408466981,0.58062559308608,"Golgi SNAP receptor complex member 1, transcript variant X1","liver"
"LOC115121786",892.883836396232,0.0683969750340861,0.0879244450539259,0.261415302784978,0.582918957157972,"60S ribosomal protein L23a","liver"
"LOC115102427",101.112026807506,0.0683809279514299,0.0900816495923011,0.260563834642923,0.582169928925186,"citrate synthase, mitochondrial-like","liver"
"cdk2ap1",48.4664112254045,0.0683601848769364,0.091869750801449,0.259005044502858,0.580755552527059,"cyclin dependent kinase 2 associated protein 1, transcript variant X2","liver"
"LOC115112450",81.2808609463421,0.0683198140326921,0.0762028750370205,0.249083541592474,0.569186243749624,"transmembrane protein 9B-like","liver"
"haao",83.9214918107747,0.0682427213524563,0.111842320487058,0.159596850495363,0.476008355994093,"3-hydroxyanthranilate 3,4-dioxygenase","liver"
"tpra1",112.879595673935,0.0681738230066167,0.0816539725058762,0.259636255981356,0.581478104431073,"transmembrane protein adipocyte associated 1","liver"
"LOC115107213",49.0982241138774,0.0681080409621048,0.0868644176449766,0.263481045122353,0.585080887415739,"breast cancer type 2 susceptibility protein-like","liver"
"LOC115103882",182.365773126659,0.0680981120443853,0.0917799997094205,0.260922005064419,0.582548923749453,"T-complex protein 1 subunit delta","liver"
"pmvk",38.4451684449187,0.0680872768699793,0.0874034731315479,0.263628370100184,0.585080887415739,"phosphomevalonate kinase","liver"
"LOC115132210",837.856532368402,0.0680490362832542,0.0797639125446663,0.257859435831634,0.579337196460568,"properdin-like","liver"
"LOC115140857",1156.19884177022,0.0678709766522405,0.107126169631537,0.203540400839357,0.525223538911795,"apolipoprotein A-IV-like","liver"
"LOC115141129",100.308074049544,0.0678399156875643,0.0727475628773458,0.243438784597,0.561511432118534,"septin-7, transcript variant X1","liver"
"tmem243",49.1880607259072,0.0678391934922587,0.0961367989402282,0.254860134323571,0.576498524996346,"transmembrane protein 243","liver"
"LOC115109632",39.0058216345387,0.0677998075003314,0.102005622384292,0.234417704714074,0.553080802681011,"UDP-glucose:glycoprotein glucosyltransferase 1-like, transcript variant X1","liver"
"LOC115139006",78.4517079430132,0.0677714207858863,0.10903424902849,0.189055620876591,0.509765257826169,"delta-1-pyrroline-5-carboxylate dehydrogenase, mitochondrial-like, transcript variant X2","liver"
"LOC115135101",357.072360285151,0.0677031807119832,0.0830602329100884,0.264421509420342,0.585690012627404,"multiple inositol polyphosphate phosphatase 1-like, transcript variant X2","liver"
"LOC115103781",541.326277246719,0.0676562154914716,0.109282928407168,0.187614093396044,0.508966220230387,"group XIIB secretory phospholipase A2-like protein, transcript variant X2","liver"
"LOC115110404",48.4709244106047,0.0676275345427946,0.0847844959861882,0.266208618443161,0.586799882416861,"protein LSM12 homolog A","liver"
"LOC115110030",94.0664732977238,0.0676142105237639,0.09313866117941,0.262435010193465,0.583982488456375,"protein spinster homolog 1-like, transcript variant X1","liver"
"LOC115122039",65.027145758303,0.0675980501721046,0.0828323525265534,0.264947121338243,0.58639413840679,"telomerase RNA component interacting RNase-like","liver"
"LOC115127157",46.6069009211932,0.0675529890291953,0.107459674025236,0.203076975680186,0.525034415797146,"activated RNA polymerase II transcriptional coactivator p15-like","liver"
"LOC115112256",99.8600323144842,0.0674843722193645,0.0896897463986191,0.267074602264881,0.587340805424159,"AP-1 complex subunit gamma-1-like, transcript variant X1","liver"
"LOC115132498",91.8124242672036,0.0673874471878785,0.0890579050600454,0.268100950404158,0.588270705110579,"proliferation-associated protein 2G4-like","liver"
"LOC115136936",107.765649699203,0.067351173138159,0.104649805783691,0.223338123196713,0.541885278714501,"eukaryotic translation initiation factor 3 subunit K-like, transcript variant X1","liver"
"LOC115118403",193.585625480442,0.0673444124311293,0.0710872218343861,0.241800412407924,0.561279686595605,"proteasome subunit alpha type-2","liver"
"LOC115111360",39.6567243190001,0.0673399564899296,0.0915520578375882,0.266473559794627,0.586799882416861,"ubiquitin-conjugating enzyme E2 R2-like, transcript variant X2","liver"
"LOC115130129",50.4695861877183,0.0673283112244533,0.0912665688843246,0.2668631748136,0.587182184332653,"ubiquitin carboxyl-terminal hydrolase 12","liver"
"LOC115102288",78.1200649038758,0.0673045771533315,0.0821713586115362,0.266336521660292,0.586799882416861,"E3 ubiquitin-protein ligase Itchy-like, transcript variant X1","liver"
"LOC115119303",41.9130981950661,0.0672895735293982,0.116500440958835,0.105803816250084,0.405270248675695,"macrophage colony-stimulating factor 1 receptor 1-like","liver"
"LOC115135220",55.6442842715101,0.0672586800020191,0.0819579769135568,0.266421692316452,0.586799882416861,"male-enhanced antigen 1-like, transcript variant X1","liver"
"virma",70.1167463721452,0.0672407957024946,0.0802926993745861,0.26435406161163,0.585690012627404,"vir like m6A methyltransferase associated","liver"
"LOC115132091",143.281878399149,0.0672227671570709,0.116087894278095,0.112125255133479,0.415665916272897,"small integral membrane protein 11A-like","liver"
"aurkaip1",60.6948575572032,0.0672221389864129,0.0955846344901346,0.260460864786872,0.582169928925186,"aurora kinase A interacting protein 1","liver"
"LOC115110071",125.970876158397,0.0672124748902012,0.0878587799557606,0.269717935266716,0.590472067668041,"26S proteasome non-ATPase regulatory subunit 11","liver"
"LOC115131983",57.5762432554277,0.0672114150761688,0.101537624047141,0.240547465935013,0.560540346325097,"helicase ARIP4-like, transcript variant X2","liver"
"LOC115115997",252.862949030707,0.0672049126276754,0.106332362683598,0.213464361550952,0.537410714354654,"kelch-like ECH-associated protein 1, transcript variant X3","liver"
"depdc5",40.5015485702215,0.0671945090581935,0.113095280526235,0.151468112860645,0.467477638452471,"DEP domain containing 5, transcript variant X3","liver"
"slc9a8",41.8784471948195,0.0671760504247269,0.1030665121277,0.233358531490233,0.552327125823459,"solute carrier family 9 member A8","liver"
"LOC115141032",38.8312483079734,0.0670130920100199,0.0885447500922689,0.270955276898004,0.591837742086663,"calpain-7-like","liver"
"LOC115104331",44.7996132006368,0.066854534657124,0.0874832721027489,0.272307618591677,0.593151548830482,"ataxin-7-like protein 3, transcript variant X3","liver"
"LOC115104052",127.822763281709,0.0667950633142637,0.090994791036894,0.270906728993618,0.591837742086663,"endoplasmic reticulum membrane sensor NFE2L1-like","liver"
"slc27a2",83.1892469073769,0.0667929710908033,0.117733363832195,0.088902659384282,0.375698126541646,"solute carrier family 27 member 2","liver"
"LOC115105520",72.370640434349,0.066781700040806,0.11544028158454,0.123421170171052,0.429350540225359,"GTPase Era, mitochondrial, transcript variant X1","liver"
"LOC115145847",65.7386970510395,0.0667475169626277,0.0874121663146424,0.2730762495057,0.59413815210373,"AH receptor-interacting protein-like, transcript variant X2","liver"
"acad11",152.252726176351,0.066610712172716,0.0879608073172932,0.273980548774593,0.594850186718186,"acyl-CoA dehydrogenase family member 11","liver"
"LOC115139194",96.0692193310788,0.0664314866487837,0.0969798346949945,0.262464181208894,0.583982488456375,"peptidyl-prolyl cis-trans isomerase FKBP3-like, transcript variant X1","liver"
"LOC115141973",65.2611543697944,0.0664223959382651,0.0866251938016705,0.275385110058203,0.596403656075419,"integral membrane protein 2C-like, transcript variant X1","liver"
"LOC115113789",185.691298345476,0.0663968451529744,0.0957057952587262,0.265987214547677,0.586799882416861,"signal peptidase complex catalytic subunit SEC11A-like","liver"
"LOC115105068",61.0796051077092,0.0663940500495856,0.101651835984444,0.245636660459949,0.563766091445884,"putative ferric-chelate reductase 1, transcript variant X4","liver"
"LOC115109068",741.021745923657,0.0663476889236959,0.0991969129451177,0.255995496766365,0.577943726822595,"MAP kinase-interacting serine/threonine-protein kinase 1-like","liver"
"LOC115145942",127.351933517957,0.0663011419558237,0.0975057853514827,0.261870380794506,0.58370318593201,"trifunctional enzyme subunit alpha, mitochondrial-like","liver"
"LOC115107629",76.8031568113372,0.0662769638459071,0.0955714905566576,0.2671532347382,0.587340805424159,"N-alpha-acetyltransferase 20","liver"
"LOC115119450",62.2487924673591,0.0662530379008585,0.0771173078559424,0.265679594112489,0.586799882416861,"leukocyte receptor cluster member 9-like, transcript variant X2","liver"
"LOC115132769",173.438306990045,0.0661418005430782,0.117943569279073,0.0880242316889755,0.375397231660697,"extracellular matrix protein 1-like","liver"
"LOC115114563",59.2111923152307,0.0660753710391701,0.0835595840240451,0.276460729807264,0.597694018283837,"ATP-binding cassette sub-family B member 8, mitochondrial-like, transcript variant X2","liver"
"LOC115141541",50.6138748710246,0.0660639004909087,0.0894263766473585,0.277348271776192,0.598360085001292,"protein YIF1B-like, transcript variant X1","liver"
"LOC115124959",652.681799247561,0.0660607919680731,0.0931845939827009,0.273354357021342,0.594367295840662,"eukaryotic translation initiation factor 5A-1-like, transcript variant X1","liver"
"LOC115112408",91.8850064188923,0.066047590464093,0.10302800452821,0.241258379061015,0.561246315689531,"CD81 antigen-like","liver"
"LOC115128685",71.3988038265009,0.0659463292003879,0.0850858552721541,0.278369546601753,0.599247950802299,"protein lifeguard 1-like, transcript variant X1","liver"
"LOC115131594",77.0901750012578,0.0659121004435615,0.102961683135576,0.242543196414232,0.561279686595605,"proteasome subunit beta type-7-like","liver"
"LOC115117696",53.9906680949411,0.0658977499545352,0.0921631960139172,0.276004464318024,0.597295713617471,"splicing factor U2AF 35 kDa subunit-like","liver"
"LOC115143486",2722.24794712035,0.0658854382976838,0.11121650853664,0.179963928080161,0.500328542132158,"60S acidic ribosomal protein P2-like","liver"
"LOC115109887",81.2147102399517,0.0657714928656281,0.078951560464916,0.272722313223061,0.593596831325136,"RING-box protein 1","liver"
"LOC115106333",64.6923425276081,0.0657108851386636,0.0843632224724107,0.27968413655568,0.600188762825301,"ER membrane protein complex subunit 2, transcript variant X1","liver"
"LOC115140048",88.229244003449,0.0656980378709364,0.0864725881856074,0.280603536456628,0.600538715750376,"drebrin-like protein B, transcript variant X1","liver"
"fam133b",502.620259698261,0.0656835276710127,0.0726865151771348,0.258550497175236,0.58042787556715,"family with sequence similarity 133 member B","liver"
"LOC115129449",46.3167990427579,0.0656107579250026,0.0832516694704706,0.279579541591686,0.600188762825301,"alpha-1,3-mannosyl-glycoprotein 4-beta-N-acetylglucosaminyltransferase B-like, transcript variant X5","liver"
"LOC115138471",39.1867037118585,0.0654967561875171,0.11349251143953,0.156142818820132,0.470679313966077,"thrombospondin-1-like","liver"
"LOC115106983",38.3186238556979,0.0654649540715771,0.0983590293594525,0.265143453284101,0.586598721489824,"electron transfer flavoprotein regulatory factor 1, transcript variant X2","liver"
"LOC115104003",49.09455048626,0.0654548476429616,0.10037013254602,0.257793373203615,0.579337196460568,"peroxisomal membrane protein PMP34-like, transcript variant X1","liver"
"LOC115141336",115.357973311161,0.0654457836450367,0.0889564827064618,0.282074337244052,0.602114067327001,"ubiquitin carboxyl-terminal hydrolase 5-like, transcript variant X2","liver"
"LOC115123727",94.5747592285473,0.065432425643953,0.0913341758468114,0.280362281951272,0.600538715750376,"probable protein BRICK1-A","liver"
"LOC115144005",43.2304564471927,0.0653891909745509,0.082456709782055,0.280439278827014,0.600538715750376,"mitogen-activated protein kinase 8-like, transcript variant X4","liver"
"LOC115109138",620.971015241119,0.0653488064781366,0.0938674345957934,0.277336378509752,0.598360085001292,"ubiquitin-60S ribosomal protein L40","liver"
"LOC115102565",473.127294308716,0.0652439544819355,0.0903971047321544,0.282629146757935,0.602529786046109,"40S ribosomal protein S26-like","liver"
"LOC115142938",45.0204560828605,0.0652348603054739,0.0904372955308068,0.282662234340369,0.602529786046109,"protein phosphatase 1 regulatory subunit 15B-like","liver"
"LOC115128471",39.8947963843168,0.0651305294475275,0.086940442917899,0.284798997225085,0.60495678643071,"F-box-like/WD repeat-containing protein TBL1X","liver"
"LOC115114223",418.082447683502,0.0651085760307062,0.0919934868095421,0.281955558282941,0.602088155092847,"gamma-interferon-inducible lysosomal thiol reductase-like","liver"
"LOC115110055",971.694614274358,0.0650342850933373,0.11240295852871,0.172042765632706,0.489593475182589,"ferritin, middle subunit-like","liver"
"LOC115105757",81.7369930544269,0.064991889555193,0.0848104591375215,0.28521370219583,0.60541942662524,"non-POU domain-containing octamer-binding protein-like, transcript variant X1","liver"
"ccdc25",85.7411041842586,0.0649601032905959,0.0917904528587793,0.283294440199287,0.60334983378543,"coiled-coil domain containing 25, transcript variant X1","liver"
"LOC115104711",71.0967900872415,0.0648706522047043,0.0912369913958667,0.284577817552286,0.604824916496459,"vacuolar ATPase assembly integral membrane protein vma21-like","liver"
"LOC115132932",43.6101998867439,0.0647942877889506,0.0850078387914345,0.286773686964469,0.606070779580012,"grancalcin-like","liver"
"fancc",55.3942490574927,0.0647774980127695,0.095130403716779,0.278973653944123,0.600188762825301,"FA complementation group C, transcript variant X6","liver"
"LOC115134119",204.036610499136,0.0647588004641174,0.0871869053317134,0.287542322863108,0.606969518287081,"GTPase KRas, transcript variant X2","liver"
"mppe1",61.525859358477,0.0647053898100811,0.0903674144078072,0.286612444493565,0.606070779580012,"metallophosphoesterase 1, transcript variant X1","liver"
"fbxo34",58.4292816452318,0.0646591160077954,0.0983560327490789,0.270970698422604,0.591837742086663,"F-box protein 34, transcript variant X1","liver"
"LOC115125947",68.66947877036,0.06462669394612,0.0891318885264414,0.288012672041181,0.607169488740835,"regulator of G-protein signaling 5-like, transcript variant X2","liver"
"LOC115123159",294.921715162025,0.0645740877462696,0.112301428460316,0.176028815031023,0.494703180520236,"ferritin, middle subunit-like","liver"
"snf8",40.939541343786,0.0645736688565302,0.0870745879893575,0.288915562065181,0.607303523239021,"SNF8 subunit of ESCRT-II","liver"
"LOC115145049",232.601152761464,0.064553877765328,0.113458525542828,0.162034722991854,0.480055247576905,"polymeric immunoglobulin receptor-like, transcript variant X3","liver"
"LOC115130488",121.226544616016,0.064470865539399,0.104029415860345,0.246746965158784,0.565395034613027,"stress-70 protein, mitochondrial","liver"
"lsm6",44.504549549103,0.0643658683415697,0.100842935821715,0.263616478265263,0.585080887415739,"LSM6 homolog, U6 small nuclear RNA and mRNA degradation associated","liver"
"LOC115126751",75.634576022782,0.064347319359038,0.104832631485461,0.242759638130567,0.561499761116419,"profilin-1-like","liver"
"LOC115111594",1087.76580990324,0.0643284586799106,0.090703739812419,0.289112921589985,0.607380153285093,"60S ribosomal protein L31","liver"
"exosc10",55.6530346115736,0.0642931360262079,0.0931024762982056,0.286382327973051,0.606070779580012,"exosome component 10","liver"
"LOC115110453",286.31018662452,0.0642504393959157,0.102627570101023,0.256010850298142,0.577943726822595,"transmembrane protein 56-B-like, transcript variant X4","liver"
"LOC115115566",4164.31005525425,0.064221945003088,0.121674923407451,0.0283430310216697,0.234294517521169,"metallothionein B","liver"
"pfdn5",93.9796628763497,0.0641581081294849,0.0862972122394447,0.291939573251979,0.610930626605143,"prefoldin subunit 5","liver"
"pfdn1",51.002071321881,0.0639768194131198,0.103742041576087,0.251932521937158,0.571708608865431,"prefoldin subunit 1","liver"
"LOC115141406",83.4238118079515,0.0639688507877973,0.084865743921149,0.292857970169007,0.611718867767004,"putative RNA-binding protein Luc7-like 2","liver"
"LOC115125838",123.040141712013,0.0639397514722881,0.0945331483466705,0.286423071834055,0.606070779580012,"polypyrimidine tract-binding protein 1-like, transcript variant X1","liver"
"LOC115101778",1635.65707622561,0.0639195733615784,0.101798536651119,0.26251285081514,0.583982488456375,"protein transport protein Sec61 subunit gamma-like","liver"
"rgp1",41.1480383191672,0.0638529256593384,0.0916603873601466,0.291658122845078,0.610567950160664,"RGP1 homolog, RAB6A GEF complex partner 1, transcript variant X6","liver"
"habp2",545.671773244569,0.0638041428665969,0.105636862475919,0.241363855479652,0.56126043164667,"hyaluronan binding protein 2","liver"
"LOC115141500",138.294389899343,0.0637954925558034,0.0871863866168908,0.294730469711538,0.612625476630534,"NLR family member X1-like, transcript variant X3","liver"
"LOC115144916",44.3580260785527,0.0637561575628444,0.083125968257334,0.29323101177975,0.611819029012739,"guanine nucleotide-binding protein subunit alpha-11, transcript variant X4","liver"
"LOC115121021",196.148426418184,0.0637400491081548,0.0913975550924207,0.292805355335423,0.611718867767004,"cytochrome c oxidase subunit 5B, mitochondrial-like","liver"
"LOC115135742",173.161468037541,0.0637396850771451,0.077030682822325,0.284019781930527,0.60398331027486,"protein YIPF6","liver"
"LOC115105255",157.749436118434,0.0636857873152097,0.0974317991835701,0.281051422754071,0.601066792753593,"heat shock 70 kDa protein 4-like","liver"
"LOC115125594",1098.08427356619,0.0635935378819606,0.0905920672916247,0.294712448233719,0.612625476630534,"40S ribosomal protein S5","liver"
"LOC115117269",468.848306190734,0.063563784447809,0.0878651084746342,0.2964023233636,0.613355616585784,"retinoic acid receptor RXR-beta-like","liver"
"LOC115129291",90.7116833384546,0.0634694269681559,0.0891064714983531,0.296683349078246,0.613355616585784,"protein FAM199X-like, transcript variant X3","liver"
"LOC115116481",38.4137473884253,0.0634338653523975,0.0956422022103299,0.287753085108228,0.606969518287081,"prothymosin alpha-B-like, transcript variant X1","liver"
"LOC115112131",118.89014653098,0.0633371176710832,0.0690075788713344,0.263745305363231,0.58511041024786,"T-cell immunomodulatory protein-like","liver"
"LOC115138123",50.953816661901,0.0632389038394834,0.110687753078884,0.202416341784867,0.52423975491622,"histone H2A.Z","liver"
"hal",3043.41734694575,0.0630736262335326,0.0667032684284406,0.256842815502499,0.578434198774275,"histidine ammonia-lyase","liver"
"LOC115104330",66.116089175392,0.0630178592439456,0.0874206279371046,0.300607705359005,0.61762412825944,"nucleolar transcription factor 1-like, transcript variant X6","liver"
"LOC115105636",39.1642215916773,0.0630143917449184,0.113457510020972,0.171330001990629,0.488303478666881,"mitogen-activated protein kinase 14A-like, transcript variant X1","liver"
"LOC115135620",46.347250009667,0.0629258069073111,0.11027963716941,0.20872333860214,0.532113426278015,"adenylosuccinate synthetase isozyme 2-like","liver"
"LOC115145582",57.5440639839466,0.0628326132814854,0.106277397739601,0.243834709110405,0.561511432118534,"ATP-binding cassette sub-family E member 1-like","liver"
"LOC115133068",388.800765682528,0.0627744078718541,0.111822715531585,0.193025062942145,0.513581293765951,"protein ADM2-like","liver"
"LOC115117582",93.0437707605463,0.0627607937684495,0.0837200011841692,0.301296855048345,0.618364974046875,"NADH dehydrogenase [ubiquinone] 1 alpha subcomplex subunit 3-like","liver"
"LOC115119947",510.209593656016,0.0625513776547416,0.0934483329343708,0.298925183837607,0.615511155341768,"methionine synthase reductase-like, transcript variant X5","liver"
"LOC115122037",43.5872589990446,0.0625113375042425,0.10451273494723,0.258007121632598,0.579438428296598,"ubinuclein-2-like, transcript variant X4","liver"
"LOC115111637",69.1375746109194,0.062471747688894,0.0852030185005965,0.304407800255286,0.621008638711332,"MOB kinase activator 1A","liver"
"LOC115102852",44.9399583015986,0.0624399078479117,0.0988849970884215,0.285624940594067,0.605799554693501,"FAST kinase domain-containing protein 4-like, transcript variant X2","liver"
"LOC115129756",43.0079064219657,0.0624072437355347,0.0851791377209274,0.304894783299294,0.621008638711332,"grancalcin-like","liver"
"LOC115107552",206.372321948231,0.0623912546462408,0.103025181220367,0.267530798018813,0.587506373245515,"protein disulfide-isomerase A6-like","liver"
"LOC115113644",108.777314117835,0.0623795326721914,0.0715301112342706,0.279679061886746,0.600188762825301,"AP-1 complex subunit gamma-1, transcript variant X3","liver"
"ddx24",205.040905465892,0.062254377567521,0.0831645520536689,0.304741243119437,0.621008638711332,"DEAD-box helicase 24","liver"
"LOC115124347",87.3967495712937,0.062139345574248,0.0884870613916982,0.307119841052055,0.622252297372389,"caprin-1-like","liver"
"LOC115108158",972.743376099593,0.0621033820155951,0.0936910994666051,0.301937598265155,0.61922981467674,"growth arrest and DNA damage-inducible protein GADD45 beta-like","liver"
"LOC115103751",90.293268846249,0.0620545175188565,0.0995162394714625,0.28621338183101,0.606070779580012,"fucolectin-1-like","liver"
"LOC115105347",72.1209272937253,0.0620523800212812,0.0985073888244897,0.28989748674733,0.60823530664267,"40S ribosomal protein S3-like","liver"
"nfatc2ip",207.187856221248,0.061985654624221,0.11278188555182,0.186588797878801,0.507279993880427,"nuclear factor of activated T cells 2 interacting protein, transcript variant X2","liver"
"wdr83os",126.336062371794,0.0618771008742227,0.10374249006551,0.267351376184925,0.587340805424159,"WD repeat domain 83 opposite strand","liver"
"kansl3",45.635712290845,0.0617920268909588,0.0806185886900456,0.305388965682211,0.621355871148436,"KAT8 regulatory NSL complex subunit 3, transcript variant X4","liver"
"LOC115123566",143.833569123039,0.0617354109466175,0.115201268638853,0.154161031781937,0.468552523879122,"ferritin, middle subunit-like","liver"
"LOC115101021",267.963628278492,0.0617285803426066,0.0840730574843552,0.309541723928986,0.62406342000058,"cytochrome c oxidase subunit 5B, mitochondrial-like","liver"
"LOC115106825",85.7652485908404,0.0616541577970246,0.0930082225095139,0.306565629848614,0.621972081386486,"CD166 antigen homolog","liver"
"LOC115143384",58.4532779230158,0.0616405587239893,0.0727832262833355,0.289274748881264,0.607380153285093,"CXXC-type zinc finger protein 1-like, transcript variant X1","liver"
"LOC115132307",58.0155156657924,0.0616295026714693,0.0802278131722734,0.306086801976797,0.621972081386486,"eukaryotic translation initiation factor 4E type 3-like","liver"
"LOC115115533",61.1822043216739,0.0616258474342673,0.0861378413233871,0.311273031376066,0.625589761833629,"myomegalin-like, transcript variant X4","liver"
"LOC115139701",131.502322699922,0.0615674009022835,0.104650732432599,0.264166896049105,0.585585510441007,"transmembrane emp24 domain-containing protein 7-like, transcript variant X3","liver"
"cryl1",69.1002207426961,0.0615293226447094,0.108443070431823,0.235938052666708,0.554351329736259,"crystallin lambda 1","liver"
"LOC115108385",410.555972650859,0.0615267197152741,0.118392382896899,0.0992150484581106,0.393652961064295,"MAP kinase-interacting serine/threonine-protein kinase 2-like, transcript variant X1","liver"
"LOC115143174",80.8883605309104,0.0615121644305752,0.0853377650646893,0.311918418347892,0.625589761833629,"signal transducer and activator of transcription 1-alpha/beta-like, transcript variant X1","liver"
"LOC115128583",106.317699107614,0.0614288687678442,0.0842279722446565,0.311990654169636,0.625589761833629,"28S ribosomal protein S18b, mitochondrial-like","liver"
"tfb2m",83.649132847139,0.0614115429475062,0.0842333018574919,0.312130067142284,0.625589761833629,"transcription factor B2, mitochondrial, transcript variant X1","liver"
"cited2",62.0224776560916,0.0613738084422354,0.116153457933074,0.140851932765714,0.453650891269378,"Cbp/p300 interacting transactivator with Glu/Asp rich carboxy-terminal domain 2","liver"
"LOC115120914",147.980936103419,0.0613058167595303,0.0809052874286157,0.309600006982222,0.62406342000058,"ras-related protein rab7-like, transcript variant X2","liver"
"LOC115146050",283.562602790567,0.0612996240636364,0.0993416241090097,0.292671742885702,0.611718867767004,"NF-kappa-B inhibitor alpha-like","liver"
"aldh16a1",188.32805935262,0.0612644681675265,0.091366367391447,0.311825485099692,0.625589761833629,"aldehyde dehydrogenase 16 family member A1","liver"
"LOC115101343",52.9523560622849,0.0612470232441142,0.0907852869892061,0.312566596208572,0.626020220714295,"vacuolar protein sorting-associated protein 51 homolog, transcript variant X1","liver"
"LOC115109125",45.1317936551104,0.0612447373252598,0.0894045611212092,0.313655679361947,0.626587227912876,"membralin-like, transcript variant X3","liver"
"ubxn8",76.2815551190262,0.0611276456448135,0.106168621157377,0.257162027304375,0.578691433304306,"UBX domain protein 8","liver"
"LOC115110416",249.018619341792,0.0610765195340468,0.0898323033183452,0.314699452374483,0.626608715446847,"MOB-like protein phocein, transcript variant X4","liver"
"LOC115105110",93.9381020870915,0.0610579239569926,0.0843680094303947,0.314998630914108,0.626608715446847,"rho GTPase-activating protein 12-like, transcript variant X1","liver"
"LOC115142750",62.9220886344302,0.0608677797318442,0.0791314071732936,0.310315566285791,0.625047585983594,"ubiquitin-conjugating enzyme E2 R2-like","liver"
"LOC115105768",164.453789079297,0.0608625732263079,0.111534603022996,0.209314480011075,0.532424185469124,"galectin-9-like, transcript variant X2","liver"
"LOC115132762",81.720426715795,0.060843236674475,0.117186024383051,0.125533583243348,0.431950345182262,"ictacalcin-like","liver"
"LOC115143144",158.1358237176,0.0608297231691755,0.101125186895743,0.288883236292791,0.607303523239021,"inositol hexakisphosphate kinase 2-like","liver"
"LOC115135866",164.954201607663,0.0608251992124472,0.0976140645466784,0.302318084468393,0.619335234001649,"non-histone chromosomal protein HMG-14-like","liver"
"LOC115103870",6056.52899654362,0.0608061460610349,0.100066342968292,0.293646321360211,0.612233061447471,"beta-2-glycoprotein 1-like","liver"
"LOC115146438",279.869882992035,0.0607220410450158,0.0998316012893756,0.29525175528228,0.612625476630534,"heme-binding protein 1-like","liver"
"LOC115128742",558.545035587418,0.0607012506581468,0.077456060774548,0.308459141948534,0.623507615800466,"alpha-1,3-mannosyl-glycoprotein 2-beta-N-acetylglucosaminyltransferase-like, transcript variant X1","liver"
"LOC115134763",47.5941616983397,0.0606741482539639,0.112765170913312,0.195537672622523,0.516373105531695,"C-factor-like","liver"
"LOC115138085",290.375244129282,0.0606265579097876,0.111755449589941,0.208372508597864,0.532113426278015,"inter-alpha-trypsin inhibitor heavy chain H3-like","liver"
"imp4",60.6053245073539,0.0606206175142442,0.0895853692182017,0.318467348206323,0.62880279994031,"IMP U3 small nucleolar ribonucleoprotein 4, transcript variant X2","liver"
"LOC115113103",200.36738698551,0.0606178253807937,0.0796136018700317,0.31311230058293,0.626185221155577,"voltage-dependent anion-selective channel protein 2-like","liver"
"LOC115146403",49.5471127578844,0.0605645343983185,0.101432610467409,0.289519728422579,0.607668545231926,"heterogeneous nuclear ribonucleoprotein Q-like, transcript variant X2","liver"
"LOC115102695",316.257014574149,0.0605416328570933,0.0847939585315112,0.319333130851375,0.62880279994031,"myosin light polypeptide 6, transcript variant X3","liver"
"LOC115140270",42.3985149155131,0.060428197367621,0.0924840627238327,0.316987847872253,0.627309284643091,"serine/threonine-protein kinase A-Raf-like, transcript variant X4","liver"
"atp5me",451.306420351935,0.0604251741067987,0.0994955317341679,0.298896709339998,0.615511155341768,"ATP synthase membrane subunit e","liver"
"agt",6424.07048521879,0.0603652727079639,0.082302513998752,0.318759736048928,0.62880279994031,"angiotensinogen","liver"
"LOC115133484",72.9254622088704,0.0603437967380905,0.0827023420034074,0.319340679468267,0.62880279994031,"RNA-binding protein 4B-like, transcript variant X1","liver"
"mtor",1169.24620163797,0.0603121774055228,0.118084797898645,0.110992484492146,0.413366469289352,"mechanistic target of rapamycin kinase, transcript variant X2","liver"
"LOC115110252",50.3069624989836,0.0602159310305707,0.0867672766657873,0.322503099853379,0.631515838541828,"cyclin-dependent kinase 12-like","liver"
"rbis",190.725565765341,0.0601803926973823,0.0991083572795436,0.302290379116307,0.619335234001649,"ribosomal biogenesis factor","liver"
"LOC115135956",65.0132106205118,0.0601720207982081,0.110912924981967,0.221270181947419,0.541287455491824,"monocarboxylate transporter 1-like","liver"
"LOC115108670",42.0588157917808,0.0601466472281346,0.0899511562666635,0.321986348532373,0.631110837638633,"leucine-rich repeat-containing protein 19-like","liver"
"LOC115112288",55.7167236900284,0.0600998396141899,0.0980661397056962,0.30657957890517,0.621972081386486,"cell cycle progression protein 1-like, transcript variant X1","liver"
"LOC115110803",45.6995300396563,0.0600949194159029,0.0990386276683871,0.303223612039741,0.620514865377448,"E3 ubiquitin-protein ligase RNF113A-like, transcript variant X2","liver"
"LOC115123532",65.9885724092747,0.0600159529256443,0.100907733849427,0.29623021135529,0.613355616585784,"ATP-binding cassette sub-family E member 1","liver"
"ndufaf2",48.2100604871693,0.0600129457874012,0.0889467891261121,0.323670966018587,0.631691452933715,"NADH:ubiquinone oxidoreductase complex assembly factor 2","liver"
"LOC115129409",1906.61342156159,0.0599721354999349,0.075278511306634,0.309333224084683,0.62406342000058,"coagulation factor IX-like","liver"
"gspt1",218.53204346286,0.0599646931904986,0.091808831651602,0.321592635121483,0.630893682382174,"G1 to S phase transition 1, transcript variant X1","liver"
"LOC115136083",102.856755322254,0.0599009405702974,0.0933607653725195,0.31980836608721,0.62880279994031,"tubulin-specific chaperone cofactor E-like protein, transcript variant X2","liver"
"LOC115135550",131.307075341509,0.0598663390048514,0.0934919098482905,0.319858597490006,0.62880279994031,"eukaryotic translation initiation factor 1A, X-chromosomal-like","liver"
"LOC115104665",129.495218956378,0.0597387735417105,0.104261627131605,0.280623143854318,0.600538715750376,"nucleolar protein 16-like","liver"
"LOC115123223",39.4594514567541,0.0596862567171866,0.0916573123753681,0.324013185918533,0.631691452933715,"tumor protein D54-like","liver"
"LOC115120579",28540.6279483836,0.0596627663785246,0.109270009207399,0.242060502512307,0.561279686595605,"beta-microseminoprotein-like","liver"
"LOC115123776",58.858785399725,0.0596265664048703,0.104390602597517,0.280698135116054,0.600538715750376,"BCL2/adenovirus E1B 19 kDa protein-interacting protein 3-like","liver"
"mrpl28",54.4252769212121,0.0595893947732436,0.0986907012141412,0.308500567296422,0.623507615800466,"mitochondrial ribosomal protein L28","liver"
"LOC115105397",59.3424381517911,0.0595318814122936,0.100495914991966,0.301875897576676,0.61922981467674,"complement component 1 Q subcomponent-binding protein, mitochondrial-like, transcript variant X2","liver"
"LOC115113692",89.8567198689221,0.0595042125238793,0.11063388314504,0.229211577540251,0.548804437970148,"CD81 antigen-like","liver"
"LOC115139797",14100.818085458,0.0594836486082368,0.0700294031662149,0.297561030338665,0.614045898133078,"alpha-1-antitrypsin-like, transcript variant X2","liver"
"LOC115121105",30661.0139628788,0.0594763099614269,0.115042495535846,0.17064572623853,0.487830769793794,"metalloproteinase inhibitor 2-like","liver"
"LOC115141088",236.55432712273,0.0594224628050335,0.0665165937425092,0.284629791557048,0.604824916496459,"ubiquilin-4-like","liver"
"LOC115120150",155.317984740523,0.0594145026781378,0.0850342860678628,0.328506607438845,0.63640096181676,"vesicle-associated membrane protein-associated protein A-like","liver"
"LOC115120972",63.5888047932609,0.0593936318561122,0.0776934057687139,0.319463222934085,0.62880279994031,"beta-centractin-like","liver"
"LOC115129560",2085.44336073951,0.059358669792573,0.0997262357637798,0.306447716864006,0.621972081386486,"dihydropteridine reductase-like","liver"
"slc8b1",136.206975655152,0.0593460722802169,0.117179740726374,0.133820830928188,0.444704185650707,"solute carrier family 8 member B1, transcript variant X3","liver"
"LOC115129650",239.607511289562,0.0593450867608444,0.0886980394812494,0.329164804527213,0.636453872571393,"kynureninase-like","liver"
"LOC115104974",42.7741161464474,0.0593387091391141,0.109493210614824,0.242312789820506,0.561279686595605,"diamine acetyltransferase 1-like, transcript variant X1","liver"
"LOC115129178",68.8316997821497,0.0593337699659525,0.0866998992393514,0.329603925794872,0.636453872571393,"polyadenylate-binding protein-interacting protein 2-like","liver"
"mpc2",200.152371770298,0.0593326267581851,0.0915399354208471,0.327005840174516,0.635121050631019,"mitochondrial pyruvate carrier 2","liver"
"rpl7l1",120.019822792904,0.0593185107255045,0.101351674890345,0.299722435269777,0.616478276696962,"ribosomal protein L7 like 1","liver"
"LOC115123099",56.6531511845588,0.0593080386797081,0.0837664858507622,0.32860749772894,0.63640096181676,"UV excision repair protein RAD23 homolog A-like, transcript variant X3","liver"
"trabd",49.5563802480449,0.0592445094717869,0.0994228181611388,0.308551236016029,0.623507615800466,"TraB domain containing, transcript variant X2","liver"
"ankrd28",62.8168354532501,0.0592379210365722,0.0960554682205967,0.319378480606351,0.62880279994031,"ankyrin repeat domain 28","liver"
"LOC115108729",182.034175973585,0.0591702704583058,0.11405001118738,0.187982988148328,0.508966220230387,"midnolin-like","liver"
"LOC115113373",45.9712944941897,0.0591362050286858,0.118418177404347,0.10995423869519,0.411461949279785,"molybdenum cofactor sulfurase-like, transcript variant X1","liver"
"gsr",85.5724593544543,0.0590650496358831,0.111725635477903,0.219885488457834,0.53977107297084,"glutathione-disulfide reductase","liver"
"LOC115107572",42.2491534808882,0.0589838802511163,0.093378765787753,0.327171997229708,0.635217708514076,"nuclear receptor-binding protein-like, transcript variant X3","liver"
"bcap31",319.141462932713,0.0589670290631375,0.0670104718765735,0.290365361916447,0.608764512952194,"B cell receptor associated protein 31","liver"
"LOC115111722",145.346096119792,0.0588988413976012,0.0831244747703936,0.331422014796917,0.637579900927103,"dynein light chain 1, cytoplasmic","liver"
"LOC115140062",669.388011694777,0.0588924772973702,0.106196419241682,0.274130159312829,0.594850186718186,"protein transport protein Sec61 subunit alpha-like, transcript variant X2","liver"
"LOC115109492",207.226579688306,0.0588804847485994,0.0823277438509797,0.330799196297197,0.637094650420922,"26S proteasome non-ATPase regulatory subunit 7-like","liver"
"LOC115107922",245.362888466808,0.0588700012571848,0.0923396030708797,0.329725040253511,0.636453872571393,"26S proteasome regulatory subunit 10B-like","liver"
"LOC115105060",353.107467139929,0.0588617911186847,0.0987674893007007,0.314075544724107,0.626587227912876,"dihydropyrimidine dehydrogenase [NADP(+)]-like","liver"
"selenon",44.3984537238088,0.0588557472905877,0.0955742962244693,0.323677729314355,0.631691452933715,"selenoprotein N","liver"
"LOC115141002",52.9907913006007,0.0588388541877923,0.112092183019348,0.217024517019299,0.539546388221831,"purine nucleoside phosphorylase-like","liver"
"LOC115114641",107.449559796831,0.0588187099874664,0.100165464319031,0.308997462423168,0.62406342000058,"HORMA domain-containing protein 1-like","liver"
"LOC115130284",64.696711789009,0.0587904126759918,0.101062205160697,0.305301045720995,0.621355871148436,"N-myc-interactor-like, transcript variant X1","liver"
"utp11",40.6224524087327,0.058754483657786,0.0986251911406969,0.315452142608113,0.626608715446847,"UTP11 small subunit processome component","liver"
"LOC115123136",88.981017035215,0.0587461470800926,0.0766648653379469,0.322580885291292,0.631515838541828,"RNA-binding protein 39-like, transcript variant X2","liver"
"ncstn",208.867304090184,0.0587116169498882,0.0797028945830802,0.328683174753396,0.63640096181676,"nicastrin","liver"
"LOC115131967",234.138223213321,0.0587010510420638,0.104561114558358,0.286933615624756,0.606070779580012,"monoglyceride lipase-like","liver"
"LOC115130213",67.8443600086678,0.0586925408616607,0.0985372473843085,0.316264396586071,0.626608715446847,"transmembrane protein 14C-like","liver"
"LOC115132929",87.2307662245519,0.0586772405919456,0.101354654615056,0.304854599469111,0.621008638711332,"UHRF1-binding protein 1-like","liver"
"LOC115110301",133.166090215785,0.058673743314245,0.0774155029202956,0.324786458702685,0.632875211418778,"ADP-ribosylation factor 2","liver"
"LOC115110104",57.3387502760164,0.0586708240280185,0.103070902382509,0.296089053814117,0.613355616585784,"nuclear body protein SP140-like, transcript variant X2","liver"
"LOC115113180",49.0881195333011,0.0585980966116359,0.106188831022365,0.276510233042398,0.597694018283837,"lysosome-associated membrane glycoprotein 1-like","liver"
"LOC115101247",41.6206734259749,0.058596269422722,0.0948407248352275,0.327480527528947,0.635598163777392,"signal peptide peptidase-like 3, transcript variant X2","liver"
"LOC115106105",155.596082985202,0.0585726110791977,0.0672908428183512,0.294735361764825,0.612625476630534,"UV excision repair protein RAD23 homolog B-like","liver"
"LOC115126025",1401.93725938128,0.0585456314923806,0.0955324309784266,0.326305720416019,0.63501484829941,"60S ribosomal protein L23a-like","liver"
"LOC115113079",118.288853254313,0.0585156255175534,0.0845149630410161,0.335580839233456,0.641615109485977,"peroxiredoxin-like 2A, transcript variant X2","liver"
"LOC115135294",45.5084576928688,0.0584794342094941,0.0929308361980982,0.332029512361213,0.638292080353408,"thioredoxin-dependent peroxide reductase, mitochondrial-like","liver"
"gch1",88.4814406332735,0.0584355007354703,0.100207658495206,0.311925826510354,0.625589761833629,"GTP cyclohydrolase 1","liver"
"LOC115129583",282.740545070188,0.058386482765538,0.066953981344896,0.29490940880316,0.612625476630534,"lysosome-associated membrane glycoprotein 2-like, transcript variant X2","liver"
"LOC115105576",75.1483576649592,0.0583795635283398,0.101913470930315,0.304549916855917,0.621008638711332,"serine/threonine-protein kinase 40, transcript variant X1","liver"
"LOC115114573",125.983495468966,0.058249184432425,0.111514940255018,0.228457186146688,0.54794786447927,"HIG1 domain family member 1A, mitochondrial-like","liver"
"LOC115140856",9022.29014492203,0.0581599257112212,0.0988030729339908,0.319661186571196,0.62880279994031,"apolipoprotein Eb-like","liver"
"ctsc",55.86123636782,0.0580478904224027,0.0978181882736191,0.323952200160204,0.631691452933715,"cathepsin C","liver"
"LOC115142878",73.9732581870121,0.0580423048662581,0.0924226180983998,0.336395219131053,0.642052638654609,"synaptophysin-like protein 1, transcript variant X2","liver"
"LOC115106855",69.9636365989627,0.0580420052264247,0.106940403598626,0.275138840654553,0.596098961755797,"serine/threonine-protein kinase pim-3-like","liver"
"nit1",54.5269115713053,0.0580388757215906,0.0870398417057245,0.340226468891461,0.644445536731597,"nitrilase 1","liver"
"LOC115138420",38.3858896828281,0.0579556821741905,0.109804701386777,0.24974343420526,0.569948031335044,"arginine/serine-rich protein 1-like, transcript variant X1","liver"
"lyrm7",41.5431394407518,0.0578893709435422,0.0956388080791739,0.331437656610175,0.637579900927103,"LYR motif containing 7","liver"
"LOC115132954",142.357893211912,0.0578835662529029,0.0947146734937495,0.333609495858754,0.639795928538901,"26S proteasome non-ATPase regulatory subunit 14","liver"
"LOC115145037",41.5954711889857,0.0577748553520688,0.0931227090216086,0.337526331116729,0.642854561010753,"F-box-like/WD repeat-containing protein TBL1XR1, transcript variant X2","liver"
"LOC115134883",487.263941627929,0.0577533310664737,0.0971569891505084,0.328436688893563,0.63640096181676,"cyclin-I-like","liver"
"LOC115106355",39.379030434225,0.0574826934818512,0.108247282270419,0.268508477959514,0.588508876769959,"ATPase family AAA domain-containing protein 1-B-like, transcript variant X1","liver"
"LOC115114562",43.696253772001,0.0574755736359068,0.104636329936968,0.296342114368825,0.613355616585784,"autophagy-related protein 9A-like, transcript variant X2","liver"
"immt",225.371589890739,0.0573665462758325,0.0850965381557167,0.345415097724839,0.648342301115174,"inner membrane mitochondrial protein, transcript variant X2","liver"
"LOC115113136",124.882884168784,0.0573497927774087,0.121542450070782,0.044147131883424,0.27943352759396,"echinoderm microtubule-associated protein-like 6, transcript variant X1","liver"
"LOC115109910",43.5699108600969,0.0572167547094968,0.0928051805213491,0.342683217201302,0.646870426051003,"growth arrest and DNA damage-inducible proteins-interacting protein 1-like","liver"
"LOC115111831",145.616988830967,0.0572111505503643,0.0931092656198096,0.342242686331679,0.646870426051003,"small integral membrane protein 15, transcript variant X1","liver"
"gnpnat1",74.964141288687,0.0571686350956768,0.092576503988062,0.34343439496204,0.647422568933448,"glucosamine-phosphate N-acetyltransferase 1","liver"
"LOC115112302",991.010115436341,0.0571577187163407,0.0949043577394824,0.339231475056007,0.643766718983567,"transcriptional repressor CTCF-like, transcript variant X3","liver"
"sparc",92.3601647622417,0.0570875215297201,0.104473356129027,0.300577706974192,0.61762412825944,"secreted protein acidic and cysteine rich","liver"
"LOC115138652",179.147790401505,0.0570206568032249,0.0809060773906465,0.344551228633705,0.647655731733935,"26S proteasome regulatory subunit 4-like","liver"
"cops6",97.1255343906484,0.0570009871918315,0.073819580431415,0.330051677029694,0.63656528435759,"COP9 signalosome subunit 6","liver"
"LOC115140718",59.5981926867919,0.0569461881540922,0.112697680075433,0.223181859127687,0.541885278714501,"probable isoprenylcysteine alpha-carbonyl methylesterase ICMEL1","liver"
"LOC115127374",42.2323153809104,0.0569152971216145,0.113372926794009,0.213959230271044,0.537410714354654,"prosaposin-like","liver"
"LOC115133616",514.779618785153,0.0568940020416421,0.0681224198218342,0.312063381262072,0.625589761833629,"gamma-aminobutyric acid receptor-associated protein","liver"
"LOC115132214",125.28580935054,0.0568133089215789,0.077676586319293,0.340870668982375,0.644742310577717,"rho-related GTP-binding protein RhoA-C-like","liver"
"LOC115101331",76.3798955279565,0.0567928885372464,0.100575863162542,0.323894171242189,0.631691452933715,"mannose-P-dolichol utilization defect 1 protein-like","liver"
"LOC115138274",44.3438313685441,0.0567554664923402,0.106188342391798,0.291391561421443,0.610236185380366,"mitochondrial basic amino acids transporter-like","liver"
"LOC115129426",129.294688995245,0.0566872708593114,0.105826333388742,0.294631865425553,0.612625476630534,"LON peptidase N-terminal domain and RING finger protein 2-like","liver"
"LOC115111483",125.146246658557,0.0566536014074312,0.0744010578980289,0.334581765509409,0.64035547392072,"sarcoplasmic/endoplasmic reticulum calcium ATPase 2-like, transcript variant X1","liver"
"LOC115118439",94.3075794498797,0.0566262921510264,0.0838229765510483,0.350916647161578,0.65345494388993,"Golgi phosphoprotein 3, transcript variant X2","liver"
"LOC115110370",48.697161362365,0.0566180193651953,0.100259845842053,0.326725773056391,0.635121050631019,"SWI/SNF-related matrix-associated actin-dependent regulator of chromatin subfamily E member 1-like, transcript variant X2","liver"
"lgmn",951.423759026128,0.056571320453671,0.098678747414166,0.333304338759267,0.639645240188587,"legumain, transcript variant X2","liver"
"LOC115132076",48.7198276154975,0.0564688308947949,0.114332516504459,0.202712643401939,0.524766430374757,"choline/ethanolaminephosphotransferase 1-like","liver"
"LOC115106496",55.2624175409624,0.0564606207735204,0.0982996587493768,0.335567680738814,0.641615109485977,"gamma-tubulin complex component 2-like","liver"
"glb1",66.8806136486972,0.0564054518520417,0.0998958748129316,0.330033524662758,0.63656528435759,"galactosidase beta 1","liver"
"LOC115132193",108.413323355184,0.0563858792740681,0.0960050874040365,0.343086463283051,0.646982689277256,"dTDP-D-glucose 4,6-dehydratase-like","liver"
"LOC115134396",59.1534073890571,0.0563751551140014,0.0798316873399908,0.348460056327954,0.650828010855338,"muscleblind-like protein 2a, transcript variant X2","liver"
"LOC115134575",231.694301832483,0.0562916151933404,0.079011690561753,0.347816865081956,0.650256298096928,"proteasome subunit alpha type-4, transcript variant X2","liver"
"dkc1",161.758072942933,0.0562856042846355,0.0977522899369725,0.338868919141207,0.643766718983567,"dyskerin pseudouridine synthase 1","liver"
"llph",176.940655245849,0.0562510697789943,0.106041093055706,0.296667519451686,0.613355616585784,"LLP homolog, long-term synaptic facilitation factor","liver"
"rtn4ip1",433.941968639432,0.0562502520899316,0.104564290982496,0.306945746583984,0.622252297372389,"reticulon 4 interacting protein 1, transcript variant X2","liver"
"LOC115142636",2705.59945226044,0.0562288334122098,0.0722421585734832,0.332033978037187,0.638292080353408,"catalase-like, transcript variant X1","liver"
"LOC115108370",41.4691111858508,0.0561322135079676,0.0866268782252332,0.356243282674965,0.65816412761219,"neurogenic locus notch homolog protein 2-like","liver"
"LOC115103190",53.9042855051747,0.0560622469881556,0.0896498679614128,0.355940790265002,0.658105878703732,"histone deacetylase complex subunit SAP130-like, transcript variant X1","liver"
"LOC115130183",117.130546490493,0.0560028410199886,0.0990594167615108,0.336719423141392,0.642052638654609,"regulator of MON1-CCZ1 complex-like, transcript variant X1","liver"
"LOC115134193",48.2929253792509,0.0559790377759291,0.0957962974712132,0.347074652425561,0.649603667415088,"choline kinase alpha-like, transcript variant X1","liver"
"LOC115120195",48.326671327724,0.0559658575941542,0.0990026926176311,0.337245597039441,0.64283883892123,"heat shock 70 kDa protein 13-like","liver"
"LOC115111733",64.3319367617917,0.055920872279114,0.102278423363508,0.323068102393643,0.631691452933715,"prisilkin-39-like","liver"
"pmp22",38.1747015830324,0.0557971364991289,0.111370244448158,0.24920800470228,0.569186243749624,"peripheral myelin protein 22","liver"
"LOC115109180",55.06226635235,0.0557916339413378,0.0785258579618494,0.3512408248485,0.65362745454668,"ankyrin repeat domain-containing protein 13C, transcript variant X2","liver"
"LOC115113259",39.2481503584406,0.0557664396763835,0.0951392157028555,0.350470424465793,0.652839332409721,"V-type proton ATPase subunit B, brain isoform-like","liver"
"LOC115110120",278.790369373769,0.0557264671135643,0.103968472099443,0.315122399824977,0.626608715446847,"interleukin-2 receptor subunit beta-like, transcript variant X3","liver"
"erp44",165.212430063575,0.0556781410398744,0.0907802997618651,0.358285649009974,0.66074923326107,"endoplasmic reticulum protein 44","liver"
"LOC115110379",8003.21244385279,0.0556388295118008,0.106164930087383,0.300864977841181,0.617927851906623,"microfibril-associated glycoprotein 4-like","liver"
"LOC115134105",133.778972731953,0.0556340896543752,0.103337035373616,0.319675792057927,0.62880279994031,"poly(U)-specific endoribonuclease-C-like","liver"
"LOC115103004",125.787302637122,0.0556218372250988,0.0894898269530715,0.359816362722199,0.662165314188245,"proteasome subunit alpha type-7","liver"
"capn8",71.7061048928362,0.0556032768364632,0.116853901666546,0.163234608467188,0.480055247576905,"calpain 8","liver"
"LOC115145281",45.5413741464603,0.0555514769175197,0.108500851297592,0.281921012642077,0.602088155092847,"WW domain-containing transcription regulator protein 1-like, transcript variant X3","liver"
"LOC115131490",58.5534150331918,0.0554982711672381,0.102884579730012,0.323397751262565,0.631691452933715,"heat shock factor-binding protein 1-like","liver"
"LOC115141754",78.8400985693669,0.0554339226188441,0.107678582751052,0.290319546490568,0.608764512952194,"complement C4-like","liver"
"LOC115102959",145.88742089247,0.0554262825796746,0.0943539479059358,0.3550903123063,0.657816285800191,"RB1-inducible coiled-coil protein 1-like, transcript variant X2","liver"
"LOC115134935",86.1592891889678,0.0554042623381753,0.0787369831121739,0.354971744538683,0.657816285800191,"matrin-3-like","liver"
"LOC115139553",96.0431435837502,0.0553890239815796,0.094089908118114,0.355938722292513,0.658105878703732,"protein disulfide-isomerase A6-like, transcript variant X2","liver"
"LOC115143450",283.004001428219,0.0553753418165937,0.0840754077345037,0.361800186960643,0.663437432796294,"TAR DNA-binding protein 43-like, transcript variant X1","liver"
"LOC115101168",184.868955376364,0.055373593445427,0.0934850473376257,0.357198211721182,0.659496763694504,"ATP-dependent RNA helicase DDX54-like","liver"
"fgfr1op",44.2311427484124,0.0553603442463395,0.0911455109537492,0.360639777665417,0.662816466373355,"FGFR1 oncogene partner, transcript variant X5","liver"
"LOC115122843",43.8401581923872,0.0553405383369841,0.11479968549609,0.203384845941007,0.525223538911795,"ankyrin repeat domain-containing protein 16-like","liver"
"LOC115113035",293.773493709201,0.0553039090822884,0.120696971339411,0.072239698359611,0.346411286926949,"transmembrane protein 14A-like, transcript variant X1","liver"
"nfil3",95.8858015299731,0.0552878120228114,0.087487380981393,0.363466457738702,0.66480117242861,"nuclear factor, interleukin 3 regulated, transcript variant X1","liver"
"LOC115101414",204.678693242277,0.0552820201244934,0.0900592836804003,0.362334577437302,0.663770611359834,"eukaryotic translation initiation factor 1A, X-chromosomal-like, transcript variant X1","liver"
"LOC115118673",20816.6467212652,0.0552543849369649,0.103565709451414,0.321574366696052,0.630893682382174,"pentraxin fusion protein-like","liver"
"decr2",47.0779652803204,0.055127988374742,0.116721593367268,0.169142032900171,0.486149390522903,"2,4-dienoyl-CoA reductase 2, transcript variant X3","liver"
"LOC115139362",244.154152802438,0.0551059267334406,0.0740955410083685,0.347122611511038,0.649603667415088,"epoxide hydrolase 1-like","liver"
"LOC115112956",39.0028738442733,0.0550964852020144,0.0893661140059221,0.364424158791099,0.665654739739419,"voltage-dependent anion-selective channel protein 2-like, transcript variant X2","liver"
"LOC115104093",2009.00229147521,0.0550895707115999,0.0899894967986638,0.3640528726061,0.665191753635611,"60S ribosomal protein L19-like","liver"
"LOC115105608",53.791647712512,0.0550871434014617,0.0975128617898407,0.349882548366401,0.652605506467361,"28S ribosomal protein S15, mitochondrial-like","liver"
"LOC115109288",185.114530806603,0.0550795176303013,0.104261377291375,0.318807236574285,0.62880279994031,"carbonic anhydrase 5B, mitochondrial-like, transcript variant X2","liver"
"LOC115139174",132.763283646722,0.055075678063313,0.0773905104171783,0.355239435955505,0.657816285800191,"AN1-type zinc finger protein 3-like, transcript variant X2","liver"
"LOC115119577",191.975414248812,0.0550187809729652,0.081880119663519,0.362921017268078,0.664413768967435,"V-type proton ATPase subunit e 1-like","liver"
"LOC115138064",61.6297304659962,0.0550179862029091,0.086891533444637,0.365841307206324,0.666081994322948,"insulin receptor substrate 1-B-like, transcript variant X1","liver"
"LOC115134083",93.4691611421229,0.0548605062479393,0.079672268805247,0.361286176447363,0.66308473016369,"cytochrome b-c1 complex subunit Rieske, mitochondrial-like","liver"
"LOC115110118",42.7795667783982,0.0548212461273404,0.0868154738125738,0.36754976677136,0.667047889164608,"mitochondrial dynamics protein MID51, transcript variant X1","liver"
"LOC115102684",43.8990394353459,0.054819347467815,0.0949316300672023,0.35910263828324,0.661498693555359,"protein FAM3A-like, transcript variant X2","liver"
"LOC115147012",327.347391899462,0.0547763026341389,0.078102487929153,0.359269519246416,0.661590249727745,"succinyl-CoA:3-ketoacid coenzyme A transferase 1, mitochondrial-like, transcript variant X2","liver"
"LOC115136966",41.3769352229099,0.0547608883600963,0.0970388498097134,0.354154671418757,0.657100648974795,"transgelin-like, transcript variant X3","liver"
"LOC115117334",45.7659687784704,0.0547090261487792,0.11917930455712,0.115260514471711,0.418747185070502,"MARVEL domain-containing protein 1-like","liver"
"LOC115105863",30016.1328527614,0.0546856842174404,0.111202474297038,0.260281463478542,0.581999660514791,"protein AMBP-like","liver"
"LOC115147129",48.3785525488423,0.0546264791009672,0.095218225763297,0.360127300479154,0.662521583090682,"zinc finger MIZ domain-containing protein 2-like, transcript variant X10","liver"
"LOC115134958",47.5060011000129,0.0546009483457486,0.101987410355487,0.335893251831717,0.641995023643154,"eukaryotic translation initiation factor 4E-like, transcript variant X1","liver"
"LOC115139898",245.785209763016,0.0545876313478533,0.102877095887681,0.331273070892351,0.637579900927103,"calcium-binding mitochondrial carrier protein SCaMC-2-A-like","liver"
"LOC115142404",82.6819429072291,0.0545493729821512,0.0931161642536893,0.364973965361139,0.665981473040014,"stromal membrane-associated protein 1-like","liver"
"cnp",155.160597005154,0.0545335548645522,0.109871741591999,0.276709085484026,0.597894947050444,"2',3'-cyclic nucleotide 3' phosphodiesterase, transcript variant X2","liver"
"LOC115130934",107.903233047979,0.0545294108062881,0.0984689918587553,0.351544946367753,0.65397784750983,"neutral alpha-glucosidase AB-like, transcript variant X1","liver"
"tmem254",388.561011740125,0.0545286872817889,0.110428927090272,0.270627774965845,0.591837742086663,"transmembrane protein 254","liver"
"LOC115133659",419.857237209637,0.0543770585566574,0.102234170126995,0.336568223867098,0.642052638654609,"calcium/calmodulin-dependent protein kinase type II delta chain, transcript variant X15","liver"
"LOC115124133",74.1117232291078,0.0543048739492606,0.102727129772819,0.334559957635065,0.64035547392072,"double-stranded RNA-specific adenosine deaminase-like","liver"
"utp23",64.8837093138884,0.0541493510057503,0.0796205436223173,0.367450205853474,0.667047889164608,"UTP23 small subunit processome component","liver"
"LOC115138544",1855.93492334353,0.0541422291921491,0.0795322950874952,0.367371137412813,0.667047889164608,"protein Z-dependent protease inhibitor-like","liver"
"LOC115130475",55.9216657341884,0.0541029533169458,0.0929434398770525,0.369163363047049,0.668901266933132,"synaptic functional regulator FMR1-like, transcript variant X2","liver"
"gpn2",55.2873321018259,0.0540903526097365,0.0888933330076584,0.373462689620541,0.673051316348866,"GPN-loop GTPase 2, transcript variant X1","liver"
"mrps5",47.0086472967335,0.0540620492622627,0.100467174492922,0.347779277579466,0.650256298096928,"mitochondrial ribosomal protein S5","liver"
"LOC115126487",95.6784012688061,0.0540569656775503,0.0772991777050404,0.364008115837058,0.665191753635611,"septin-2B, transcript variant X1","liver"
"scrn3",1079.56242963694,0.0539762630784731,0.067018052117726,0.333147880964573,0.639591760757146,"secernin 3","liver"
"c9",4690.58351396752,0.0539356215456505,0.10497990368536,0.323989469415543,0.631691452933715,"complement C9","liver"
"LOC115124261",40.5215846752306,0.0539067329925103,0.0878764146100555,0.375448815064401,0.673802927480486,"cytosolic purine 5'-nucleotidase-like","liver"
"LOC115112086",59.8301593793007,0.0538815710473178,0.0846547797653365,0.375195206932536,0.673649106603678,"mitochondrial carrier homolog 2-like","liver"
"LOC115110422",38.6758767850394,0.053868990466608,0.0923906899931269,0.372064883935648,0.672060465856454,"phospholipase B-like 1, transcript variant X1","liver"
"LOC115137016",305.934312595838,0.0537933989267443,0.0806212061660832,0.372097239863137,0.672060465856454,"delta-like protein C","liver"
"hsd17b8",45.1076004549658,0.053756201450023,0.115142159680983,0.209446506790448,0.532424185469124,"hydroxysteroid 17-beta dehydrogenase 8","liver"
"LOC115141886",48.6773077937719,0.0536542989628449,0.089644148112227,0.376866473550831,0.675059679463195,"bromodomain and WD repeat-containing protein 3-like","liver"
"LOC115101650",46.1516640746844,0.0536490225704341,0.0925680660900697,0.373746241166003,0.673051316348866,"MICOS complex subunit MIC10-like","liver"
"LOC115136367",87.5911599231164,0.0536212485439333,0.0829723203776065,0.376311067571066,0.674921311151918,"guanine nucleotide-binding protein G(I)/G(S)/G(T) subunit beta-1-like","liver"
"LOC115128364",183.172519285309,0.0535789302655403,0.108427471771775,0.299384298303584,0.616181146329215,"C-type lectin domain family 4 member M-like","liver"
"LOC115133589",82.173435629971,0.0535527693067947,0.10785821489154,0.304829392745876,0.621008638711332,"extensin-like, transcript variant X1","liver"
"LOC115140086",60.3129272067519,0.053547533573264,0.0911594904794489,0.376465792143226,0.674984395821103,"MOB kinase activator 1A","liver"
"LOC115107943",41.0125739380274,0.0535460461491835,0.0877030760230114,0.378675375342511,0.676131242464014,"ribonuclease H1-like, transcript variant X2","liver"
"LOC115109980",77.398936924789,0.0534762803433448,0.0888568912617706,0.378903488673338,0.676131242464014,"protein arginine N-methyltransferase 1, transcript variant X2","liver"
"aifm1",62.1514600687595,0.0533246094272076,0.08893893035441,0.380209963355279,0.677118718402878,"apoptosis inducing factor mitochondria associated 1, transcript variant X1","liver"
"LOC115143153",53.4957374866727,0.0532561024667796,0.0993433865097746,0.359529567492315,0.661853256622631,"ras-related protein rab7-like, transcript variant X1","liver"
"LOC115115645",2289.24467946826,0.0532382601147186,0.10181478773945,0.348740897760412,0.651121398397913,"complement C3-like","liver"
"LOC115143963",40.3160725060099,0.0532290014705294,0.102476268971407,0.34539289051916,0.648342301115174,"dnaJ homolog subfamily C member 7-like","liver"
"LOC115141291",87.1143828302601,0.0532287929590642,0.103325860351584,0.340647807235442,0.644742310577717,"pre-rRNA-processing protein TSR1 homolog","liver"
"LOC115110448",175.651196380959,0.0531951879402631,0.0876979318254171,0.38179489547702,0.678942645875294,"choline transporter-like protein 2, transcript variant X1","liver"
"LOC115111724",150.049753389498,0.053193236442334,0.104033628273578,0.336698915644368,0.642052638654609,"voltage-dependent anion-selective channel protein 2-like, transcript variant X3","liver"
"LOC115135398",102.23150915467,0.0531835688899517,0.0791347177068739,0.375243790341581,0.673649106603678,"coatomer subunit delta-like","liver"
"LOC115134394",241.98893001026,0.0531701905329398,0.0926430707985716,0.377882984083133,0.675808466307687,"microtubule-associated proteins 1A/1B light chain 3B-like","liver"
"LOC115133504",234.10705133963,0.0530835078406284,0.0973281763720063,0.36805005385351,0.6673283666118,"dedicator of cytokinesis protein 11-like","liver"
"LOC115146268",62.0427809232408,0.0530103536355724,0.104650182234618,0.334365646036714,0.64035547392072,"signal recognition particle 14 kDa protein-like","liver"
"LOC115118874",43.7333446478465,0.0529734870031458,0.111464157869135,0.271458214406494,0.592673270896777,"neuroblast differentiation-associated protein AHNAK-like","liver"
"LOC115131389",39.0144601601925,0.052949734840943,0.0870616215129001,0.384061587685444,0.679942736034481,"eyes absent homolog 3-like, transcript variant X3","liver"
"LOC115145280",223.288670764394,0.0529018445483665,0.095673123076366,0.374258432075675,0.673378938017611,"60S ribosomal protein L36","liver"
"LOC115130629",81.2510806467127,0.0528877208285893,0.0847190359777142,0.384072200532122,0.679942736034481,"transmembrane 9 superfamily member 2-like, transcript variant X1","liver"
"LOC115138694",57.1468529334815,0.0528690769807731,0.111490844284709,0.272018124207365,0.593151548830482,"egl nine homolog 3-like, transcript variant X1","liver"
"LOC115109525",364.76567757964,0.0528150965996038,0.0799944357534821,0.379931570018213,0.67711289277867,"calcium and integrin-binding protein 1-like","liver"
"LOC115136211",55.9134439426743,0.0527797843108426,0.100487149048763,0.359066523517863,0.661498693555359,"transcription elongation regulator 1-like","liver"
"LOC115104015",122.63831855071,0.0527686951742333,0.110240964629826,0.287789125124781,0.606969518287081,"cathepsin D-like","liver"
"LOC115129187",87.4035527861249,0.0527267356798774,0.0831855490882779,0.384488405087222,0.679942736034481,"vesicular integral-membrane protein VIP36-like, transcript variant X2","liver"
"LOC115140304",681.877750772856,0.0527175996898539,0.0922130926641951,0.38255355520129,0.679640457100844,"60S ribosomal protein L37-like","liver"
"LOC115137135",51.5718695820721,0.0526993995869221,0.120772262056663,0.0806799645471731,0.364415263866672,"uncharacterized LOC115137135, transcript variant X2","liver"
"usp24",72.7608289598283,0.0525020799029192,0.0800450339788108,0.382832985729627,0.679668284737698,"ubiquitin specific peptidase 24, transcript variant X1","liver"
"shmt2",873.423917459378,0.0524997102777392,0.101199488928415,0.358344695757243,0.66074923326107,"serine hydroxymethyltransferase 2, transcript variant X1","liver"
"mocs3",42.9168044656577,0.0524800623080205,0.102198929479835,0.353561441948833,0.656215615135802,"molybdenum cofactor synthesis 3, transcript variant X1","liver"
"LOC115130508",49.845366608093,0.0524287737332021,0.0900543061752094,0.387501676801932,0.681993287787939,"lysine-specific demethylase 3B-like, transcript variant X2","liver"
"LOC115136845",91.8205323787285,0.0524160353966305,0.0926348516062409,0.384650566577069,0.679942736034481,"DCN1-like protein 5, transcript variant X5","liver"
"LOC115127642",126.239346903355,0.052387173586695,0.104996941878646,0.337610623199059,0.642854561010753,"lysozyme C II","liver"
"LOC115131669",80.995625173804,0.0523273310694941,0.105439467003354,0.335055616179565,0.641045072500787,"adenylate kinase 2, mitochondrial-like, transcript variant X2","liver"
"LOC115120412",271.441814719146,0.0522707939509099,0.0918035620793627,0.387119433973985,0.681993287787939,"RPE-retinal G protein-coupled receptor-like, transcript variant X3","liver"
"LOC115132430",38.8053566435036,0.0522397126361838,0.0892877772681175,0.389739832094947,0.685078173103384,"homeodomain-interacting protein kinase 1-like, transcript variant X1","liver"
"fahd1",222.011165407918,0.0521906388563208,0.0908611779591692,0.38892060378175,0.684064090016125,"fumarylacetoacetate hydrolase domain containing 1","liver"
"LOC115146196",118.947245365646,0.0521634754298165,0.0934823075007662,0.385538526991345,0.681085895930268,"60 kDa lysophospholipase-like, transcript variant X3","liver"
"LOC115136811",61.1540122963309,0.0521505114285725,0.109893895727988,0.297072370115355,0.613485955256509,"prothymosin alpha-like","liver"
"LOC115110414",39.3196291604431,0.0521290865762351,0.109114507287844,0.305449033530492,0.621355871148436,"thyrotroph embryonic factor-like","liver"
"mrps34",94.6843625583684,0.0521151517959693,0.0928915385663588,0.386968026386876,0.681993287787939,"mitochondrial ribosomal protein S34","liver"
"LOC115119774",102.314389728995,0.0521118974253371,0.0893588922166037,0.390852171055741,0.68617890478256,"golgin subfamily A member 2-like, transcript variant X2","liver"
"LOC115106814",253.537298469847,0.0520291505315004,0.094046715680404,0.385706535804182,0.681169565577232,"fatty aldehyde dehydrogenase-like, transcript variant X2","liver"
"LOC115107606",92.4558105707406,0.0520239379085013,0.082321082057203,0.390039016877128,0.685177439106492,"proteasome subunit alpha type-6-like","liver"
"LOC115105469",99.3640711762075,0.0519617655420683,0.0940585086523698,0.386294455095844,0.681447739987352,"derlin-2","liver"
"LOC115114231",39.3651074095757,0.0518374772998471,0.097572530701288,0.378514794566286,0.676131242464014,"uncharacterized LOC115114231, transcript variant X2","liver"
"LOC115142480",148.35421809103,0.0518345624168252,0.0639488054496166,0.339328685032784,0.643766718983567,"EVI5-like protein, transcript variant X1","liver"
"LOC115131689",108.691157211282,0.0518292494567333,0.0804800030685019,0.389579500222953,0.68500961017091,"adenylyl cyclase-associated protein 1-like, transcript variant X1","liver"
"LOC115101425",56.3545285493828,0.0517845627927465,0.088866504291115,0.394092556400992,0.688868908185758,"V-type proton ATPase catalytic subunit A-like","liver"
"LOC115138127",149.889211947776,0.0515851798753965,0.113482593500343,0.255074438457504,0.576752214469792,"perilipin-2-like, transcript variant X2","liver"
"LOC115130741",74.1660554125944,0.0514111642128771,0.0832385404321193,0.396475326853519,0.691962811565678,"beta-1,4-galactosyltransferase 1-like","liver"
"LOC115133433",1020.46428281843,0.0514049767970607,0.0973781100842247,0.383069652682389,0.679668284737698,"thioredoxin-like","liver"
"htatsf1",86.4770483413275,0.0513865584786,0.089118023806852,0.397589763587283,0.693264918225386,"HIV-1 Tat specific factor 1, transcript variant X2","liver"
"LOC115122257",217.774597673191,0.0513773502368551,0.0990713434607326,0.377539126935733,0.675808466307687,"intracellular hyaluronan-binding protein 4-like","liver"
"rab5if",143.983781780033,0.051369681372754,0.0859003271638497,0.398252398358004,0.693777550487286,"RAB5 interacting factor","liver"
"LOC115122583",53.8803996588534,0.0513305244207439,0.0991097859876769,0.377823862466904,0.675808466307687,"ELMO domain-containing protein 2-like, transcript variant X1","liver"
"LOC115142866",388.891011861758,0.0513210166093838,0.106310043666312,0.337709285858642,0.642854561010753,"eukaryotic translation initiation factor 2 subunit 2-like","liver"
"apof",790.426836498376,0.0513195663109852,0.0948588945204599,0.390487182491479,0.6857513630939,"apolipoprotein F","liver"
"cog7",66.1123801418628,0.0512638869702952,0.0759462428983876,0.38634683239453,0.681447739987352,"component of oligomeric golgi complex 7","liver"
"LOC115115370",51.6716697393908,0.0511406865548063,0.108956755097112,0.315958789065492,0.626608715446847,"retinol dehydrogenase 7-like, transcript variant X1","liver"
"LOC115110711",206.751924481466,0.0510043389729689,0.0985030525077223,0.383036664432527,0.679668284737698,"hepatic leukemia factor-like","liver"
"LOC115136656",126.85856276669,0.0509964870180649,0.0857957980123479,0.401652718029174,0.696691627033093,"sialate O-acetylesterase-like","liver"
"LOC115110494",230.912601452883,0.050996047431462,0.0835298664732978,0.40051870172454,0.696007568463143,"WW domain-binding protein 2-like","liver"
"LOC115133390",2113.7381769045,0.050981525112449,0.110983802190687,0.294974873073087,0.612625476630534,"purine nucleoside phosphorylase-like","liver"
"LOC115123596",111.102953966735,0.0509643791175906,0.0880553525964387,0.401907904833012,0.696822070015182,"bromodomain-containing protein 3-like, transcript variant X1","liver"
"ssb",43.9599006199006,0.0509388137420679,0.0882139106684076,0.402094220563846,0.696822070015182,"small RNA binding exonuclease protection factor La, transcript variant X2","liver"
"LOC115120140",383.202624803862,0.0508987354471129,0.0899396440858488,0.401522591910175,0.696691627033093,"transmembrane 6 superfamily member 2-like","liver"
"LOC115143480",100.651784887343,0.0508863356215004,0.079577107170112,0.396904357038466,0.692283595872468,"F-actin-capping protein subunit alpha-1","liver"
"LOC115109651",66.237168608648,0.0508427267379759,0.106095633517204,0.343762396399159,0.647614052490977,"TBC1 domain family member 15-like","liver"
"plcg1",79.6952959468166,0.0508406907610766,0.0687973214748847,0.368859640007652,0.668565498389471,"phospholipase C gamma 1, transcript variant X2","liver"
"LOC115109231",75.2855362359894,0.0508110191179002,0.0980662406965582,0.386321500995519,0.681447739987352,"mitochondrial import inner membrane translocase subunit Tim13","liver"
"LOC115105002",624.150903269267,0.0508108564420014,0.110282730067808,0.304796572066272,0.621008638711332,"protein disulfide-isomerase A4-like","liver"
"LOC115143072",133.096964008715,0.0507847840058749,0.092649440536049,0.399497421713411,0.695088580275476,"SAP domain-containing ribonucleoprotein-like, transcript variant X2","liver"
"LOC115101231",40.0666888970008,0.0507487057620728,0.10825078210692,0.32639268327398,0.63501484829941,"glutathione S-transferase kappa 1-like, transcript variant X3","liver"
"LOC115109573",88.1839485193937,0.0506788026339165,0.102283553824299,0.369593186287436,0.669465232524499,"protein C19orf12 homolog","liver"
"LOC115137149",190.070280741728,0.0506447195819407,0.0909437766308598,0.402961333340282,0.696864293921946,"RNA-binding protein FUS-like, transcript variant X3","liver"
"thoc1",40.9484859938667,0.0506256993214944,0.0884686909428521,0.404889833067178,0.697808626359024,"THO complex 1","liver"
"LOC115137274",545.537793469347,0.0505782329621512,0.109440480893421,0.316153564837497,0.626608715446847,"ecto-ADP-ribosyltransferase 4-like, transcript variant X1","liver"
"LOC115113472",152.684985971897,0.0505753533200695,0.0833701838489089,0.40428415553912,0.697349075972793,"oxysterols receptor LXR-alpha-like, transcript variant X2","liver"
"LOC115129694",42.6091675119721,0.0505649226979941,0.0907107567150393,0.403932622579996,0.697005986273428,"abl interactor 2-like, transcript variant X6","liver"
"slc2a8",132.804205644042,0.0505187239536733,0.10011787979038,0.381302389337962,0.678699019609751,"solute carrier family 2 member 8, transcript variant X1","liver"
"LOC115113376",128.295661100029,0.0504453488331174,0.0856819138254747,0.406714225771456,0.698997668760796,"transmembrane 9 superfamily member 3-like","liver"
"LOC115145617",363.944683056,0.0504191889424779,0.0732216363471874,0.387235600001483,0.681993287787939,"high mobility group protein B2-like, transcript variant X2","liver"
"LOC115118793",124.414704089861,0.050388954014866,0.0943299065061411,0.400186329088565,0.695644092990776,"transmembrane emp24 domain-containing protein 2-like","liver"
"LOC115143332",9939.13930372918,0.0503575504645272,0.104631482527871,0.358685195991434,0.661161154609088,"inter-alpha-trypsin inhibitor heavy chain H3-like","liver"
"LOC115134943",72.7042264991511,0.0503378956585383,0.110081435636631,0.311412978189037,0.625589761833629,"charged multivesicular body protein 4b","liver"
"LOC115104315",93.2294109252895,0.0502860327476384,0.10642711503201,0.346369288713992,0.649287716415442,"forkhead box protein K2-like, transcript variant X2","liver"
"rgn",78.995963802633,0.0502657577787398,0.108654280117026,0.32700972266815,0.635121050631019,"regucalcin, transcript variant X2","liver"
"LOC115133005",50.7364542886006,0.0502311491721645,0.0894653699342766,0.408030437359566,0.700437777236884,"NADH-cytochrome b5 reductase 3-like","liver"
"LOC115141628",41.5497064475999,0.0502163345774698,0.106508346246479,0.346378781764667,0.649287716415442,"TRPM8 channel-associated factor homolog, transcript variant X1","liver"
"gpnmb",170.404840218089,0.0501986791180431,0.119921799407823,0.119984597429832,0.424433864710813,"glycoprotein nmb","liver"
"LOC115144681",42.1239516733926,0.0501797455291867,0.103396176414188,0.368058897206721,0.6673283666118,"fatty acid desaturase 2-like, transcript variant X5","liver"
"LOC115118566",65.4111706461169,0.0501677639582499,0.106510746106467,0.346814227644245,0.649603667415088,"zinc finger protein 665-like, transcript variant X2","liver"
"LOC115132366",197.977165647914,0.0501174316626979,0.0882390242044005,0.409686815996405,0.702000535088226,"ras-related protein Rap-1A-like, transcript variant X2","liver"
"LOC115123229",83.2351355774517,0.0500823557098324,0.0898501123950927,0.40914751722028,0.701789586646766,"endothelial differentiation-related factor 1 homolog, transcript variant X2","liver"
"LOC115137545",49.6716046555388,0.0500069783538729,0.101689277447721,0.378898983287386,0.676131242464014,"beta-1,4-galactosyltransferase 1-like","liver"
"LOC115137942",7634.90013679998,0.0500060270047031,0.0947865485840622,0.402791542170942,0.696864293921946,"purine nucleoside phosphorylase-like","liver"
"LOC115131613",1203.59194101517,0.0500045820144844,0.0936791935948192,0.405015740095381,0.697808626359024,"BOLA class I histocompatibility antigen, alpha chain BL3-7-like, transcript variant X2","liver"
"LOC115103977",43.5978974850981,0.0500019081007224,0.0953701639085874,0.401506002658243,0.696691627033093,"son of sevenless homolog 1-like, transcript variant X1","liver"
"LOC115101099",268.893994086477,0.0498960018756512,0.0984798218621688,0.393423435174629,0.688338616360692,"ribosome biogenesis protein NSA2 homolog","liver"
"LOC115114683",39.3173436561139,0.0498565685384363,0.105711990406132,0.355840397720153,0.658105878703732,"NEDD8","liver"
"LOC115124764",61.8707599584017,0.0498521521259917,0.0912854771582631,0.409954509418038,0.702225353145525,"integral membrane protein DGCR2/IDD-like, transcript variant X6","liver"
"LOC115141408",44.6449545354471,0.0498232213750916,0.0935493573559339,0.406943913782632,0.698997668760796,"serine hydrolase-like protein","liver"
"LOC115106206",648.983707817008,0.0497888779213098,0.117499459321345,0.190931564836718,0.512013194604582,"C-reactive protein-like","liver"
"LOC115112840",42.8964041701895,0.0497753425108598,0.0956140301157526,0.403038857338582,0.696864293921946,"golgin subfamily A member 4-like, transcript variant X1","liver"
"LOC115144489",46.5636360474798,0.0497596322172334,0.105190856070037,0.360491514782139,0.662759717505684,"archaemetzincin-2-like","liver"
"LOC115122241",43.7226180669707,0.0497163529609345,0.1106696153872,0.310385434085809,0.625047585983594,"dipeptidyl peptidase 1-like","liver"
"LOC115143979",720.559842232744,0.049678219258826,0.108213969433455,0.336718989873901,0.642052638654609,"glucose-6-phosphatase-like","liver"
"LOC115131437",723.6308112656,0.0496615464879858,0.0972262356088873,0.399709237315943,0.695242869342518,"60S ribosomal protein L15-like","liver"
"LOC115139652",134.142987152525,0.049603140636137,0.0777738179160347,0.405750924762044,0.698168936940678,"proteasome subunit alpha type-6","liver"
"LOC115101889",433.897330527425,0.0496014296995613,0.116934981824504,0.20597510085548,0.529569863128434,"apolipoprotein C-II-like","liver"
"LOC115144988",42.4154044602748,0.0495298569175331,0.090961393224223,0.413322505768599,0.705023175928306,"tetratricopeptide repeat protein 14-like, transcript variant X1","liver"
"LOC115124220",117.39096235396,0.0495155381104041,0.0879624854667111,0.415395145413471,0.706847797168312,"HBS1-like protein","liver"
"LOC115138604",51.573202275284,0.0495110408938486,0.0849877768023884,0.415194356285961,0.706719124386655,"transmembrane protein KIAA1109 homolog, transcript variant X14","liver"
"LOC115113683",190.346031905498,0.0494892448340096,0.109832274896977,0.322087989606507,0.631110837638633,"COX assembly mitochondrial protein 2 homolog, transcript variant X1","liver"
"LOC115105285",51.6606323372126,0.0494841727725603,0.093921045508876,0.40943940814992,0.701789586646766,"serine/threonine-protein phosphatase 2A catalytic subunit alpha isoform-like","liver"
"LOC115102194",84.5624573610561,0.0494394603719459,0.0916032326435815,0.413448766471594,0.705023175928306,"acetyl-coenzyme A synthetase, cytoplasmic-like, transcript variant X2","liver"
"LOC115146375",123.988803671308,0.0494374112177175,0.113362034979069,0.276045086818511,0.597295713617471,"saccharopine dehydrogenase-like oxidoreductase","liver"
"c8a",789.957807261447,0.0493680441933045,0.088105678381396,0.416739531502163,0.708367359940271,"complement C8 alpha chain","liver"
"LOC115133030",2022.57119044918,0.0493418802512047,0.0855758967601675,0.416994703754525,0.708501985374075,"phenylalanine-4-hydroxylase-like","liver"
"LOC115136789",121.898477144521,0.0492899959011904,0.109752088707469,0.324844555914208,0.632875211418778,"claudin-3-like","liver"
"LOC115136031",562.997999390177,0.0492472680080924,0.102537048300018,0.381695137718531,0.678942645875294,"hypoxia up-regulated protein 1-like","liver"
"LOC115143103",45.9526328881298,0.0492139755446206,0.117640688871902,0.191972825328407,0.512957203882719,"E3 ubiquitin-protein ligase DTX3L-like, transcript variant X3","liver"
"LOC115124812",38.8671213938643,0.0491188603269183,0.0947186378434108,0.411272200461325,0.702479045409643,"integrator complex subunit 6-like","liver"
"LOC115138501",65.1408523928193,0.0490293195920238,0.0842329420464785,0.419355302281314,0.708815302227286,"dihydrolipoyllysine-residue succinyltransferase component of 2-oxoglutarate dehydrogenase complex, mitochondrial-like, transcript variant X1","liver"
"LOC115145573",241.842960771769,0.0490242799059749,0.0875803110731351,0.420105855301805,0.709093470563227,"ELMO domain-containing protein 2-like, transcript variant X1","liver"
"LOC115108416",52.27892699759,0.0489909891792401,0.0892274123090634,0.419796857953634,0.708815302227286,"methylcrotonoyl-CoA carboxylase beta chain, mitochondrial-like","liver"
"cgnl1",61.1753160834621,0.0489697529453842,0.104372490211548,0.373498463350444,0.673051316348866,"cingulin like 1","liver"
"LOC115144942",123.016051364088,0.0489605409675393,0.0993751803514788,0.398961468616903,0.694370052962711,"uncharacterized protein C1orf21 homolog","liver"
"lmf2",5614.65437015303,0.0489469781225375,0.11039328768171,0.32088073016338,0.629934840925746,"lipase maturation factor 2","liver"
"LOC115133081",662.342568806142,0.0489416431236443,0.10353800911967,0.378940305471125,0.676131242464014,"inter-alpha-trypsin inhibitor heavy chain H2-like","liver"
"LOC115140841",80.0888342794507,0.0489363564530015,0.083352522649205,0.419635877201187,0.708815302227286,"probable ATP-dependent RNA helicase ddx6, transcript variant X2","liver"
"sesn1",256.716176764189,0.0488198142596934,0.116641229426144,0.219296895535206,0.539546388221831,"sestrin 1, transcript variant X1","liver"
"LOC115139940",85.8747242057332,0.048795775047225,0.087664501397979,0.422251991782607,0.710803442338879,"proliferation-associated protein 2G4-like","liver"
"LOC115111267",86.0850208372252,0.0487767679945645,0.0920619347601977,0.419118085054135,0.708815302227286,"transmembrane emp24 domain-containing protein 7-like","liver"
"LOC115136213",132.564936380694,0.0487670144675793,0.101081793324226,0.393562061944997,0.688367844405654,"heat shock 70 kDa protein 4-like","liver"
"LOC115107063",38.7882686672589,0.0487425058496592,0.0855821819439612,0.42266174126092,0.7108573700206,"WASH complex subunit 3-like","liver"
"ogfod3",94.0052808365268,0.048712997973408,0.1055478434362,0.367922588245291,0.6673283666118,"2-oxoglutarate and iron dependent oxygenase domain containing 3","liver"
"LOC115113313",708.776259178033,0.0486189051059313,0.115975201235434,0.235675101272982,0.554194761260831,"nuclear receptor coactivator 4-like, transcript variant X1","liver"
"LOC115139628",384.327337105285,0.0486167568597287,0.079599949474466,0.418300467666876,0.708702605413948,"forkhead box protein A2-like","liver"
"LOC115107605",177.802964858687,0.0485106638876719,0.112453757187493,0.298345702994683,0.61521542699342,"NF-kappa-B inhibitor alpha-like","liver"
"LOC115132466",56.7239603355121,0.0485104501691496,0.0845474029725598,0.424454018039144,0.7122136786554,"fat storage-inducing transmembrane protein 2-like","liver"
"LOC115134965",155.811344031008,0.0484186092201255,0.0888319550579027,0.425437275384267,0.713400313875727,"annexin A11-like, transcript variant X1","liver"
"pold4",59.9957431204787,0.0483737604700809,0.1078301578927,0.352706172471906,0.655274448758269,"DNA polymerase delta 4, accessory subunit","liver"
"fuca2",153.460915096003,0.0483564539932379,0.100278604491326,0.401072076620174,0.696540432050908,"alpha-L-fucosidase 2","liver"
"LOC115146146",53.8708648539591,0.0483227763215264,0.0997657845856107,0.403520522427904,0.696864293921946,"apoptogenic protein 1, mitochondrial","liver"
"LOC115115054",1884.30697474686,0.0482780301081586,0.0834100192347373,0.425948039430585,0.713584547004279,"ganglioside GM2 activator-like, transcript variant X3","liver"
"LOC115140052",53.4448439884539,0.0482120573650494,0.0883590498921928,0.427608041466438,0.714493933743566,"phosphatidylinositol transfer protein beta isoform-like, transcript variant X1","liver"
"LOC115115336",124.640854941056,0.0481966626926333,0.0712868348692429,0.402738461816596,0.696864293921946,"succinate dehydrogenase cytochrome b560 subunit, mitochondrial-like, transcript variant X1","liver"
"LOC115146300",282.436034075417,0.0481456696891191,0.0944971184208463,0.421000397382338,0.709542759289755,"microsomal glutathione S-transferase 3-like","liver"
"LOC115132306",64.4026318745514,0.0481390604714762,0.0963052528918428,0.416790005264184,0.708367359940271,"forkhead box protein P1-B-like, transcript variant X3","liver"
"LOC115133080",49.2712462295647,0.0481201876129015,0.0952202189475183,0.419666066603285,0.708815302227286,"nuclear transcription factor Y subunit beta-like, transcript variant X2","liver"
"LOC115117185",50.4042020727855,0.0480463236303423,0.101625174743964,0.397906541931441,0.693388992513863,"ectonucleoside triphosphate diphosphohydrolase 7-like","liver"
"LOC115143118",45.5772773792549,0.0480105134294828,0.0881157962516652,0.429617290901775,0.714548905250241,"la-related protein 4-like, transcript variant X1","liver"
"LOC115145387",50.4813637608322,0.0479985556454793,0.109415919987803,0.340838404189577,0.644742310577717,"desmoplakin-like, transcript variant X6","liver"
"mef2a",53.8683686279649,0.0479878444448711,0.102360553400382,0.394732696341353,0.68956089218542,"myocyte enhancer factor 2A, transcript variant X2","liver"
"LOC115102666",187.51856842684,0.0479841245377857,0.0897547955548991,0.429033060055586,0.714548905250241,"signal transducer and activator of transcription 6-like, transcript variant X1","liver"
"LOC115144542",80.4961864342168,0.0479651297829594,0.110162268292664,0.332971848610525,0.639591760757146,"glucose-6-phosphatase-like","liver"
"LOC115106711",43.3113440321283,0.0478952545135636,0.0973313857411737,0.416208118814719,0.708017788137362,"myosin regulatory light chain 2, skeletal muscle isoform-like, transcript variant X4","liver"
"LOC115136680",47.2766694866466,0.0478908372997583,0.0841698775091228,0.430172109271266,0.714548905250241,"bromodomain and WD repeat-containing protein 3-like, transcript variant X2","liver"
"LOC115135292",154.559007851168,0.047809377428417,0.111810576806996,0.31402425460795,0.626587227912876,"lysophosphatidylserine lipase ABHD12-like, transcript variant X2","liver"
"LOC115110751",222.089727561077,0.0477555182895456,0.0946540958746239,0.424420420178033,0.7122136786554,"serine/threonine-protein phosphatase alpha-2 isoform-like, transcript variant X1","liver"
"LOC115142607",206.274107848292,0.0477030898001322,0.0898443654321761,0.431664582390988,0.715764532211312,"testis-expressed protein 2-like, transcript variant X2","liver"
"LOC115109564",41.6580791097005,0.0476432959868262,0.114642469030249,0.270904237248266,0.591837742086663,"ankyrin repeat and BTB/POZ domain-containing protein BTBD11-B, transcript variant X1","liver"
"LOC115117748",161.567543620802,0.0474766287239875,0.0797543344153149,0.429517403440147,0.714548905250241,"coatomer subunit gamma-2-like","liver"
"LOC115108489",92.487492505446,0.0474756521503326,0.108591488141447,0.354322025515671,0.6571951892449,"dimethylaniline monooxygenase [N-oxide-forming] 5-like, transcript variant X5","liver"
"LOC115114723",2878.46326221188,0.0474394016872988,0.0898980407104265,0.434163949933167,0.7175906502701,"elongation factor 2-like","liver"
"LOC115129532",233.681051856222,0.0474213171119252,0.091452307834393,0.432851673762385,0.716581313060299,"calnexin-like, transcript variant X3","liver"
"LOC115137326",1606.42043049338,0.0474184783275074,0.0781880347399489,0.427486045376318,0.714493933743566,"cytochrome P450 4V2-like","liver"
"gns",68.7866287490621,0.0473824424054528,0.0955478769194641,0.426008128243233,0.713584547004279,"glucosamine (N-acetyl)-6-sulfatase","liver"
"mphosph8",70.5857209422245,0.0473532499570088,0.0900230416233304,0.434899461502192,0.718390553348498,"M-phase phosphoprotein 8, transcript variant X1","liver"
"LOC115130242",151.6363044447,0.0473081685787317,0.0942968465130506,0.429476336690432,0.714548905250241,"isocitrate dehydrogenase [NADP] cytoplasmic-like, transcript variant X2","liver"
"LOC115142024",54.3976202163974,0.0472375820411959,0.097340589985474,0.422552187445975,0.7108573700206,"transmembrane protein 147, transcript variant X2","liver"
"LOC115124230",67.2329166071066,0.0471686521514748,0.098394496156273,0.419815510210422,0.708815302227286,"serine-rich adhesin for platelets-like, transcript variant X5","liver"
"LOC115134968",340.742713309236,0.0471629843224573,0.0997927213803117,0.41466036608134,0.706236026212744,"eukaryotic translation initiation factor 2 subunit 2-like","liver"
"txndc17",85.2868292580594,0.0470777105239559,0.0874195539547884,0.438760547129665,0.722320997532797,"thioredoxin domain containing 17","liver"
"LOC115134345",10115.0353517504,0.047012197921235,0.102581604643566,0.403093359604121,0.696864293921946,"tyrosine aminotransferase-like, transcript variant X1","liver"
"LOC115139899",171.465015684833,0.0469896492445764,0.0805849863535282,0.435432034431445,0.718844814736824,"protein SET-like","liver"
"LOC115123413",52.8639191826855,0.0469856469291066,0.104366054390046,0.392841534489248,0.687746760845363,"proteinase-activated receptor 2-like, transcript variant X1","liver"
"LOC115134178",115.549471303122,0.0469177382223844,0.0870965571407814,0.440347024742932,0.723499087280359,"26S proteasome non-ATPase regulatory subunit 7-like","liver"
"apeh",62.6062459777899,0.046905302149994,0.0861510298824711,0.440429749022776,0.723499087280359,"acylaminoacyl-peptide hydrolase","liver"
"LOC115128387",55.3342597400983,0.0468582694364888,0.119124925764895,0.168445089480316,0.485663893494218,"proteasome subunit beta type-9","liver"
"LOC115106378",113.547089090523,0.0468427622352622,0.104067224249789,0.39614864233039,0.691820363314995,"solute carrier family 35 member G1-like","liver"
"LOC115130952",55.1524001338408,0.0468352074974797,0.114094736876497,0.288421638115997,0.607169488740835,"seipin-like, transcript variant X1","liver"
"hat1",85.7725902807852,0.0468156860721933,0.0817004992414488,0.438486121166651,0.722287024875388,"histone acetyltransferase 1","liver"
"LOC115131286",78.0609511196502,0.046780744442923,0.0733149443208363,0.42264536099637,0.7108573700206,"ras-related protein Rab-5A-like, transcript variant X2","liver"
"tmf1",45.184174669441,0.046754303848178,0.0816747434694338,0.439057269508488,0.722320997532797,"TATA element modulatory factor 1, transcript variant X2","liver"
"LOC115112318",106.548529927109,0.0467466657071803,0.101737062929578,0.410066771045128,0.702225353145525,"lysosomal protective protein-like","liver"
"LOC115118671",49.0041201231594,0.0466919849805001,0.120982897772189,0.103506691845817,0.401421632241137,"nucleoside diphosphate kinase B-like","liver"
"LOC115105405",111.105110112898,0.0466301043193634,0.0735812997782188,0.42486202822904,0.712647359293273,"heterogeneous nuclear ribonucleoprotein A/B-like, transcript variant X1","liver"
"LOC115130793",2865.79497947232,0.0466259449694155,0.112947178704635,0.309224376234849,0.62406342000058,"sequestosome-1-like","liver"
"iars2",40.6259192963583,0.0466188261744678,0.0807199232549684,0.439235204723706,0.722320997532797,"isoleucyl-tRNA synthetase 2, mitochondrial, transcript variant X1","liver"
"LOC115133980",47.0002015393289,0.046591090985733,0.0886510768609273,0.443133544152667,0.724595524737138,"TBC1 domain family member 15-like","liver"
"rpl12",2087.89360561007,0.046586837544856,0.084917399922476,0.443179942372125,0.724595524737138,"ribosomal protein L12, transcript variant X2","liver"
"LOC115109215",51.016730459534,0.0465152140955822,0.102329550338174,0.409346495328067,0.701789586646766,"40S ribosomal protein S27-like","liver"
"LOC115111528",471.302738527762,0.0464967253790583,0.10852692567341,0.364669392089864,0.665671964998181,"interleukin-1 receptor type 2-like","liver"
"fggy",53.2069909740842,0.0464598036856641,0.0834083664952082,0.443542276045096,0.724595524737138,"FGGY carbohydrate kinase domain containing","liver"
"LOC115133623",42.3105815501334,0.0464578488377865,0.0985571163380227,0.426224668764705,0.713584547004279,"serine/threonine-protein phosphatase PP1-beta catalytic subunit, transcript variant X1","liver"
"LOC115130376",533.681801999933,0.0464552892239358,0.0714881978220673,0.420566555634878,0.709234997943405,"myosin regulatory light polypeptide 9","liver"
"LOC115105683",101.086536812894,0.0464345608032999,0.0683959763263919,0.41032529128311,0.702242071713985,"ras-related protein Rab-6A, transcript variant X4","liver"
"LOC115135546",501.039845685624,0.0464177075026248,0.108940492833567,0.361372956909967,0.66308473016369,"diamine acetyltransferase 1-like","liver"
"nagpa",552.897894423251,0.0464007974220467,0.0872409480954816,0.445372368889617,0.726187000569205,"N-acetylglucosamine-1-phosphodiester alpha-N-acetylglucosaminidase, transcript variant X1","liver"
"aldh6a1",81.708416062198,0.0463325110328333,0.113627063455487,0.301282253932977,0.618364974046875,"aldehyde dehydrogenase 6 family member A1, transcript variant X2","liver"
"LOC115142877",116.089786334047,0.0462478631008273,0.0783904669757153,0.43932878241722,0.722320997532797,"14-3-3 protein beta/alpha-1-like","liver"
"LOC115126145",72.0701318654752,0.0462209497043553,0.100925028821324,0.419114124196333,0.708815302227286,"transcription elongation factor SPT6-like","liver"
"LOC115132047",223.698866885056,0.0461976191663255,0.0651845246590053,0.399914399363763,0.695385493935264,"protein RER1, transcript variant X2","liver"
"LOC115103820",72.5405038517877,0.0461900554496985,0.0808884575167777,0.443663961922828,0.724595524737138,"trafficking protein particle complex subunit 5-like, transcript variant X2","liver"
"atf3",91.2642526028173,0.0461558377892908,0.114183930435399,0.293497635364773,0.612149113139827,"activating transcription factor 3","liver"
"LOC115131259",75.5072123027188,0.046117464998231,0.112841374015169,0.315888124730989,0.626608715446847,"E3 ubiquitin-protein ligase znrf2-like","liver"
"LOC115104124",92.5449339561233,0.0460769230955147,0.0784134335314084,0.441060069811941,0.723574427268585,"ras-related protein Rab-5C-like","liver"
"LOC115144746",621.569072975023,0.0460109428283459,0.0922826299907018,0.445538747781035,0.726187000569205,"40S ribosomal protein S13-like","liver"
"LOC115102402",362.0205007974,0.0460077194640325,0.0988741574556427,0.429552336877045,0.714548905250241,"CCAAT/enhancer-binding protein beta-like","liver"
"LOC115138674",95.2024223686094,0.0459708183919494,0.077808132612894,0.441020194405726,0.723574427268585,"protein tyrosine phosphatase type IVA 2-like","liver"
"acsf2",110.91187339104,0.0459645821746763,0.0841817758302879,0.448914759883014,0.728744316934876,"acyl-CoA synthetase family member 2, transcript variant X2","liver"
"LOC115112816",57.4914865918095,0.0459237893732639,0.104511651093266,0.40249428845636,0.696864293921946,"ADM-like","liver"
"LOC115114591",190.354630458876,0.0458337904679486,0.0834849624890875,0.449752050146573,0.72926481192635,"NPC intracellular cholesterol transporter 1-like","liver"
"LOC115109183",79.1224808729648,0.0458068461704237,0.113999936135725,0.300177264270632,0.617188941759647,"cystathionine gamma-lyase-like","liver"
"LOC115109511",41.2451727353319,0.0457960984629221,0.0996346034319103,0.428791812745417,0.714548905250241,"PHD and RING finger domain-containing protein 1-like","liver"
"LOC115141947",72.1435440820172,0.045782522953691,0.110049073446551,0.35594378220713,0.658105878703732,"heat shock 70 kDa protein 13-like","liver"
"LOC115105735",67.5166338257209,0.0456972502048674,0.10347148741144,0.41119799655835,0.702479045409643,"moesin-like, transcript variant X1","liver"
"LOC115143363",39.4073627875235,0.0456530870814912,0.0998698133864931,0.429284273792069,0.714548905250241,"protein NDRG3-like, transcript variant X1","liver"
"LOC115112317",66.9309603716384,0.0455700042206864,0.109561227679637,0.363485869515962,0.66480117242861,"lysosomal protective protein-like","liver"
"LOC115104990",90.7240156413749,0.0454930611060174,0.105018277470943,0.403471613579703,0.696864293921946,"neutral cholesterol ester hydrolase 1-like, transcript variant X1","liver"
"LOC115144256",63.3018710345031,0.0454379743332417,0.100655536513188,0.42813889471646,0.714548905250241,"vesicle-associated membrane protein-associated protein B-like","liver"
"LOC115102537",57.9032006129211,0.0454377685697878,0.0851262193465098,0.454563075324514,0.734114165698572,"chromobox protein homolog 5-like","liver"
"LOC115133218",40.5157020109683,0.0454177271774538,0.0893697138264074,0.454283956000663,0.73406095953873,"ragulator complex protein LAMTOR4","liver"
"nfkb2",74.064859416402,0.0454038819235148,0.116003777019208,0.264908985488879,0.58639413840679,"nuclear factor kappa B subunit 2","liver"
"LOC115131409",61.2151316608508,0.045329516325026,0.102456098511977,0.420557981013543,0.709234997943405,"serine/threonine-protein phosphatase 1 regulatory subunit 10-like, transcript variant X1","liver"
"LOC115127161",70.8824597766251,0.0453077807295852,0.0818633492054031,0.453525561965123,0.733277583864572,"trafficking protein particle complex subunit 3, transcript variant X3","liver"
"LOC115133660",1044.79388012239,0.0452204815990666,0.12119091646346,0.103676465775422,0.401611765803352,"phospholipase A2 inhibitor 31 kDa subunit-like","liver"
"LOC115141324",142.336809483234,0.0451980092639369,0.096227105165842,0.445805866645916,0.726412676214384,"triosephosphate isomerase B-like","liver"
"katnal1",98.0369761347404,0.0451813109858559,0.116031201856837,0.266477156364466,0.586799882416861,"katanin catalytic subunit A1 like 1, transcript variant X1","liver"
"LOC115135576",51.3936219267997,0.0451753797627527,0.0947024502072591,0.449611297335169,0.72926481192635,"alpha-soluble NSF attachment protein-like","liver"
"LOC115133351",69.8732232295095,0.0451481918612222,0.0920868739396718,0.454339411521667,0.73406095953873,"H/ACA ribonucleoprotein complex subunit 3-like","liver"
"LOC115138663",274.942117933111,0.0451135460818697,0.0670320586085697,0.418619055801544,0.708702605413948,"melanoma inhibitory activity protein 2-like, transcript variant X5","liver"
"cunh7orf25",48.1689737688505,0.0450765050410391,0.0938291291730389,0.452311687720979,0.732069399110951,"chromosome unknown C7orf25 homolog, transcript variant X2","liver"
"LOC115106417",259.735967901763,0.0450101895511118,0.0963290940689047,0.447417805260399,0.72756939184914,"somatostatin receptor type 2-like","liver"
"LOC115105031",197.705364690093,0.0450051673969499,0.0853928511236514,0.458949265608464,0.735914400473495,"26S proteasome regulatory subunit 6B","liver"
"LOC115108468",77.9868330998022,0.044953855959429,0.112714036395434,0.329607961551357,0.636453872571393,"dolichyl-diphosphooligosaccharide--protein glycosyltransferase subunit DAD1-like","liver"
"LOC115134629",69.0131713194521,0.0449386381342896,0.076028410339752,0.447752899554339,0.727904656171551,"39S ribosomal protein L23, mitochondrial, transcript variant X1","liver"
"LOC115117641",103.974995302453,0.0449382433598415,0.0786117699746881,0.452758624927215,0.732247263345476,"splicing factor U2AF 65 kDa subunit-like, transcript variant X2","liver"
"LOC115109846",141.778720623136,0.0449338882109438,0.0898635128499174,0.458754680361772,0.735914400473495,"3-mercaptopyruvate sulfurtransferase-like","liver"
"insig2",77.553894239942,0.0447800180175132,0.0831640031908676,0.459980619988397,0.735914400473495,"insulin induced gene 2, transcript variant X2","liver"
"ube4b",88.6113259691837,0.0447475398825429,0.0735215349802937,0.443627779318258,0.724595524737138,"ubiquitination factor E4B, transcript variant X1","liver"
"LOC115110115",162.279407606601,0.044717915644279,0.0989464662554887,0.442214567780433,0.724360923528297,"cyclic AMP-dependent transcription factor ATF-4-like, transcript variant X3","liver"
"LOC115128317",5174.44442998997,0.0446895296193727,0.0915383255299726,0.459598639934783,0.735914400473495,"elongation factor 1-alpha, oocyte form","liver"
"LOC115121364",81.8612823225703,0.0446263965540458,0.0817226475451766,0.46018595787537,0.735914400473495,"exportin-7, transcript variant X2","liver"
"LOC115102370",43.3367154578861,0.0446082177986123,0.0818034553936797,0.460454277979373,0.735914400473495,"G-patch domain and KOW motifs-containing protein-like, transcript variant X1","liver"
"LOC115108105",232.816115803675,0.0446013779334951,0.103201413292073,0.423887560885267,0.712070564938477,"aspartate--tRNA ligase, cytoplasmic-like","liver"
"LOC115131609",65.3961900847332,0.044265968931312,0.0781386298117338,0.458726038751726,0.735914400473495,"bromodomain-containing protein 2-like, transcript variant X3","liver"
"LOC115124642",124.832508476097,0.0442610438481493,0.0712235610778306,0.442030305119328,0.724360923528297,"ankyrin repeat and KH domain-containing protein 1-like","liver"
"lrig2",49.4056601409979,0.0442603469077334,0.088658032799688,0.466197583399088,0.741869096919744,"leucine rich repeats and immunoglobulin like domains 2","liver"
"LOC115143316",43.272194926249,0.0442598110469606,0.0939771102707508,0.460226841302266,0.735914400473495,"solute carrier family 2, facilitated glucose transporter member 9-like, transcript variant X2","liver"
"LOC115128548",83.5703578605842,0.0442244885173634,0.0981367791154746,0.45000619636359,0.729292704917359,"CTP synthase 1-like, transcript variant X2","liver"
"LOC115110427",77.3702137851303,0.0441580683610327,0.0875513288639097,0.467566298692614,0.743175048141262,"trinucleotide repeat-containing gene 6B protein-like, transcript variant X2","liver"
"LOC115108451",65.8947520182152,0.0441144069404573,0.0722023015966988,0.446457757261271,0.726529665457561,"F-box-like/WD repeat-containing protein TBL1XR1, transcript variant X2","liver"
"LOC115138266",43.258695048903,0.0440623433499568,0.10831642643603,0.391642289172838,0.68671191449374,"uncharacterized LOC115138266","liver"
"LOC115129818",196.706439140086,0.0440525331875126,0.112728975377932,0.338742247082597,0.643766718983567,"transcription factor CP2-like protein 1, transcript variant X3","liver"
"LOC115114550",611.278255927076,0.0440159430512352,0.104343324047088,0.423067543559994,0.711327978242921,"CCAAT/enhancer-binding protein delta-like","liver"
"LOC115116223",1290.48618659585,0.043995581493815,0.10322113571318,0.430007883948407,0.714548905250241,"endoplasmin-like, transcript variant X1","liver"
"LOC115132368",50.8131037508138,0.0439891944760235,0.0971560523799229,0.455431256826037,0.734465831488091,"lysine-specific demethylase 5B-B-like, transcript variant X5","liver"
"LOC115144627",101.095167925045,0.0439750613434673,0.094789715804964,0.461490246945457,0.73687045651981,"cystatin-like","liver"
"spag7",74.913529171771,0.0439502040055733,0.0815882472921462,0.466856473195608,0.742708269276529,"sperm associated antigen 7","liver"
"LOC115110255",52.7480121621225,0.0439455160289929,0.0778606837511495,0.461484961516696,0.73687045651981,"stAR-related lipid transfer protein 3-like, transcript variant X2","liver"
"LOC115127971",38.9301407303544,0.0438900134190998,0.104110950158136,0.425830043813097,0.713584547004279,"inorganic pyrophosphatase-like","liver"
"asl",56.4196492635607,0.0438803719724001,0.0863323926176655,0.470412634466316,0.745433452255664,"argininosuccinate lyase","liver"
"LOC115118818",107.771245205016,0.043855274306585,0.0958707336320425,0.460238133667441,0.735914400473495,"zinc finger protein 706-like, transcript variant X2","liver"
"LOC115114170",6859.30438259797,0.0438430533719687,0.0996538690247324,0.448466267557163,0.728326708098113,"serine--pyruvate aminotransferase-like","liver"
"keap1",380.619923981671,0.0438351085624915,0.0976867706711867,0.45540616950766,0.734465831488091,"kelch like ECH associated protein 1","liver"
"ik",109.629805238853,0.043794983055936,0.0717816471733064,0.448528509397297,0.728326708098113,"IK cytokine","liver"
"LOC115117203",52.2278719583134,0.0437682620027706,0.0909958194821041,0.469456986603702,0.744746880124895,"mitotic-spindle organizing protein 2-like, transcript variant X1","liver"
"LOC115119181",307.388478546153,0.0437632576911082,0.0982299242183331,0.454400115761222,0.73406095953873,"D-dopachrome decarboxylase-A-like","liver"
"fam162a",38.6049238214807,0.0437434468192427,0.0890256497513552,0.471226442537917,0.745550616077456,"family with sequence similarity 162 member A","liver"
"LOC115103811",332.407146553331,0.0436780239898261,0.097874786678629,0.456421326758823,0.735432309041186,"probable ATP-dependent RNA helicase DDX5","liver"
"pptc7",99.1242848476879,0.0436587011923339,0.111161164361253,0.364652947147261,0.665671964998181,"PTC7 protein phosphatase homolog","liver"
"LOC115135433",317.908960760164,0.0436528323863364,0.0712619114510965,0.448442786925654,0.728326708098113,"stromal cell-derived factor 2-like","liver"
"LOC115145599",778.372185057547,0.0436472855523064,0.0913688199371553,0.470282053715882,0.745433452255664,"40S ribosomal protein S3a","liver"
"LOC115125541",65.7725142746764,0.0436152793524763,0.119034236613503,0.198751955375888,0.520645381311352,"NLR family CARD domain-containing protein 3-like","liver"
"LOC115135010",39.3479901353426,0.0435983895937398,0.106138038214512,0.414970011568489,0.706550266983018,"sulfotransferase 6B1-like","liver"
"LOC115135887",441.836929810066,0.0435718585668594,0.109025895874399,0.389861910601425,0.685079473157687,"dolichyl-diphosphooligosaccharide--protein glycosyltransferase subunit STT3A","liver"
"LOC115120631",803.108954271828,0.0435299489144394,0.0856555415152181,0.473841542770032,0.747710830206708,"vigilin-like, transcript variant X4","liver"
"LOC115114488",83.1850142840918,0.0434773980337555,0.106766099127083,0.411334701403521,0.702479045409643,"rho GTPase-activating protein 21-like, transcript variant X4","liver"
"LOC115103328",8846.58699617082,0.0434332756273982,0.105576478252026,0.420837697808284,0.709480334973298,"complement factor H-related protein 5-like, transcript variant X3","liver"
"LOC115132291",48.2896631960633,0.0434320859607602,0.0871112666106686,0.47495356242879,0.748002179490363,"protein ILRUN-like","liver"
"LOC115111809",76.9154018613852,0.0434202441694416,0.0757367608312996,0.462597417260903,0.737803677360186,"serine/threonine-protein kinase A-Raf-like","liver"
"LOC115144177",334.909966111003,0.0433936535651538,0.109051713051904,0.391490234429618,0.68671191449374,"thyrotroph embryonic factor-like, transcript variant X1","liver"
"LOC115127300",7110.42337776125,0.0433388614729335,0.098472409251914,0.457940677690469,0.735914400473495,"uncharacterized LOC115127300","liver"
"LOC115116301",217.781791660162,0.0433121624954124,0.104808277166482,0.427396919393399,0.714493933743566,"protein disulfide-isomerase A4-like","liver"
"LOC115114793",38.2976691878359,0.0433089844654449,0.0861203241908414,0.476172608072634,0.748606365073038,"Golgi reassembly-stacking protein 1-like","liver"
"LOC115106976",40.5633133781197,0.0432995360725986,0.0968393620236599,0.463374638969807,0.738417502575086,"B-cell receptor-associated protein 29-like, transcript variant X1","liver"
"LOC115146966",41.9092389871625,0.0432960033055198,0.112999563028644,0.342587028058725,0.646870426051003,"complement C1q subcomponent subunit A-like","liver"
"LOC115104076",519.540260269374,0.0432932864893811,0.0826901788865071,0.474601096208443,0.748002179490363,"eukaryotic translation initiation factor 1","liver"
"pdhx",58.8656222312299,0.0432752683751627,0.0803969671774068,0.47229026836221,0.746514797080917,"pyruvate dehydrogenase complex component X, transcript variant X2","liver"
"ttr",4042.36864779211,0.0432334030715011,0.0923107324867105,0.473314920860297,0.74729755122406,"transthyretin","liver"
"LOC115107081",280.790957471693,0.0432072840795406,0.103281407219867,0.437861589568035,0.722011254293554,"methionine aminopeptidase 2-like","liver"
"LOC115134815",691.436196931121,0.0431803538993626,0.0807998672984979,0.473773791107379,0.747710830206708,"zinc finger CCCH domain-containing protein 15-like","liver"
"LOC115108855",57.7063882288677,0.0431527890347688,0.0860786136936505,0.477754916285038,0.748994827098389,"transcription factor BTF3 homolog 4","liver"
"LOC115134813",381.212185700826,0.0431401908352362,0.0830611986238067,0.4764666463527,0.748714357168756,"ATP synthase subunit g, mitochondrial-like","liver"
"cops7a",144.586709767372,0.0431324358887316,0.0879576763253573,0.477848515332838,0.748994827098389,"COP9 signalosome subunit 7A, transcript variant X2","liver"
"LOC115110101",76.1660864575969,0.0431239424724939,0.0842137384983282,0.477398402669365,0.748994827098389,"protein PET100 homolog, mitochondrial","liver"
"asb8",62.8259557133007,0.0431174487188793,0.0874863624197097,0.47810438484991,0.748994827098389,"ankyrin repeat and SOCS box containing 8","liver"
"LOC115142509",63.7261638700703,0.0430471849860808,0.110111183867422,0.383799175617126,0.679942736034481,"lysozyme G-like","liver"
"cavin1",125.214382648241,0.0430110795244919,0.106482178557823,0.418520325482326,0.708702605413948,"caveolae associated protein 1","liver"
"pno1",113.514503255675,0.0430022419955517,0.107880547837818,0.406872570210985,0.698997668760796,"partner of NOB1 homolog","liver"
"LOC115139221",133.399615445555,0.0429984833346643,0.105053448718108,0.429057642133939,0.714548905250241,"glycerophosphocholine phosphodiesterase GPCPD1-like, transcript variant X2","liver"
"LOC115117560",38.9972931547635,0.0429814665108796,0.0906800654872361,0.477757605766134,0.748994827098389,"nuclear pore complex protein Nup214-like","liver"
"mphosph10",45.4595052531504,0.0429793905992823,0.106281964196471,0.420405938243763,0.709234997943405,"M-phase phosphoprotein 10","liver"
"LOC115103809",135.965101916558,0.0429297675281849,0.097770019309032,0.464439328468638,0.739696600432702,"signal recognition particle subunit SRP68-like","liver"
"LOC115146261",39.2293414683683,0.0428810450051937,0.0997863531373733,0.457875646472522,0.735914400473495,"apoptosis regulatory protein Siva-like, transcript variant X1","liver"
"LOC115128292",62.785166776145,0.042858691943962,0.0874720055414007,0.480744627371873,0.751671051271557,"exostosin-1b","liver"
"LOC115101483",62.8492284765919,0.0428537498439886,0.114022055076428,0.330347113622392,0.6366991606992,"uncharacterized LOC115101483","liver"
"LOC115121568",89.5877502659447,0.0428086278131273,0.0937712033503148,0.475360053298077,0.748308231933207,"V-type proton ATPase subunit e 1-like","liver"
"LOC115110530",55.3942236053499,0.0427279390687792,0.0859585083573124,0.482070826164063,0.752702401693115,"SWI/SNF-related matrix-associated actin-dependent regulator of chromatin subfamily E member 1-like, transcript variant X8","liver"
"LOC115110103",39.4940647414932,0.0427207018492888,0.105326588741468,0.430124349223493,0.714548905250241,"nuclear body protein SP140-like protein","liver"
"c5",4654.28664114444,0.0426609822584843,0.0857367962187896,0.482712485960081,0.753495907030859,"complement C5, transcript variant X1","liver"
"LOC115129652",46.7854294493391,0.0426188261475642,0.0817076855677238,0.480567303770312,0.751601938251298,"basic leucine zipper and W2 domain-containing protein 1-A-like, transcript variant X1","liver"
"LOC115107068",1234.25882170323,0.0424577152805522,0.115909066586099,0.297050501186513,0.613485955256509,"phenylalanine-4-hydroxylase-like","liver"
"LOC115127427",40.6670716891933,0.0423480168128374,0.0926412169974391,0.481919149509415,0.752702401693115,"plasma membrane calcium-transporting ATPase 1-like","liver"
"LOC115131768",38.3720954323931,0.0423140655184211,0.102481416091748,0.451594186033633,0.731201828031515,"dnaJ homolog subfamily C member 8-like","liver"
"csnk1a1",361.856987048423,0.0422887920017836,0.0629577547906769,0.43118083039629,0.715172434905245,"casein kinase 1 alpha 1, transcript variant X7","liver"
"LOC115133393",910.836296170591,0.0422768441088218,0.102975497504756,0.449355768962503,0.729250552331789,"complement C1q-like protein 2","liver"
"LOC115136678",41.7850206726657,0.0422670075645407,0.0989110560879699,0.46753285909042,0.743175048141262,"mitochondrial intermediate peptidase-like, transcript variant X2","liver"
"LOC115129619",45.6772368183138,0.0422632767355985,0.0921068184110093,0.483527946683347,0.753935041970222,"protein CNPPD1-like","liver"
"LOC115116688",117.78910080252,0.0421995490250968,0.091660298401856,0.484739746141597,0.754056347653005,"glycogen synthase kinase-3 beta-like","liver"
"LOC115135710",62.3064412633641,0.0420499194732169,0.102859837769021,0.452389325805545,0.732069399110951,"T-box transcription factor TBX2b-like, transcript variant X1","liver"
"LOC115134602",40.6472037676012,0.0419818519093916,0.0949643129571899,0.481562443868378,0.75268007513115,"15-hydroxyprostaglandin dehydrogenase [NAD(+)]-like","liver"
"LOC115146045",55.3322267590083,0.0419786842952151,0.0793226896812442,0.484149179232689,0.754056347653005,"melanoma inhibitory activity protein 2-like, transcript variant X1","liver"
"LOC115142388",65.6509851811515,0.041977082138825,0.0808902454074643,0.48627746547016,0.754837683294876,"protein polybromo-1-like, transcript variant X2","liver"
"LOC115142115",57.1418088838127,0.0418687679867153,0.108490211788031,0.41343915516667,0.705023175928306,"ectonucleoside triphosphate diphosphohydrolase 8-like, transcript variant X2","liver"
"LOC115105913",71.3119100689877,0.0418286336944737,0.0861954054477391,0.491352763417149,0.760048685548829,"phosphatidylinositol transfer protein beta isoform-like, transcript variant X1","liver"
"LOC115132559",526.861999299884,0.0418126064412543,0.0873509509254259,0.491508726085136,0.760081694734778,"alpha-enolase, transcript variant X3","liver"
"LOC115144813",91.0898785425755,0.0418007325305888,0.0893007925515134,0.49093187857249,0.75960575127988,"AFG3-like protein 1","liver"
"LOC115145085",80.4493280400165,0.0417917897815862,0.100142633571585,0.467861398323723,0.743228159497705,"histone H2A deubiquitinase MYSM1-like","liver"
"atrx",70.8729743057057,0.0417758423545689,0.108165555857453,0.417498205564738,0.708702605413948,"ATRX chromatin remodeler, transcript variant X1","liver"
"apoo",41.1021309214894,0.0417712749664753,0.105685758522962,0.437748781808782,0.722011254293554,"apolipoprotein O, transcript variant X1","liver"
"LOC115141745",140.992923812528,0.0417044231141242,0.0874605644373016,0.492611223564534,0.760814373376033,"DCN1-like protein 5, transcript variant X1","liver"
"LOC115121326",43.9165389603316,0.0416397635159995,0.0790732641156518,0.487303496626184,0.755855918118526,"splicing factor 3B subunit 6","liver"
"LOC115118236",52.2093084939866,0.0416371808469463,0.104682071241429,0.446027254389281,0.726529665457561,"integral membrane protein GPR137-like, transcript variant X1","liver"
"LOC115125022",283.532528550915,0.0416134649436149,0.0951754484455695,0.484941303281626,0.754056347653005,"uncharacterized LOC115125022","liver"
"atic",185.333131511871,0.0416111999150575,0.0959436878953989,0.48318947624649,0.753823648214337,"5-aminoimidazole-4-carboxamide ribonucleotide formyltransferase/IMP cyclohydrolase","liver"
"tmem248",78.8783219514997,0.0415402134510406,0.0688500035802925,0.462968081457201,0.73797791866385,"transmembrane protein 248, transcript variant X3","liver"
"LOC115102028",39.7751911133454,0.0414855186919682,0.0898846571043758,0.493814214139465,0.762185635055062,"protein SSUH2 homolog","liver"
"LOC115112996",42.6665536301988,0.0414732320087936,0.112820985544977,0.365198282398064,0.665981473040014,"Na(+)/H(+) exchange regulatory cofactor NHE-RF1-like","liver"
"LOC115104085",193.85294710061,0.0414086101024847,0.0900468579894749,0.494491952831557,0.76258458723973,"glycylpeptide N-tetradecanoyltransferase 1-like, transcript variant X4","liver"
"LOC115143317",473.117224173105,0.0413900733206368,0.0855699852276397,0.495782670383464,0.76355399808648,"26S proteasome non-ATPase regulatory subunit 6-like","liver"
"LOC115122625",541.617549475938,0.0412591687053034,0.102570744598858,0.462357278954141,0.737629046898865,"transmembrane protein 258","liver"
"LOC115112439",40.5188344412664,0.0411854569234892,0.108177974593924,0.423852245366119,0.712070564938477,"protein dopey-2-like","liver"
"LOC115128327",59.7583627665935,0.0411848278987677,0.103970388238777,0.455335977056358,0.734465831488091,"adenylate kinase 2, mitochondrial, transcript variant X3","liver"
"LOC115106795",59.5153784292255,0.0410874723620259,0.099437609908707,0.478049526029618,0.748994827098389,"CTP synthase 1-like, transcript variant X1","liver"
"pdzd7",802.683509515388,0.0410652631009168,0.0929695094531073,0.494748023921206,0.76258458723973,"PDZ domain containing 7, transcript variant X1","liver"
"LOC115136746",50.1370147394703,0.041041881770942,0.10556423492278,0.446521066088866,0.726529665457561,"glyoxalase domain-containing protein 4-like","liver"
"gars",61.8879023294272,0.0409957356325508,0.109709253859535,0.410665744111975,0.702398906772557,"glycyl-tRNA synthetase","liver"
"LOC115139716",53.1883263000726,0.0409694531280399,0.0816923722894975,0.497674718959591,0.764933096739557,"survival motor neuron protein 1-like, transcript variant X1","liver"
"LOC115137288",45.3692140409709,0.0409427688622261,0.0806146785383014,0.496737610830859,0.764399168915517,"AH receptor-interacting protein-like, transcript variant X2","liver"
"LOC115116388",140.712386656159,0.0409414825669777,0.0765644764707771,0.490224310971432,0.758718876026509,"acidic leucine-rich nuclear phosphoprotein 32 family member B-like, transcript variant X1","liver"
"LOC115105718",57.4825224472169,0.040877230438212,0.0868762740310435,0.501267650734913,0.76715351495778,"charged multivesicular body protein 1b-like","liver"
"LOC115107739",43.5793510782573,0.0407563316498265,0.120817669927711,0.152193655772368,0.467488641544349,"12-(S)-hydroxy-5,8,10,14-eicosatetraenoic acid receptor-like","liver"
"LOC115137935",40.4920808683663,0.0407058002306224,0.098808924360896,0.484358486767563,0.754056347653005,"cell death activator CIDE-3-like, transcript variant X4","liver"
"bcap29",39.2146233330825,0.0406578929948962,0.0981922853663151,0.486917643607218,0.755464967245495,"B cell receptor associated protein 29","liver"
"LOC115137000",48.8596241355356,0.0406546452766568,0.0917159589813004,0.500743752568017,0.76715351495778,"adapter molecule crk-like","liver"
"LOC115145042",9243.21853000263,0.0406179729552517,0.102181326235565,0.471235921759802,0.745550616077456,"kininogen-1-like","liver"
"LOC115140781",54.2175614445812,0.0405595768748282,0.101922082501178,0.473135806494879,0.74729755122406,"DNA-binding death effector domain-containing protein 2-like, transcript variant X5","liver"
"LOC115142959",76.4740518296307,0.0405062878650952,0.0942693637692334,0.49840566836785,0.76518502313181,"protein polybromo-1-like, transcript variant X1","liver"
"nfs1",262.038344531477,0.0404629274906824,0.0795143382497999,0.500329864750431,0.76715351495778,"NFS1 cysteine desulfurase, transcript variant X1","liver"
"LOC115118965",179.427380633216,0.0404015876156525,0.0954313084335774,0.497115415880674,0.764772108463839,"profilin-2-like","liver"
"LOC115143973",52.4185747917097,0.040270320562161,0.0899136600610907,0.5064943705335,0.770324964628555,"ADP-ribosylation factor-related protein 1","liver"
"LOC115130430",173.016788834865,0.0402698029711632,0.084412284960286,0.507076955530041,0.770440390452802,"enoyl-CoA delta isomerase 2, mitochondrial-like","liver"
"LOC115117885",94.0062271152542,0.040263720243821,0.11426750679501,0.354603916114976,0.657502039535354,"myosin light chain kinase, smooth muscle-like","liver"
"eaf2",46.4395583469498,0.040210420070016,0.0980411885801078,0.492168280048359,0.760684946387363,"ELL associated factor 2","liver"
"LOC115146136",48.5255859418765,0.0401883162980823,0.0940784556027619,0.502121446456416,0.7680784846093,"exocyst complex component 3-like protein 4, transcript variant X2","liver"
"LOC115143007",982.165999917505,0.0401852710275951,0.0911444741534584,0.506312432198694,0.770324964628555,"60S acidic ribosomal protein P0-like","liver"
"LOC115106767",46.0519152276711,0.0401130192795263,0.0914688347580889,0.506727875872966,0.770324964628555,"protein MB21D2","liver"
"LOC115142759",55.4606512782226,0.040097028492797,0.0872128852593521,0.509429260256068,0.77235166579102,"WD repeat-containing protein 1-like","liver"
"LOC115135247",72.1591443695772,0.0400396683054882,0.0904661008229103,0.508488021986869,0.771546189770992,"mRNA decay activator protein ZFP36L2-A-like","liver"
"LOC115120078",121.573835351881,0.039935493279718,0.0996311353585112,0.489658059717139,0.758466229125643,"biorientation of chromosomes in cell division protein 1-like, transcript variant X2","liver"
"LOC115133632",144.815795059152,0.0398871285301046,0.0901923183327493,0.510324837732832,0.772680759649905,"cystatin-B-like","liver"
"tcp1",430.563706751745,0.0398862861667391,0.0876245120526117,0.511589530407456,0.773198999134211,"t-complex 1","liver"
"id2",146.409174040627,0.0397729082880608,0.0985983827388175,0.495062590324277,0.762861185854494,"inhibitor of DNA binding 2, transcript variant X2","liver"
"LOC115103821",230.496136614936,0.0397654469735986,0.0981075805472431,0.496730525429895,0.764399168915517,"E3 ubiquitin/ISG15 ligase TRIM25-like, transcript variant X1","liver"
"sdad1",47.6044932254278,0.039712083383603,0.104864353792365,0.465866015745943,0.74155047220231,"SDA1 domain containing 1, transcript variant X1","liver"
"LOC115133442",79.8539918562147,0.0396504808697864,0.0906066905454272,0.512482235716315,0.773242838817295,"matrix metalloproteinase-14-like","liver"
"rnf115",123.158195582103,0.0396448615051844,0.0934874801492542,0.508915948481442,0.771988029319243,"ring finger protein 115, transcript variant X1","liver"
"lrp10",77.2300700886726,0.0396206310324647,0.0862207861610744,0.514463182268761,0.774152238639455,"LDL receptor related protein 10, transcript variant X1","liver"
"LOC115111965",70.0985870110239,0.0395798677509231,0.085366327969464,0.514730340746106,0.774152238639455,"endothelial differentiation-related factor 1 homolog","liver"
"LOC115137705",58.8079336990073,0.0395348007859324,0.116412487935145,0.317586109116191,0.628273010536094,"DNA-binding protein inhibitor ID-1-like","liver"
"LOC115132078",111.03833707174,0.039404484971376,0.0951347385451196,0.508382100481579,0.771546189770992,"DENN domain-containing protein 2D-like, transcript variant X1","liver"
"LOC115105558",119.103638202039,0.0393717350802847,0.0972466022233488,0.503531371852674,0.769155413058316,"protein eva-1 homolog B-like, transcript variant X2","liver"
"LOC115118672",248.413540135068,0.039259717179045,0.0991934489206644,0.498566995522011,0.76518502313181,"dolichyl-diphosphooligosaccharide--protein glycosyltransferase subunit 2-like, transcript variant X1","liver"
"got1",49.6997853306833,0.0392126682756562,0.115265728699284,0.347239588610155,0.649607262191165,"glutamic-oxaloacetic transaminase 1","liver"
"LOC115133971",71.0154971249526,0.0392094750756313,0.0953152101258762,0.510084935071164,0.772680759649905,"signal transducer and activator of transcription 1-alpha/beta-like, transcript variant X1","liver"
"LOC115129373",123.885433761912,0.039174810829356,0.0844062909964699,0.518673553575476,0.776978212652464,"ubiquitin-conjugating enzyme E2 D2-like, transcript variant X3","liver"
"LOC115106897",69.9197232808541,0.0391674633789676,0.098882880137452,0.500649384730841,0.76715351495778,"V-type proton ATPase subunit F-like","liver"
"LOC115102312",342.029600774971,0.0391369827569922,0.0904374442761124,0.51808781729785,0.776582380209291,"40S ribosomal protein S10","liver"
"LOC115113377",88.5833325262994,0.0390536302476222,0.0951604223315466,0.512092044547127,0.773242838817295,"thioredoxin-dependent peroxide reductase, mitochondrial-like","liver"
"LOC115134734",1637.34562776711,0.0389693451549533,0.120169471638482,0.198658513228425,0.520645381311352,"zona pellucida sperm-binding protein 4-like","liver"
"evi5",159.928191162594,0.0389565409866565,0.0736746034309669,0.505158584876964,0.770324964628555,"ecotropic viral integration site 5, transcript variant X3","liver"
"odc1",1526.85264414928,0.0388937834426585,0.112316130571835,0.402139245558846,0.696822070015182,"ornithine decarboxylase 1","liver"
"LOC115135858",50.0344402578221,0.0388396326980213,0.100990010551985,0.496127672851731,0.763876967799529,"tubby-related protein 1-like, transcript variant X2","liver"
"LOC115119687",112.227549076591,0.0387984731293859,0.102403408229281,0.490029315115461,0.758625037878227,"surfeit locus protein 1","liver"
"dpy19l4",61.769132645787,0.0387795795680946,0.0901762045284832,0.522116305458075,0.7800658006394,"dpy-19 like 4","liver"
"ndufb9",109.979917863818,0.0387107525520038,0.087020598678906,0.524162992258456,0.7816983863394,"NADH:ubiquinone oxidoreductase subunit B9","liver"
"LOC115132635",24226.6206561922,0.0386698409551099,0.0970626901533267,0.511631502083849,0.773198999134211,"hemopexin-like","liver"
"LOC115139615",97.9137027434004,0.0386489058256453,0.0871460269777898,0.524814552454136,0.782234150780373,"guanine nucleotide-binding protein G(k) subunit alpha-like","liver"
"LOC115130516",918.948153521279,0.0386486469743083,0.0942968006501474,0.518169310111372,0.776582380209291,"guanine nucleotide-binding protein subunit beta-2-like 1","liver"
"LOC115137896",152.973462406252,0.0386121309970367,0.0729108281135004,0.507016538279718,0.770440390452802,"AP-1 complex subunit sigma-1A-like, transcript variant X2","liver"
"LOC115101174",331.357254016017,0.0384796598067355,0.0879335097519785,0.526486676059508,0.783023569212227,"surfeit locus protein 4","liver"
"erg28",126.012927983289,0.0384371522731966,0.115516493812476,0.351055076857159,0.653497185603535,"ergosterol biosynthesis 28 homolog","liver"
"LOC115125076",168.318919066765,0.0384203459900886,0.0942688944474582,0.52068484646773,0.778957775081295,"cyclin-G1-like, transcript variant X2","liver"
"LOC115129677",54.1621880548484,0.0384047504434686,0.088510242362854,0.52710142134951,0.783082837398717,"septin-10-like, transcript variant X3","liver"
"LOC115143473",109.108701463305,0.038251126090529,0.0814206376476889,0.52632195050346,0.783023569212227,"mitochondrial import inner membrane translocase subunit Tim17-A-like","liver"
"LOC115136619",395.764065655412,0.0382405361942864,0.0798791619162423,0.524625077574489,0.78215822233577,"26S proteasome non-ATPase regulatory subunit 2","liver"
"mrpl33",60.5464993936489,0.0381860017768677,0.0906642531990771,0.528082274195627,0.783326882578141,"mitochondrial ribosomal protein L33","liver"
"LOC115120339",66.256848809543,0.0381848829098078,0.105915293284878,0.475874249519506,0.748485264434782,"nicotinamide riboside kinase 2-like","liver"
"LOC115120715",1430.11256176381,0.038090011024039,0.0956400912275691,0.521466675627279,0.779714208313458,"fibronectin-like","liver"
"LOC115133706",44.1039356122569,0.03808814069802,0.116840488503244,0.323669587838362,0.631691452933715,"tyrosine 3-monooxygenase-like","liver"
"LOC115103042",41.7819143149272,0.0380759678774767,0.0804982559153614,0.527187011149933,0.783082837398717,"cullin-1","liver"
"LOC115145290",1574.5831693578,0.0380023612841384,0.0904089116477797,0.530280866763926,0.783760673756316,"prohibitin-2-like","liver"
"LOC115112465",84.0209630362127,0.037972807859031,0.0894781075254649,0.531265758174692,0.784059421653691,"tyrosine-protein kinase CSK, transcript variant X1","liver"
"LOC115138362",41.3184554101804,0.0379466969428696,0.0935658971587973,0.527033783329509,0.783082837398717,"rab3 GTPase-activating protein non-catalytic subunit-like","liver"
"LOC115118465",91.4691819732719,0.0379087061193378,0.0803570576653836,0.528830722210107,0.783668834015292,"clathrin light chain A-like","liver"
"LOC115108172",256.493596005656,0.0378991199751042,0.093502028947938,0.527653624991559,0.783326882578141,"ubiquitin-60S ribosomal protein L40-like","liver"
"zdhhc6",116.792263467256,0.0378533683324529,0.0947109301629881,0.525993634409065,0.782958096460211,"zinc finger DHHC-type containing 6, transcript variant X1","liver"
"LOC115139231",71.0159537519882,0.0378419379537369,0.104979881582253,0.486114282304595,0.754837683294876,"peptidyl-prolyl cis-trans isomerase FKBP1B-like, transcript variant X2","liver"
"LOC115125330",244.989859937885,0.0378369793662531,0.0914202508969392,0.531110728977649,0.784059421653691,"prothymosin alpha-A-like, transcript variant X1","liver"
"ppp4r3b",50.1788109635131,0.0378242275707221,0.0767496963366334,0.524178195303041,0.7816983863394,"protein phosphatase 4 regulatory subunit 3B, transcript variant X3","liver"
"ptcd3",42.2494843411835,0.0378121845189696,0.102990817459037,0.498032269657182,0.764933096739557,"pentatricopeptide repeat domain 3","liver"
"brix1",39.6736393575109,0.0377971457195567,0.100280279036788,0.510563221677353,0.772819030146207,"biogenesis of ribosomes BRX1","liver"
"LOC115131249",166.699222929768,0.037781098409045,0.0881195713042053,0.533951515709732,0.7856564710149,"tubulointerstitial nephritis antigen-like","liver"
"ndufv2",214.691414692285,0.0377723375186163,0.088242200359983,0.534007328444196,0.7856564710149,"NADH:ubiquinone oxidoreductase core subunit V2","liver"
"LOC115109689",91.3322507768617,0.0377624076735321,0.0799796105053396,0.529947762291574,0.783678644813574,"YY1-associated factor 2","liver"
"LOC115136948",55.5343356100849,0.037753296517358,0.104929591001807,0.487446077841651,0.755869419251294,"histone H3.3","liver"
"LOC115136818",41.988450297853,0.0376224639696271,0.104274035194727,0.492989066517669,0.761120117462062,"RILP-like protein 1, transcript variant X2","liver"
"LOC115118597",218.501203945954,0.0375791068617334,0.0720050747425916,0.516077944604144,0.775312771944707,"nascent polypeptide-associated complex subunit alpha-like, transcript variant X1","liver"
"dapl1",158.447442913354,0.0375149391604408,0.096105542428653,0.526672905824648,0.783023569212227,"death associated protein like 1","liver"
"LOC115139953",50.0966285537933,0.0374713849778785,0.0892994194316001,0.536792489610651,0.787233602342788,"splicing factor 3A subunit 1-like, transcript variant X3","liver"
"rab5a",41.407358675085,0.037436709068962,0.0848861225794293,0.53756307655722,0.787514564152067,"RAB5A, member RAS oncogene family","liver"
"LOC115102380",339.795906785081,0.0373773179940567,0.0768756097051697,0.529320721613767,0.783678644813574,"peptidyl-prolyl cis-trans isomerase FKBP1A-like","liver"
"LOC115107889",272.71418598913,0.0373044667796916,0.0873033444433436,0.539287670240438,0.787589645249357,"activator of 90 kDa heat shock protein ATPase homolog 1-like","liver"
"LOC115141787",317.700159168363,0.0373044590521657,0.0805599131596316,0.535655560364418,0.787083156120342,"coiled-coil-helix-coiled-coil-helix domain-containing protein 2-like","liver"
"LOC115110163",81.0884501684398,0.0372761386309751,0.0935147461706481,0.534415362801744,0.785694816688905,"coatomer subunit zeta-1-like, transcript variant X1","liver"
"trmt2a",39.7901706989282,0.0372190290568898,0.0905114822614979,0.538682993818926,0.787589645249357,"tRNA methyltransferase 2 homolog A, transcript variant X1","liver"
"LOC115105408",63.5917336320383,0.0371938260240893,0.0729586011623398,0.522859736643056,0.78055686755333,"ankyrin repeat and KH domain-containing protein 1-like, transcript variant X7","liver"
"LOC115132792",640.442227598301,0.0371913157313851,0.092448993899081,0.536898239268951,0.787233602342788,"retinol dehydrogenase 7-like, transcript variant X2","liver"
"LOC115105754",106.456007623924,0.0371179550722526,0.0876566776359644,0.541255456548279,0.788423195993701,"E3 ubiquitin-protein ligase RNF128-like, transcript variant X1","liver"
"LOC115107839",166.752172881231,0.0371140631431098,0.0749039873733741,0.528293492626057,0.783326882578141,"WD repeat-containing protein 26, transcript variant X2","liver"
"pdhb",55.3155236519186,0.0370472509223593,0.101845914874371,0.512283961098649,0.773242838817295,"pyruvate dehydrogenase E1 beta subunit, transcript variant X1","liver"
"LOC115137056",301.838320354845,0.037019971095054,0.109073389983357,0.462924154090931,0.73797791866385,"mRNA decay activator protein ZFP36-like","liver"
"LOC115110273",134.661929782334,0.0369471056966292,0.0867129346593647,0.54321289562129,0.789532035851994,"dnaJ homolog subfamily C member 7-like, transcript variant X1","liver"
"LOC115136963",567.320206280503,0.0369250130274142,0.0842497445457299,0.542861161739649,0.789532035851994,"complement C2-like, transcript variant X2","liver"
"LOC115130846",52.0301718191174,0.0369146351628063,0.0961851111951781,0.533088674193904,0.784828853845836,"lysosome-associated membrane glycoprotein 2-like, transcript variant X1","liver"
"LOC115107538",14751.6491414108,0.0369070708952109,0.112302754406951,0.426053766773601,0.713584547004279,"complement C1q-like protein 2","liver"
"LOC115129438",46.3676057369777,0.0368784861996749,0.0873824793761593,0.543910284058029,0.789532035851994,"atlastin-3-like, transcript variant X2","liver"
"LOC115114085",46.0614364713379,0.0368112634957617,0.0879251518567525,0.544533784556795,0.789532035851994,"dnaJ homolog subfamily C member 1-like, transcript variant X2","liver"
"LOC115139981",195.765694222067,0.036805092529237,0.077226049894529,0.536264640945558,0.787233602342788,"multivesicular body subunit 12B-like","liver"
"LOC115136413",899.632643051624,0.0366194612721075,0.0794985784863371,0.541835651584467,0.788657649751587,"hepatocyte growth factor-like protein","liver"
"LOC115106777",147.388572427413,0.0365631258111279,0.111078498642921,0.446389210503821,0.726529665457561,"discoidin, CUB and LCCL domain-containing protein 1-like, transcript variant X3","liver"
"LOC115113421",66.0490549477878,0.0365341784544313,0.119938267076155,0.235159393233899,0.553443073863524,"C-X-C motif chemokine 9-like","liver"
"LOC115112662",54.5307606500153,0.0364720985832898,0.0943830457598535,0.541754395975411,0.788657649751587,"inhibitor of growth protein 1-like","liver"
"LOC115110168",76.1606433988814,0.0364632966115554,0.112627129309628,0.42679211376241,0.714054383567664,"cyclin-T2-like, transcript variant X1","liver"
"LOC115110409",184.215896072586,0.036412429727765,0.0878057254703175,0.548922652366104,0.7921077687301,"60 kDa heat shock protein, mitochondrial","liver"
"LOC115102696",144.330521152108,0.0363895251654917,0.0941907486909658,0.543011802005607,0.789532035851994,"neurabin-1-like, transcript variant X1","liver"
"LOC115124527",212.702890407619,0.0363817293599146,0.0921110653446735,0.546195645198477,0.79102034291073,"annexin A4-like","liver"
"LOC115135306",62.9017119647815,0.0363633585623131,0.0850546233515284,0.549327942098885,0.7921077687301,"sphingosine-1-phosphate lyase 1-like, transcript variant X2","liver"
"LOC115143151",46.1526763210512,0.0363276065874308,0.0845589780649386,0.549537040403082,0.7921077687301,"actin-related protein 2/3 complex subunit 4","liver"
"LOC115134283",77.3583721603308,0.0363018393903693,0.117960255228482,0.313094812533974,0.626185221155577,"1-acyl-sn-glycerol-3-phosphate acyltransferase gamma-like, transcript variant X2","liver"
"LOC115132361",55.7157865276904,0.0362669828202127,0.0902087325700644,0.549332928950531,0.7921077687301,"microtubule-associated protein RP/EB family member 1-like, transcript variant X1","liver"
"LOC115114969",67.0318279624315,0.0362646167466087,0.0876171311163546,0.55058293956228,0.793002891380249,"dnaJ homolog subfamily A member 2-like","liver"
"LOC115107699",1816.62052875668,0.0362377321130808,0.108470033583407,0.477941744791902,0.748994827098389,"protein THEMIS-like","liver"
"LOC115131677",194.06585603851,0.0360574076701298,0.0801132957111647,0.548837173414882,0.7921077687301,"splicing factor, proline- and glutamine-rich-like, transcript variant X1","liver"
"LOC115129441",278.863027983821,0.0359925885761104,0.105191028007189,0.506072192975835,0.770324964628555,"ubiquitin-like protein 3","liver"
"LOC115140107",52.8916030535513,0.0359471734947658,0.0862035673150959,0.55413874571296,0.79406083559725,"probable protein BRICK1","liver"
"LOC115111448",51.6505228252493,0.0358929566784376,0.0803413463936441,0.550933927921966,0.793002891380249,"FK506-binding protein 15-like, transcript variant X4","liver"
"lg19h9orf16",60.3079483667943,0.0358737159179394,0.0920723610342365,0.55184349277949,0.793002891380249,"linkage group 19 C9orf16 homolog, transcript variant X3","liver"
"LOC115143115",117.666380351447,0.0358439520134646,0.0966537483721176,0.543844747603482,0.789532035851994,"methyltransferase-like protein 7A, transcript variant X1","liver"
"LOC115119596",101.157155049927,0.0358069986502265,0.106740146514405,0.497441874898719,0.764933096739557,"tropomyosin beta chain, transcript variant X4","liver"
"LOC115108227",55.4595375884781,0.0357955025696997,0.108909492665661,0.479149702698704,0.749800227670977,"UV excision repair protein RAD23 homolog B-like","liver"
"comtd1",73.4867044813726,0.0357432778187558,0.0994248275280313,0.536757050336788,0.787233602342788,"catechol-O-methyltransferase domain containing 1, transcript variant X3","liver"
"nars",220.505710861706,0.035727309257741,0.0965315115528399,0.545451869500369,0.790660142541485,"asparaginyl-tRNA synthetase, transcript variant X1","liver"
"LOC115133262",49.082447403589,0.0356612270388856,0.0877198492193064,0.557200026848124,0.796438063207316,"cyclin-dependent kinase inhibitor 1B-like","liver"
"LOC115106660",40.0194143771419,0.0356604818535711,0.0988572337148965,0.539601425491331,0.787589645249357,"endonuclease domain-containing 1 protein-like","liver"
"LOC115117370",48.3928168761634,0.0356377258555511,0.0952137557873582,0.54940762219919,0.7921077687301,"macoilin-1-like","liver"
"dao",136.61945884646,0.035565995169352,0.101801459121639,0.529353076582683,0.783678644813574,"D-amino acid oxidase, transcript variant X4","liver"
"optn",196.592929191684,0.0355416964953976,0.0852030992936246,0.55841939145054,0.797177214697787,"optineurin, transcript variant X3","liver"
"rassf3",45.7897009511737,0.0354912011070582,0.0939651499593427,0.553364286936897,0.793975797724453,"Ras association domain family member 3, transcript variant X1","liver"
"LOC115129370",43.5236574083791,0.0354758728041371,0.0967147491488738,0.547817973956938,0.7921077687301,"V-type proton ATPase 116 kDa subunit a-like, transcript variant X2","liver"
"LOC115134617",131.90151474744,0.0354560832226867,0.0822781454126245,0.55772703390207,0.796791423262138,"catalase-like, transcript variant X1","liver"
"LOC115125930",56.8292972641197,0.0353909179903239,0.0947090318857653,0.553154714539962,0.793975797724453,"ubiquitin carboxyl-terminal hydrolase CYLD-like","liver"
"LOC115143107",70.0593520219347,0.0353782449173123,0.121084239561748,0.188930122215003,0.509765257826169,"uncharacterized LOC115143107, transcript variant X1","liver"
"LOC115128665",140.864857520296,0.0353563013063524,0.076336765178665,0.550834282716165,0.793002891380249,"transformer-2 protein homolog alpha-like","liver"
"LOC115110339",62.7372107965995,0.0352895774127344,0.0806606435504345,0.558008021179329,0.796791423262138,"SUMO-conjugating enzyme UBC9-B, transcript variant X3","liver"
"LOC115128736",49.2532677823099,0.0352592250688277,0.0980894114032056,0.546519536037101,0.791159569179933,"phosphatidylinositide phosphatase SAC1-A","liver"
"LOC115109203",702.25845498871,0.0352408290919856,0.0935406836986574,0.55684437451204,0.796136575967328,"calreticulin-like","liver"
"LOC115134626",78.4396064910288,0.0352038980281362,0.0925361002677309,0.558694728037869,0.797368663928667,"nucleosome assembly protein 1-like 4, transcript variant X4","liver"
"LOC115128933",42.7866210968912,0.0352029695083392,0.0961491073164917,0.552243168953952,0.793375300741478,"insulin-induced gene 2 protein-like, transcript variant X1","liver"
"LOC115103783",42.8195827148807,0.035154783891194,0.0991476173232542,0.54438118649379,0.789532035851994,"integrin alpha-L-like","liver"
"acmsd",72.7710346889201,0.0351467033674064,0.110487072855412,0.470699053655243,0.745497660964209,"aminocarboxymuconate semialdehyde decarboxylase, transcript variant X2","liver"
"LOC115143873",46.2954928464928,0.0351261086173983,0.0862169144302555,0.563211751378781,0.801788590086888,"E3 ubiquitin-protein ligase BRE1B-like, transcript variant X1","liver"
"LOC115142791",44.0517363690838,0.0351097063502803,0.113851091617892,0.424327878433472,0.7122136786554,"keratin, type I cytoskeletal 18-like","liver"
"LOC115132348",760.050982527514,0.0350914835786873,0.0702251410769256,0.539364035850768,0.787589645249357,"peptidyl-prolyl cis-trans isomerase FKBP1A-like","liver"
"pdgfrl",38.2004851741163,0.0350690654047588,0.104364504885135,0.521958682048909,0.78003671753524,"platelet derived growth factor receptor like","liver"
"LOC115103875",115.370129596686,0.0350560724621714,0.0970992611360872,0.551565396358787,0.793002891380249,"26S proteasome non-ATPase regulatory subunit 12-like","liver"
"LOC115122219",462.402998643684,0.0350477124359695,0.0900527657721093,0.562919711015843,0.801777166598247,"growth hormone receptor-like","liver"
"LOC115141186",229.157278946106,0.0349783473332354,0.084229399753577,0.564298466064515,0.802685329546033,"electron transfer flavoprotein subunit beta-like, transcript variant X1","liver"
"LOC115116690",82.8996257318968,0.034957915801275,0.101204838788403,0.538934650387309,0.787589645249357,"lysosome-associated membrane glycoprotein 1-like","liver"
"LOC115126306",102.125854279341,0.0348865480886989,0.112896870211929,0.442489362888564,0.724427675901586,"keratinocyte-associated protein 2-like","liver"
"LOC115136650",91.426304699771,0.0348686279390254,0.115129331152885,0.403570235539869,0.696864293921946,"serine/threonine-protein kinase ULK2-like, transcript variant X3","liver"
"LOC115131695",217.581022691287,0.0348596494340732,0.0889004609991195,0.565684128333998,0.804238121891699,"proteasome subunit beta type-2-like, transcript variant X1","liver"
"LOC115116214",650.444228850341,0.0347475716282986,0.106532170366798,0.511613977771533,0.773198999134211,"complement C3 alpha chain-like","liver"
"LOC115143408",54.3403756290664,0.0347434117483221,0.08675201135378,0.567483352523559,0.805837778759561,"serine/threonine-protein phosphatase 4 regulatory subunit 2-B-like, transcript variant X1","liver"
"LOC115133350",321.467313286978,0.0347329034567731,0.0939199132180739,0.561918111046654,0.800754582273954,"lysophospholipid acyltransferase LPCAT4-like","liver"
"LOC115111889",19397.1340741735,0.0346852422516376,0.121005800300952,0.201097864573769,0.522742992384455,"apolipoprotein A-I-like","liver"
"slc17a5",79.0362077988805,0.0346750755037117,0.10233902227932,0.537187694534474,0.787233602342788,"solute carrier family 17 member 5, transcript variant X1","liver"
"LOC115128152",55.792839220243,0.0346674238816827,0.100197238687584,0.546255298309814,0.79102034291073,"protein ERGIC-53-like","liver"
"LOC115140859",191.002995140331,0.0346554276763726,0.108727963800859,0.494708935627007,0.76258458723973,"apolipoprotein A-IV-like","liver"
"LOC115143412",46.5043126858211,0.034611471800728,0.0914351917437551,0.566584489889812,0.804966288353769,"syntaxin-18-like","liver"
"LOC115136114",48.2638060983403,0.0345960503591343,0.100875730305456,0.544456778730475,0.789532035851994,"ras GTPase-activating protein 4-like, transcript variant X2","liver"
"LOC115141566",232.831358466141,0.0345476689394111,0.116204348774754,0.384030801859307,0.679942736034481,"tribbles homolog 2-like, transcript variant X2","liver"
"cmc2",64.3986618976624,0.0344817006598652,0.0795966979755811,0.56578707406196,0.804238121891699,"C-X9-C motif containing 2, transcript variant X7","liver"
"LOC115110279",112.800511992851,0.0344502055041426,0.0762518041487978,0.56092915100845,0.799606068813311,"ras-related protein Rab-5C","liver"
"LOC115139156",74.6578383088274,0.0344192309282435,0.0980494180674026,0.556183660279912,0.795747320694109,"V-type proton ATPase subunit D-like","liver"
"LOC115118663",41.6059923231482,0.0343661899872232,0.0830672744756075,0.57047033274714,0.809388388546427,"platelet binding protein GspB-like","liver"
"LOC115129486",38.7193284658639,0.0343546078403203,0.100574641762814,0.548431871437424,0.7921077687301,"probable carboxypeptidase X1, transcript variant X1","liver"
"LOC115102443",88.6349817781926,0.0342247631195495,0.0852930592427425,0.573093189059278,0.811622743015108,"heme transporter hrg1-B","liver"
"LOC115139145",128.559713618106,0.0341813384249716,0.0719444188906748,0.554565398552843,0.79406083559725,"ER membrane protein complex subunit 7-like","liver"
"LOC115111861",66.9560619592475,0.0341559993046373,0.112183111694813,0.462058515396434,0.737360762557452,"UDP-N-acetylglucosamine/UDP-glucose/GDP-mannose transporter-like, transcript variant X2","liver"
"LOC115119134",244.99491772892,0.0341415964865489,0.119460527383236,0.285288934378137,0.60541942662524,"glutathione-specific gamma-glutamylcyclotransferase 1-like","liver"
"LOC115115046",38.3567949296777,0.0340731429100036,0.098254188120084,0.559544339265732,0.798379413569453,"max-interacting protein 1-like","liver"
"LOC115122812",38.8423358990501,0.0340336155974308,0.0860747594616281,0.575380022576928,0.813572654011854,"chromobox protein homolog 5-like, transcript variant X2","liver"
"LOC115110432",48.7920479889305,0.0340111739695693,0.0885752550691818,0.575298097861341,0.813572654011854,"DNA-directed RNA polymerases I, II, and III subunit RPABC2","liver"
"LOC115106750",158.23595681188,0.0340082560191646,0.0868879480590655,0.575691478572283,0.813623636683135,"eukaryotic translation initiation factor 3 subunit L-like","liver"
"LOC115130268",74.3198243136305,0.0339731250888918,0.0971225606773288,0.56380793187009,0.802434984456397,"UBX domain-containing protein 4-like, transcript variant X2","liver"
"slc30a5",48.8579134866834,0.0339516669514498,0.0861739202070256,0.576309047946473,0.813862569692825,"solute carrier family 30 member 5","liver"
"LOC115104043",77.6773393083605,0.0339092268970103,0.110233384797248,0.488932829831528,0.757550701764218,"collagen alpha-1(I) chain-like","liver"
"LOC115145610",388.180718862427,0.0338826086093883,0.113673405948191,0.443158324930597,0.724595524737138,"40S ribosomal protein S3a","liver"
"LOC115129845",512.62590896812,0.0338186062260562,0.112811723532415,0.457461874361321,0.735914400473495,"uncharacterized LOC115129845","liver"
"LOC115112887",53.4043595921876,0.0337752182325935,0.087693891237277,0.578205875154627,0.81509473699199,"TOM1-like protein 2, transcript variant X2","liver"
"LOC115113037",67.9458269652527,0.0336926492508418,0.0985915286966401,0.562906767478815,0.801777166598247,"F-box only protein 9-like","liver"
"midn",109.770909342401,0.0336462868611776,0.115269844739073,0.416747127133213,0.708367359940271,"midnolin","liver"
"LOC115141450",39.8745242595212,0.0336363851381619,0.0884949782756764,0.57953812494146,0.815936263472065,"AP-2 complex subunit sigma","liver"
"LOC115119394",206.519970197664,0.0336212777282186,0.104468479945516,0.538521425593625,0.787589645249357,"uncharacterized LOC115119394, transcript variant X1","liver"
"LOC115106768",419.326021222815,0.0335839546148184,0.0838773735688526,0.579740502433618,0.815936263472065,"coagulation factor IX-like","liver"
"LOC115114114",875.859831708309,0.0335016666122686,0.0868152268830278,0.581386361257229,0.816341058358198,"angiopoietin-related protein 3-like","liver"
"LOC115133025",48.5736324826097,0.0334786865978551,0.105415772991339,0.534496043759211,0.785694816688905,"tetraspanin-9-like, transcript variant X3","liver"
"LOC115103844",165.241021723358,0.0334326542056888,0.0885337448348916,0.581818340965533,0.816744493558279,"T-complex protein 1 subunit delta-like","liver"
"LOC115108375",7609.13752889751,0.0333719773336762,0.0948363091876418,0.575704291276855,0.813623636683135,"uridine phosphorylase 2-like","liver"
"LOC115144106",78.9809150450749,0.0333327945256039,0.0984540722974812,0.567476859075769,0.805837778759561,"lethal(2) giant larvae protein homolog 2-like, transcript variant X2","liver"
"LOC115116509",10113.3754491782,0.0332887181596364,0.109448939465697,0.504821785168559,0.770324964628555,"uncharacterized LOC115116509","liver"
"LOC115140043",58.9305124354894,0.0332362308206147,0.10682363464763,0.527815162852904,0.783326882578141,"glycerol-3-phosphate acyltransferase 4, transcript variant X1","liver"
"LOC115111850",577.773319473679,0.0332100268576138,0.0845114620759063,0.584250645967983,0.818733965533688,"ATP synthase subunit alpha, mitochondrial-like","liver"
"LOC115137543",65.9102159276512,0.0331359148150757,0.0981801596867767,0.570557170813811,0.809388388546427,"vacuolar protein sorting-associated protein 37C-like","liver"
"LOC115141195",96.9609713750277,0.0330839864315547,0.101153480218295,0.560970534638598,0.799606068813311,"probable aminopeptidase NPEPL1","liver"
"LOC115107698",729.611553410705,0.0330327385419413,0.105414959540228,0.53990254636214,0.787589645249357,"protein LEG1 homolog","liver"
"tmem97",54.9222045596276,0.0329864295848679,0.117248214712582,0.377849034777375,0.675808466307687,"transmembrane protein 97","liver"
"LOC115129279",169.869263430118,0.0329665515716144,0.118759010901341,0.328964254078287,0.636453872571393,"lateral signaling target protein 2 homolog","liver"
"cpsf3",52.0965486505055,0.0329570073200224,0.0905891472150168,0.585990487914867,0.819747843103899,"cleavage and polyadenylation specific factor 3","liver"
"LOC115135177",145.415696396219,0.0329550301325817,0.0938658387804113,0.582131274166118,0.816980654720831,"collagen alpha-1(XIII) chain-like, transcript variant X5","liver"
"LOC115102102",158.619738639316,0.0329021803047867,0.0890366868566285,0.587601110031585,0.820320355295126,"5-aminolevulinate synthase, nonspecific, mitochondrial-like, transcript variant X1","liver"
"LOC115114505",51.6264114146143,0.0328629550055496,0.0825643905769376,0.587080505993143,0.820053571706404,"protein SSXT-like, transcript variant X2","liver"
"hao1",193.525004513181,0.0327932408797712,0.0958481226012506,0.580317787516586,0.815998307400247,"hydroxyacid oxidase 1","liver"
"bbip1",38.2213153779421,0.0327867685931466,0.0908488304735121,0.587707374631383,0.820320355295126,"BBSome interacting protein 1","liver"
"LOC115114350",73.5722727588327,0.0327756685846773,0.117132527392805,0.383987716909837,0.679942736034481,"cAMP-responsive element modulator-like, transcript variant X1","liver"
"LOC115146573",87.9570299778043,0.0327052134721453,0.106099020221256,0.539435283261707,0.787589645249357,"transmembrane protein 134-like","liver"
"LOC115106902",42.1267115752758,0.0326211708678349,0.103964404830683,0.553345586448859,0.793975797724453,"leukotriene A-4 hydrolase-like","liver"
"LOC115114786",81.8282395622668,0.0325936307817917,0.0990958401460895,0.574096223767269,0.812571391173226,"mitochondrial ubiquitin ligase activator of nfkb 1-A-like, transcript variant X2","liver"
"LOC115145622",1329.83877626821,0.0325626101050647,0.0960101244952376,0.582627352310116,0.817473665790983,"15-hydroxyprostaglandin dehydrogenase [NAD(+)]-like","liver"
"LOC115112679",10098.9702173323,0.032540713453575,0.109532676412883,0.513471366660366,0.773790567034054,"uncharacterized LOC115112679","liver"
"ppcs",56.3736469680715,0.0325333239549044,0.105263367820642,0.546927614028149,0.791377065300597,"phosphopantothenoylcysteine synthetase, transcript variant X1","liver"
"LOC115144348",84.0485426379366,0.0325288952994109,0.094846155924689,0.585337924958512,0.819444067521884,"translation machinery-associated protein 7-like","liver"
"LOC115145846",13407.5044006513,0.0325089798196008,0.0884571585001975,0.592302955875668,0.822532230986033,"plasma protease C1 inhibitor-like","liver"
"LOC115143574",157.241181965858,0.0325038170265215,0.0771885006130852,0.584846736228575,0.819162657590308,"eukaryotic translation initiation factor 4B-like, transcript variant X1","liver"
"LOC115146494",135.987944432506,0.0324841062724999,0.112099588232435,0.484864886933173,0.754056347653005,"L-threonine 3-dehydrogenase, mitochondrial-like","liver"
"LOC115110996",69.2622174920472,0.0324247116899754,0.104137395227601,0.554781369785685,0.79406083559725,"immediate early response 3-interacting protein 1","liver"
"LOC115130666",65.4613553484535,0.0323484977497546,0.0897455211021438,0.593507049820683,0.823731760886818,"ubiquitin-like protein 3","liver"
"LOC115133610",202.215653486075,0.0323423921566021,0.108021970138319,0.529572901943222,0.783678644813574,"Y-box-binding protein 2-A-like, transcript variant X1","liver"
"LOC115104691",60.6762971248561,0.0322821201949711,0.118471813568078,0.34888727734385,0.65117936128376,"toll-like receptor 5","liver"
"LOC115146122",119.491784457118,0.0322696929459972,0.0766912547023619,0.586733905168202,0.819975155589026,"eukaryotic translation initiation factor 4E-like","liver"
"LOC115107556",3169.37341627655,0.0321908041774533,0.0820369649127958,0.594338973472228,0.824481042806929,"apolipoprotein B-100-like","liver"
"znf622",41.5629856342427,0.0321790833066422,0.0988157195234305,0.579819009967464,0.815936263472065,"zinc finger protein 622, transcript variant X2","liver"
"LOC115125585",318.127010838764,0.0321649346637608,0.107513434958365,0.535874539873644,0.787083156120342,"translocon-associated protein subunit delta-like","liver"
"LOC115111382",155.452503679807,0.0321138666474357,0.106166987419584,0.54626077169836,0.79102034291073,"beta,beta-carotene 9',10'-oxygenase-like, transcript variant X2","liver"
"LOC115136212",55.4860923971268,0.0320258010608959,0.0763392676081866,0.588963145485282,0.820510757148527,"RNA-binding protein 27-like, transcript variant X2","liver"
"LOC115128445",43.5346999323042,0.0320205700252965,0.100178540043955,0.577200662772474,0.814278254603911,"T-complex protein 1 subunit gamma","liver"
"eif3j",230.979275343914,0.0318080207410132,0.0932674722112565,0.596179068249644,0.826018900450917,"eukaryotic translation initiation factor 3 subunit J","liver"
"LOC115113395",75.1331483962413,0.031774739957544,0.0806306126407422,0.59781508036353,0.827676298119787,"nucleolysin TIAR-like, transcript variant X7","liver"
"LOC115130343",91.1572845944788,0.0316996928637316,0.10138680789017,0.57644994973461,0.813862569692825,"collagen alpha-3(VI) chain-like, transcript variant X1","liver"
"LOC115142873",46.8289269111101,0.031694306015955,0.0888308564083073,0.601454013022385,0.831287480422127,"protein MTSS 1-like, transcript variant X2","liver"
"LOC115134468",136.980240282291,0.0316655188388959,0.0778669741908919,0.595601798207575,0.825421637869408,"amyloid-beta A4 protein-like, transcript variant X3","liver"
"ppan",45.2047239407311,0.031637681512752,0.108172028315857,0.537231857921849,0.787233602342788,"peter pan homolog","liver"
"LOC115139406",143.880349814225,0.0316250742783926,0.0865552057779062,0.602703883486367,0.832270994667033,"costars family protein ABRACL, transcript variant X2","liver"
"LOC115127517",4510.89335182522,0.0315386465446097,0.0900638891183064,0.60256549812396,0.832270994667033,"complement C3-like","liver"
"LOC115110341",119.867843169265,0.0315129558233982,0.108236593358557,0.538280850120945,0.787589645249357,"probable G-protein coupled receptor 146","liver"
"LOC115109544",171.735241965025,0.0315126259858578,0.0854481941982852,0.603865236835768,0.833098496185101,"GTPase KRas, transcript variant X1","liver"
"clta",79.3377846353137,0.0314839558873406,0.084589345435209,0.603944765300322,0.833098496185101,"clathrin light chain A, transcript variant X1","liver"
"LOC115116152",77.9586559313716,0.031337345555441,0.0847584939779059,0.605687884365255,0.833923395137337,"cyclin-T2-like","liver"
"LOC115142705",137.084721088716,0.0313340466225649,0.101420893467786,0.580693401741267,0.815998307400247,"equilibrative nucleoside transporter 1-like","liver"
"arhgef10l",45.9936065308887,0.0313289057143985,0.106590926720405,0.553135759512338,0.793975797724453,"Rho guanine nucleotide exchange factor 10 like, transcript variant X1","liver"
"bet1l",47.6305291220084,0.0313276354362231,0.0869460659833632,0.606106293284121,0.834232251411075,"Bet1 golgi vesicular membrane trafficking protein like","liver"
"LOC115130931",48.0094905888934,0.0312942024043829,0.0867360323521563,0.606498395109948,0.834294013738264,"N-terminal kinase-like protein, transcript variant X1","liver"
"LOC115135549",117.176241974024,0.0312610215014152,0.0858293508617048,0.606822306327186,0.834294013738264,"peroxiredoxin-4-like, transcript variant X2","liver"
"LOC115111507",1204.79253562792,0.0312580535696653,0.10047236212087,0.585211105056236,0.819444067521884,"interleukin-1 receptor type 1-like, transcript variant X1","liver"
"LOC115145202",42.3494807908822,0.0312412130887124,0.0927048924529847,0.603466864042387,0.832846226933102,"proteasome subunit alpha type-7-like","liver"
"LOC115145227",138.074191129763,0.0311349654253392,0.0811622896968219,0.605724378933443,0.833923395137337,"AP-2 complex subunit alpha-2-like, transcript variant X1","liver"
"LOC115101839",107.729593374061,0.0311001231495866,0.11971491800341,0.315305122738651,0.626608715446847,"RNA-binding Raly-like protein, transcript variant X1","liver"
"LOC115117258",44.3934771747827,0.031024831647344,0.0959392276626467,0.600643844860533,0.83037099610249,"mesoderm induction early response protein 1-like","liver"
"LOC115110643",231.987235795805,0.0309505515592688,0.0910289912026947,0.608596560640283,0.835636230879143,"probable ATP-dependent RNA helicase DDX5, transcript variant X2","liver"
"LOC115108070",596.799532145561,0.0309135229208579,0.092710306945441,0.607254861340134,0.834294013738264,"receptor-type tyrosine-protein phosphatase S-like","liver"
"LOC115135745",46.8456934979583,0.0308684770109529,0.106337788814046,0.560642804487742,0.799606068813311,"tumor necrosis factor receptor superfamily member 27-like","liver"
"parp4",59.610847961709,0.0308418831549551,0.0840160447916678,0.61110129565823,0.837649408906619,"poly(ADP-ribose) polymerase family member 4, transcript variant X1","liver"
"LOC115104171",51.124882925029,0.0307638614953299,0.0868436785623528,0.6126004326922,0.838076579350657,"transmembrane protein 184B-like, transcript variant X2","liver"
"pkp4",42.7799048324701,0.0307621274201127,0.105156823574098,0.569398219605005,0.808150414250844,"plakophilin 4, transcript variant X1","liver"
"LOC115135157",68.4881244871845,0.030716951552941,0.083900509378615,0.612491056835426,0.838076579350657,"ubiquinol-cytochrome-c reductase complex assembly factor 1","liver"
"LOC115118427",246.299653437132,0.0306893969444475,0.120233235508395,0.295601034262105,0.612734217164734,"docking protein 5-like","liver"
"LOC115103337",54.3000323130232,0.0306610353277579,0.0825135177553255,0.612319319071372,0.838076579350657,"leptin receptor gene-related protein","liver"
"LOC115112904",114.614334475079,0.0306582093875368,0.0776063972940753,0.606968153633885,0.834294013738264,"eukaryotic peptide chain release factor GTP-binding subunit ERF3A-like","liver"
"LOC115120147",57.6961301231436,0.0305592394058194,0.0889160228291309,0.614481954433598,0.838821352691512,"serine/threonine-protein phosphatase 4 regulatory subunit 1-like, transcript variant X7","liver"
"LOC115109233",96.4392491764075,0.0304988540250834,0.0869321819178129,0.615657219782103,0.83900571153506,"heterogeneous nuclear ribonucleoprotein M-like, transcript variant X2","liver"
"LOC115109329",6167.18836867197,0.0304089158517259,0.101336372995206,0.592181137239281,0.822532230986033,"tyrosine aminotransferase-like","liver"
"LOC115113497",62.5459106528299,0.0303985651471854,0.0832953588657583,0.615861622480002,0.839081737577725,"autophagy-related protein 13-like, transcript variant X2","liver"
"tomm34",41.896421756139,0.0303452838938305,0.0801224639985514,0.613853563301079,0.838571792498885,"translocase of outer mitochondrial membrane 34","liver"
"LOC115143977",51.4878119702492,0.0302595650612915,0.102628652360474,0.588607880114684,0.820510757148527,"next to BRCA1 gene 1 protein-like, transcript variant X1","liver"
"lmnb2",113.787660789853,0.0302261809394733,0.0749821884442905,0.60766382484204,0.834558490649028,"lamin B2","liver"
"LOC115111553",52.3168417828547,0.0301899301692177,0.0863986627974406,0.61923836322824,0.841448808372237,"transmembrane protein 127","liver"
"arid4a",39.0102237846037,0.0301775024655394,0.10334449256573,0.586300523988743,0.819975155589026,"AT-rich interaction domain 4A, transcript variant X1","liver"
"LOC115147176",40.2616202366449,0.0301005317614026,0.100299025263577,0.599714505727318,0.829492430018725,"secretory carrier-associated membrane protein 1-like, transcript variant X1","liver"
"LOC115137347",160.306458609754,0.0300789182336799,0.0897674537003322,0.61961564559431,0.841556395243077,"large neutral amino acids transporter small subunit 3-like","liver"
"LOC115132097",221.802058351471,0.0300762195561277,0.0801538185901533,0.617031826110311,0.839865402656416,"sodium/potassium-transporting ATPase subunit alpha-1","liver"
"LOC115146058",161.827072385596,0.0299745047960233,0.0878754153197758,0.62160034709952,0.842428122833387,"calmodulin","liver"
"faxdc2",412.97532404862,0.0299256600233705,0.11384143433478,0.494097221539178,0.762414023725115,"fatty acid hydroxylase domain containing 2, transcript variant X1","liver"
"LOC115134982",86.036144016871,0.0299212761474121,0.0883260123071199,0.62209728048939,0.842607481279481,"GTP-binding protein SAR1b-like, transcript variant X1","liver"
"LOC115104199",38.944604896786,0.0299205404063353,0.100829090401444,0.600010681172106,0.829698825838283,"probable G-protein coupled receptor 146","liver"
"LOC115112782",70.6024342845229,0.0299126303513474,0.0878288981150528,0.62232964876646,0.842607481279481,"COP1-interactive protein 1-like","liver"
"LOC115136526",290.926559272432,0.0298997297014834,0.111931113050982,0.52169950296008,0.77985580982595,"nuclear factor NF-kappa-B p100 subunit-like","liver"
"LOC115139226",45.7806849205592,0.0298361277712387,0.0920400906975035,0.620570943105701,0.842091507748282,"ATPase family AAA domain-containing protein 2-like","liver"
"alg5",97.7275559227777,0.0297659317171504,0.0975840410407078,0.61175133621199,0.838076579350657,"ALG5 dolichyl-phosphate beta-glucosyltransferase, transcript variant X1","liver"
"rab3gap1",49.8495245942842,0.0297349341939109,0.0860602547093425,0.624500459271956,0.844056810088646,"RAB3 GTPase activating protein catalytic subunit 1","liver"
"LOC115135830",93.9679442103331,0.0296685460546574,0.0773859144331709,0.618296772228886,0.84092820135992,"E3 ubiquitin-protein ligase RNF167-like, transcript variant X1","liver"
"LOC115126226",53.3674744615513,0.0296523882079177,0.0852344505737896,0.62532243592558,0.844432067265205,"ATP-dependent (S)-NAD(P)H-hydrate dehydratase, transcript variant X5","liver"
"LOC115139580",77.3020907773343,0.0296289362361632,0.0896501125162673,0.624922489791898,0.844177978342088,"activator of 90 kDa heat shock protein ATPase homolog 1-like, transcript variant X1","liver"
"LOC115112873",40.4086068775008,0.0295787546927684,0.0894103165226291,0.62563725791576,0.844655178907791,"ras-related C3 botulinum toxin substrate 1, transcript variant X1","liver"
"LOC115144826",42.6644866367029,0.0294566871050003,0.104365389580607,0.590115511740408,0.821447775958172,"nuclear transcription factor Y subunit beta-like, transcript variant X1","liver"
"LOC115101459",58.569656199437,0.029389249623135,0.0767439136362221,0.620630628737038,0.842091507748282,"sorting nexin-12-like, transcript variant X2","liver"
"LOC115130839",66.4204067926245,0.0293785515567971,0.120376717131638,0.307130131067813,0.622252297372389,"glutathione S-transferase P-like","liver"
"LOC115109090",67.1775893219556,0.0293504656100302,0.100256356408165,0.608938869051077,0.835902955181711,"immediate early response gene 5 protein-like","liver"
"LOC115134400",47.6755418899775,0.0292444023944441,0.111850766754687,0.531693080196524,0.784059421653691,"A-kinase anchor protein 13-like, transcript variant X5","liver"
"LOC115114774",55.5072430084431,0.0292199601368556,0.0769994096487064,0.623037281850697,0.8429591405054,"ran-binding protein 3-like, transcript variant X1","liver"
"LOC115112871",61.6122563782115,0.029217164516886,0.0964486952496534,0.620914660864186,0.842091507748282,"cytochrome b-c1 complex subunit 2, mitochondrial-like","liver"
"LOC115107521",66.261211447692,0.0291832985821069,0.087186968483256,0.630932634918495,0.847565002337263,"cyclin-K-like, transcript variant X3","liver"
"LOC115106772",666.382924986327,0.0291398642814852,0.0857744064894699,0.631408718600592,0.847582887593662,"claudin-10-like, transcript variant X2","liver"
"LOC115143579",58.7844507628044,0.0291285643891063,0.113765631536319,0.506608463963054,0.770324964628555,"3-oxo-5-alpha-steroid 4-dehydrogenase 2-like","liver"
"LOC115142752",183.286990275161,0.0291006283595174,0.119079242444802,0.372686543079657,0.672867524396141,"rho-related BTB domain-containing protein 3-like, transcript variant X2","liver"
"agxt2",56.6302256024727,0.0290733927033672,0.118086401253721,0.409142934270674,0.701789586646766,"alanine--glyoxylate aminotransferase 2","liver"
"LOC115117657",204.197266413358,0.0290096021348494,0.110489140532264,0.550233226793583,0.792908830647415,"minor histocompatibility antigen H13-like, transcript variant X1","liver"
"LOC115132494",746.38589471331,0.0289714079264548,0.0922422584621167,0.63049869806764,0.847368638250392,"40S ribosomal protein S26","liver"
"LOC115122043",312.128046578882,0.0289619491361534,0.0848914946127735,0.633299263251939,0.848993551027402,"26S proteasome non-ATPase regulatory subunit 4-like, transcript variant X1","liver"
"sall1",287.258326332593,0.0289280692088739,0.0978925120835992,0.621004946198873,0.842091507748282,"spalt like transcription factor 1","liver"
"LOC115121826",58.3298996655828,0.0288924516030537,0.0791108341603519,0.629787797517239,0.847018081177306,"sin3 histone deacetylase corepressor complex component SDS3-like, transcript variant X1","liver"
"LOC115123389",46.4194910428454,0.028889734093607,0.120504169804022,0.307372104261546,0.622252297372389,"H-2 class II histocompatibility antigen, A-U alpha chain-like","liver"
"LOC115145799",48.5345029350555,0.0288687528172609,0.100452528582363,0.614140198774581,0.838571830656972,"serine/threonine/tyrosine-interacting protein A-like","liver"
"ccni",137.720590255182,0.0288162599278655,0.0845934817949117,0.63491399377298,0.850171849580289,"cyclin I, transcript variant X1","liver"
"LOC115107878",52.5160441414661,0.0287947053816019,0.100493562149935,0.614904919430665,0.838911319644943,"BTB/POZ domain-containing protein 7-like, transcript variant X1","liver"
"LOC115140278",327.956199816535,0.0286499171444236,0.0939223974392195,0.632165172917764,0.848037789325799,"testosterone 17-beta-dehydrogenase 3-like, transcript variant X3","liver"
"LOC115132414",309.749483557094,0.0285993849054291,0.096945334910418,0.627216694769817,0.845793803516791,"tyrosine-protein kinase STYK1-like, transcript variant X1","liver"
"LOC115103789",52.8930235196348,0.0285045179877027,0.0964928364396259,0.629338369430429,0.84661530469483,"THO complex subunit 4-like","liver"
"LOC115130637",206.707903992746,0.0284837289390046,0.110584697841825,0.556401812688211,0.795747320694109,"phospholipid-transporting ATPase 11C-like, transcript variant X3","liver"
"LOC115137871",89.4860661461606,0.0284682807715795,0.103414680261257,0.607224566282221,0.834294013738264,"opioid growth factor receptor-like protein 1","liver"
"sf3b5",111.221637522794,0.0284111285076885,0.0763729054675403,0.631725616278543,0.847806710128038,"splicing factor 3b subunit 5","liver"
"LOC115133089",45.7596082247526,0.0283973614761694,0.0839605221327456,0.639594303671269,0.852147274088816,"splicing factor 45-like","liver"
"wwp1",62.1267849051548,0.0283548739690109,0.0838167338097584,0.640030751016512,0.852147274088816,"WW domain containing E3 ubiquitin protein ligase 1, transcript variant X1","liver"
"LOC115106116",38.310979657414,0.0283452149912785,0.097649422305306,0.628631958717394,0.846165433083345,"trimeric intracellular cation channel type B-like, transcript variant X1","liver"
"mrpl11",88.9420436047478,0.0283335965141511,0.102530263027909,0.612834231538517,0.838193331217652,"mitochondrial ribosomal protein L11, transcript variant X1","liver"
"LOC115112275",48.5668218851303,0.0282401913546276,0.102291320277308,0.614993615304715,0.838911319644943,"DNA-directed RNA polymerase II subunit GRINL1A-like","liver"
"LOC115133139",43.3711736063005,0.0282067360216259,0.118616969239545,0.404378475865201,0.697349075972793,"small subunit processome component 20 homolog","liver"
"tm4sf5",367.480710570144,0.0281991430246278,0.0982768626906593,0.628816682318024,0.846165433083345,"transmembrane 4 L six family member 5","liver"
"LOC115128084",354.94797205261,0.0281947942142556,0.088353329086878,0.642297271779377,0.85362870721957,"eukaryotic translation initiation factor 3 subunit M-like","liver"
"LOC115108281",392.810383087651,0.0281327525626416,0.0957852877023265,0.635212264876066,0.850171849580289,"cold-inducible RNA-binding protein B-like, transcript variant X2","liver"
"LOC115126333",132.35692639205,0.0280932644094096,0.0912403748980739,0.641836790947468,0.85362870721957,"transmembrane emp24 domain-containing protein 2, transcript variant X1","liver"
"LOC115113484",1464.2766305702,0.0280455773256413,0.0961294528474053,0.635590434050865,0.850171849580289,"insulin-like growth factor-binding protein 2-B","liver"
"LOC115141101",38.6117659954906,0.0280411316093377,0.0905174897718395,0.643018578073828,0.85362870721957,"bolA-like protein 1","liver"
"LOC115128437",72.401242903752,0.0280278427997921,0.107725198579387,0.587497042089328,0.820320355295126,"phosphatidylinositol 4-kinase beta-like","liver"
"LOC115143312",137.23732401798,0.0280185808258125,0.120698922366849,0.309374116476837,0.62406342000058,"interferon-induced GTP-binding protein Mx3, transcript variant X2","liver"
"pgd",358.591620455499,0.028000800569813,0.114210654770334,0.51570089271011,0.775312771944707,"phosphogluconate dehydrogenase","liver"
"LOC115146217",44.0978453286591,0.0279941415138066,0.0839971749405254,0.644367804674977,0.854214751161051,"protein TMED8-like","liver"
"plek2",251.379611426046,0.0279908884085693,0.10886131989804,0.579091024235129,0.815718059233853,"pleckstrin 2","liver"
"LOC115136892",3890.35440520191,0.0278736418639484,0.0785589649554937,0.641243657312979,0.853278738908574,"alpha-2-macroglobulin-like","liver"
"LOC115137920",170.058291297502,0.0278590575106878,0.0701571370594904,0.625882769065143,0.844767827098585,"heterogeneous nuclear ribonucleoprotein C-like, transcript variant X8","liver"
"LOC115105641",283.272916533421,0.0278307437758332,0.118511332764418,0.414144294060101,0.705995979548108,"RING finger protein 121, transcript variant X1","liver"
"LOC115117419",39.7127092767609,0.0277696879826264,0.112506770205832,0.54407606942426,0.789532035851994,"receptor expression-enhancing protein 6-like, transcript variant X1","liver"
"LOC115129634",41.7432073071397,0.0277352724846734,0.0977603781806757,0.635746643451643,0.850171849580289,"B-cell CLL/lymphoma 9 protein-like, transcript variant X3","liver"
"LOC115103338",414.881583327194,0.0277190528998529,0.112847769653641,0.540264735396875,0.787589645249357,"angiopoietin-related protein 3-like, transcript variant X2","liver"
"LOC115138519",103.938021957167,0.0276817519747705,0.117804285341839,0.43976479474532,0.722827374419819,"C-type lectin domain family 10 member A-like, transcript variant X2","liver"
"LOC115143915",89.4237127082387,0.0276437746561229,0.0840318366896529,0.648528294709539,0.857283880071667,"inhibitor of nuclear factor kappa-B kinase subunit alpha-like, transcript variant X2","liver"
"LOC115103117",357.44499901774,0.0276172250252374,0.0678072723580034,0.62270809306144,0.842730057069661,"25-hydroxycholesterol 7-alpha-hydroxylase-like, transcript variant X1","liver"
"LOC115143224",52.0308321578616,0.0275983344700001,0.0931434984528652,0.645726729295854,0.855614436424406,"adaptin ear-binding coat-associated protein 2-like","liver"
"LOC115141646",86.5149476838533,0.0275491207095433,0.100533000033911,0.630090235709808,0.847021302575614,"histone H3.3, transcript variant X1","liver"
"LOC115145859",51.8833693116272,0.0275463452744335,0.0880541440144106,0.650040816882924,0.85750711498154,"oxysterol-binding protein 1-like, transcript variant X3","liver"
"LOC115102938",40.8993530371278,0.0274576691280364,0.104377782134903,0.61535837237866,0.839003470284935,"ubiquitin carboxyl-terminal hydrolase 14-like","liver"
"LOC115121748",3125.13868777334,0.0274436521916511,0.113266581090368,0.538392651100076,0.787589645249357,"microfibril-associated glycoprotein 4-like","liver"
"LOC115101140",107.033381221101,0.0274098226557367,0.0982696374611011,0.638439519870323,0.852038857131215,"AN1-type zinc finger protein 5-like, transcript variant X1","liver"
"LOC115138460",227.449482279646,0.0273756861379707,0.100833164059149,0.631224917916437,0.847582887593662,"dnaJ homolog subfamily C member 17-like, transcript variant X2","liver"
"LOC115106838",39.6540006870515,0.0273748944030129,0.120950902526192,0.303602841002052,0.62061608989775,"transcription initiation factor TFIID subunit 6-like, transcript variant X1","liver"
"LOC115116931",68.7641465876985,0.0272869950566981,0.0965976371591384,0.643794366295858,0.854214751161051,"serine/threonine-protein kinase 19-like","liver"
"LOC115133034",55.5439989363373,0.0272607421029542,0.118243043408732,0.432513877082385,0.716331284836359,"insulin-like growth factor I, transcript variant X1","liver"
"LOC115140341",133.222200640112,0.0272279381736185,0.0832942812324197,0.653119633666676,0.859359928147764,"protein NipSnap homolog 1-like","liver"
"LOC115141342",268.466398989275,0.0271689861918448,0.106104614556829,0.609569123136899,0.836158228676125,"uncharacterized LOC115141342, transcript variant X1","liver"
"LOC115109495",71.046771291105,0.0270592151627389,0.0867340788189137,0.655996117423904,0.861095202298687,"ubiquitin-conjugating enzyme E2 H-like","liver"
"LOC115120316",81.6162384903578,0.0270255750318173,0.112538942461223,0.554326014486938,0.79406083559725,"mitoguardin 1-like","liver"
"LOC115140112",62.1752399616688,0.0270214442317073,0.116985778036776,0.473224632665602,0.74729755122406,"phosphoinositide-3-kinase-interacting protein 1-like","liver"
"LOC115114130",95.7961042107288,0.0268369302469565,0.11251642910416,0.557337369417659,0.796438063207316,"beta-1,3-galactosyltransferase 2-like, transcript variant X1","liver"
"LOC115141705",74.8869700051593,0.0268214671545859,0.0908456919748147,0.657274955255795,0.861214759195688,"glucuronokinase 1-like, transcript variant X1","liver"
"gart",116.144720469353,0.0267958368461752,0.0828314818600882,0.658014076293279,0.86159049764641,"phosphoribosylglycinamide formyltransferase, phosphoribosylglycinamide synthetase, phosphoribosylaminoimidazole synthetase, transcript variant X1","liver"
"LOC115105383",83.5135807108644,0.0267789828969499,0.101954096833504,0.634628001446771,0.85008533716927,"proline-rich nuclear receptor coactivator 2","liver"
"LOC115102974",142.905789594502,0.0267707192173748,0.0981621253456351,0.646531154721287,0.855965533897544,"serine/arginine-rich splicing factor 11-like, transcript variant X1","liver"
"LOC115131976",41.1634264649572,0.0267463886825696,0.0991226101856016,0.6443057788775,0.854214751161051,"E3 ubiquitin-protein ligase ARIH2-like, transcript variant X1","liver"
"pebp1",194.874592424235,0.0267463147357283,0.0992012263484119,0.64408726487814,0.854214751161051,"phosphatidylethanolamine binding protein 1","liver"
"LOC115141247",51.6907700304428,0.0267298438596216,0.109805226952533,0.588043633124805,0.820510757148527,"cathepsin Z-like","liver"
"LOC115138696",61.7840175475249,0.0267148170814108,0.0790930067606048,0.655786105254018,0.861095202298687,"sorting nexin-6","liver"
"psmd8",301.988440879439,0.0267143068757491,0.0835679695259425,0.659376845879588,0.861996373733975,"proteasome 26S subunit, non-ATPase 8","liver"
"LOC115131531",266.836814243336,0.0266799993319849,0.0935840933854209,0.656170344914573,0.861095202298687,"myocyte-specific enhancer factor 2D homolog, transcript variant X2","liver"
"LOC115120803",254.45022155646,0.0266595248776451,0.0864926302507738,0.660753216195614,0.862357112657725,"protein tyrosine phosphatase type IVA 2-like, transcript variant X5","liver"
"LOC115103060",427.550694447776,0.0266477105120009,0.100049161995976,0.642815058064837,0.85362870721957,"protein canopy-1-like, transcript variant X2","liver"
"LOC115111853",445.499490339707,0.0265799320001998,0.0990364254590148,0.646598122931815,0.855965533897544,"60S ribosomal protein L37","liver"
"srsf2",303.218389826007,0.0265557927204531,0.0795244167381101,0.658172124751854,0.86159049764641,"serine and arginine rich splicing factor 2, transcript variant X2","liver"
"LOC115127301",513.319619103888,0.026458463063447,0.101990973763422,0.63852914248638,0.852038857131215,"coagulation factor VII-like","liver"
"LOC115118871",416.104300784622,0.0264452239874378,0.0938249307576114,0.658679069639658,0.861880308142656,"elongation factor 1-gamma-like, transcript variant X2","liver"
"rnf168",40.943921405094,0.0264063688871625,0.0894995415850253,0.663069444449168,0.863994941924764,"ring finger protein 168","liver"
"LOC115129184",179.646298858984,0.026386776167227,0.105695833690173,0.622189723270965,0.842607481279481,"solute carrier family 25 member 48-like","liver"
"LOC115111465",65.7857326125467,0.0263814006597627,0.116277119021258,0.500439978158352,0.76715351495778,"calcium-binding mitochondrial carrier protein SCaMC-2-A-like, transcript variant X1","liver"
"LOC115139448",38.9671488745174,0.0263597476307939,0.0956333023740163,0.656896687692311,0.861095202298687,"heat shock factor protein 2-like, transcript variant X2","liver"
"LOC115144216",83.7552750942134,0.0263420314588702,0.0738237116607198,0.652507838368861,0.858955293875167,"TOM1-like protein 2, transcript variant X2","liver"
"LOC115113536",76.4011771416084,0.0263366138351688,0.0761138086185591,0.656426502338205,0.861095202298687,"vacuolar protein sorting-associated protein 35, transcript variant X3","liver"
"LOC115104267",77.9887538692043,0.0261724181187193,0.102528040791993,0.640063904786934,0.852147274088816,"hsc70-interacting protein-like, transcript variant X2","liver"
"LOC115125893",256.562717192278,0.0260828839330362,0.0791534096801352,0.663484259965548,0.864335978718386,"NEDD4 family-interacting protein 1-like","liver"
"LOC115112746",305.565157877167,0.0260336768210262,0.0909016280484944,0.666670280112145,0.865964497527393,"eukaryotic translation initiation factor 4 gamma 2-like","liver"
"LOC115146138",105.76733780202,0.0260200214525446,0.0733649719174949,0.655629368562743,0.861095202298687,"eukaryotic translation initiation factor 5-like, transcript variant X1","liver"
"LOC115143900",373.721952177788,0.0260018322331063,0.112218480326019,0.573138483244994,0.811622743015108,"calcium-binding and coiled-coil domain-containing protein 2-like, transcript variant X1","liver"
"LOC115136422",433.761690375508,0.0258018071361281,0.0922825710177189,0.668256165333608,0.865964497527393,"protein ABHD14B-like","liver"
"sp1",53.645892907155,0.0257457136924492,0.0930062493961792,0.668153989295839,0.865964497527393,"Sp1 transcription factor, transcript variant X1","liver"
"LOC115125748",11498.4420885734,0.0257297963365354,0.0996776785006395,0.655354258391858,0.861095202298687,"apolipoprotein C-II-like, transcript variant X2","liver"
"LOC115104131",43.7697579227695,0.0257157028884837,0.0871800412940828,0.672012739183671,0.868267147583697,"V-type proton ATPase 116 kDa subunit a-like, transcript variant X1","liver"
"LOC115105877",40.5641613051648,0.0257126615419714,0.107342890330584,0.621053673089594,0.842091507748282,"glycerol-3-phosphate acyltransferase 3-like, transcript variant X3","liver"
"LOC115110000",49.9096039631312,0.0256601680501997,0.0997227819334381,0.656094126067221,0.861095202298687,"uncharacterized LOC115110000","liver"
"LOC115131466",211.440241774664,0.0256439178681517,0.0881650797545377,0.672702566310257,0.868305667935252,"nuclear migration protein nudC-like","liver"
"sfxn2",48.2238788985873,0.0256348512658958,0.116219748326679,0.51357983504755,0.773790567034054,"sideroflexin 2","liver"
"LOC115102421",71.0844808247409,0.0255694889343878,0.088306120193736,0.673559079017245,0.868305667935252,"phosphatidylinositide phosphatase SAC1-B","liver"
"LOC115146252",514.098754509608,0.0255133522485073,0.0969222522476751,0.664784469986194,0.865145060353059,"fibrinogen-like protein 1-like protein","liver"
"LOC115128221",42.8482653089399,0.025461118040554,0.0909577457662401,0.67352221227515,0.868305667935252,"dnaJ homolog subfamily C member 8-like","liver"
"LOC115106900",174.710509908577,0.0254469989349496,0.0790445231563024,0.671080854792473,0.867824669298741,"ADP-ribosylation factor 4","liver"
"LOC115111243",365.645972574945,0.0254345496053166,0.0935536955373234,0.671267501770149,0.867830940236476,"LMBR1 domain-containing protein 2-B-like, transcript variant X6","liver"
"LOC115107782",49.328431698276,0.0253777161214407,0.115693886719365,0.528696164332358,0.783668834015292,"EH domain-containing protein 3, transcript variant X1","liver"
"LOC115143335",79.8210304510818,0.0253071627444027,0.10605744967292,0.634395463255586,0.850035970027532,"calpastatin-like","liver"
"LOC115105452",100.739641646597,0.0252769037025895,0.0965612939836926,0.66841538792497,0.865964497527393,"transducin beta-like protein 2","liver"
"rpl22l1",351.022457565225,0.0252538531522739,0.103157305775327,0.649264235066675,0.857283880071667,"ribosomal protein L22 like 1","liver"
"LOC115137219",38.2730812149643,0.0250805686816133,0.0912692518813517,0.677882568849074,0.87110108507284,"pre-mRNA-splicing factor ATP-dependent RNA helicase DHX15-like","liver"
"qars",89.1769483562199,0.0250760391407014,0.104017076329193,0.647832615847768,0.856796193271609,"glutaminyl-tRNA synthetase","liver"
"LOC115111163",85.0287796124424,0.0249947815416541,0.0912432959509296,0.678941755381941,0.871800125286886,"basic leucine zipper and W2 domain-containing protein 1-A","liver"
"gstz1",487.531872625576,0.0249860950190692,0.101058606009564,0.660465949891554,0.862357112657725,"glutathione S-transferase zeta 1, transcript variant X1","liver"
"LOC115125824",158.234371453339,0.0249524752183832,0.103599854502852,0.651287949852376,0.858350085169587,"heparanase-like, transcript variant X1","liver"
"upb1",184.75425377842,0.0249197728128319,0.111562244671671,0.596356404630435,0.826061889240293,"beta-ureidopropionase 1","liver"
"LOC115104286",40.0072349836676,0.024914362589084,0.0859694778390555,0.681654234727851,0.873891873132027,"growth factor receptor-bound protein 2, transcript variant X1","liver"
"LOC115121080",42.363011720574,0.0248109391406868,0.0885451892785911,0.682628878710758,0.874545643113442,"tubulin-specific chaperone A-like","liver"
"LOC115141390",41.3653582099977,0.0247508227967994,0.0982106148261741,0.671393118482629,0.867830940236476,"inhibitor of Bruton tyrosine kinase-like","liver"
"LOC115113476",49.3545164032465,0.024723600115782,0.100996205916778,0.664003257978322,0.864812547761385,"gamma-butyrobetaine dioxygenase-like, transcript variant X1","liver"
"rnf10",138.650977370282,0.0246159749018638,0.0810882852023567,0.683096621422298,0.874817544945232,"ring finger protein 10","liver"
"LOC115112837",60.3146073592506,0.0246138347752569,0.0911269722804883,0.683650701094833,0.874937403633578,"protein phosphatase 1 regulatory subunit 21-like, transcript variant X2","liver"
"LOC115129805",58.2264822206146,0.0245160081493108,0.0918460128609463,0.684251529681282,0.874937403633578,"guanine nucleotide-binding protein subunit alpha-11-like, transcript variant X3","liver"
"LOC115115715",41.2111766303896,0.0245077539650328,0.0966719004677598,0.67769652815486,0.87110108507284,"E3 ubiquitin-protein ligase Topors-like, transcript variant X2","liver"
"LOC115105578",50.0078196896998,0.0244085615156151,0.103024731032166,0.66073890012478,0.862357112657725,"nuclear receptor-interacting protein 1-like","liver"
"LOC115111740",158.559445844915,0.0244076787056386,0.0996061199331987,0.672147296838872,0.868267147583697,"fumarylacetoacetate hydrolase domain-containing protein 2-like, transcript variant X2","liver"
"LOC115118596",93.6616457517898,0.0243331670630824,0.0936536994457659,0.684575421528572,0.874937403633578,"prostaglandin E synthase 3-like","liver"
"LOC115110440",121.828256174571,0.0243194081416118,0.0679314182928297,0.665134674218776,0.865145060353059,"splicing factor 3B subunit 1, transcript variant X7","liver"
"LOC115137001",234.755570339411,0.0242906402526218,0.0708126998808284,0.672191941567188,0.868267147583697,"14-3-3 protein epsilon-like, transcript variant X2","liver"
"LOC115137093",106.870818798726,0.0242713622477333,0.0822452499886547,0.688099310445989,0.876326675597494,"cleft lip and palate transmembrane protein 1 homolog, transcript variant X3","liver"
"LOC115143334",63.5112401263357,0.0242551732329595,0.107633644813864,0.638951077892763,0.852038857131215,"dolichyl-diphosphooligosaccharide--protein glycosyltransferase subunit 1-like","liver"
"LOC115131922",398.641916934804,0.024251353250737,0.10214272348692,0.666124028572535,0.865588458776897,"glucose-6-phosphate 1-dehydrogenase, transcript variant X4","liver"
"LOC115116084",88.5192443852531,0.0242096419106808,0.0746200983133542,0.68032048531329,0.873173325773775,"YTH domain-containing family protein 1-like, transcript variant X2","liver"
"LOC115109414",76.5359241433975,0.0240439544516522,0.0895005187713983,0.69155565059428,0.878210347110955,"tropomyosin alpha-1 chain-like, transcript variant X8","liver"
"trappc11",48.6236519793871,0.0240383709302618,0.0766763010257957,0.685485842769691,0.875023341572383,"trafficking protein particle complex 11, transcript variant X2","liver"
"LOC115114160",48.2759386014247,0.0240203752295532,0.091789454620278,0.690341585446705,0.87706313938616,"UMP-CMP kinase","liver"
"LOC115116589",47.0546411104416,0.0239870630863809,0.111979044700423,0.605521427418673,0.833923395137337,"small integral membrane protein 13","liver"
"fabp1",108.576747450215,0.0239580894399636,0.11747616836667,0.510695678617694,0.772819030146207,"fatty acid binding protein 1","liver"
"LOC115117574",55.4549438302605,0.0239343341835096,0.0776378369612335,0.687999002594376,0.876326675597494,"U4/U6 small nuclear ribonucleoprotein Prp31-like","liver"
"LOC115110565",127.932638540939,0.0238969851995152,0.0964665844659491,0.685659007347678,0.875023341572383,"transmembrane protein 205-like","liver"
"lnpk",51.3492969598062,0.0238802408800253,0.0823455480164205,0.692925405078229,0.878668799209409,"lunapark, ER junction formation factor, transcript variant X2","liver"
"ddx5",74.9649828825674,0.0238737716119329,0.105449349347611,0.656805379033302,0.861095202298687,"DEAD-box helicase 5, transcript variant X1","liver"
"LOC115138841",41.6673734217389,0.02382698793436,0.0920592140132159,0.692467062716356,0.87857731148237,"putative Polycomb group protein ASXL2","liver"
"LOC115133180",104.33894068863,0.0238162744780333,0.105894066842585,0.65525248887797,0.861095202298687,"cyclin-dependent kinase inhibitor 1B-like","liver"
"LOC115102722",88.3824089134319,0.0238073464796495,0.111336019936835,0.614989692302487,0.838911319644943,"elongation factor 2-like","liver"
"rnf212b",69.2547214882477,0.0237036563290851,0.103407155886444,0.66838590154378,0.865964497527393,"ring finger protein 212B, transcript variant X2","liver"
"LOC115145265",46.0219683315526,0.0236323264632536,0.101933648236628,0.674851483471409,0.869027286538032,"major vault protein","liver"
"LOC115128522",295.995048631517,0.0235977031737925,0.101137579895718,0.677934496601144,0.87110108507284,"KH domain-containing, RNA-binding, signal transduction-associated protein 3-like, transcript variant X1","liver"
"LOC115114981",43.3367970165327,0.0235231961106651,0.0944901599761888,0.693447300209468,0.878668799209409,"lysosomal alpha-mannosidase-like","liver"
"wdr41",44.9081229150885,0.0235182158704345,0.0926926672288646,0.695644440546838,0.880234986850615,"WD repeat domain 41, transcript variant X1","liver"
"LOC115101669",205.323548205014,0.0234832944287483,0.114948300793522,0.57266105063714,0.811557302183055,"pancreatic progenitor cell differentiation and proliferation factor","liver"
"LOC115120982",544.264880626261,0.023439844115363,0.10447534619793,0.66727639477592,0.865964497527393,"protein FAM3C-like, transcript variant X1","liver"
"tmem62",213.140881602223,0.0234371118172189,0.0770866908693991,0.693472931150749,0.878668799209409,"transmembrane protein 62, transcript variant X2","liver"
"LOC115108369",129.317297555366,0.0233690980912062,0.0862875794695236,0.700419014906046,0.882519300053473,"vesicle-trafficking protein SEC22b-B, transcript variant X1","liver"
"lars",93.2300179725378,0.0233241967011829,0.0918726885826774,0.69878978586752,0.882361107632487,"leucyl-tRNA synthetase","liver"
"LOC115140844",75.5300582556477,0.023300965792889,0.0746534938577577,0.69174125142642,0.878248505858684,"zinc finger protein 696-like, transcript variant X2","liver"
"fam114a2",90.9660583170095,0.0232865868835454,0.0899344366863803,0.700575894941492,0.882519300053473,"family with sequence similarity 114 member A2, transcript variant X1","liver"
"LOC115117569",89.2585501461724,0.0231597236702654,0.0855860498933291,0.702909525446913,0.883993586939985,"retinoic acid receptor RXR-alpha-A-like","liver"
"LOC115118137",60.7027353820465,0.0231404830403906,0.108405918041136,0.649204944784015,0.857283880071667,"dual specificity protein phosphatase 7-like","liver"
"LOC115130874",61.6071033147416,0.0231205376765279,0.0890626030361798,0.702995416205449,0.883993586939985,"mediator of RNA polymerase II transcription subunit 12","liver"
"LOC115115291",205.66722992179,0.0230736553132679,0.114956914092175,0.579115048479058,0.815718059233853,"pancreatic progenitor cell differentiation and proliferation factor","liver"
"LOC115137943",87.3125693005691,0.0230162729617384,0.0714419051440974,0.689712614874378,0.876855983693028,"splicing factor 3B subunit 2-like, transcript variant X1","liver"
"LOC115145050",125.565088429405,0.0229966101744528,0.0952445409919635,0.698887508560482,0.882361107632487,"zinc finger protein 774-like, transcript variant X2","liver"
"LOC115133377",74.0847082363487,0.0229923469303607,0.106838480397424,0.661201548121731,0.862357112657725,"calpain-1 catalytic subunit-like, transcript variant X4","liver"
"LOC115102123",76.9513278535293,0.022965912413523,0.107267403072199,0.65902630984933,0.861996373733975,"annexin A7-like","liver"
"LOC115135924",1479.38690387632,0.0228677499668899,0.110088933763748,0.640225546161832,0.852147274088816,"polyubiquitin-B","liver"
"LOC115105161",53.4323237889068,0.0228561760885121,0.111513304314956,0.627277095055642,0.845793803516791,"collectin-12-like","liver"
"LOC115111622",165.312692797291,0.0228254661243965,0.0868146816738515,0.70705902482648,0.886138791158781,"26S proteasome non-ATPase regulatory subunit 9-like","liver"
"LOC115112079",52.2578849184714,0.0228235869385584,0.0889905221510307,0.706655262009893,0.885970192498827,"autophagy-related protein 13-like, transcript variant X1","liver"
"rad9b",49.9194910380163,0.0227680540693737,0.102603468161726,0.683723942249363,0.874937403633578,"RAD9 checkpoint clamp component B","liver"
"LOC115126405",47.0238386220364,0.0227399000401795,0.109132785919126,0.649642144837008,0.857407652087733,"60S ribosomal protein L3-like","liver"
"LOC115140199",44.7407458231009,0.0226681707412197,0.0875191319049516,0.708923326155032,0.887096874882826,"LETM1 domain-containing protein LETM2, mitochondrial-like, transcript variant X1","liver"
"ergic3",684.095108772095,0.022631296010355,0.091720007068834,0.707433967755593,0.886411935629844,"ERGIC and golgi 3","liver"
"arl2",48.8839174278723,0.0225290774621882,0.0869043040505268,0.710684187272051,0.887922753117504,"ADP ribosylation factor like GTPase 2","liver"
"LOC115104332",39.989075218434,0.0224920745327484,0.104218197055282,0.681024390411251,0.873514535459008,"pre-B-cell leukemia transcription factor 2-like, transcript variant X1","liver"
"LOC115129448",205.870535421621,0.0224335813393693,0.107078250709038,0.667516940763893,0.865964497527393,"malate synthase-like, transcript variant X2","liver"
"LOC115105065",49.9697952834169,0.0223960271028527,0.0977619820582689,0.701950092008536,0.883461930334417,"glycogen debranching enzyme-like, transcript variant X3","liver"
"LOC115141610",89.9016168364642,0.0223762960050075,0.11770771124341,0.53203070733621,0.784059421653691,"putative uncharacterized protein DDB_G0292636, transcript variant X2","liver"
"LOC115141220",144.743581187829,0.0223481020142611,0.0806332564815484,0.71056221339398,0.887922753117504,"MAP7 domain-containing protein 1-like, transcript variant X3","liver"
"LOC115103222",119.10301329907,0.0223281334895486,0.0779213139494515,0.708254524468327,0.886653003358797,"thioredoxin reductase-like selenoprotein T1a","liver"
"LOC115105307",43.4428839659189,0.0223180393834919,0.110384995268329,0.645725300822292,0.855614436424406,"dehydrodolichyl diphosphate synthase complex subunit DHDDS-like, transcript variant X1","liver"
"LOC115130110",41.5475961114622,0.0222980066692208,0.0896225211415205,0.712847581288365,0.889444738995383,"transferrin receptor protein 1-like, transcript variant X2","liver"
"smarcd3",301.312446953192,0.0222791373060168,0.0885030698173566,0.713488823646603,0.890048143682881,"SWI/SNF related, matrix associated, actin dependent regulator of chromatin, subfamily d, member 3, transcript variant X5","liver"
"LOC115106103",38.2356374226804,0.0222661058623205,0.109048954466571,0.657031195802824,0.861095202298687,"ataxin-7-like protein 1","liver"
"LOC115131604",634.548851434823,0.0222397461717211,0.101360102401468,0.694778820435291,0.879731155007323,"class I histocompatibility antigen, F10 alpha chain-like, transcript variant X1","liver"
"eef1d",268.372052628883,0.0222237513543561,0.0841144872329999,0.714027871658262,0.890180229027994,"eukaryotic translation elongation factor 1 delta, transcript variant X5","liver"
"LOC115138419",51.6703698700005,0.022206037339185,0.0948198165969235,0.709344513894921,0.887100098298936,"pre-mRNA-splicing factor syf2-like","liver"
"LOC115107524",452.756444972008,0.0221289508846483,0.105993427602042,0.677633515819482,0.87110108507284,"cholesterol 24-hydroxylase-like, transcript variant X1","liver"
"naa15",97.6524347758555,0.0221015566767618,0.0877831406505875,0.715833644987258,0.89159425537129,"N(alpha)-acetyltransferase 15, NatA auxiliary subunit","liver"
"LOC115101179",48.8235582294699,0.0220730332245493,0.0990064526592305,0.703311936332698,0.883993586939985,"regulator of G-protein signaling 3-like","liver"
"LOC115141616",48.2027922954163,0.0220700572176683,0.0959531933020421,0.709357672997313,0.887100098298936,"myelin protein zero-like protein 2","liver"
"LOC115119759",50.3748252606151,0.0220503139410895,0.0916379475744175,0.714667644555606,0.89069014234054,"phosphoinositide 3-kinase regulatory subunit 4-like","liver"
"LOC115123729",44.9450746916099,0.0220094040334272,0.101793726954126,0.696411383562644,0.880780870004646,"RNA-binding protein 5-B-like, transcript variant X2","liver"
"LOC115110035",9246.44828049155,0.0219992134168717,0.104891834972156,0.68468665550551,0.874937403633578,"nuclear protein 1-like, transcript variant X2","liver"
"LOC115114758",128.402533298821,0.0219888399387654,0.114418360354609,0.605162684233632,0.833923395137337,"purine nucleoside phosphorylase-like","liver"
"LOC115113042",80.6073538804306,0.0219640461420154,0.0985575416454662,0.705731165366751,0.885455456965476,"leucine-rich repeat-containing protein 1-like","liver"
"LOC115133208",44.2323298760654,0.0219404944201194,0.0870614908329258,0.71790117370884,0.892790754792975,"KICSTOR complex protein C12orf66 homolog, transcript variant X2","liver"
"LOC115139662",48.4919667459291,0.0217852121191547,0.121897196481767,0.328159168598164,0.636259157247677,"potassium channel subfamily K member 3-like","liver"
"LOC115107741",196.253631823305,0.0217557240766479,0.0794598811721437,0.716926989958699,0.892168786710781,"solute carrier family 22 member 2-like","liver"
"LOC115105495",1619.9349198894,0.0217269313952718,0.0785565249122666,0.716425307488095,0.891767130589902,"membrane-associated progesterone receptor component 1-like","liver"
"LOC115134338",883.053516007348,0.0217269209659668,0.109537880013742,0.661175599766269,0.862357112657725,"carboxylesterase 5A-like, transcript variant X1","liver"
"LOC115108036",103.408686600624,0.0217000433045748,0.114594740312926,0.607205279949679,0.834294013738264,"SAM and SH3 domain-containing protein 1-like, transcript variant X2","liver"
"LOC115109332",57.4832711921175,0.021664554483344,0.102510287037086,0.698554426695574,0.882335188618169,"coactosin-like protein","liver"
"LOC115111476",222.903163613712,0.0216246834955637,0.105683171809673,0.686076934878854,0.875023341572383,"glutathione S-transferase theta-1-like","liver"
"LOC115131842",58.9937061360002,0.0216153038926609,0.0799692563859552,0.719115595637713,0.892952209424078,"MAP kinase-activated protein kinase 2-like","liver"
"LOC115108263",129.37228359816,0.0216064346222769,0.0885872742100215,0.721744732057479,0.894163936806166,"tight junction protein ZO-3-like","liver"
"LOC115105605",62.2557157954482,0.0215951004642081,0.0875822011342276,0.722098993226409,0.894163936806166,"arrestin red cell, transcript variant X4","liver"
"LOC115141591",190.47032354742,0.0215823352681154,0.0769281266083624,0.716446281324087,0.891767130589902,"14-3-3 protein epsilon-like, transcript variant X3","liver"
"inip",45.909367908112,0.0215793947875431,0.0922544337720774,0.719995184087606,0.893258559373807,"INTS3 and NABP interacting protein, transcript variant X2","liver"
"LOC115113389",154.416189215096,0.0215782279844456,0.102268603099902,0.700510586818501,0.882519300053473,"pterin-4-alpha-carbinolamine dehydratase-like","liver"
"LOC115136181",118.509984325852,0.0215478102502592,0.0829995389182957,0.721918832320013,0.894163936806166,"ubiquitin-conjugating enzyme E2 B-like","liver"
"LOC115132516",80.0278811179255,0.0215061001368195,0.112064812753551,0.642045599740112,0.85362870721957,"glucose-6-phosphate 1-dehydrogenase-like, transcript variant X3","liver"
"LOC115138265",102.77996335826,0.0214354892032853,0.108466809456491,0.67294259273444,0.868305667935252,"bifunctional glutamate/proline--tRNA ligase-like","liver"
"LOC115130717",52.0674693673506,0.0214262825939772,0.0974846233123798,0.714792248484765,0.89069014234054,"palmitoyltransferase ZDHHC5-like, transcript variant X1","liver"
"LOC115128559",808.211051881855,0.0213753919232091,0.0938165215743963,0.720972307834117,0.893612877750556,"60S ribosomal protein L15","liver"
"LOC115131557",94.4701695889958,0.0213674493581124,0.105720394838152,0.689420794773575,0.876855983693028,"acidic leucine-rich nuclear phosphoprotein 32 family member E-like","liver"
"LOC115101259",368.277622908147,0.021365402006248,0.0938186992517062,0.721094628237962,0.893612877750556,"vitamin K-dependent gamma-carboxylase-like","liver"
"LOC115107410",60.5616126369038,0.0213566244105516,0.0781914287759485,0.720684037405398,0.893496283528959,"protein FAM122A-like, transcript variant X2","liver"
"LOC115144522",46.0700494464861,0.0212995349117786,0.096105185912205,0.718811650723552,0.892952209424078,"charged multivesicular body protein 2a","liver"
"LOC115147095",60.3297964738405,0.0212674884452369,0.101636336652316,0.706620878892359,0.885970192498827,"spectrin alpha chain, non-erythrocytic 1-like, transcript variant X5","liver"
"LOC115133554",129.106143017616,0.0212081026566853,0.0920316589706367,0.724796155254237,0.89544837911716,"protein transport protein Sec24D-like","liver"
"LOC115101334",41.3463691255586,0.021208021232414,0.0895541079480367,0.72632376436901,0.896833190850517,"adenylosuccinate synthetase isozyme 2-like","liver"
"LOC115138520",70.5594755691192,0.0211720800171132,0.120762153436371,0.429819363767514,0.714548905250241,"C-type lectin domain family 4 member K-like","liver"
"LOC115137062",228.332135364304,0.0211406339069787,0.0863409054308139,0.727776489261326,0.898147772321191,"transmembrane protease serine 4-like, transcript variant X3","liver"
"LOC115128368",44.5461753523417,0.0211115034442544,0.0978515948503292,0.718086023889711,0.892822882879857,"glycogen synthase kinase-3 beta-like, transcript variant X2","liver"
"mmp2",82.5141464029004,0.0209694745716251,0.114352003991544,0.622718703169434,0.842730057069661,"matrix metallopeptidase 2","liver"
"LOC115139788",179.957447218744,0.0209400837044784,0.0949574856294646,0.725018797145074,0.895527483850598,"riboflavin kinase-like, transcript variant X2","liver"
"LOC115102925",297.8621558074,0.0208943536087727,0.108348102897782,0.681453365883322,0.873832773967121,"alanine aminotransferase 2-like, transcript variant X2","liver"
"LOC115102909",299.002391956272,0.0208651756978856,0.102812785164692,0.708104139722425,0.886653003358797,"microsomal glutathione S-transferase 3-like, transcript variant X1","liver"
"LOC115102750",80.2219845783808,0.02084396115762,0.118125507155028,0.548204115821231,0.7921077687301,"C-C motif chemokine 2-like, transcript variant X1","liver"
"LOC115134122",88.3591088023657,0.0208206432690681,0.110089613098586,0.670208523681106,0.867093795761578,"fatty acyl-CoA hydrolase precursor, medium chain-like, transcript variant X1","liver"
"LOC115144155",355.33947093047,0.0208192164175074,0.111372476024354,0.659312577951215,0.861996373733975,"sulfotransferase family cytosolic 2B member 1-like","liver"
"LOC115114230",74.7647932298001,0.0207778330130273,0.0877742859171395,0.732168495051666,0.901146131551922,"pyroglutamyl-peptidase 1-like","liver"
"lg3h11orf42",42.0860668612788,0.0207677831413838,0.102242896009412,0.71129602795778,0.888312607109496,"linkage group 3 C11orf42 homolog","liver"
"prelid1",63.8611282296314,0.0207572618262889,0.0830034024222366,0.731717881154223,0.90104234612797,"PRELI domain containing 1, transcript variant X1","liver"
"LOC115104207",91.4514871985682,0.0207123779764507,0.0899702337154312,0.732280986815483,0.901146131551922,"DNA-directed RNA polymerase III subunit RPC10","liver"
"LOC115131383",155.767019911129,0.0207102454724095,0.105825192657913,0.697963562012063,0.881786142564356,"zinc finger protein 40-like, transcript variant X1","liver"
"LOC115106603",262.823546443931,0.0206585420405492,0.105608782333545,0.699692561234648,0.882519300053473,"heparan sulfate glucosamine 3-O-sulfotransferase 2-like, transcript variant X3","liver"
"nhlrc3",68.4602539950188,0.0205669943691861,0.101803110540077,0.715329232024892,0.891162586940102,"NHL repeat containing 3","liver"
"LOC115130641",44.0634166341958,0.020437479625043,0.08540987821633,0.736402443548989,0.902578852357435,"ras-related protein Rab-6A-like, transcript variant X4","liver"
"LOC115125304",41.6474063344925,0.0204285808925311,0.0908001665451869,0.735365525446747,0.902188700652595,"uridine-cytidine kinase-like 1, transcript variant X1","liver"
"LOC115104290",317.826771815123,0.0203782108088257,0.0825549105381915,0.736222488460862,0.902578852357435,"probable ATP-dependent RNA helicase DDX5, transcript variant X2","liver"
"LOC115117536",189.803307176738,0.0203603992318897,0.0979654524364045,0.727472733263314,0.897969184959482,"AP-1 complex subunit mu-2-like","liver"
"LOC115103897",75.5024549363481,0.0202902941511775,0.119479798099238,0.512419540896431,0.773242838817295,"UTP--glucose-1-phosphate uridylyltransferase-like, transcript variant X2","liver"
"LOC115122566",627.724408438715,0.0202613773322262,0.0831844430116333,0.737963246832926,0.903217102020096,"elongation factor 1-gamma, transcript variant X2","liver"
"LOC115129371",40.7014267245717,0.0201914908616834,0.097601084641055,0.730329087294125,0.900510597698761,"pre-mRNA-processing factor 19-like, transcript variant X3","liver"
"LOC115108213",224.331631207422,0.0201840604213584,0.114160125905633,0.638264652221385,0.852038857131215,"cystathionine gamma-lyase-like, transcript variant X2","liver"
"LOC115105801",91.4250310965413,0.0201688693435408,0.093292935199945,0.736642463985664,0.902578852357435,"triosephosphate isomerase B-like","liver"
"LOC115139612",93.7681877096368,0.0201559680777182,0.112779481653474,0.655465701782571,0.861095202298687,"pepsin A-like","liver"
"LOC115139150",126.483546828451,0.0201332944496483,0.0903394852951093,0.73930259669374,0.90366521999115,"26S proteasome regulatory subunit 4-like","liver"
"LOC115131667",59.7630338198256,0.0201221294285928,0.0978619561436123,0.7307298977141,0.900525465763154,"zinc finger protein 706-like, transcript variant X1","liver"
"LOC115117084",3321.01172430274,0.0201067890210557,0.0908754797931065,0.739333221094991,0.90366521999115,"glycine-rich RNA-binding protein GRP1A-like","liver"
"LOC115104995",242.159630843749,0.0200786297619871,0.114981711926397,0.628223292396632,0.846165433083345,"lipocalin-like","liver"
"LOC115141467",64.6791376443717,0.0200673084647025,0.0902879729980969,0.740151964016648,0.903936402517412,"RNA-binding protein FUS-like, transcript variant X1","liver"
"LOC115144331",110.882608289425,0.020061743492181,0.0896049917747021,0.740536308552538,0.904118939781718,"interferon gamma receptor 1-like, transcript variant X1","liver"
"LOC115110425",39.6524844129566,0.019968858647965,0.117540043895356,0.580272335316006,0.815998307400247,"interferon-induced very large GTPase 1-like, transcript variant X1","liver"
"LOC115138186",53.9458800931406,0.0199058926041903,0.108284076918522,0.696065682796578,0.880570657644965,"succinate--CoA ligase [GDP-forming] subunit beta, mitochondrial","liver"
"LOC115123030",113.880521044166,0.0198919009082187,0.0732457647490488,0.732969265002584,0.901403718188758,"heterogeneous nuclear ribonucleoprotein H-like, transcript variant X2","liver"
"LOC115129308",407.994546069041,0.0198440637894144,0.0633134633163449,0.712811817972426,0.889444738995383,"heterogeneous nuclear ribonucleoprotein A0-like","liver"
"LOC115143359",38.4699737053416,0.0198320899107979,0.114581848879162,0.638269620499577,0.852038857131215,"DNA-binding protein inhibitor ID-1-like","liver"
"LOC115110162",149.785154948955,0.019824943984265,0.11287632946222,0.659664977002809,0.862145476888394,"proline-rich protein 15-like protein A","liver"
"LOC115119682",87.8896961547174,0.0196176389257387,0.0899972653014675,0.745906535210676,0.907235738431598,"protein transport protein Sec16B-like","liver"
"LOC115135315",46.9755384516981,0.0196045738893851,0.0773159061111023,0.741866014120935,0.904464589878384,"nucleolysin TIAR-like, transcript variant X4","liver"
"LOC115111366",13589.4154861919,0.0195879584851112,0.111096405610149,0.680537888276596,0.873253844820378,"alpha-1-antitrypsin-like protein CM55-ST","liver"
"LOC115136247",43.2066575381671,0.0195663503222634,0.101706187488586,0.728866741320386,0.89929668301899,"core histone macro-H2A.1, transcript variant X5","liver"
"LOC115122653",195.280846887684,0.0195565645266218,0.0929289441210525,0.744686553165967,0.906874731491927,"tyrosine-protein kinase ABL1-like, transcript variant X1","liver"
"LOC115105979",39.5099764714016,0.0195495457957792,0.0936049655261776,0.744124924640714,0.906435668720922,"progestin and adipoQ receptor family member 3-like, transcript variant X1","liver"
"LOC115104120",39.1719899920444,0.0195078347760684,0.0867295439243433,0.748048686870903,0.908049268084332,"NF-kappa-B inhibitor-interacting Ras-like protein 2, transcript variant X1","liver"
"LOC115111849",40.2417563262902,0.0194544506536551,0.116893379684266,0.604640775658086,0.833737086383159,"phospholipid phosphatase 1-like","liver"
"LOC115141164",177.879970989094,0.019391881218107,0.0912497496610922,0.748046715826469,0.908049268084332,"26S proteasome regulatory subunit 6B-like","liver"
"LOC115114450",47.2252296460527,0.0193852445130721,0.116389855199571,0.616099775361385,0.839203698839657,"protein canopy-1-like, transcript variant X5","liver"
"LOC115136894",385.438210032915,0.0193695682912756,0.0997368328683398,0.73654745819023,0.902578852357435,"alpha-2-macroglobulin-like, transcript variant X2","liver"
"LOC115136081",76.08274847344,0.0193612548060181,0.113465005778022,0.660464129579686,0.862357112657725,"ubiquitin carboxyl-terminal hydrolase 2-like","liver"
"LOC115128708",2492.29394525075,0.0193285746190968,0.121774572589677,0.392974442962072,0.687766182567842,"BPTI/Kunitz domain-containing protein-like, transcript variant X1","liver"
"allc",185.139542114282,0.019286296257984,0.0925415526944063,0.748425684779532,0.908049268084332,"allantoicase","liver"
"LOC115144556",40.1014563305792,0.0192799604305385,0.109215209811074,0.699287693408364,0.882421620627795,"solute carrier family 35 member G1-like","liver"
"wars",70.0206518195657,0.0192603358654049,0.101826308363227,0.73258958319549,0.901329437071636,"tryptophanyl-tRNA synthetase","liver"
"LOC115104965",123.186899926213,0.0192160696054534,0.0873370130088556,0.751653437425347,0.909718179572027,"protein Aster-C-like, transcript variant X1","liver"
"LOC115109488",11153.4340130168,0.0191731481570928,0.12219037936633,0.353321537191721,0.65598599111623,"zona pellucida sperm-binding protein 4-like","liver"
"LOC115116569",39.9930841263161,0.0191410761682279,0.117804999139934,0.589151719709551,0.820510757148527,"fish-egg lectin-like","liver"
"LOC115102834",60.9818211070143,0.0191209347948194,0.110861561411648,0.689625608160641,0.876855983693028,"eukaryotic translation initiation factor 3 subunit F-like, transcript variant X1","liver"
"LOC115118693",51.1119903940441,0.0191152523638939,0.0934440216318132,0.749769682166991,0.908217040445147,"NTF2-related export protein 2-like","liver"
"LOC115130732",41.3508464856141,0.0191004329354226,0.0848911508579589,0.752971847405791,0.910093465301985,"COP9 signalosome complex subunit 8","liver"
"kdm4a",41.3124641393802,0.0190824399020328,0.10316818565985,0.730817187057938,0.900525465763154,"lysine demethylase 4A","liver"
"rfng",90.377316654815,0.0190811378494421,0.0910895835526123,0.7520459883693,0.909803224841026,"RFNG O-fucosylpeptide 3-beta-N-acetylglucosaminyltransferase","liver"
"LOC115106911",1693.94527394678,0.0190540560580514,0.112405921067424,0.676830512271412,0.870610240408972,"peroxisomal succinyl-coenzyme A thioesterase-like, transcript variant X1","liver"
"LOC115106922",1351.83896424648,0.0190307783531384,0.121379075584313,0.43347057330683,0.716654423686783,"galactose-specific lectin nattectin-like, transcript variant X2","liver"
"LOC115109527",44.0057270225467,0.0189550884403728,0.0766194076372802,0.749389293821642,0.908049268084332,"casein kinase I, transcript variant X2","liver"
"LOC115105658",72.0717238753185,0.0189430393741058,0.0883739971598802,0.754897674393463,0.910944641321183,"long-chain-fatty-acid--CoA ligase 4-like, transcript variant X2","liver"
"LOC115105581",54.0758879370037,0.0189343264937364,0.100636073782552,0.740111331227515,0.903936402517412,"tsukushin-like, transcript variant X2","liver"
"LOC115112471",72.5724489884863,0.0189172281293383,0.0924531048622529,0.753149293953582,0.910093465301985,"la-related protein 6-like","liver"
"LOC115102093",474.593982869999,0.0188534814639826,0.0772638351882007,0.751368046234897,0.909567750652278,"cellular nucleic acid-binding protein-like, transcript variant X1","liver"
"LOC115145279",66.7557993477301,0.0187983756131675,0.0935648306284059,0.753661657270824,0.910093465301985,"zinc finger Ran-binding domain-containing protein 2-like, transcript variant X2","liver"
"LOC115113288",46.4813921595611,0.0187822608826061,0.109196607788815,0.706767578288119,0.885970192498827,"glutamate dehydrogenase, mitochondrial-like","liver"
"LOC115102591",86.469770207885,0.0187603422698902,0.0692709351640511,0.741060211446349,0.904214953267987,"serine/threonine-protein kinase 38, transcript variant X3","liver"
"LOC115127937",132.491871403811,0.0187314445354688,0.0810753819220541,0.756036841778309,0.91209060014537,"60S ribosomal protein L30-like","liver"
"LOC115135237",138.849863916484,0.0186720596762283,0.0728838705729287,0.748247456527417,0.908049268084332,"14-3-3 protein beta/alpha-1","liver"
"LOC115109592",56.0751286259836,0.0186618668292147,0.0864913443763313,0.758624167146674,0.913260564543736,"acylglycerol kinase, mitochondrial-like","liver"
"LOC115139759",47.9314282493465,0.0186537726855701,0.104796524166821,0.730819639413172,0.900525465763154,"pescadillo homolog","liver"
"LOC115126955",159.063206211773,0.0186341496979132,0.0900028333596106,0.758226448210838,0.913260564543736,"catenin delta-1-like","liver"
"fdxr",42.3700455605029,0.0185951285711905,0.100201919264175,0.745634760832812,0.90719901522711,"ferredoxin reductase, transcript variant X2","liver"
"LOC115132962",110.190816998401,0.0185514643987741,0.0790329798932046,0.756841846732209,0.912178306783974,"ubiquitin-conjugating enzyme E2 N-like","liver"
"LOC115131149",39.4555658156533,0.0184512282384984,0.0932336766356599,0.75837290869664,0.913260564543736,"mitochondrial import receptor subunit TOM5 homolog","liver"
"LOC115139496",640.806768120898,0.0184434396020215,0.105253826501731,0.731923227574648,0.901098679216411,"monocarboxylate transporter 10-like","liver"
"LOC115137315",74.6488627491138,0.0184042882245864,0.107319673273713,0.723073185864894,0.894690161602715,"coiled-coil domain-containing protein 86-like","liver"
"ppp2r5e",54.04115196917,0.0183684612927879,0.0774889656278658,0.75778214903277,0.91302561106253,"protein phosphatase 2 regulatory subunit B'epsilon, transcript variant X5","liver"
"LOC115141596",54.877080356977,0.018240939337156,0.0889203966997888,0.763561704188148,0.916420753120516,"inositol polyphosphate 5-phosphatase K-like","liver"
"LOC115101326",89.2041722632278,0.0182237142475532,0.0897842684299661,0.763478963089095,0.916420753120516,"barrier-to-autointegration factor-like","liver"
"LOC115141510",11812.1714223888,0.018216318827072,0.10541605741411,0.734433613968168,0.901745346088705,"transcobalamin-1-like","liver"
"naglu",49.9359120774377,0.0182106551247938,0.099658449039786,0.751918172927128,0.909803224841026,"N-acetyl-alpha-glucosaminidase","liver"
"LOC115107728",41.6567805813166,0.0180811281948897,0.102261953254833,0.747135158364864,0.908049268084332,"G-protein coupled receptor 39-like, transcript variant X1","liver"
"LOC115119397",152.075018433297,0.0180625987169987,0.0997912322612354,0.753579805733228,0.910093465301985,"ubiquitin carboxyl-terminal hydrolase CYLD-like","liver"
"LOC115144719",79.3792469701598,0.0180267636993498,0.0993792652384491,0.754925606932663,0.910944641321183,"E3 ubiquitin/ISG15 ligase TRIM25-like, transcript variant X4","liver"
"LOC115145842",77.2322453111395,0.0180198313401786,0.0934146706975745,0.763683960933763,0.916420753120516,"ribosomal protein S6 kinase beta-2-like, transcript variant X3","liver"
"LOC115121166",104.782826469566,0.0180139019484478,0.102097110942032,0.748508603554685,0.908049268084332,"progranulin-like, transcript variant X3","liver"
"gtf2h5",43.6738094012398,0.017977408961884,0.102001285981461,0.749267120218374,0.908049268084332,"general transcription factor IIH subunit 5","liver"
"LOC115110595",93.5969142548108,0.017970164429459,0.120581885952015,0.509887889246375,0.772680759649905,"mitochondrial glycine transporter B-like, transcript variant X3","liver"
"LOC115128502",50.8235598516706,0.017968313788647,0.0966488139602063,0.760500485450364,0.914934102035533,"motile sperm domain-containing protein 2-like","liver"
"LOC115126112",83.9754147272381,0.0178968301512804,0.0855639145501115,0.768171524249228,0.918681725463067,"GTP-binding protein 1-like, transcript variant X2","liver"
"LOC115118114",86.2450717082729,0.0178676385082777,0.0978013995081328,0.759974182183274,0.914690733874817,"bromodomain-containing protein 9-like","liver"
"LOC115102248",1606.97388582527,0.0178135258015483,0.0867652280630458,0.769270886678047,0.919284085075255,"cold shock domain-containing protein E1-like, transcript variant X14","liver"
"LOC115132152",43.6106984089097,0.0178007596343891,0.108698730022987,0.724352484561938,0.895424953282377,"ATP-dependent RNA helicase DDX3X-like, transcript variant X5","liver"
"LOC115107111",43.2799814605495,0.0177844780267492,0.120423828846163,0.522532515565931,0.780274684709137,"cystine/glutamate transporter-like","liver"
"LOC115114676",264.534565516682,0.0177651817992562,0.113562032605394,0.685603892113266,0.875023341572383,"putative leucine-rich repeat-containing protein DDB_G0290503","liver"
"LOC115112839",53.134602468275,0.0177474105599413,0.0870004149258981,0.770093450201174,0.920005844231026,"F-box only protein 11, transcript variant X1","liver"
"LOC115118343",93.1185161761163,0.0176884435940136,0.0919415549718071,0.769067588057183,0.919284085075255,"NADH dehydrogenase [ubiquinone] 1 beta subcomplex subunit 2, mitochondrial-like","liver"
"LOC115143523",100.223848660521,0.0176816549425247,0.112761091386845,0.695357383076099,0.88006899458589,"PRELI domain containing protein 3B-like","liver"
"LOC115104219",104.94187657336,0.0176327202467046,0.116475677219367,0.646345277917997,0.855965533897544,"hemoglobin subunit alpha-like","liver"
"LOC115109038",44.9945187317908,0.0175911735486978,0.0965865155975318,0.765462627170283,0.917373693429963,"cytoplasmic dynein 1 intermediate chain 2-like, transcript variant X1","liver"
"LOC115104150",55.2324258799538,0.0175766650398383,0.0949469909839103,0.767762164232179,0.918581305203408,"reticulophagy regulator 3-like, transcript variant X2","liver"
"LOC115104203",99.9913367643125,0.0175525781701618,0.119149846375073,0.581151633569973,0.816214458491559,"insulin-like growth factor-binding protein complex acid labile subunit","liver"
"LOC115133545",74.8663955943536,0.0174546714424149,0.0859467583944325,0.77377241419951,0.922535608599312,"adhesion G protein-coupled receptor L3-like, transcript variant X2","liver"
"LOC115133563",102.264935388237,0.0173749694431725,0.0831014225536793,0.77415373529827,0.922535608599312,"nuclear factor 1 B-type-like, transcript variant X6","liver"
"ifrd1",1193.18584837606,0.0173143282153471,0.098607767620603,0.765777934313747,0.917373693429963,"interferon related developmental regulator 1","liver"
"LOC115106505",307.359782572369,0.0172949885632744,0.0974582724026076,0.767987351440261,0.918656056405024,"transmembrane protein 150A-like, transcript variant X1","liver"
"LOC115114687",305.48669038997,0.0172773386113772,0.0827851529857973,0.775267112982156,0.922672453603974,"proteasome subunit beta type-5-like","liver"
"LOC115135748",70.895644115456,0.0172584059153688,0.100962507630491,0.761584836173338,0.91584834612027,"moesin, transcript variant X1","liver"
"LOC115101994",313.105784951628,0.0172286859211665,0.107423639039929,0.739535646331304,0.90366521999115,"deoxynucleoside triphosphate triphosphohydrolase SAMHD1-like, transcript variant X1","liver"
"LOC115132237",94.1144826284153,0.0171981150495424,0.0883272938560142,0.776845235029112,0.923771734830322,"msx2-interacting protein-like, transcript variant X1","liver"
"LOC115123298",44.5503221164981,0.017181669276885,0.0926546249333962,0.77498795867256,0.922535608599312,"coiled-coil domain-containing protein 106-like, transcript variant X1","liver"
"LOC115114709",197.87106778307,0.0171320541725048,0.113254402682176,0.699404313196844,0.882421620627795,"phospholipid hydroperoxide glutathione peroxidase-like, transcript variant X1","liver"
"LOC115110735",39.4244671735533,0.0171274229850051,0.0866399421446655,0.777918584713505,0.92452669746409,"dual specificity mitogen-activated protein kinase kinase 4-like, transcript variant X1","liver"
"LOC115109604",201.580778417544,0.0171053331369034,0.0770068457635151,0.77351488959761,0.922535608599312,"CCR4-NOT transcription complex subunit 1, transcript variant X1","liver"
"LOC115133487",59.7561778986088,0.0170045949478939,0.0895429084458581,0.778954639757647,0.92452669746409,"small ubiquitin-related modifier 1","liver"
"LOC115124110",82.31949778083,0.0169825310948602,0.087071367036418,0.779732688690236,0.92452669746409,"T-complex protein 1 subunit theta-like","liver"
"LOC115132075",45.0836616734599,0.0169612792796399,0.0856403230028716,0.779973214999097,0.92452669746409,"serine/threonine-protein kinase 38-like, transcript variant X3","liver"
"LOC115128472",110.176262352515,0.0169334623798948,0.073256694372782,0.771493360926795,0.921093574919156,"transmembrane protein 79-like, transcript variant X2","liver"
"LOC115119595",88.4005228770544,0.0169176370961119,0.0804433703964052,0.778635158406331,0.92452669746409,"talin-1-like","liver"
"ranbp1",89.8462734239104,0.0169104348030987,0.0734668588752853,0.772068119281218,0.921390108108593,"RAN binding protein 1","liver"
"LOC115106789",111.776677815656,0.0167770138538265,0.0845651931513814,0.782138188584601,0.925776145230327,"AP-2 complex subunit mu, transcript variant X2","liver"
"rps20",1183.43526798755,0.016774186992848,0.0982804794356526,0.773440814847096,0.922535608599312,"ribosomal protein S20","liver"
"LOC115138397",441.050549501339,0.0167129538873096,0.111864963462725,0.719070639163628,0.892952209424078,"glutaminyl-peptide cyclotransferase-like","liver"
"LOC115130119",74.2750160823025,0.0166373472888947,0.109243302159223,0.738540426671873,0.903531798264224,"V-type proton ATPase catalytic subunit A-like, transcript variant X3","liver"
"prpf6",41.1132087987224,0.0166172085245626,0.0836753348862416,0.783937142302864,0.925833534860979,"pre-mRNA processing factor 6","liver"
"LOC115102067",69.4426485981665,0.0165651816811913,0.107757800018763,0.747584801083305,0.908049268084332,"cytosolic sulfotransferase 2-like","liver"
"LOC115120053",57.9187836126843,0.0165626175652223,0.0810426096319018,0.783510451713808,0.925833534860979,"nudC domain-containing protein 3-like","liver"
"LOC115111577",148.56184110569,0.0165357216319401,0.0941023649462396,0.782002092801155,0.925776145230327,"indoleamine 2,3-dioxygenase 2-like","liver"
"nat9",43.3599455116042,0.0165233063574168,0.0928786306784289,0.783215225981087,0.925833534860979,"N-acetyltransferase 9 (putative), transcript variant X2","liver"
"LOC115103753",61.1763113453732,0.0165049201372785,0.0815172843311731,0.784496366087128,0.92599397289136,"WAS/WASL-interacting protein family member 2-like","liver"
"LOC115114571",288.439564488435,0.0164851410228893,0.106749828183862,0.753401161995739,0.910093465301985,"5-beta-cholestane-3-alpha,7-alpha-diol 12-alpha-hydroxylase-like","liver"
"LOC115140075",69.1902530037292,0.0162677695988916,0.0860890644702692,0.788780388971966,0.928374540673718,"arginine/serine-rich coiled-coil protein 2-like","liver"
"LOC115113342",56.6769713960554,0.0162221813967494,0.11772672317214,0.648003695182678,0.856821747775504,"cysteine sulfinic acid decarboxylase-like","liver"
"LOC115120904",70.5621427130337,0.0162120299853449,0.0873879177742666,0.789458267606935,0.928600287272658,"endoplasmic reticulum lectin 1-like","liver"
"LOC115109601",877.724930398768,0.0162004754246256,0.0951022554131523,0.785299751190252,0.926228671835161,"fibroblast growth factor 23-like","liver"
"LOC115140149",111.854373356689,0.0161918931408574,0.0857224031263815,0.789718076020937,0.928645490373664,"transitional endoplasmic reticulum ATPase","liver"
"LOC115108148",39.4594651746175,0.0161806994269118,0.0964131194841355,0.783990458762015,0.925833534860979,"mannose-1-phosphate guanyltransferase alpha-A, transcript variant X1","liver"
"LOC115142758",173.910351991396,0.0160892711029724,0.0924185055934654,0.789101916523764,0.928374540673718,"isocitrate dehydrogenase [NAD] subunit beta, mitochondrial-like, transcript variant X2","liver"
"clptm1l",45.595978098355,0.0160772193038104,0.0905774757128295,0.7903085981064,0.928723717977528,"CLPTM1 like","liver"
"tubd1",61.9928494757998,0.0160767530678912,0.121726503829266,0.477071448992586,0.748994827098389,"tubulin delta 1, transcript variant X2","liver"
"LOC115140962",2652.63007460565,0.0160575923349271,0.110314115772528,0.740781830575669,0.904118939781718,"metalloreductase STEAP4-like, transcript variant X1","liver"
"LOC115122570",38.8956405200881,0.0159766012179976,0.104692178190737,0.76851462414543,0.918897409556352,"neuroblast differentiation-associated protein AHNAK-like","liver"
"LOC115145185",527.023805363765,0.015927718523281,0.0930423653733886,0.790715189757958,0.928723717977528,"60S ribosomal protein L5","liver"
"LOC115107603",5224.99104130277,0.01592354231187,0.104672271767246,0.769326479273925,0.919284085075255,"heat shock protein HSP 90-beta-like","liver"
"LOC115116225",40.7909561281606,0.0158594632217083,0.0958328186184903,0.788886456319904,0.928374540673718,"nicotinamide phosphoribosyltransferase-like","liver"
"LOC115145817",580.504947831381,0.0158351914371608,0.0810611396104197,0.792804990654665,0.929159231189459,"microsomal triglyceride transfer protein-like","liver"
"LOC115137949",53.6746226459532,0.0158290559314172,0.0910291620083907,0.793254534873131,0.929159231189459,"prefoldin subunit 2-like, transcript variant X1","liver"
"LOC115122139",195.008245645031,0.0158279557065788,0.11690054906088,0.672552155154692,0.868305667935252,"arginase-2, mitochondrial-like","liver"
"LOC115145221",111.486103562792,0.0158261568143784,0.0740992462035629,0.787062671206461,0.926941143435895,"jupiter microtubule associated homolog 2-like","liver"
"LOC115141505",62.1312013316525,0.0158117187660929,0.0825940070333927,0.793804852928618,0.929452965498751,"porphobilinogen deaminase-like, transcript variant X2","liver"
"LOC115108229",233.534613980618,0.0157991619444387,0.095699273525183,0.789825654405656,0.928645490373664,"calreticulin-like","liver"
"LOC115128688",65.2363889611198,0.0157683169199062,0.0805676081597112,0.793389417917886,0.929159231189459,"vacuolar protein sorting-associated protein 28 homolog","liver"
"LOC115101136",69.1332485155312,0.0156840779501902,0.102089689847386,0.780100103917627,0.92452669746409,"intracellular hyaluronan-binding protein 4-like, transcript variant X2","liver"
"LOC115138314",47.2697184497769,0.0156775322809131,0.0899189725904884,0.79566946979732,0.930514340534573,"heterogeneous nuclear ribonucleoprotein Q, transcript variant X1","liver"
"LOC115135087",90.0930006326727,0.0156229808698635,0.0764393627706598,0.792155809237717,0.929159231189459,"survival of motor neuron-related-splicing factor 30-like","liver"
"LOC115120542",39.9737848938497,0.0156156117625596,0.092554671394463,0.79507379867686,0.930359931052757,"MFS-type transporter SLC18B1-like, transcript variant X1","liver"
"LOC115128115",50.9796538579578,0.0155945055476022,0.109511751603035,0.752810225193947,0.910093465301985,"adiponectin receptor protein 2-like","liver"
"LOC115146226",99.5338240328544,0.0155884454318495,0.100542236841785,0.78491176727838,0.92614667461938,"transmembrane emp24 domain-containing protein 10-like","liver"
"LOC115143323",423.705531647687,0.0155174344168539,0.0754371957608971,0.792555317733051,0.929159231189459,"succinate--CoA ligase [GDP-forming] subunit beta, mitochondrial-like, transcript variant X1","liver"
"stard3nl",50.5206005104061,0.0155000769216205,0.0813917413146219,0.797258350941174,0.931506606222663,"STARD3 N-terminal like, transcript variant X6","liver"
"LOC115110691",228.694675936264,0.0154303969790211,0.0833117102035223,0.79891480577519,0.932149822981344,"serine/arginine-rich splicing factor 2-like, transcript variant X2","liver"
"LOC115138588",88.9429029461917,0.015422158178171,0.0968741729638544,0.793281010365359,0.929159231189459,"eukaryotic translation initiation factor 5-like","liver"
"LOC115139674",304.256624517933,0.0153944260233583,0.091377557818227,0.798626246247005,0.932005743346546,"ADP-ribosylation factor-like protein 6-interacting protein 4","liver"
"LOC115130267",68.2274268805151,0.0153485710737766,0.0729704057988679,0.792018348512984,0.929159231189459,"ATP-dependent zinc metalloprotease YME1L1-like, transcript variant X2","liver"
"LOC115123005",83.2065956566675,0.0153276579683567,0.103914689013538,0.780055716157137,0.92452669746409,"butyrophilin subfamily 1 member A1-like, transcript variant X1","liver"
"kdsr",64.615685343599,0.0152831791546493,0.0904454165197575,0.800492251702707,0.932606343021165,"3-ketodihydrosphingosine reductase, transcript variant X2","liver"
"LOC115141125",114.764924474538,0.0152579345254624,0.101793358978663,0.786623609165744,0.926941143435895,"nuclear receptor subfamily 1 group D member 2-like","liver"
"LOC115123308",110.50806353157,0.0152284980053898,0.108283251290163,0.764815160075532,0.917373693429963,"peroxiredoxin-1-like, transcript variant X1","liver"
"LOC115129302",76.4866369054033,0.0152009189583386,0.103417437729894,0.783250873708426,0.925833534860979,"fibroblast growth factor receptor-like 1, transcript variant X1","liver"
"LOC115138154",4268.84170731265,0.0151907067108469,0.0923569565686819,0.800658187661903,0.932606343021165,"sex hormone-binding globulin-like","liver"
"LOC115134191",410.976022975315,0.0151780738968615,0.121562175412682,0.514393828593115,0.774152238639455,"zona pellucida sperm-binding protein 4-like","liver"
"LOC115121489",44.0608280536501,0.0151273207092595,0.0995262783663009,0.793054416989705,0.929159231189459,"serine/arginine-rich splicing factor 1B-like, transcript variant X1","liver"
"LOC115103224",55.836253615631,0.0150798357496517,0.090802731333236,0.802935069200261,0.93408133446959,"AP-2 complex subunit mu-A, transcript variant X3","liver"
"LOC115110547",42.0030464490626,0.0150606779497007,0.0953869928701291,0.799765901396764,0.932564700389536,"eukaryotic translation initiation factor 3 subunit G-like, transcript variant X1","liver"
"LOC115132276",56.3757337195473,0.0150554456070477,0.0840773285465064,0.803904363143383,0.93408133446959,"beta-catenin-like protein 1","liver"
"LOC115124453",6817.65859565108,0.0150189891239765,0.0758063880144609,0.799430656737945,0.932540502960279,"trypsin inhibitor ClTI-1-like","liver"
"LOC115121129",344.331386943329,0.0150024159800685,0.108432322138965,0.767477847156437,0.918581305203408,"L-threonine 3-dehydrogenase, mitochondrial-like, transcript variant X2","liver"
"LOC115129443",64.6855428214535,0.0149433402329643,0.107213504983747,0.77386251649165,0.922535608599312,"forkhead box protein O4-like","liver"
"prrc1",63.6462081331716,0.0149283721290156,0.0869540910483811,0.805803269931238,0.934243190810657,"proline rich coiled-coil 1, transcript variant X2","liver"
"LOC115127115",114.601285521578,0.0149061274004399,0.0887847245103134,0.805840935952568,0.934243190810657,"cyclin-L1-like, transcript variant X1","liver"
"LOC115130738",227.540625645437,0.0148829572199345,0.106105502686149,0.779102209692956,0.92452669746409,"RE1-silencing transcription factor B-like","liver"
"LOC115110411",142.551131059101,0.0148510444343875,0.0927413366236838,0.80476887519181,0.934243190810657,"hsc70-interacting protein-like, transcript variant X1","liver"
"LOC115102799",66.0310977426324,0.0148283685969876,0.0900404519920702,0.806463152342506,0.934263895363003,"coatomer subunit alpha-like","liver"
"LOC115141144",134.894150136168,0.0148027638640387,0.0833421495282751,0.806936340797185,0.934263895363003,"probable Bax inhibitor 1, transcript variant X2","liver"
"LOC115144704",62.3422760136165,0.0147722595656851,0.0821828010960239,0.806924774005455,0.934263895363003,"apoptosis inhibitor 5-like, transcript variant X1","liver"
"LOC115125378",50.8160137359719,0.014731783710043,0.0950620712771941,0.804375389336016,0.93408133446959,"uncharacterized LOC115125378","liver"
"LOC115109103",69.2598689442176,0.0146530083156167,0.085792904687345,0.80929784304021,0.934810487638501,"lipoamide acyltransferase component of branched-chain alpha-keto acid dehydrogenase complex, mitochondrial-like","liver"
"LOC115128678",58.7540173072789,0.0146104549780669,0.0798550527869977,0.807851289533069,0.934657455062235,"ubiquilin-4-like","liver"
"LOC115144468",164.151637312391,0.0144213784219484,0.0975486425374169,0.805531419013776,0.934243190810657,"ribosome-binding protein 1-like, transcript variant X4","liver"
"LOC115142597",50.7127096964001,0.0144211533952943,0.0940751986268814,0.809308123198193,0.934810487638501,"peroxisomal acyl-coenzyme A oxidase 1-like, transcript variant X1","liver"
"LOC115142842",84.4507948182441,0.0143687641289884,0.078273997839399,0.809945673816917,0.935164268787385,"replication termination factor 2-like, transcript variant X2","liver"
"tp53i3",60.7714101371271,0.0143587065768825,0.102015374463692,0.798406511105894,0.931941939570783,"tumor protein p53 inducible protein 3, transcript variant X5","liver"
"LOC115113326",68.7189724628059,0.0143363263382905,0.107208380136161,0.782812197821401,0.925797584604029,"mRNA decay activator protein ZFP36L2-A-like","liver"
"LOC115129490",51.165069997627,0.0143344687452629,0.076323611807459,0.808849835132673,0.934810487638501,"DNA-directed RNA polymerase II subunit RPB2-like","liver"
"LOC115133954",258.319942543559,0.0142655434982135,0.0731391788154864,0.806581757521391,0.934263895363003,"eukaryotic translation initiation factor 4 gamma 2-like","liver"
"LOC115116331",92.7100572592544,0.014257510210025,0.0825767839623092,0.813670138851963,0.937411833517123,"chromobox protein homolog 3-like, transcript variant X2","liver"
"LOC115107587",124.138397004646,0.0141910528530881,0.099495232035597,0.805637282064897,0.934243190810657,"ezrin-like, transcript variant X1","liver"
"LOC115102273",204.341139588434,0.0141463322497338,0.0828701180179937,0.815194935466115,0.938155443465488,"guanine nucleotide-binding protein G(I)/G(S)/G(T) subunit beta-1-like, transcript variant X1","liver"
"sde2",63.947000255733,0.0141397253098325,0.0854666476137049,0.815827549497521,0.938487198901323,"SDE2 telomere maintenance homolog","liver"
"LOC115122895",267.763108184048,0.0141361455024229,0.105821974054573,0.790879142053835,0.928723717977528,"endoplasmic reticulum chaperone BiP-like","liver"
"LOC115130947",104.23352605412,0.0141194929886362,0.0929242966875495,0.814079326868733,0.937444805119491,"autophagy-related protein 2 homolog A-like","liver"
"LOC115131393",93.9587162029102,0.0141096554521058,0.101150835752333,0.803666092545258,0.93408133446959,"uncharacterized LOC115131393, transcript variant X1","liver"
"hectd3",45.9635850712029,0.0140932745932644,0.0938789971996957,0.813718631963765,0.937411833517123,"HECT domain E3 ubiquitin protein ligase 3","liver"
"LOC115122471",64.2184289552682,0.0140163682514928,0.118365159369529,0.678811269991895,0.871800125286886,"DNA damage-inducible transcript 4-like protein","liver"
"LOC115112872",130.223169448393,0.0140089036102802,0.0928659449967402,0.815547338800538,0.938369731988554,"NHP2-like protein 1","liver"
"nudt7",83.8797428095985,0.0139849660820758,0.0990464235216605,0.809130605960542,0.934810487638501,"nudix hydrolase 7, transcript variant X1","liver"
"LOC115145407",133.569484008629,0.0138878644154463,0.121788589157913,0.531526191302247,0.784059421653691,"vitellogenin-like","liver"
"LOC115139653",49.9170519384831,0.0138794006349251,0.117023492058501,0.708489380700382,0.886750397569133,"NF-kappa-B inhibitor alpha-like","liver"
"LOC115145153",2938.23679173188,0.0138778339926952,0.0685744941996137,0.805874109963119,0.934243190810657,"proteoglycan 4-like, transcript variant X1","liver"
"LOC115121873",64.638982631397,0.0138748897797675,0.104044497585059,0.800051435595471,0.932606343021165,"sarcoplasmic/endoplasmic reticulum calcium ATPase 2-like, transcript variant X2","liver"
"LOC115128659",193.691687669147,0.0138495063761574,0.117355422269495,0.703235307906379,0.883993586939985,"phospholipase A1 member A-like, transcript variant X1","liver"
"LOC115111393",45.5322440977811,0.0138229827844573,0.109601284703699,0.779573463074652,0.92452669746409,"ras-related protein Rab-27B-like","liver"
"LOC115111769",47.4462002661008,0.0137174232969289,0.0901038823182292,0.820679466100159,0.94082360722873,"AP-3 complex subunit mu-2","liver"
"LOC115106569",2004.84435323422,0.0137034563886675,0.108471293749828,0.786875810517905,0.926941143435895,"histone H1.0-B-like","liver"
"LOC115133619",182.536344482325,0.0136963598888141,0.114647165641672,0.743954709735838,0.906435668720922,"zinc finger and BTB domain-containing protein 38-like","liver"
"LOC115109620",82.9239839604944,0.0136820444179403,0.0901287674719516,0.821125373106247,0.940952680446087,"liprin-beta-2-like, transcript variant X4","liver"
"LOC115140910",44.3662662405883,0.0136565390194655,0.100283413065651,0.811467835078962,0.936155986280306,"phosphatidylinositide phosphatase SAC1-B-like","liver"
"LOC115115099",40.4356146982114,0.013625258668405,0.096453673828273,0.817376917547385,0.939326292789037,"pseudouridine-metabolizing bifunctional protein C1861.05-like, transcript variant X2","liver"
"spidr",195.095901509071,0.0134700002982807,0.0965415046476544,0.819322659337972,0.940413851315754,"scaffold protein involved in DNA repair, transcript variant X1","liver"
"LOC115103130",64.1644258104187,0.0134524477807478,0.0879191614362543,0.824589284635899,0.941741147324329,"nuclear receptor coactivator 2-like, transcript variant X2","liver"
"LOC115107059",46.0433040857255,0.0134261659402206,0.103802578393165,0.807014703805414,0.934263895363003,"N-acetylglucosamine-1-phosphotransferase subunits alpha/beta-like, transcript variant X1","liver"
"srek1",46.4076911200188,0.0134109107284161,0.0842793199158131,0.824992238604312,0.941752159150818,"splicing regulatory glutamic acid and lysine rich protein 1, transcript variant X1","liver"
"LOC115110288",16968.1254095819,0.0133669936931167,0.110402476011193,0.782386191368958,0.925797584604029,"complement C1q-like protein 2","liver"
"LOC115115263",38.7978970838604,0.0133477095356747,0.0942439337044336,0.823117956724365,0.941132893492389,"ATP-dependent zinc metalloprotease YME1L1-like, transcript variant X2","liver"
"LOC115104152",150.269237656928,0.0132734154228161,0.0834640796371012,0.82657557147635,0.942717259473419,"max-like protein X","liver"
"LOC115145447",69.5661394022669,0.0132179984713378,0.0763532395886612,0.823504970178604,0.941196166321538,"MICOS complex subunit MIC13-like","liver"
"LOC115145256",57.346597976311,0.0131179786420229,0.0971646138346653,0.823254177610783,0.941132893492389,"ataxin-2-like protein","liver"
"LOC115110741",102.429780640815,0.0130762439931125,0.0851902963448068,0.829427227655759,0.944039914118175,"nucleobindin-2-like, transcript variant X2","liver"
"LOC115112422",74.4940692127661,0.0130675513417167,0.0851900572165431,0.829538828304816,0.944039914118175,"protein lin-7 homolog C","liver"
"LOC115110449",42.2904437408287,0.0130565646660708,0.106637530010403,0.803786381797009,0.93408133446959,"filaggrin-like, transcript variant X1","liver"
"etnppl",600.328871129737,0.0130456487160018,0.0882657543223293,0.829761735354132,0.944039914118175,"ethanolamine-phosphate phospho-lyase","liver"
"LOC115124634",177.267082580002,0.0129980080960238,0.111512536399311,0.781709828939591,0.925776145230327,"uncharacterized LOC115124634","liver"
"LOC115104069",73.9679217553723,0.012898227944773,0.109814753787389,0.792879391719982,0.929159231189459,"nuclear receptor subfamily 1 group D member 1-like","liver"
"LOC115140936",123.099442871505,0.0127957664501677,0.0974124633030208,0.827232432936865,0.943165249669132,"oxidation resistance protein 1-like, transcript variant X4","liver"
"LOC115137105",120.087057841819,0.012738384585853,0.108921380002051,0.799579981372779,0.932540502960279,"inositol-trisphosphate 3-kinase C-like, transcript variant X1","liver"
"LOC115142577",770.176229608178,0.0127306893563203,0.104464347275817,0.815119177016044,0.938155443465488,"protein disulfide-isomerase-like","liver"
"LOC115137809",195.249732098811,0.0127227712573859,0.0884471788999022,0.833882991713749,0.944643853172296,"death-inducer obliterator 1-like, transcript variant X2","liver"
"LOC115125056",47.3705332923777,0.0127152328753125,0.0823569551589295,0.833439061504451,0.944643853172296,"clathrin interactor 1-like","liver"
"bbx",45.1565639795267,0.0127139509484206,0.0909736183568416,0.83327783924537,0.944643853172296,"BBX high mobility group box domain containing, transcript variant X4","liver"
"mrps18a",53.5059805492792,0.0127023471968423,0.0932109260549854,0.832259960542792,0.944643853172296,"mitochondrial ribosomal protein S18A","liver"
"LOC115119998",65.4631390607149,0.0126783912655948,0.0819406466735892,0.833770592858812,0.944643853172296,"histone H2A.V, transcript variant X2","liver"
"LOC115116373",526.8708151035,0.0126609933219054,0.101686525085154,0.822440730887019,0.941132893492389,"glycine-rich RNA-binding protein-like, transcript variant X1","liver"
"LOC115145781",184.549362702228,0.0125756580272468,0.0848507637025484,0.835819827834521,0.944643853172296,"sarcoplasmic/endoplasmic reticulum calcium ATPase 2-like, transcript variant X1","liver"
"LOC115105016",283.195832853141,0.0125667544473721,0.099520165202035,0.827455372441084,0.943228958772938,"organic solute transporter subunit alpha-like","liver"
"LOC115109098",230.018896989795,0.0125407975775558,0.0892754091884964,0.836057112900145,0.944643853172296,"zinc transporter 7","liver"
"oplah",53.6023817146751,0.0125131647813071,0.107641264120384,0.808228376194677,0.934710653829404,"5-oxoprolinase, ATP-hydrolysing","liver"
"LOC115139637",89.4828710681428,0.0125030985055,0.0806771056121673,0.835526051406417,0.944643853172296,"galectin-8-like","liver"
"LOC115139176",52.4562439366681,0.0124583719682584,0.0858861263469746,0.837425543665327,0.944643853172296,"serine/threonine-protein phosphatase PP1-beta catalytic subunit-like","liver"
"LOC115128388",156.597767463953,0.0124218451466933,0.0843579014715557,0.837724182781417,0.944643853172296,"bromodomain-containing protein 2-like, transcript variant X1","liver"
"LOC115110156",50.7882254969664,0.0124178860572527,0.100147371598564,0.828493577579756,0.944039914118175,"26S proteasome non-ATPase regulatory subunit 3-like","liver"
"LOC115102739",52.0819587436159,0.0123875204963835,0.0853852528076033,0.838301444872071,0.944643853172296,"serine/threonine-protein kinase tousled-like 1-B, transcript variant X2","liver"
"LOC115136804",62.0816099653768,0.0123222625306345,0.0746158063374479,0.833875579834131,0.944643853172296,"lissencephaly-1 homolog A-like, transcript variant X1","liver"
"drg1",46.4722641753054,0.0122819148122655,0.101140977324837,0.828668357090514,0.944039914118175,"developmentally regulated GTP binding protein 1","liver"
"LOC115125208",1460.45194626379,0.0121982980094318,0.0966521960038935,0.836002481725076,0.944643853172296,"60S ribosomal protein L7-like","liver"
"LOC115107975",100.057728792209,0.0121973914700513,0.0807072781183424,0.839504944334374,0.944756809988415,"ADP-ribosylation factor 6, transcript variant X1","liver"
"ebp",317.109767553919,0.0120922288721335,0.113427939320473,0.783477565870673,0.925833534860979,"EBP cholestenol delta-isomerase, transcript variant X1","liver"
"LOC115146055",497.548109489599,0.0119526931328702,0.0926726949352949,0.842332599704533,0.946429822473988,"26S proteasome regulatory subunit 4","liver"
"LOC115141700",1693.07450157308,0.0118994168319299,0.114452402628389,0.778236566715346,0.92452669746409,"alpha-2-macroglobulin-like, transcript variant X2","liver"
"LOC115111493",110.770714219348,0.011846750456545,0.0770970914479279,0.842075910246978,0.946429822473988,"ras-related protein Rab-35-like, transcript variant X1","liver"
"LOC115142010",473.003864413366,0.0117535652251907,0.101002860638617,0.83615956510741,0.944643853172296,"glyceraldehyde-3-phosphate dehydrogenase-like","liver"
"LOC115133138",63.0740238975476,0.0116744732295817,0.0860807929073932,0.847531494576966,0.948424894281372,"ADP-ribosylation factor-like protein 1","liver"
"LOC115107577",47.3393640907065,0.0116733788854254,0.0935383999987612,0.845464751780225,0.947497814321387,"uncharacterized protein DDB_G0271670-like, transcript variant X1","liver"
"opa1",60.9104487495087,0.0116727842227369,0.0898551438909532,0.847112545806274,0.948424894281372,"OPA1 mitochondrial dynamin like GTPase, transcript variant X1","liver"
"mettl1",40.1145859008139,0.0116480739731516,0.0957386208813993,0.844149643507486,0.947184774336753,"methyltransferase like 1, transcript variant X3","liver"
"LOC115130799",258.39825891922,0.0115767560774926,0.0760442346811625,0.844899821917607,0.947240745541463,"alcohol dehydrogenase class-3","liver"
"LOC115128634",41.9462071753587,0.0115237879888894,0.102293312281181,0.83702597910991,0.944643853172296,"small nuclear ribonucleoprotein Sm D1","liver"
"irak4",44.8831193790986,0.0115094455276173,0.0885579073583553,0.849504944070127,0.949011656948939,"interleukin 1 receptor associated kinase 4","liver"
"aqp9",81.2314262906057,0.0115005354360279,0.111598312796046,0.805769098446767,0.934243190810657,"aquaporin 9","liver"
"LOC115104668",49.9793684268807,0.0114823779928788,0.105801139414048,0.829466117675034,0.944039914118175,"ER membrane protein complex subunit 6-like, transcript variant X1","liver"
"LOC115122594",54.7369924064117,0.0114499465780463,0.0830300629912125,0.849989120222117,0.949176932906264,"WW domain-binding protein 1-like","liver"
"bmp2k",46.6648589831224,0.011404793172455,0.108197037867205,0.822922433327489,0.941132893492389,"BMP2 inducible kinase","liver"
"LOC115127061",44.9428156511665,0.0113985425718639,0.117412942304793,0.752599924191072,0.910093465301985,"alpha-crystallin A chain-like","liver"
"LOC115143876",53.710683318895,0.0113920570804409,0.0806681709903635,0.849954371732624,0.949176932906264,"3-phosphoinositide-dependent protein kinase 1-like","liver"
"LOC115146783",50.5485985909317,0.0113789473488957,0.0952571530577477,0.848102979357716,0.948424894281372,"peroxisomal carnitine O-octanoyltransferase-like, transcript variant X1","liver"
"clasp2",40.3248885578268,0.011346296433961,0.0886643519310206,0.851595459168974,0.949359117914804,"cytoplasmic linker associated protein 2, transcript variant X15","liver"
"LOC115142528",86.796442934075,0.011315730474488,0.0862936485625169,0.852166274329199,0.949359117914804,"puromycin-sensitive aminopeptidase-like, transcript variant X1","liver"
"LOC115101264",2517.7884628919,0.0113140264243132,0.112656386708904,0.802416085233006,0.933919030555669,"S-adenosylmethionine synthase-like","liver"
"LOC115134041",113.150448434895,0.0112752218818927,0.0782761356104866,0.85031179369278,0.949191482217147,"CCR4-NOT transcription complex subunit 1-like, transcript variant X16","liver"
"LOC115142714",11253.869058166,0.0112643267397871,0.0894181747467891,0.852506327989383,0.949359117914804,"inter-alpha-trypsin inhibitor heavy chain H3-like, transcript variant X1","liver"
"LOC115136867",77.5499128689892,0.0112310576444921,0.103747799441681,0.838173221002748,0.944643853172296,"dolichyl-diphosphooligosaccharide--protein glycosyltransferase subunit 2-like, transcript variant X1","liver"
"LOC115124344",48.83299335572,0.0112181369886423,0.0934609177192579,0.85146423291417,0.949359117914804,"tyrosine-protein kinase CSK-like","liver"
"LOC115137374",1997.86820667009,0.0111686739500389,0.0893051466504681,0.853769402539336,0.95001617003096,"ATP-binding cassette sub-family A member 1-like, transcript variant X3","liver"
"LOC115122704",74.4414686270832,0.0111557686706912,0.0901878321576376,0.853712647761062,0.95001617003096,"small nuclear ribonucleoprotein G","liver"
"adamts1",72.1309071835747,0.0110971308972489,0.120872278632092,0.66810895187431,0.865964497527393,"ADAM metallopeptidase with thrombospondin type 1 motif 1","liver"
"LOC115123767",40.2290653822292,0.0110624291465726,0.0871152884662629,0.855426553260809,0.950361731544771,"transmembrane protein 230-like","liver"
"LOC115136868",760.270976823689,0.0110457404343221,0.108754986156722,0.826342900083251,0.942717259473419,"alpha-2-macroglobulin-like, transcript variant X3","liver"
"LOC115104202",48.4678186047905,0.0110160225089827,0.0934326111108005,0.854125746634678,0.950057093215778,"putative E3 ubiquitin-protein ligase UNKL, transcript variant X1","liver"
"LOC115109369",66.9323581512322,0.0110102502184349,0.0934952416080073,0.854164593242629,0.950057093215778,"UPF0183 protein C16orf70 homolog, transcript variant X3","liver"
"LOC115136355",120.990635011113,0.0109502747723421,0.0886492587682972,0.856719599273491,0.950549698969964,"TAR DNA-binding protein 43-like, transcript variant X1","liver"
"LOC115121784",47.7858858876865,0.0109445219196507,0.100326788524966,0.848307778271507,0.948424894281372,"RCC1 and BTB domain-containing protein 1-like, transcript variant X8","liver"
"LOC115125590",135.820330082666,0.0109234012978308,0.105660204542158,0.838013285781551,0.944643853172296,"zinc transporter ZIP9-A-like","liver"
"LOC115129755",55.4718055916881,0.010890377924779,0.0900163218853673,0.857201575166175,0.950549698969964,"grancalcin-like","liver"
"kif1b",39.788115059169,0.010882040538348,0.0881123518069763,0.857677465111776,0.950670354229658,"kinesin family member 1B, transcript variant X7","liver"
"LOC115135418",839.137077637127,0.010850813672747,0.0982764545658152,0.852223859953267,0.949359117914804,"transmembrane 4 L6 family member 5-like, transcript variant X2","liver"
"LOC115116432",56.1863027948238,0.0108293403892265,0.0870022189923316,0.858444220689421,0.950907606437605,"NSFL1 cofactor p47-like, transcript variant X1","liver"
"LOC115102617",115.736739633397,0.0108276212826952,0.0987636677324436,0.851967543752805,0.949359117914804,"threonine-rich protein-like","liver"
"LOC115129197",38.1714791347359,0.0108100802107718,0.105889067612915,0.839065056992791,0.944643853172296,"LON peptidase N-terminal domain and RING finger protein 1-like","liver"
"LOC115130406",177.340966225492,0.0106635871557733,0.114977858347612,0.796133639624894,0.930635720356553,"insulin-induced gene 1 protein-like","liver"
"LOC115107064",57.5091534690622,0.0105988985846081,0.118214829464263,0.756308876527821,0.912178306783974,"insulin-like growth factor I, transcript variant X1","liver"
"LOC115106890",139.135935486721,0.0105790864381429,0.0887926828153327,0.861502513530984,0.95146516933077,"regulator of nonsense transcripts 2-like, transcript variant X3","liver"
"LOC115146699",132.672744288522,0.0105522687251221,0.0933613551991115,0.860239944893598,0.95138177805842,"uncharacterized protein C1orf115 homolog","liver"
"LOC115138452",52.0451176638547,0.0104976842715032,0.102826175296487,0.850392457176018,0.949191482217147,"signal recognition particle 14 kDa protein-like, transcript variant X1","liver"
"LOC115101015",52.8985067853146,0.0104619152597454,0.0776495140332822,0.86065345501082,0.95138177805842,"nucleolysin TIA-1-like","liver"
"LOC115142546",56.6520264538398,0.010438255291395,0.110934970443001,0.826672538372812,0.942717259473419,"keratin, type I cytoskeletal 13-like","liver"
"LOC115113362",76.4694587116682,0.0103498095783234,0.0803039532923273,0.863398709564137,0.952099436367015,"probable ubiquitin carboxyl-terminal hydrolase FAF-X, transcript variant X1","liver"
"LOC115141237",76.507570175737,0.0103472883079833,0.11009124716878,0.831936962011007,0.944643853172296,"cytochrome P450 4B1-like","liver"
"LOC115144250",88.4898852351488,0.0102923581138357,0.0803119074472739,0.864152676081678,0.952372830208307,"cAMP-dependent protein kinase type I-alpha regulatory subunit-like","liver"
"LOC115137070",43.8362836432841,0.0102877790238224,0.0878385572745995,0.865400084187384,0.95281764339352,"striatin-4-like","liver"
"LOC115144610",149.05107531178,0.010286455128479,0.0841734103680402,0.865295343275097,0.95281764339352,"proteasome subunit beta type-1-B","liver"
"LOC115102687",178.02176788628,0.0102859801925076,0.0731029975381707,0.859840176536594,0.951225381573741,"E3 ubiquitin-protein ligase HUWE1-like, transcript variant X1","liver"
"LOC115143301",61.6748241763198,0.0102801899412777,0.100904564508458,0.856590015981203,0.950549698969964,"guanine nucleotide-binding protein-like 3","liver"
"LOC115101171",69.0186045196259,0.0102190390961723,0.0736321879585981,0.861168627713369,0.95138177805842,"ras-related protein Rab-14","liver"
"LOC115107894",81.1466362813231,0.0101812943561303,0.0894078289411057,0.866546754005964,0.953354034977477,"serine palmitoyltransferase 2-like","liver"
"lgals3bp",261.096150835635,0.0101656989011459,0.108505825505329,0.84082816080239,0.945492092390021,"galectin 3 binding protein","liver"
"LOC115105289",280.803190099511,0.0101596953475654,0.0664792932804856,0.854781456986351,0.950205966951159,"GTP-binding protein SAR1b","liver"
"bsg",863.545330804943,0.01014047509732,0.0896005138564838,0.86703568364067,0.953364539421014,"basigin (Ok blood group), transcript variant X2","liver"
"LOC115110233",319.517452318441,0.0101261884301858,0.0809674510403947,0.866566838782154,0.953354034977477,"glycylpeptide N-tetradecanoyltransferase 1-like, transcript variant X4","liver"
"LOC115141357",22188.3898136526,0.0101190429676357,0.104976213119381,0.851391899751779,0.949359117914804,"C-type lectin domain family 4 member E-like","liver"
"LOC115144781",87.3016531511605,0.0100912540550825,0.104925725962126,0.851908647109306,0.949359117914804,"acyl-coenzyme A thioesterase 1-like","liver"
"LOC115117899",5799.52083288157,0.0100898246388764,0.103284676176083,0.855299035850089,0.950361731544771,"complement factor H-like","liver"
"LOC115111278",63.2963149073754,0.0100820354125546,0.0835020461320929,0.867831092930641,0.953701980784908,"ataxin-2-like, transcript variant X1","liver"
"nup54",49.9128325298529,0.0100545028159802,0.0853798730289484,0.868440992674767,0.953701980784908,"nucleoporin 54, transcript variant X5","liver"
"csrnp3",53.9485466770358,0.0100388538991793,0.116689380532321,0.790510829268747,0.928723717977528,"cysteine and serine rich nuclear protein 3, transcript variant X1","liver"
"LOC115111628",40.6306649786001,0.00998211191541522,0.0942799783931211,0.867197621238955,0.953364539421014,"arginine/serine-rich coiled-coil protein 2-like, transcript variant X2","liver"
"LOC115128332",214.46801113917,0.00994845373693309,0.0665828939087418,0.857893279277383,0.950670354229658,"zinc finger protein 706-like","liver"
"LOC115108301",574.786677687042,0.00989956743429387,0.112175925358783,0.82932408440619,0.944039914118175,"elongation factor 2, transcript variant X1","liver"
"LOC115141045",209.524622179871,0.0098559704228602,0.105035319612167,0.855077765645821,0.950348241109509,"sterol regulatory element-binding protein cleavage-activating protein-like, transcript variant X5","liver"
"LOC115122582",924.529603679353,0.00985192289836552,0.114800392777714,0.812763649380626,0.936704154053236,"mitochondrial uncoupling protein 2-like","liver"
"nosip",49.3480899215561,0.00978972782314471,0.116965488783327,0.792252134524949,0.929159231189459,"nitric oxide synthase interacting protein, transcript variant X1","liver"
"LOC115103675",170.824292401279,0.00971952599889942,0.109892417384122,0.842762483853726,0.946718199770087,"WW domain binding protein 1-like, transcript variant X2","liver"
"LOC115135327",83.0633056400851,0.00971653324910831,0.111849785939354,0.834115869237052,0.944643853172296,"DNA damage-inducible transcript 3 protein-like","liver"
"LOC115113776",119.81395144152,0.00971301348643607,0.094832216664328,0.870402816354373,0.954602622598444,"dipeptidase 2-like","liver"
"LOC115133056",81.7396655906326,0.00967575476528279,0.0974919841121229,0.868824674774969,0.953798194396165,"transcription factor ETV6-like, transcript variant X1","liver"
"LOC115108239",57.7489298280652,0.00966219542603473,0.113627947386741,0.824795276182149,0.941741147324329,"lipoprotein lipase-like","liver"
"LOC115113093",70.0246601038905,0.00962767345435314,0.0914486873944559,0.873187036804215,0.956170288944259,"thioredoxin domain-containing protein 9-like","liver"
"LOC115144094",41.9092180271002,0.00960870906235909,0.0894166881959319,0.873984447067524,0.956665378891362,"mitochondrial import inner membrane translocase subunit Tim23-like","liver"
"LOC115141534",450.246611792652,0.00958973829894125,0.103913495151983,0.861231361611156,0.95138177805842,"mRNA decay activator protein ZFP36-like","liver"
"LOC115113552",39.0708070405852,0.00946328668467666,0.0909947249762724,0.87548158395167,0.957383115047672,"protein MTSS 2-like","liver"
"LOC115134631",193.8604587095,0.00943761485735513,0.0979768482973317,0.871573583972222,0.955144498273906,"carnitine O-palmitoyltransferase 1, liver isoform-like, transcript variant X2","liver"
"LOC115105947",116.906424686489,0.00942010087260344,0.119840013965586,0.74895853644183,0.908049268084332,"fructose-1,6-bisphosphatase 1-like","liver"
"LOC115105143",130.733831925478,0.0094026829457608,0.111881247483195,0.83923525067716,0.944643853172296,"insulin-induced gene 1 protein-like, transcript variant X1","liver"
"LOC115139642",148.326949904789,0.00936777352539129,0.0874728124470491,0.877362023590726,0.958155276517523,"14-3-3 protein zeta-like","liver"
"LOC115109352",118.924267774334,0.0093589796880364,0.0976368619188373,0.872950036474608,0.956096199017582,"heterogeneous nuclear ribonucleoprotein A3-like","liver"
"LOC115132236",67.6292337036541,0.00934138306484577,0.105732986588288,0.86102845032119,0.95138177805842,"ATPase family AAA domain-containing protein 3-like","liver"
"LOC115106587",57.7027992706944,0.0092854477107811,0.0974031613727838,0.874147483120889,0.956665378891362,"calpain-15-like, transcript variant X2","liver"
"LOC115121643",246.74922223434,0.0092418366217092,0.122396294960153,0.624984759027617,0.844177978342088,"vitellogenin-like","liver"
"hyi",115.141905686776,0.009215434650861,0.101632091246094,0.870300860084479,0.954602622598444,"hydroxypyruvate isomerase (putative)","liver"
"mesd",178.059247570082,0.0091994974491505,0.0896389521986109,0.879264837339004,0.959031463081421,"mesoderm development LRP chaperone","liver"
"LOC115135764",50.7595826805039,0.009187761071971,0.0942105513214379,0.877715035449633,0.958155276517523,"charged multivesicular body protein 1b","liver"
"LOC115110396",118.378688956524,0.00917210622440999,0.105081008593128,0.864930362028435,0.95281764339352,"dnaJ homolog subfamily B member 11-like","liver"
"LOC115136130",55.5496713615082,0.00915450208579735,0.102168827901302,0.870365450602523,0.954602622598444,"small nuclear ribonucleoprotein Sm D2-like","liver"
"LOC115144880",253.542718538988,0.00911563956977898,0.11178762123046,0.844515666386145,0.947184774336753,"elongation factor 2-like, transcript variant X1","liver"
"lamtor3",139.055136064484,0.0091134162219702,0.0738099651932565,0.876184515260335,0.957966261262558,"late endosomal/lysosomal adaptor, MAPK and MTOR activator 3","liver"
"LOC115105521",269.467948385166,0.00910926720526616,0.0970011227128349,0.876852631469747,0.958155276517523,"flotillin-2a, transcript variant X2","liver"
"ctsa",284.109077398947,0.0090911921255799,0.110872838146302,0.848973661992579,0.948605837247199,"cathepsin A","liver"
"LOC115141958",243.008783238122,0.00908996009571776,0.0747362394750314,0.877120602949764,0.958155276517523,"26S proteasome non-ATPase regulatory subunit 2-like","liver"
"LOC115105368",153.117485705904,0.00905394163883802,0.0946836010723974,0.879212864681662,0.959031463081421,"hypoxia up-regulated protein 1-like, transcript variant X2","liver"
"LOC115103368",91.8824888658407,0.00903171125794181,0.107582312350533,0.861034013014122,0.95138177805842,"dnaJ homolog subfamily C member 1-like, transcript variant X3","liver"
"LOC115142454",52.1725217643667,0.0089917100436504,0.102536064333047,0.872094615097897,0.955530020734082,"hemicentin-1-like, transcript variant X1","liver"
"pelo",110.090434361224,0.00892348440333299,0.0762148472386866,0.880232895696728,0.959605122437483,"pelota mRNA surveillance and ribosome rescue factor, transcript variant X1","liver"
"LOC115105280",197.565901776688,0.00888530420296641,0.0603644760064148,0.865021123083434,0.95281764339352,"coiled-coil domain-containing protein 8-like, transcript variant X2","liver"
"LOC115142989",64.9503502737692,0.00881322879717506,0.08613924778161,0.884592216396533,0.961757684146895,"arginine-glutamic acid dipeptide repeats protein-like, transcript variant X5","liver"
"kdm6a",90.6451385844126,0.00880527444879092,0.0807858602759106,0.883782553752582,0.961432812810612,"lysine demethylase 6A, transcript variant X3","liver"
"LOC115142669",2371.42399772196,0.00880108141740405,0.118799193146174,0.786805309812452,0.926941143435895,"uncharacterized LOC115142669","liver"
"dnajb11",78.5125539367786,0.0087775728004788,0.104852101089077,0.871135592800131,0.954849846039514,"DnaJ heat shock protein family (Hsp40) member B11","liver"
"LOC115102308",75.2494157841741,0.00865824932466688,0.0712751095484357,0.880479187132281,0.959688318638775,"protein ILRUN-like","liver"
"LOC115117827",151.183460058832,0.0086189497635163,0.098764350446897,0.881901802226405,0.96049721747112,"coagulation factor VII-like","liver"
"sec61b",59.6800266093022,0.0086038912844115,0.121220473179025,0.724644521927977,0.89544837911716,"SEC61 translocon beta subunit","liver"
"LOC115128149",119.967580497854,0.00855490494520937,0.0979925714503516,0.883477684003816,0.961286375772894,"uncharacterized LOC115128149","liver"
"LOC115125215",522.052550454105,0.00854235403600036,0.0954312533600641,0.885547757288918,0.962240692388997,"60S ribosomal protein L10","liver"
"LOC115132474",133.737529462509,0.00851423613510231,0.0932585147872827,0.887069952839174,0.963153260332687,"probable Bax inhibitor 1","liver"
"LOC115110325",47.7211530800605,0.00848123868035133,0.0974228913308764,0.884948951058341,0.9619602960484,"stannin-like, transcript variant X2","liver"
"LOC115102341",48.3839943322606,0.00843396401262033,0.0891049174326879,0.889333448413913,0.964151429502178,"cell division control protein 42 homolog, transcript variant X1","liver"
"LOC115133584",81.5601773351611,0.00842270592799805,0.109375555346541,0.865192621939014,0.95281764339352,"perilipin-2-like, transcript variant X1","liver"
"LOC115132944",92.9650310629567,0.00829058215692888,0.092811233298682,0.890201653581754,0.964513248152482,"protein kinase C and casein kinase substrate in neurons protein 2-like, transcript variant X1","liver"
"LOC115101210",42.7626074994002,0.00825889369517318,0.08546266450577,0.891778249880002,0.964588115404835,"cation-dependent mannose-6-phosphate receptor-like","liver"
"LOC115106046",51.3398387265186,0.00825163776017266,0.112354028297199,0.856535826886126,0.950549698969964,"cyclin-G2-like","liver"
"LOC115103322",165.131124106567,0.00819895446015835,0.0735670324404245,0.888368660358787,0.963821955493026,"profilin-2-like, transcript variant X2","liver"
"LOC115110151",39.6954084069439,0.00819733359607949,0.114114831395068,0.84811729645835,0.948424894281372,"collagen alpha-1(I) chain-like","liver"
"LOC115133332",540.934746497541,0.00818230292404579,0.0887609203211096,0.892662575804155,0.964588115404835,"eukaryotic initiation factor 4A-I","liver"
"LOC115104229",40.607832808884,0.00816063162244455,0.100065923742944,0.886852626771856,0.963153260332687,"glucosidase 2 subunit beta-like, transcript variant X1","liver"
"LOC115135602",42.7224089440813,0.00814634510066863,0.0806409932319685,0.892381375055511,0.964588115404835,"serine/threonine-protein kinase MARK2-like, transcript variant X1","liver"
"LOC115105788",42.8288779663623,0.00812482855004874,0.112799539942404,0.856600410812198,0.950549698969964,"eukaryotic peptide chain release factor subunit 1-like, transcript variant X2","liver"
"ranbp9",125.178042217672,0.00811418963090684,0.0942532247126284,0.891886257911069,0.964588115404835,"RAN binding protein 9","liver"
"LOC115102055",44.5020321633278,0.00804770813819222,0.120997488798064,0.750427178257134,0.908818500308833,"receptor-type tyrosine-protein phosphatase V-like, transcript variant X1","liver"
"LOC115139862",66.4687572676956,0.00803063249952791,0.100516991421155,0.888158007316053,0.963778610283766,"endoplasmic reticulum mannosyl-oligosaccharide 1,2-alpha-mannosidase-like, transcript variant X2","liver"
"LOC115134063",41.0055778515629,0.00797832612451751,0.0929855140680793,0.894243979176807,0.965742445759803,"FYVE, RhoGEF and PH domain-containing protein 4-like, transcript variant X1","liver"
"idi1",241.909025261209,0.00793743714008836,0.119097010309077,0.802132497729274,0.933781460243192,"isopentenyl-diphosphate delta isomerase 1, transcript variant X1","liver"
"LOC115111808",74.0432499489056,0.00786756217489172,0.0820599591859465,0.896404364158941,0.966518391610333,"leukocyte surface antigen CD53-like, transcript variant X2","liver"
"LOC115142531",64.9397223045978,0.00785847066315455,0.0820214075811179,0.89651483962597,0.966518391610333,"junction plakoglobin-like","liver"
"LOC115129623",51.0806663271643,0.00785811881011482,0.0885404392311275,0.896916424457155,0.966518391610333,"ras-associated and pleckstrin homology domains-containing protein 1-like","liver"
"LOC115134373",73.7465865229851,0.00781391313622603,0.0919366326172355,0.896778628326366,0.966518391610333,"protein CNPPD1-like","liver"
"LOC115115418",4152.13681236309,0.00779549325376001,0.121888821196555,0.716291089670025,0.891767130589902,"heme oxygenase-like","liver"
"LOC115114229",49.6321622260534,0.0077378407931781,0.0955413969372828,0.896197811114756,0.966518391610333,"regulator of nonsense transcripts 1-like, transcript variant X1","liver"
"prodh2",1514.61118219144,0.00772602198757272,0.103270071143254,0.888949359883105,0.964151429502178,"proline dehydrogenase 2, transcript variant X2","liver"
"LOC115110384",43.1479651315101,0.00771538293447148,0.116994187601781,0.835133520582343,0.944643853172296,"hemoglobin subunit beta-like","liver"
"LOC115135100",1291.22227122233,0.00766729301732851,0.101759856298217,0.891779939782337,0.964588115404835,"bifunctional 3'-phosphoadenosine 5'-phosphosulfate synthase 2-like","liver"
"LOC115133586",317.303190855113,0.0075835754764925,0.0806051169865906,0.899764947786837,0.966518391610333,"integral membrane protein 2B-like","liver"
"LOC115106504",42.0919374058222,0.00756172992885325,0.118566280084523,0.819618492915387,0.940425449533344,"S-adenosylmethionine synthase-like","liver"
"idh3a",69.2849948411229,0.00755286669238057,0.0921900895230085,0.90012875417831,0.966518391610333,"isocitrate dehydrogenase (NAD(+)) 3 alpha","liver"
"LOC115131578",45.035851901972,0.00753879228281851,0.0965609963101891,0.898241269214231,0.966518391610333,"E3 ubiquitin-protein ligase RNF139-like","liver"
"LOC115103174",149.720963958934,0.0075367294218976,0.104375043692348,0.889995865094969,0.964475365513665,"aspartyl/asparaginyl beta-hydroxylase-like, transcript variant X3","liver"
"LOC115102406",73.37226240657,0.00750294420549147,0.0983847121511899,0.89741013908766,0.966518391610333,"solute carrier family 52, riboflavin transporter, member 3-A-like","liver"
"LOC115124018",85.3189000579373,0.00743097343173504,0.0972802729132979,0.899211233952499,0.966518391610333,"neural cell adhesion molecule L1.1-like, transcript variant X1","liver"
"srpra",250.091460962008,0.00740103266860847,0.0885246055567172,0.90288300800225,0.968493182414931,"SRP receptor subunit alpha","liver"
"LOC115122318",39.945769921312,0.00734134198253649,0.114804037688324,0.859780357047687,0.951225381573741,"amine oxidase [flavin-containing]-like","liver"
"LOC115102871",59.209644242385,0.00727477413974436,0.0990848788729632,0.899943082450537,0.966518391610333,"transcriptional repressor p66 alpha-like, transcript variant X1","liver"
"LOC115121352",39.8038704843772,0.00719668405358493,0.0961621075010269,0.903073050017325,0.968493182414931,"ubiquitin-associated domain-containing protein 1-like, transcript variant X6","liver"
"LOC115103807",440.172462185135,0.00713960734128147,0.101432479442644,0.899547451975214,0.966518391610333,"peroxisomal acyl-coenzyme A oxidase 1-like, transcript variant X2","liver"
"utp3",45.7883761978725,0.00712670763377581,0.1068195525139,0.891700230503774,0.964588115404835,"UTP3 small subunit processome component, transcript variant X2","liver"
"LOC115134201",92.1356242564834,0.00709160199144161,0.108087101993875,0.889526177165577,0.964151429502178,"peptidyl-prolyl cis-trans isomerase FKBP4-like","liver"
"LOC115143188",217.47754217729,0.0070619459098709,0.118960156331205,0.825627307768849,0.942286593827152,"AMP deaminase 2-like, transcript variant X1","liver"
"ficd",81.2416345976141,0.00705322103334171,0.107889108503955,0.890567032901038,0.964588115404835,"FIC domain containing","liver"
"LOC115117448",48.8186971060579,0.00700961506624644,0.12118586784135,0.774988733897721,0.922535608599312,"thioredoxin-like","liver"
"LOC115105932",41.4268644019702,0.00698381763828498,0.0819787713875093,0.907969412376678,0.96962271652709,"COP9 signalosome complex subunit 4, transcript variant X1","liver"
"sucla2",60.454289071408,0.00697267216873465,0.087417257378906,0.908556009237389,0.970049910830077,"succinate-CoA ligase ADP-forming beta subunit","liver"
"LOC115112928",104.181276359076,0.00696217031062454,0.0941029472591876,0.907221659661807,0.969582154056257,"myocardin-related transcription factor A-like, transcript variant X4","liver"
"LOC115139012",194.944995476871,0.00695836287852007,0.0850386837046317,0.90871306737164,0.970049910830077,"proteasome subunit alpha type-6-like","liver"
"LOC115122192",47.8121814390526,0.00692494980150736,0.0970537568772597,0.906185024816646,0.969582154056257,"5-aminolevulinate synthase, nonspecific, mitochondrial-like, transcript variant X2","liver"
"LOC115110488",41.403007241114,0.0068362068921141,0.0848837600908694,0.910298000135228,0.970383058985793,"uncharacterized LOC115110488","liver"
"LOC115108344",111.528015286961,0.00675692354452622,0.0911062552383555,0.910884844704646,0.970383058985793,"AP-3 complex subunit delta-1-like, transcript variant X2","liver"
"LOC115136745",61.4525385149642,0.00669545334169747,0.116701543572644,0.859097281558145,0.951202192261572,"nucleoredoxin","liver"
"LOC115143955",160.586685105844,0.00665184445330045,0.116438446659221,0.862083531071887,0.95146516933077,"helicase with zinc finger domain 2-like","liver"
"LOC115142066",5732.21851846356,0.00663753019015661,0.115758135769512,0.867247657539201,0.953364539421014,"hepcidin-like","liver"
"LOC115105171",43.1764784205018,0.00646637040885346,0.0872722522203494,0.915174865028035,0.97192539531005,"charged multivesicular body protein 5-like","liver"
"LOC115136214",117.343438154161,0.00645364781747156,0.0874493638457373,0.915334445727123,0.97192539531005,"glucocorticoid receptor, transcript variant X3","liver"
"LOC115108524",79.6157544420037,0.00641203141188001,0.107436960273914,0.901350524115602,0.967495258394807,"DCN1-like protein 4, transcript variant X1","liver"
"LOC115143369",320.499783370545,0.0063949072046587,0.0817516601266361,0.91565668756799,0.971932392880029,"DNA topoisomerase 1-like, transcript variant X2","liver"
"LOC115126113",47.0959643779112,0.00637006171343882,0.111352030853782,0.892355050822394,0.964588115404835,"galectin-2-like","liver"
"LOC115115456",69.0649452320023,0.00632919761892714,0.109217744395771,0.898841025805325,0.966518391610333,"complement C3-like","liver"
"LOC115108793",154.299093052249,0.0062825421827697,0.0735217584680316,0.914322766504694,0.97192539531005,"peptidyl-prolyl cis-trans isomerase G-like","liver"
"LOC115107060",122.620546807764,0.0062349250468246,0.0702455871276381,0.913163838650525,0.971351758961382,"cholinephosphotransferase 1-like","liver"
"gkap1",58.0573465734001,0.00622825475206548,0.0883501829159426,0.918226731564685,0.972483235118029,"G kinase anchoring protein 1, transcript variant X1","liver"
"LOC115133570",53.7325759095137,0.0062000070847289,0.0970198196552163,0.915985168706098,0.971932392880029,"DENN domain-containing protein 4C-like","liver"
"LOC115129814",360.423718062462,0.00619629570252505,0.0861063109402909,0.918714086575282,0.97281690412679,"protein SON-like, transcript variant X1","liver"
"atxn1",57.1636269622376,0.00615706897447226,0.106636102910829,0.90666807898818,0.969582154056257,"ataxin 1","liver"
"LOC115102705",202.812347674985,0.00614870140200947,0.0971281149983076,0.916616929896656,0.972237307194537,"nuclease-sensitive element-binding protein 1-like, transcript variant X4","liver"
"LOC115106873",45.6040768633818,0.00613675350053164,0.108129315327395,0.904231736125317,0.968986137451566,"ATP-binding cassette sub-family D member 2-like","liver"
"LOC115137932",53.7469048356668,0.00612685210175274,0.0956293535690869,0.917678795986785,0.972483235118029,"kinesin light chain 2-like, transcript variant X3","liver"
"LOC115135362",3227.81774358521,0.0061252209399725,0.095536635691551,0.917743120056074,0.972483235118029,"adenosine kinase-like, transcript variant X1","liver"
"LOC115102284",310.329061674778,0.006124372668217,0.0971181088650946,0.916951242664356,0.972409225410022,"protein LYRIC-like, transcript variant X1","liver"
"gtpbp4",73.3282741870207,0.00601947243052276,0.0974497597329571,0.918181141987791,0.972483235118029,"GTP binding protein 4","liver"
"LOC115105526",540.944326707736,0.0059873385227174,0.109645810151659,0.903291867814914,0.968493182414931,"polyubiquitin-like","liver"
"LOC115145306",93.0721852562101,0.00591633124688609,0.0846462009530457,0.922310558062131,0.974979481523833,"influenza virus NS1A-binding protein homolog A-like, transcript variant X1","liver"
"LOC115126249",47.3255640151877,0.00587700382703013,0.10912597454345,0.906230050771131,0.969582154056257,"RNA-binding protein 25-like","liver"
"LOC115110286",42.9504515869116,0.00582902198021167,0.105929257486163,0.912703011533048,0.971351758961382,"serine/threonine-protein kinase 17A-like","liver"
"calm1",60.9167970497455,0.00582219252049908,0.103911402409397,0.91546214173908,0.97192539531005,"calmodulin 1","liver"
"LOC115141860",289.783151200424,0.00572008110667366,0.112870509325166,0.898477778941457,0.966518391610333,"heat shock cognate 70 kDa protein-like","liver"
"LOC115139579",95.9315770261757,0.00570111133206948,0.0782352524412459,0.923964979227177,0.975997431752412,"protein sel-1 homolog 1-like","liver"
"LOC115110083",52.8520428519101,0.00569791557416035,0.10183096104178,0.919394516155498,0.973307483778772,"manganese-transporting ATPase 13A1-like","liver"
"LOC115101542",42.5313543462795,0.00566121955898662,0.099769312902868,0.921579144809789,0.974753812588248,"ephrin type-A receptor 3-like","liver"
"LOC115101329",55.2391166668195,0.00560979948626837,0.0892701824531854,0.926238442367117,0.976118475581797,"nuclear RNA export factor 1-like","liver"
"snx33",70.6144512610028,0.00560148514351442,0.0981839218094434,0.923430871676233,0.9759420110818,"sorting nexin 33","liver"
"LOC115137215",40.5778444796906,0.00558398414366415,0.107132049982579,0.91453569816952,0.97192539531005,"uncharacterized protein C4orf54-like, transcript variant X2","liver"
"LOC115141217",48.4608184993471,0.00551969369497415,0.105915310355619,0.917336531890644,0.972483235118029,"nucleolar GTP-binding protein 2-like","liver"
"LOC115102316",114.070120636125,0.00545934618488044,0.0993793566406665,0.924630470980517,0.976118475581797,"cytoplasmic dynein 1 intermediate chain 2-like, transcript variant X1","liver"
"LOC115137145",57.9249680623144,0.00539071260914421,0.0863400983798501,0.92925422494555,0.977378791736694,"cullin-3","liver"
"LOC115103091",41.3645345295361,0.00539010283187691,0.105728236237488,0.91952216055189,0.973307483778772,"translation initiation factor eIF-2B subunit gamma-like","liver"
"LOC115141274",134.479949432081,0.00537884146979557,0.111030209523511,0.909853669837449,0.970383058985793,"inverted formin-2-like","liver"
"LOC115118838",542.868091670848,0.00534308316354671,0.100565316679092,0.925407556485856,0.976118475581797,"1-acyl-sn-glycerol-3-phosphate acyltransferase delta-like, transcript variant X2","liver"
"LOC115101265",153.252437025022,0.0053388498503631,0.115877131636481,0.892363750152192,0.964588115404835,"prosaposin-like, transcript variant X1","liver"
"LOC115107561",448.840754618939,0.00532514246151388,0.0847046876763005,0.930056120319427,0.977429498639539,"lysosomal-associated transmembrane protein 4A-like","liver"
"LOC115129804",134.70829165311,0.00532409576441335,0.0740437802109955,0.927568187445887,0.976543965163864,"amino-terminal enhancer of split-like, transcript variant X1","liver"
"LOC115135618",45.9822948545071,0.00529375869195573,0.0908715991760834,0.930165378710014,0.977429498639539,"U1 small nuclear ribonucleoprotein C-like","liver"
"LOC115113449",95.8320163712343,0.00525671658346337,0.0950280485876546,0.929564263331259,0.977429498639539,"src substrate cortactin-like, transcript variant X2","liver"
"LOC115117021",53.0150484692675,0.00522584830934552,0.0817592263250315,0.931033624456861,0.977429498639539,"syntaxin-12-like","liver"
"LOC115104898",165.735668290236,0.00515383272484479,0.0835785946280867,0.932211524538406,0.977895499299703,"5'-AMP-activated protein kinase subunit gamma-1-like, transcript variant X7","liver"
"dnajc3",214.34435961675,0.00510944504237391,0.106769718455112,0.922299397712895,0.974979481523833,"DnaJ heat shock protein family (Hsp40) member C3, transcript variant X1","liver"
"LOC115138107",208.073227494322,0.00510192334386898,0.104861582673886,0.924853094302172,0.976118475581797,"nuclear factor 1 B-type-like, transcript variant X3","liver"
"LOC115111603",125.852431938425,0.00506471038851527,0.0793725535574253,0.932705275067853,0.977911603163064,"DNA-directed RNA polymerase III subunit RPC4-like, transcript variant X1","liver"
"sil1",55.9274260586857,0.0050426324587898,0.106152708562227,0.924149846459693,0.976010107203783,"SIL1 nucleotide exchange factor","liver"
"vwa8",43.9768776608495,0.00499220056235584,0.0860054741475536,0.93446806191474,0.978381941706388,"von Willebrand factor A domain containing 8","liver"
"LOC115128496",82.3732363455363,0.00480697086497307,0.1148325858168,0.907751934047865,0.969582154056257,"SH2 domain-containing protein 2A-like","liver"
"hm13",162.138336794063,0.00480260427885493,0.0983030606312627,0.93426255675542,0.978381941706388,"histocompatibility minor 13, transcript variant X1","liver"
"lsm3",38.3055661077901,0.00477011326188652,0.0997755914493397,0.933886707053248,0.978381941706388,"LSM3 homolog, U6 small nuclear RNA and mRNA degradation associated","liver"
"mrpl54",38.6407050222002,0.00476854736922411,0.0986634076624738,0.934540172090427,0.978381941706388,"mitochondrial ribosomal protein L54","liver"
"asmtl",84.2167058708443,0.00476550096390851,0.119839031057141,0.871016142324529,0.954849846039514,"acetylserotonin O-methyltransferase like","liver"
"dmgdh",78.9635267476338,0.00476113813160716,0.117471884693466,0.894551305357591,0.96580815747129,"dimethylglycine dehydrogenase","liver"
"LOC115102298",89.4834448891408,0.0047419592134441,0.0944348267535882,0.936632175855913,0.979663813427656,"complement receptor type 2-like, transcript variant X1","liver"
"LOC115107589",48.5758137253768,0.0047276482537536,0.107647258262851,0.926868008741321,0.976324025625653,"ectonucleotide pyrophosphatase/phosphodiesterase family member 1-like, transcript variant X1","liver"
"LOC115119173",129.34469564265,0.00468153447020779,0.0954164109283777,0.937124220777519,0.979726094208485,"spermatogenesis-associated protein 13-like, transcript variant X1","liver"
"LOC115140072",152.060005114958,0.0046186971608424,0.0777724696693752,0.938256780709922,0.980273461119211,"inositol hexakisphosphate kinase 2-like","liver"
"LOC115140123",75.702285458845,0.00458136924789958,0.091461518868836,0.93945050452165,0.980339049179871,"ubiquitin carboxyl-terminal hydrolase 4-like","liver"
"LOC115128486",248.867545242434,0.00457704237229261,0.114803190211478,0.912257688333345,0.971351758961382,"lanosterol 14-alpha demethylase-like","liver"
"stx18",70.233843170403,0.00455726574860292,0.0812301211796863,0.939762499868963,0.980339049179871,"syntaxin 18, transcript variant X1","liver"
"LOC115117624",83.438608450637,0.00448834235180016,0.112848373878529,0.920305559591607,0.973954112362552,"AT-rich interactive domain-containing protein 1B-like","liver"
"LOC115129400",83.4809028859529,0.00447222472136338,0.0791553418678335,0.940518293753012,0.980339049179871,"transmembrane 9 superfamily member 2-like, transcript variant X1","liver"
"LOC115130791",91.6635797060699,0.00445644553168929,0.0989119458637253,0.938690039272018,0.980339049179871,"alpha-1,3-mannosyl-glycoprotein 4-beta-N-acetylglucosaminyltransferase B","liver"
"LOC115138536",57.1831254316886,0.0044561308970648,0.0806041423273124,0.940998750880423,0.980597812379266,"kinectin-like, transcript variant X2","liver"
"pum2",95.9663658430638,0.00438810204247107,0.0694047474175404,0.938450093131406,0.980294028828847,"pumilio RNA binding family member 2, transcript variant X2","liver"
"LOC115143578",1177.9037102933,0.0043484087261466,0.119692779381122,0.884034565773378,0.961521702630802,"dispanin subfamily A member 2b-like","liver"
"LOC115141800",292.398599455899,0.00434651186901808,0.0938493428130928,0.94206069153124,0.981342189000993,"60S acidic ribosomal protein P0","liver"
"ogdh",83.2794002885279,0.00433032867344496,0.0726449054175602,0.940576802941438,0.980339049179871,"oxoglutarate dehydrogenase, transcript variant X2","liver"
"LOC115128280",676.751136195879,0.00424426050424083,0.0689268111031021,0.940249777412923,0.980339049179871,"transmembrane protein 268-like, transcript variant X1","liver"
"LOC115113758",40.3105583183006,0.0042287517841249,0.097713621949698,0.942358900639558,0.981362888532175,"peroxisomal carnitine O-octanoyltransferase-like","liver"
"ftsj3",114.045122356406,0.00417836188448539,0.0946517746909851,0.944091638336819,0.982257138110437,"FtsJ RNA 2'-O-methyltransferase 3","liver"
"zcchc17",130.389509684573,0.00410033294276932,0.0819405847425727,0.945883035795394,0.98265592388946,"zinc finger CCHC-type containing 17, transcript variant X2","liver"
"LOC115137037",167.884728100956,0.00403078022151924,0.0951288283083457,0.945932509093025,0.98265592388946,"hepatocyte nuclear factor 3-beta-like","liver"
"LOC115118896",66.594433475779,0.00399367966339373,0.121215828829752,0.869665055168285,0.954349640715284,"Usher syndrome type-1G protein homolog","liver"
"LOC115108091",53.0251183732872,0.00398910809749346,0.112099270993398,0.930886926015015,0.977429498639539,"elongation of very long chain fatty acids protein 4-like","liver"
"cog5",38.3679346064936,0.00396977663386441,0.0913273973990372,0.947540016310161,0.983421127221906,"component of oligomeric golgi complex 5","liver"
"LOC115107528",255.677845177609,0.00391908569374426,0.0983275223579663,0.946324568693366,0.982722029980111,"eukaryotic translation initiation factor 5-like, transcript variant X1","liver"
"LOC115121458",58.1780255599237,0.00385599248304914,0.0906344159520049,0.949129359172852,0.983624148658209,"ankyrin repeat domain-containing protein 12-like","liver"
"LOC115102929",308.78212270735,0.00385056735234256,0.0918806035358686,0.949032252510724,0.983624148658209,"NPC intracellular cholesterol transporter 1-like","liver"
"LOC115122093",58.5338041003392,0.00382097242466956,0.0855005629741377,0.949809293362484,0.983967572536621,"Golgi reassembly-stacking protein 2-like, transcript variant X1","liver"
"ttc25",169.181007785189,0.00381525810142204,0.118886294867418,0.905750183928707,0.969582154056257,"tetratricopeptide repeat domain 25, transcript variant X2","liver"
"LOC115142675",149.125483473252,0.00379787827149031,0.100623351083205,0.946908297276449,0.982991361394308,"eukaryotic initiation factor 4A-III","liver"
"LOC115143164",626.233280799996,0.00373728301113697,0.11361944279763,0.931710723802511,0.977595009587247,"peptidyl-prolyl cis-trans isomerase FKBP11-like","liver"
"masp1",121.9126812014,0.00373364426367801,0.110013225364479,0.939036284142075,0.980339049179871,"mannan binding lectin serine peptidase 1, transcript variant X2","liver"
"LOC115146925",188.178078519221,0.00371804800152285,0.0740714449440038,0.949389700914852,0.983713388028125,"26S proteasome non-ATPase regulatory subunit 4-like, transcript variant X1","liver"
"LOC115114162",127.853725021474,0.00370228460090312,0.0870476820783304,0.951374902048125,0.984530000918307,"DIS3-like exonuclease 2, transcript variant X1","liver"
"LOC115120017",168.337162415314,0.00367561549479578,0.0900934223028039,0.951561555551879,0.984530000918307,"acyl-coenzyme A thioesterase 1-like","liver"
"LOC115128416",339.171358650593,0.00366905022293373,0.0922621032109189,0.951373112431926,0.984530000918307,"DEP domain-containing mTOR-interacting protein-like, transcript variant X1","liver"
"LOC115110197",77.5266102626154,0.00366129610880347,0.0886497571837777,0.95185784158651,0.984530000918307,"importin subunit beta-1, transcript variant X1","liver"
"LOC115146310",219.429471531822,0.00361207340984022,0.0731302489933333,0.950563969787168,0.984523525179968,"probable histone deacetylase 1-B","liver"
"LOC115136771",2399.13534702905,0.00356900213610511,0.114820543483751,0.93146571420686,0.977595009587247,"diablo homolog, mitochondrial-like","liver"
"LOC115117982",201.938320317747,0.00356168053031424,0.114242918775498,0.93327959272088,0.978150469742359,"fish-egg lectin-like","liver"
"LOC115109390",65.2006830559041,0.00339342130565545,0.0842389821043922,0.955373217897078,0.985572298236233,"membrane-bound transcription factor site-1 protease-like","liver"
"LOC115136708",704.126519327954,0.0033813151352272,0.10983463227099,0.94502653192594,0.982358772480627,"heat shock cognate 70 kDa protein-like","liver"
"LOC115128400",69.3237915832607,0.00337197089612179,0.11992583554201,0.907598831767009,0.969582154056257,"class I histocompatibility antigen, F10 alpha chain-like","liver"
"LOC115131764",41.4426954061005,0.00334438640028017,0.0813585570324245,0.955788800268096,0.985820892640422,"CUGBP Elav-like family member 3, transcript variant X3","liver"
"LOC115128682",42.4769420356974,0.0032926452639754,0.123150627052496,0.811429322515527,0.936155986280306,"popeye domain-containing 2-like, transcript variant X1","liver"
"LOC115118437",49.8265252314824,0.00321283865885939,0.10487947790291,0.952619092280679,0.984530000918307,"rab-like protein 6, transcript variant X2","liver"
"LOC115101194",83.7011809699789,0.00320082310929169,0.0746466162715925,0.956558620669181,0.986369457126025,"protein PRRC2B-like, transcript variant X4","liver"
"LOC115125165",463.629921991718,0.00313878876581015,0.119776554362859,0.915361942079387,0.97192539531005,"mid1-interacting protein 1A-like","liver"
"LOC115120942",253.4990175366,0.00312327265079889,0.109911801100734,0.949116772808013,0.983624148658209,"probable N-acetyltransferase camello","liver"
"LOC115101102",75.7632047595218,0.00311389261418492,0.116176899940294,0.936066044803224,0.979434560592847,"rho guanine nucleotide exchange factor 28-like","liver"
"ddrgk1",196.498298099134,0.00308990318610941,0.0901197775019912,0.959270648427676,0.987067993625416,"DDRGK domain containing 1","liver"
"LOC115114495",94.6363666391511,0.00308362322068291,0.0751911305805353,0.958266260200856,0.987067993625416,"vacuolar protein sorting-associated protein 4B-like, transcript variant X1","liver"
"LOC115130158",223.960515221466,0.00305204593967616,0.096120959412531,0.958817989563532,0.987067993625416,"translocon-associated protein subunit alpha-like, transcript variant X1","liver"
"LOC115103612",380.596307883979,0.00300870558304712,0.101920577083952,0.957338269856911,0.986664444589593,"coenzyme Q-binding protein COQ10 homolog, mitochondrial-like","liver"
"LOC115132370",62.6214133035298,0.0029989838510339,0.109785083767995,0.951293496878272,0.984530000918307,"tubulin alpha-8 chain-like","liver"
"LOC115129325",553.479481646088,0.00299582532240451,0.0944858479361145,0.959930259274545,0.987381491478,"guanine nucleotide-binding protein subunit beta-2-like 1","liver"
"golga4",196.317559268797,0.00298471089952585,0.0827646889426306,0.960658093881246,0.9874159108053,"golgin A4, transcript variant X3","liver"
"LOC115114129",94.8069466534384,0.00294746205788063,0.117783927550844,0.933161222099384,0.978150469742359,"parafibromin-like","liver"
"LOC115113026",1689.09026879143,0.00286802130601099,0.0998329613895162,0.960197901497587,0.987381491478,"mitochondrial pyruvate carrier 1","liver"
"LOC115131625",45.1117296601468,0.00284420191902072,0.114819741718106,0.945357083364359,0.982419674705535,"ras-related protein Rab-37-like","liver"
"LOC115122914",40.1802911485624,0.00282929093594862,0.111398960632636,0.951990404320368,0.984530000918307,"forkhead box protein O3-like","liver"
"LOC115122621",134.380028784268,0.00277292551553586,0.114022926574386,0.948491536363375,0.983624148658209,"15-hydroxyprostaglandin dehydrogenase [NAD(+)]-like","liver"
"LOC115135422",95.0992249713082,0.00275816643575983,0.120941634843788,0.91360280329078,0.971595672891268,"sentrin-specific protease 3-like, transcript variant X1","liver"
"LOC115110087",54.6515871296701,0.00275345839821472,0.0865089127790262,0.963829251210592,0.989581040772875,"syntaxin-binding protein 2-like, transcript variant X2","liver"
"lonp2",55.2549083296067,0.00270921583947059,0.0825671613847345,0.964273696809847,0.989581040772875,"lon peptidase 2, peroxisomal, transcript variant X1","liver"
"LOC115144150",49.2459886283394,0.00270915717694017,0.0815916099154919,0.964199982001947,0.989581040772875,"myosin phosphatase Rho-interacting protein-like, transcript variant X2","liver"
"LOC115136752",45.5463789173713,0.00268540368916277,0.0792372341514182,0.964272129298187,0.989581040772875,"synergin gamma-like","liver"
"LOC115102447",199.279926613771,0.00262040037919354,0.0927367853766467,0.96520354384031,0.989905955382855,"C4b-binding protein alpha chain-like, transcript variant X2","liver"
"LOC115104303",97.2924124042695,0.00240747568729622,0.112654160277206,0.95748042718852,0.986664444589593,"matrix-remodeling-associated protein 7-like, transcript variant X1","liver"
"LOC115136909",69.0699533195598,0.00240479598733894,0.0996182807339009,0.966687583532632,0.990528037188312,"tyrosine-protein kinase BAZ1B-like, transcript variant X2","liver"
"LOC115108616",3691.79837187203,0.00240342868981074,0.118197217164268,0.943790543235804,0.982257138110437,"insulin-like growth factor-binding protein 1","liver"
"LOC115109631",173.320556773769,0.00234254642241964,0.10370768791388,0.966024678579717,0.990249963478139,"neuron navigator 2-like, transcript variant X1","liver"
"LOC115114173",73.8063128720506,0.00229935416270026,0.0943820080133514,0.969255382605163,0.991020624807814,"selenoprotein F-like","liver"
"LOC115133774",87.1994187052807,0.00226163962742926,0.10199810865364,0.967895560029876,0.990677581121357,"RING finger protein 227-like","liver"
"LOC115138620",74.5851012751416,0.00219533098077928,0.10757835966068,0.96604619178845,0.990249963478139,"ornithine decarboxylase 1-like","liver"
"LOC115144894",722.406834581328,0.00211691372509428,0.0915115933141346,0.971996295976611,0.992026588409968,"ornithine decarboxylase antizyme 1-like","liver"
"LOC115113360",616.516130401684,0.0021165522365256,0.0702581748179262,0.970472830191149,0.991689945751477,"kynurenine 3-monooxygenase-like, transcript variant X1","liver"
"LOC115138689",61.7960588229108,0.00203006271085916,0.0826160622337186,0.973228183524042,0.992361496448956,"E3 ubiquitin-protein ligase HECTD1-like, transcript variant X6","liver"
"LOC115112250",41.574768983486,0.00200760593257741,0.109021597169582,0.967972707825886,0.990677581121357,"hepatocyte nuclear factor 4-beta-like, transcript variant X1","liver"
"LOC115114739",74.6799133671568,0.00194768808648051,0.0889284152406727,0.974369878794977,0.992361496448956,"splicing factor 3A subunit 2-like, transcript variant X2","liver"
"LOC115124691",50.2566035895664,0.00188569444541458,0.0920773819809209,0.975011619612074,0.992361496448956,"maestro heat-like repeat-containing protein family member 1","liver"
"LOC115124123",57.6594719851742,0.00184646063962708,0.0778559123684146,0.975303733923383,0.992361496448956,"renin receptor-like","liver"
"LOC115141114",51.6651420402825,0.00182755843480411,0.102220658504679,0.973987316813135,0.992361496448956,"pre-B-cell leukemia transcription factor 2-like, transcript variant X1","liver"
"LOC115144454",96.7958853372973,0.00180055007962336,0.094747959638809,0.975879768126713,0.992361496448956,"hepatic leukemia factor-like","liver"
"LOC115141011",750.160319246504,0.00178223356757936,0.103080741304454,0.974361776235661,0.992361496448956,"tumor protein p53-inducible nuclear protein 1-like","liver"
"LOC115106635",40.0896157065497,0.00176559935217755,0.0850617278090597,0.976789364007989,0.992361496448956,"serine/threonine-protein kinase tousled-like 2, transcript variant X3","liver"
"LOC115130496",76.8922638180363,0.00174101290005732,0.089843467419455,0.977056055809239,0.992361496448956,"heterogeneous nuclear ribonucleoprotein A0-like","liver"
"LOC115116588",3972.78557637289,0.0017278497177279,0.111211880743336,0.97082810789241,0.991689945751477,"amine sulfotransferase-like","liver"
"LOC115126610",1383.34407972787,0.00168551245483063,0.0912567456512497,0.977716952929386,0.992361496448956,"60S ribosomal protein L10-like","liver"
"LOC115142990",111.704447138456,0.00168407679201437,0.0990436375734745,0.976784894860584,0.992361496448956,"enolase-like","liver"
"ilvbl",44.0773554394585,0.00167681482864321,0.0882092727001061,0.977950844527907,0.992361496448956,"ilvB acetolactate synthase like, transcript variant X2","liver"
"LOC115107904",90.93510856534,0.00165875629771977,0.0952039278972409,0.977726539270909,0.992361496448956,"eukaryotic translation initiation factor 2 subunit 1","liver"
"ctcf",47.0236844875117,0.00163304253908673,0.0894899331476835,0.978491652676895,0.992361496448956,"CCCTC-binding factor, transcript variant X4","liver"
"LOC115107965",62.6837360688578,0.0016304354384038,0.120404503919869,0.952564342765668,0.984530000918307,"heat shock protein HSP 90-alpha","liver"
"LOC115110532",39.3796705141221,0.00162880061423277,0.0912936980469636,0.97846438690043,0.992361496448956,"next to BRCA1 gene 1 protein-like, transcript variant X1","liver"
"LOC115115475",63.5982549829356,0.00162209249282248,0.090441952462423,0.978597316930083,0.992361496448956,"adapter protein CIKS-like, transcript variant X1","liver"
"ddit4",241.496237503341,0.00159643121348497,0.119800465126972,0.956765031944366,0.986369457126025,"DNA damage inducible transcript 4","liver"
"otud5",50.8426739504846,0.00157408225150987,0.0864840730925502,0.979317260633849,0.992361496448956,"OTU deubiquitinase 5, transcript variant X3","liver"
"rb1",53.4317595768634,0.0015348583437995,0.0896614946305817,0.979778737268447,0.992361496448956,"RB transcriptional corepressor 1","liver"
"LOC115138608",42.9847105807752,0.00149208625026566,0.0906115146409989,0.980304896802996,0.992361496448956,"eukaryotic translation initiation factor 4E-like","liver"
"LOC115145104",127.457415975136,0.00148460407770695,0.0821189207610431,0.980400274903444,0.992361496448956,"tripartite motif-containing protein 16-like","liver"
"LOC115105943",91.5306309942632,0.00147747333993372,0.0922412303090686,0.980409569109507,0.992361496448956,"guanine nucleotide-binding protein G(q) subunit alpha-like, transcript variant X1","liver"
"LOC115141225",60.9258432295686,0.00142497330741307,0.100018732537272,0.980183522963999,0.992361496448956,"protein eva-1 homolog B-like","liver"
"LOC115124823",66.2058926380384,0.00139604730788891,0.110654943089742,0.976794219320434,0.992361496448956,"60S ribosomal protein L4-B-like, transcript variant X1","liver"
"LOC115118535",43.1663993519925,0.00137991566249631,0.0862083972314297,0.981867657206926,0.99330313431111,"pre-mRNA-processing factor 17-like","liver"
"LOC115131917",185.743954207053,0.0012795311226863,0.0851669798022922,0.98317932805317,0.993795796009151,"probable ATP-dependent RNA helicase DDX23","liver"
"LOC115105628",76.3372674990979,0.00121804039527627,0.086306915465346,0.983994613163671,0.994385821715068,"serrate RNA effector molecule homolog","liver"
"LOC115125296",270.536973753606,0.00112574492761272,0.10056089978877,0.984261525529292,0.994400149459034,"selenide, water dikinase 2-like","liver"
"tm7sf2",211.960424322571,0.00112158915331358,0.117539600422797,0.974962617575702,0.992361496448956,"transmembrane 7 superfamily member 2","liver"
"LOC115104868",697.251663106289,0.00112131768630559,0.113335153529772,0.979702687340189,0.992361496448956,"elongation of very long chain fatty acids protein 2-like","liver"
"LOC115133004",40.7506519154108,0.00109720233803229,0.0869605702189913,0.985581611541112,0.994921111882911,"liprin-beta-1-like, transcript variant X4","liver"
"LOC115112173",454.6041855527,0.00107036211930478,0.0908463845812125,0.985863047235242,0.994937512567666,"sorbitol dehydrogenase-like","liver"
"LOC115132507",204.320060734079,0.00106869288816079,0.085126879323053,0.985950298054568,0.994937512567666,"E3 ubiquitin-protein ligase HUWE1-like, transcript variant X19","liver"
"LOC115137073",70.2431900540775,0.00103174874180547,0.0873629785895179,0.986439771055295,0.995104891738679,"uncharacterized LOC115137073","liver"
"ildr1",101.406357001873,0.000975413848726672,0.0858737765249584,0.98718132471376,0.995206751994422,"immunoglobulin like domain containing receptor 1","liver"
"LOC115116615",77.423027856783,0.000974781248631114,0.111824121597424,0.983234735477704,0.993795796009151,"complement C3-like","liver"
"LOC115135440",43.8229787596458,0.000970197160676188,0.0984596653779186,0.986688535917484,0.995104891738679,"dual specificity protein kinase CLK4-like, transcript variant X1","liver"
"LOC115124740",89.6365634676873,0.000949137485015671,0.0825681785813982,0.987480086217317,0.995206751994422,"receptor-type tyrosine-protein phosphatase F-like, transcript variant X2","liver"
"LOC115106398",139.062585919117,0.000934759172131775,0.0820249084217443,0.987656081776876,0.995206751994422,"2-oxoisovalerate dehydrogenase subunit beta, mitochondrial-like","liver"
"LOC115144174",64.0511942590915,0.000917260833191723,0.122394748882739,0.96088152480864,0.987465797063994,"phospholipid transfer protein-like, transcript variant X1","liver"
"LOC115142895",46.9677513120283,0.000906137650401552,0.0802838982248944,0.987980686786348,0.995206751994422,"transforming protein RhoA-like","liver"
"LOC115109702",91.3928165416347,0.000889114739781959,0.0881379903515688,0.988308299409623,0.995206751994422,"CCR4-NOT transcription complex subunit 4-like","liver"
"LOC115133974",56.7946319961859,0.000816855948232944,0.110370959368103,0.986523678094247,0.995104891738679,"protein Wnt-2","liver"
"adpgk",41.5052133876299,0.000806623683007289,0.102283380378731,0.988508583985958,0.995206751994422,"ADP dependent glucokinase, transcript variant X1","liver"
"LOC115137313",224.398435429392,0.000789642599919014,0.0713393356340364,0.989063414996115,0.995469867157297,"oxysterol-binding protein 1-like, transcript variant X5","liver"
"LOC115105742",140.349558749758,0.00078123174521729,0.108604117080487,0.987650687086096,0.995206751994422,"cytochrome P450 4B1-like","liver"
"LOC115141372",59.6811021965366,0.0007454531521718,0.100736216206673,0.989559368862692,0.995731990126316,"serine/threonine-protein phosphatase 6 regulatory ankyrin repeat subunit C-like, transcript variant X1","liver"
"LOC115104627",41.6445287121254,0.000556668897344218,0.108402229588245,0.991239016885944,0.996889114595305,"CDKN2AIP N-terminal-like protein","liver"
"cenpv",88.1569607514708,0.000435690796141394,0.0879694573662515,0.994271377294187,0.998160774573787,"centromere protein V, transcript variant X1","liver"
"LOC115129281",81.0354964639502,0.000432685554252926,0.113761837154236,0.992039100178937,0.997103591847671,"guanylate-binding protein 1-like, transcript variant X2","liver"
"LOC115133340",92.4087598450244,0.000380963829737436,0.0800853574450342,0.99494361295647,0.998518524772762,"dynactin subunit 1-like, transcript variant X5","liver"
"LOC115116868",100.608951455119,0.000341283598086913,0.0983469881996707,0.995321435354383,0.998518524772762,"solute carrier family 35 member B1-like","liver"
"LOC115114557",73.6193161225573,0.000313233737421312,0.0736042513836868,0.995722109629753,0.998518524772762,"RB1-inducible coiled-coil protein 1-like, transcript variant X2","liver"
"herc4",50.6304812695234,0.000253538809083979,0.0955019752468144,0.996589574927204,0.998538890796564,"HECT and RLD domain containing E3 ubiquitin protein ligase 4, transcript variant X2","liver"
"LOC115103764",108.645076339289,0.000198144082116894,0.116936722057809,0.995744389738505,0.998518524772762,"keratin, type I cytoskeletal 13-like","liver"
"LOC115118783",40.6841782612794,1.96193257218685e-05,0.0822137404642069,0.999741011109079,0.999758944243206,"enhancer of rudimentary homolog","liver"
"hypk",62.4817268135101,1.83180756049527e-05,0.0841373612915737,0.999758944243206,0.999758944243206,"huntingtin interacting protein K","liver"
"LOC115125240",86.8797894080323,-2.09957579491001e-05,0.106807279423604,0.999679938264645,0.999758944243206,"uncharacterized LOC115125240","liver"
"LOC115140276",404.715094541018,-4.30741606751421e-05,0.0847152108549003,0.999433506077052,0.999758944243206,"patatin-like phospholipase domain-containing protein 7, transcript variant X3","liver"
"LOC115129238",273.366993323495,-7.83426159576311e-05,0.0825199840991846,0.99896645735864,0.999674693060419,"hypoxanthine-guanine phosphoribosyltransferase","liver"
"LOC115146201",44.89876083271,-9.1586059568895e-05,0.0992338422291654,0.998735231165557,0.999620477780666,"E3 ubiquitin-protein ligase pellino homolog 2-like","liver"
"LOC115145947",479.01361872547,-0.00013986499849165,0.0847694838281497,0.998160641437593,0.999222514460399,"mRNA decay activator protein ZFP36L1-like, transcript variant X1","liver"
"LOC115136817",69.4090382951569,-0.000145570612580308,0.0986345561373128,0.997999812493086,0.999222514460399,"scavenger receptor class F member 1-like, transcript variant X3","liver"
"LOC115112129",87.061242197809,-0.000160703904054874,0.0841756750383291,0.997885322105244,0.999222514460399,"dnaJ homolog subfamily A member 2-like","liver"
"mipol1",38.2709883197965,-0.00017739670009036,0.10036938192889,0.997524431782622,0.999136604881497,"mirror-image polydactyly 1, transcript variant X2","liver"
"LOC115145258",57.0045330200905,-0.000185807937018472,0.0911484498200496,0.997543932291357,0.999136604881497,"protein spinster homolog 1-like, transcript variant X2","liver"
"LOC115135253",120.726653250047,-0.00021868844463842,0.107914260107275,0.996593455479744,0.998538890796564,"multiple coagulation factor deficiency protein 2 homolog","liver"
"LOC115136617",69.2942270214773,-0.000245857931859025,0.106544891894056,0.996270032925263,0.998538890796564,"eukaryotic translation initiation factor 4 gamma 1-like, transcript variant X3","liver"
"LOC115105610",54.6017549479648,-0.000264994851404897,0.0940545190827602,0.996461203719713,0.998538890796564,"RNA-binding motif protein, X-linked 2-like","liver"
"LOC115128352",47.299933221237,-0.000273013193985536,0.106441712726785,0.995865712539041,0.998518524772762,"glyceraldehyde-3-phosphate dehydrogenase-like","liver"
"LOC115110272",134.462265528728,-0.000318283065894832,0.120575196579502,0.990521133547232,0.996344614289627,"heat shock 70 kDa protein","liver"
"serpind1",4337.25068189198,-0.00033316640018114,0.0872556248967979,0.995621215326037,0.998518524772762,"serpin family D member 1, transcript variant X2","liver"
"LOC115145904",61.6659502210001,-0.000374736670209725,0.0813933191415621,0.995044055760044,0.998518524772762,"dnaJ homolog subfamily C member 5B-like, transcript variant X2","liver"
"LOC115144405",58.0722548711833,-0.000418739199547601,0.10755962181975,0.993523974018345,0.99793446557664,"cordon-bleu protein-like 1, transcript variant X2","liver"
"LOC115117462",54.2476201188674,-0.000422667672086168,0.09709045333563,0.994258793036575,0.998160774573787,"neuroblast differentiation-associated protein AHNAK-like","liver"
"trim2",53.8465203276564,-0.000465682621179572,0.0966609948428098,0.993692448719778,0.99793446557664,"tripartite motif containing 2, transcript variant X3","liver"
"LOC115122211",3773.90188024383,-0.000475518212074346,0.109572429623209,0.99231226761655,0.997103591847671,"complement component C7-like","liver"
"LOC115144664",71.9042671555539,-0.000554059145665259,0.0838161420165737,0.99270606362459,0.997298653954526,"disintegrin and metalloproteinase domain-containing protein 10-like","liver"
"LOC115139790",201.711236659615,-0.000575008996936856,0.0939879767911914,0.992323587159084,0.997103591847671,"proprotein convertase subtilisin/kexin type 5-like, transcript variant X1","liver"
"LOC115104854",908.704588889758,-0.000582815850464211,0.0882287905345116,0.992335296243724,0.997103591847671,"phosphoenolpyruvate carboxykinase, cytosolic [GTP]-like","liver"
"LOC115131686",5631.34893475876,-0.00059495640875022,0.095400404382591,0.9920016465205,0.997103591847671,"elongation factor 1-alpha, oocyte form-like","liver"
"ell",262.626057431987,-0.000734174260919422,0.0901809446323951,0.99031729474026,0.996317078778244,"elongation factor for RNA polymerase II","liver"
"LOC115109637",43.2961544185371,-0.000755300008114469,0.103155387223534,0.989122556633446,0.995469867157297,"S-adenosylmethionine sensor upstream of mTORC1-like","liver"
"LOC115113088",123.218665393249,-0.000886255982459913,0.0838855614486377,0.988334160103508,0.995206751994422,"eukaryotic translation initiation factor 4E-like, transcript variant X2","liver"
"impad1",46.2764432795809,-0.000889527691118049,0.0928001542800584,0.988181793924507,0.995206751994422,"inositol monophosphatase domain containing 1","liver"
"LOC115144242",50.5092548331371,-0.00099124466407099,0.107843674248311,0.984582597710056,0.994446036971552,"monocarboxylate transporter 7-like","liver"
"LOC115113474",61.9739040747555,-0.00100104848672385,0.083764592621538,0.986821163451091,0.995104891738679,"MAP kinase-activating death domain protein-like, transcript variant X7","liver"
"LOC115136681",103.45981329386,-0.00106140473845582,0.104783948529203,0.984361040617524,0.994400149459034,"non-histone chromosomal protein HMG-14-like","liver"
"ctxn3",47.8146340199694,-0.00106763633488732,0.117246702327202,0.976623321981789,0.992361496448956,"cortexin 3","liver"
"LOC115111917",420.767054030919,-0.00110469766023412,0.0912650593893877,0.985394089734189,0.994909697896858,"glycine-rich RNA-binding protein 1-like","liver"
"LOC115116436",53.748923516191,-0.00112624493284092,0.0873341537623323,0.985198139530505,0.99488976851891,"syntenin-1-like","liver"
"LOC115144793",103.443157693585,-0.00130125649926655,0.0800227759631674,0.982726873433171,0.993638239148224,"dihydrolipoyl dehydrogenase, mitochondrial-like","liver"
"LOC115143520",49.4217024940832,-0.00131621581473334,0.0807975132490074,0.982567353482303,0.993638239148224,"protein ILRUN-like","liver"
"LOC115137912",217.282825283204,-0.00133676769866618,0.117157911233883,0.970898949937449,0.991689945751477,"E3 ubiquitin-protein ligase TRIM39-like","liver"
"LOC115117488",214.587100262432,-0.0013424692079179,0.113832255895318,0.975236109146258,0.992361496448956,"sterol regulatory element-binding protein 1-like","liver"
"secisbp2",50.9105923075128,-0.00135217371923419,0.0901183810965899,0.982170067205581,0.993431064034882,"SECIS binding protein 2","liver"
"LOC115143423",115.939561601023,-0.00138550427338868,0.121657156493172,0.950694697003398,0.984523525179968,"tumor necrosis factor receptor superfamily member 8-like","liver"
"LOC115102819",58.4850115710643,-0.0013920088921597,0.0875984304255801,0.981703410700716,0.99330313431111,"U6 snRNA-associated Sm-like protein LSm7","liver"
"LOC115133934",112.774926091276,-0.0014062377103864,0.100585004043021,0.980336113568801,0.992361496448956,"UDP-xylose and UDP-N-acetylglucosamine transporter","liver"
"LOC115138633",146.556600115422,-0.0014634574032446,0.0952495410073815,0.980343614052954,0.992361496448956,"fermitin family homolog 2-like, transcript variant X5","liver"
"LOC115136640",55.7399025587851,-0.00146989821990918,0.0868753140705874,0.980685203168553,0.992462566246576,"CUE domain-containing protein 1-like, transcript variant X1","liver"
"LOC115129292",44.4596634937534,-0.0014807888603512,0.0991355324521457,0.979570531185384,0.992361496448956,"leucine-rich repeat flightless-interacting protein 2-like, transcript variant X17","liver"
"LOC115141104",232.543190376811,-0.00149236916306434,0.0775447507492806,0.980013361652377,0.992361496448956,"RNA-binding protein 8A, transcript variant X2","liver"
"LOC115109360",99.2366906416978,-0.00149754378928646,0.0891050698186335,0.980287328542743,0.992361496448956,"nuclear factor erythroid 2-related factor 2-like","liver"
"LOC115131581",215.596925134012,-0.00154100771987522,0.107184909329236,0.9763448478261,0.992361496448956,"secretagogin-like","liver"
"LOC115105153",48.3010134819547,-0.00156263284454388,0.0974446969446854,0.978724601210284,0.992361496448956,"ubiquitin-like modifier-activating enzyme 5, transcript variant X2","liver"
"LOC115128360",168.397634750158,-0.00158320197539964,0.071460253111062,0.978092234825848,0.992361496448956,"cell division control protein 42 homolog, transcript variant X1","liver"
"LOC115109981",137.393113329623,-0.00160128309966808,0.0823016007899456,0.978868246790312,0.992361496448956,"AP-2 complex subunit alpha-2-like, transcript variant X1","liver"
"LOC115101986",231.704510359367,-0.00161103613642391,0.121761251926529,0.941435835553369,0.980872250882879,"complement C1q tumor necrosis factor-related protein 3-like","liver"
"LOC115125053",64.577514420652,-0.00169143496796447,0.107273786248206,0.973992101410075,0.992361496448956,"E3 ubiquitin-protein ligase RNF185, transcript variant X1","liver"
"LOC115103895",842.458918242127,-0.00169558159532537,0.0983334592496749,0.976761494140382,0.992361496448956,"malate dehydrogenase, cytoplasmic-like, transcript variant X1","liver"
"LOC115128654",158.029652736822,-0.00172295379496441,0.0865666655262105,0.977361638341934,0.992361496448956,"protein tyrosine phosphatase type IVA 2","liver"
"LOC115105376",44.0410232373379,-0.00174776819562839,0.11351941083918,0.968150172799968,0.990677581121357,"sodium- and chloride-dependent GABA transporter 2-like, transcript variant X4","liver"
"LOC115110604",2029.07532011426,-0.00177804470491124,0.0707628917320006,0.975280859639875,0.992361496448956,"microtubule-associated serine/threonine-protein kinase 1-like, transcript variant X2","liver"
"LOC115125787",64.529688485848,-0.00178024656288813,0.111973141598402,0.969244602919425,0.991020624807814,"phosphoethanolamine N-methyltransferase 3-like","liver"
"LOC115128580",381.894931255494,-0.00183741519528079,0.0779053578430031,0.975429512043323,0.992361496448956,"ATP-binding cassette sub-family F member 1-like, transcript variant X2","liver"
"LOC115111589",185.308214929675,-0.00184297061390337,0.0920826226460996,0.975577187151824,0.992361496448956,"anthrax toxin receptor 1-like, transcript variant X2","liver"
"LOC115137947",60.7846618475179,-0.00186790588149234,0.0795385763430431,0.975169140141651,0.992361496448956,"H(+)/Cl(-) exchange transporter 3-like, transcript variant X1","liver"
"LOC115141687",240.268827641803,-0.0018690016926304,0.0798914979553622,0.975182541026711,0.992361496448956,"E3 ubiquitin-protein ligase TRIP12, transcript variant X1","liver"
"avpi1",1945.44307218138,-0.00196887584542408,0.109484369475338,0.968245761789456,0.990677581121357,"arginine vasopressin induced 1, transcript variant X1","liver"
"LOC115110287",470.741832792886,-0.00205450330704589,0.0918077560038557,0.972798138383768,0.992361496448956,"coenzyme Q-binding protein COQ10 homolog, mitochondrial-like","liver"
"cdkn1b",191.670522172277,-0.00207302574546362,0.100762389906613,0.970963871787843,0.991689945751477,"cyclin dependent kinase inhibitor 1B","liver"
"LOC115135469",83.2707063455009,-0.00209230094958989,0.0843428124770024,0.972478349140838,0.992339193791644,"rab proteins geranylgeranyltransferase component A 2-like, transcript variant X3","liver"
"LOC115111786",50.6803793003911,-0.00210929224118745,0.0956147899299705,0.971615543410988,0.991996628950893,"vesicle-associated membrane protein 8-like","liver"
"LOC115121180",334.989375761527,-0.00211209929916581,0.0643626287788402,0.969064243420463,0.991020624807814,"ras-related protein Rab-10","liver"
"LOC115108058",100.497695109894,-0.00211455512084251,0.0920021510780131,0.971986703506001,0.992026588409968,"26S proteasome non-ATPase regulatory subunit 1-like","liver"
"LOC115145200",71.50377436849,-0.00214388043290507,0.0941426329074948,0.971365017864962,0.991920219002636,"CMP-N-acetylneuraminate-beta-1,4-galactoside alpha-2,3-sialyltransferase-like, transcript variant X3","liver"
"LOC115114877",6961.66951179465,-0.00216998223804521,0.119273419394969,0.944345315787991,0.982257138110437,"fatty acid-binding protein 10-A, liver basic","liver"
"LOC115116671",42.3607296578179,-0.00217656698895776,0.114228897093631,0.959215728247543,0.987067993625416,"plexin-A1-like","liver"
"LOC115135141",57.2802230026111,-0.00217674062546389,0.0775586623543752,0.970853002956729,0.991689945751477,"zinc finger SWIM domain-containing protein 8-like, transcript variant X4","liver"
"urad",279.052388985572,-0.00219396877633894,0.0989113888703295,0.969792803679014,0.99139057931771,"ureidoimidazoline (2-oxo-4-hydroxy-4-carboxy-5-) decarboxylase","liver"
"negr1",192.816784643826,-0.00219948732639566,0.11827608492426,0.948238223532311,0.983624148658209,"neuronal growth regulator 1, transcript variant X2","liver"
"LOC115125396",1567.06766085587,-0.00234949274921816,0.0964873263772385,0.968220269458687,0.990677581121357,"phosphatidylinositol-binding clathrin assembly protein-like","liver"
"LOC115102545",66.1720900809216,-0.00240313029981949,0.0843929683086625,0.96839347683471,0.990677581121357,"calcium-binding and coiled-coil domain-containing protein 1-like, transcript variant X2","liver"
"LOC115143242",62.359177625163,-0.00247918363748122,0.080110659605526,0.967106430296095,0.990528037188312,"cell division control protein 42 homolog, transcript variant X1","liver"
"LOC115105622",70.0397837729954,-0.00249114683738462,0.0817257642071197,0.967089422388947,0.990528037188312,"misshapen-like kinase 1, transcript variant X5","liver"
"LOC115114184",123.394590532998,-0.00249708640208421,0.086283458650505,0.967194663304847,0.990528037188312,"60S ribosomal protein L5-like","liver"
"LOC115145261",49.0987786409138,-0.00255037032517988,0.0835119750931932,0.966420802253935,0.990454138596064,"SAGA-associated factor 29-like","liver"
"LOC115109454",38.5616406650891,-0.0025544386337428,0.099212449603111,0.964742727278217,0.98963252874506,"protein FAM107B-like, transcript variant X2","liver"
"LOC115131943",52.0964618782538,-0.00259039932208753,0.0987802944416658,0.964376948990322,0.989581040772875,"eukaryotic translation initiation factor 2 subunit 2-like","liver"
"LOC115131832",45.83957603386,-0.00260262532455989,0.112350597434685,0.95450241818393,0.985214013357672,"probable ATP-dependent RNA helicase DDX27","liver"
"LOC115110247",73.5588223824629,-0.00263252335202614,0.083935886594249,0.965359934526744,0.989905955382855,"prohibitin","liver"
"LOC115146166",82.5987889242209,-0.00265920322766721,0.0784218788503538,0.964517263084154,0.989581040772875,"protein phosphatase 1A, transcript variant X2","liver"
"LOC115130531",69.7614454119927,-0.00277931333158646,0.117110532984972,0.939728852360585,0.980339049179871,"H-2 class II histocompatibility antigen gamma chain-like, transcript variant X1","liver"
"LOC115108744",61.7247626232376,-0.00279400441336602,0.0794861397439059,0.962859206819182,0.988958173858668,"protein PRRC2C-like","liver"
"LOC115112463",354.250871529137,-0.00280872831961558,0.118563740363256,0.932402117851036,0.977895499299703,"cytochrome P450 1A1","liver"
"ccdc24",56.5604642526423,-0.00282795765518616,0.122892265130396,0.856753724963227,0.950549698969964,"coiled-coil domain containing 24","liver"
"dnajc25",59.1075450070607,-0.00283501656053047,0.0955161881417457,0.961877258760104,0.988129367350718,"DnaJ heat shock protein family (Hsp40) member C25, transcript variant X1","liver"
"LOC115111387",44.3813311588683,-0.0029012318100262,0.0819914696874103,0.96169845177905,0.988125470199184,"mothers against decapentaplegic homolog 2, transcript variant X1","liver"
"LOC115102166",151.280517686028,-0.00290522534907153,0.0998653301203438,0.959669966477058,0.987298948748081,"serine/threonine-protein kinase Sgk2-like","liver"
"LOC115133353",48.1069492531571,-0.00297786049468796,0.0924940825751918,0.960494276706296,0.9874159108053,"E3 ubiquitin/ISG15 ligase TRIM25-like, transcript variant X3","liver"
"LOC115118233",190.638807682169,-0.00299808222955189,0.111878725036146,0.948384920940291,0.983624148658209,"transforming growth factor-beta-induced protein ig-h3-like","liver"
"LOC115125731",339.362815965086,-0.00300967217556176,0.0991751970453352,0.958478277267251,0.987067993625416,"sarcoplasmic/endoplasmic reticulum calcium ATPase 2","liver"
"LOC115122193",79.8594063202057,-0.00301377330603633,0.090099973772975,0.960274844085317,0.987381491478,"serine/threonine-protein kinase ppk4-like, transcript variant X3","liver"
"LOC115124241",94.0924686774616,-0.00303333993219887,0.095788028709003,0.959150111011936,0.987067993625416,"dual specificity protein kinase CLK4-like, transcript variant X1","liver"
"selenos",106.73081982716,-0.00311272485924549,0.0940216200344243,0.958457364548466,0.987067993625416,"selenoprotein S","liver"
"LOC115120424",115.80916765079,-0.00313978965776619,0.0889393221033054,0.958693696416584,0.987067993625416,"serine/arginine-rich splicing factor 5-like","liver"
"ppp2r3c",39.6089690553493,-0.00327978917186595,0.0890927951162026,0.956844760304505,0.986369457126025,"protein phosphatase 2 regulatory subunit B''gamma","liver"
"LOC115127916",100.621267828969,-0.00332521100214777,0.0711001468084276,0.953896047291273,0.985214013357672,"small ubiquitin-related modifier 3-like","liver"
"LOC115112143",62.2126080241372,-0.00338797614778233,0.0760703101843684,0.954349165649132,0.985214013357672,"cytoplasmic dynein 1 light intermediate chain 2-like, transcript variant X2","liver"
"LOC115144055",50.4041589109622,-0.00340445424138218,0.0905082704148263,0.955092183930166,0.985462439778822,"multiple inositol polyphosphate phosphatase 1-like","liver"
"LOC115102921",93.7099573006771,-0.00342830030973631,0.082937144432266,0.954830845979594,0.985372867190785,"guanine nucleotide-binding protein G(I)/G(S)/G(O) subunit gamma-5, transcript variant X1","liver"
"LOC115107974",40.9512600775136,-0.00347645662604546,0.0854843659372524,0.954329074521421,0.985214013357672,"pre-mRNA-processing factor 39-like","liver"
"LOC115102874",335.840613915868,-0.00349651248976226,0.0854215914882465,0.954064365520373,0.985214013357672,"cold-inducible RNA-binding protein B-like, transcript variant X8","liver"
"cask",56.6793795817633,-0.00350390852432141,0.104249511980122,0.948813681283625,0.983624148658209,"calcium/calmodulin dependent serine protein kinase, transcript variant X3","liver"
"LOC115142753",127.37808466818,-0.00351212434409211,0.119279931009669,0.910012060617706,0.970383058985793,"glutaredoxin-1-like","liver"
"LOC115125895",61.4404585921022,-0.00352282919513055,0.086736097702686,0.95373200655702,0.985214013357672,"glucocorticoid receptor-like","liver"
"LOC115143392",113.547841889875,-0.00352827896059328,0.0791742807195821,0.953059514918508,0.984804908717038,"ADP-ribosylation factor-like protein 8B-A","liver"
"LOC115128311",124.003060710835,-0.00353432677196769,0.077030486627552,0.952586328911955,0.984530000918307,"proteasome subunit beta type-2-like","liver"
"LOC115133309",352.66434047158,-0.00363032288552134,0.0879999634015233,0.952294565028176,0.984530000918307,"high mobility group protein B3-like","liver"
"LOC115137179",305.675215458635,-0.00366149622683748,0.0885639910692898,0.95185983926819,0.984530000918307,"coagulation factor X-like","liver"
"wdr60",76.4928085411648,-0.00375582131971556,0.10426872955369,0.945124486736586,0.982358772480627,"WD repeat domain 60, transcript variant X1","liver"
"LOC115140963",44.9545293892344,-0.00381904512281473,0.11420022294299,0.928598526846212,0.977022114142072,"metalloreductase STEAP4-like, transcript variant X3","liver"
"dhcr24",313.101977291448,-0.00386080515331359,0.103328261541932,0.944319418989458,0.982257138110437,"24-dehydrocholesterol reductase","liver"
"LOC115131640",107.193604267637,-0.00388928210804881,0.084117591190987,0.948853478137228,0.983624148658209,"cell division control protein 42 homolog","liver"
"LOC115133615",86.5628336315667,-0.0039285199356253,0.0962942447347624,0.946951826890479,0.982991361394308,"eukaryotic translation initiation factor 5A-1, transcript variant X1","liver"
"LOC115104082",50.3476974157763,-0.00403259111517287,0.0989250977362456,0.944504782642856,0.982257138110437,"all-trans-retinol 13,14-reductase-like","liver"
"LOC115136686",72.63491688934,-0.00405363726629786,0.107300429013615,0.937695511169919,0.98004976972702,"immunoglobulin superfamily member 5-like","liver"
"LOC115132241",42.9741510867406,-0.00407121316225674,0.0826496436614862,0.946344257350666,0.982722029980111,"uncharacterized LOC115132241, transcript variant X3","liver"
"fam160b1",59.981454015466,-0.00407788876704212,0.0762251728001925,0.945106505741235,0.982358772480627,"family with sequence similarity 160 member B1","liver"
"LOC115109555",122.822861594745,-0.00409058437623948,0.0689698224394307,0.942428193698451,0.981362888532175,"liprin-beta-1-like, transcript variant X5","liver"
"snrpb",56.41957609032,-0.00421093824030312,0.0936866076381686,0.943903853687351,0.982257138110437,"small nuclear ribonucleoprotein polypeptides B and B1","liver"
"LOC115101794",84.4164569891057,-0.00422487495222348,0.113364403910294,0.923566802198026,0.9759420110818,"urokinase plasminogen activator surface receptor-like","liver"
"LOC115103256",493.607960320169,-0.00424720148689455,0.104338930742551,0.937896685962937,0.98007860243323,"angiopoietin-related protein 4-like, transcript variant X1","liver"
"LOC115101945",140.758309006141,-0.00430154441802725,0.115410574071792,0.915165193896736,0.97192539531005,"cytochrome c oxidase subunit 4 isoform 2, mitochondrial-like, transcript variant X2","liver"
"LOC115112953",87.1544877266968,-0.00430647353140182,0.0787705098053487,0.942641459624187,0.981403961098684,"ribosome-binding protein 1-like, transcript variant X2","liver"
"LOC115132374",304.124395734942,-0.00432583140678609,0.100704849371705,0.939492259489084,0.980339049179871,"CCAAT/enhancer-binding protein beta-like","liver"
"LOC115131747",51.8584716477552,-0.00435356198162789,0.0989969928989058,0.940059890668043,0.980339049179871,"SOSS complex subunit B2-like","liver"
"LOC115135380",72.8586255971775,-0.00437642209413599,0.0991031455788034,0.939691519019014,0.980339049179871,"eukaryotic translation initiation factor 3 subunit L","liver"
"LOC115110250",42.2256569164546,-0.00449957073852943,0.108818650261388,0.92863410579625,0.977022114142072,"synaptic vesicle membrane protein VAT-1 homolog","liver"
"LOC115121211",2733.70472394223,-0.00453961955834695,0.0812485346073349,0.939998077734559,0.980339049179871,"fatty acid-binding protein, heart-like","liver"
"LOC115131582",52.5237901780673,-0.00456633894282716,0.0988528411003222,0.937212298055265,0.979726094208485,"F-actin-uncapping protein LRRC16A-like, transcript variant X1","liver"
"LOC115143464",50.3432082983237,-0.00461288563684636,0.109024191719768,0.926499984173371,0.976118475581797,"macrophage-stimulating protein receptor-like, transcript variant X2","liver"
"LOC115131162",5558.58138292989,-0.00462495763848457,0.114910946084649,0.910915730185034,0.970383058985793,"saxitoxin and tetrodotoxin-binding protein 2-like","liver"
"LOC115111411",87.7191543668335,-0.00464876690753702,0.0973295975395761,0.936818866706091,0.979677592410185,"ubiquitin-conjugating enzyme E2 E3-like","liver"
"LOC115137081",169.683579227916,-0.00465852691173534,0.117365798723837,0.89752728980467,0.966518391610333,"rho-related GTP-binding protein RhoU-like","liver"
"LOC115145572",448.612877468232,-0.00474125794588382,0.108430302102035,0.925453970075235,0.976118475581797,"mitochondrial uncoupling protein 2-like","liver"
"LOC115113941",161.171489540821,-0.00475748443172417,0.115732926038497,0.904716899264051,0.968986137451566,"selenoprotein Pb-like, transcript variant X1","liver"
"LOC115110784",82.0951835965517,-0.00475871397687577,0.0945245851691875,0.936381516489843,0.979583109524116,"DDB1- and CUL4-associated factor 7-like","liver"
"LOC115102404",97.7377646228625,-0.0047848111109732,0.0766872175123537,0.935745462443581,0.979280608147629,"ubiquitin-conjugating enzyme E2 variant 1, transcript variant X2","liver"
"LOC115127804",48.64962437172,-0.00478747081702625,0.0997121350348491,0.933685167563081,0.978381941706388,"collagen alpha-1(VI) chain-like","liver"
"LOC115138396",100.138620392081,-0.00478999020375682,0.108144305679317,0.92514786084239,0.976118475581797,"guanine nucleotide-binding protein-like 3","liver"
"LOC115129401",43.5115119975593,-0.0048358570630983,0.100495470228691,0.932516714174567,0.977895499299703,"RNA-binding motif protein, X chromosome-like, transcript variant X2","liver"
"LOC115105589",39.6351161860752,-0.00487256533970262,0.104460913870991,0.928650157498259,0.977022114142072,"non-histone chromosomal protein HMG-14-like","liver"
"LOC115130790",437.882823811439,-0.00489101147148371,0.0809173240823784,0.935308168190181,0.979004434112303,"calnexin-like, transcript variant X3","liver"
"LOC115136882",184.088459457523,-0.00500422819888128,0.0890581606437227,0.934201291972833,0.978381941706388,"succinate dehydrogenase [ubiquinone] cytochrome b small subunit B, mitochondrial-like","liver"
"LOC115140792",71.3215984140134,-0.00504500271780493,0.0988836059862624,0.930629447128502,0.977429498639539,"zinc finger MYM-type protein 1-like","liver"
"LOC115103144",171.25658484053,-0.00507064508177318,0.111740864568622,0.91320140569731,0.971351758961382,"cAMP-responsive element modulator-like, transcript variant X1","liver"
"LOC115146003",51.1784210604458,-0.00511329469962762,0.0948305397806914,0.931549947096969,0.977595009587247,"protein transport protein Sec23A-like","liver"
"LOC115133927",179.387775540845,-0.0051313501520162,0.0761716594627925,0.930940269608277,0.977429498639539,"uncharacterized LOC115133927, transcript variant X2","liver"
"LOC115134296",46.0536952100396,-0.00515316242662987,0.1026883890175,0.926333874577841,0.976118475581797,"UPF0183 protein C16orf70 homolog, transcript variant X3","liver"
"LOC115144943",99.972606653241,-0.00521873956699872,0.0759734399233352,0.929701360359498,0.977429498639539,"ER degradation-enhancing alpha-mannosidase-like protein 3, transcript variant X3","liver"
"LOC115134352",83.7992822579298,-0.00522888713962732,0.0737487881792242,0.928742062805615,0.977022114142072,"charged multivesicular body protein 1a-like","liver"
"LOC115138057",38.7808747699567,-0.00525169797704503,0.1016181459523,0.925863672456829,0.976118475581797,"mitochondrial fission 1 protein-like","liver"
"LOC115142255",112.746636451704,-0.00526400508038327,0.0862229808009067,0.930911907354404,0.977429498639539,"plectin-like","liver"
"vps50",52.6808913016437,-0.00529064613323106,0.0867693266055715,0.930563244750219,0.977429498639539,"VPS50 subunit of EARP/GARPII complex, transcript variant X2","liver"
"LOC115116430",446.094988237013,-0.00533978505987396,0.10852591785651,0.91590533698632,0.971932392880029,"mitochondrial uncoupling protein 2-like","liver"
"LOC115103799",95.2182626046633,-0.00538353521483757,0.0762909899601148,0.927595693442048,0.976543965163864,"phosphoribosyl pyrophosphate synthase-associated protein 1-like, transcript variant X1","liver"
"LOC115144058",1109.9656962719,-0.00553074330054898,0.086888170556489,0.927419295534473,0.976543965163864,"APOBEC1 complementation factor-like, transcript variant X4","liver"
"LOC115138377",45.3324278240551,-0.00553982248511331,0.0936425553368972,0.92626048567755,0.976118475581797,"cell cycle control protein 50A-like","liver"
"LOC115134190",4434.48888252399,-0.00554023936770837,0.121966468557295,0.792009455429602,0.929159231189459,"zona pellucida sperm-binding protein 3-like","liver"
"LOC115145044",69.3209241246821,-0.00554232448071946,0.0788478106840824,0.926243370326744,0.976118475581797,"methylcrotonoyl-CoA carboxylase subunit alpha, mitochondrial-like, transcript variant X1","liver"
"LOC115121061",954.321419791488,-0.00554816539772622,0.0987280249515633,0.923829614741633,0.975997431752412,"60S ribosomal protein L3-like","liver"
"LOC115142746",58.9250947382746,-0.00561082792275722,0.0909317312948009,0.925983739606694,0.976118475581797,"ubiquitin-associated protein 2-like, transcript variant X2","liver"
"LOC115143176",134.620586156785,-0.00567731707324339,0.0807804302883101,0.924909191523375,0.976118475581797,"myosin light polypeptide 6-like, transcript variant X2","liver"
"LOC115105485",145.908410100168,-0.00576089368797666,0.0756517791264225,0.922299752760404,0.974979481523833,"MAP7 domain-containing protein 1-like, transcript variant X2","liver"
"LOC115111512",125.501483412045,-0.00585599757862762,0.110921615788803,0.902198982490664,0.968221907459093,"E3 ubiquitin-protein ligase RNF34-like, transcript variant X1","liver"
"lrrc8a",71.702132146543,-0.00586835533469164,0.0954672398030388,0.921210870071875,0.974577915430495,"leucine rich repeat containing 8 VRAC subunit A","liver"
"LOC115146260",80.0667662276633,-0.00588599746984836,0.112241381392504,0.897728760495688,0.966518391610333,"adenylosuccinate synthetase isozyme 1 C","liver"
"LOC115103680",59.5387944626024,-0.00591722200858884,0.0787419061663333,0.921240229304384,0.974577915430495,"stromal membrane-associated protein 1-like","liver"
"LOC115112503",106.978017417835,-0.00604609145038459,0.103686023874378,0.912496179318516,0.971351758961382,"leucine-rich repeat-containing protein 58-like, transcript variant X2","liver"
"LOC115113648",89.6569952593797,-0.00606435168025897,0.103240277961265,0.912751396891352,0.971351758961382,"myotubularin-related protein 10-like","liver"
"LOC115131974",74.4339434287254,-0.00606828514277479,0.106783771640854,0.90775970002504,0.969582154056257,"inosine-5'-monophosphate dehydrogenase 2-like, transcript variant X1","liver"
"LOC115141448",87.5715967750433,-0.00616268268601269,0.0974699700242015,0.916230004036502,0.972009508228127,"rho GTPase-activating protein 35-like","liver"
"LOC115110376",48.0641885137741,-0.00619326026027115,0.102538269961756,0.911687105818923,0.971021580730738,"retinol dehydrogenase 8-like","liver"
"LOC115141451",339.220231576111,-0.00621111898694507,0.103204771397901,0.910690331450461,0.970383058985793,"rho-related GTP-binding protein RhoU-like","liver"
"LOC115146391",50.6542217337461,-0.0062128900293886,0.0905944601972499,0.918133668852094,0.972483235118029,"membrane-bound O-acyltransferase domain-containing protein 2-like","liver"
"LOC115110445",105.725371811718,-0.00624440054801743,0.0715423884039257,0.913796942409812,0.971619121816534,"interleukin enhancer-binding factor 3 homolog, transcript variant X1","liver"
"LOC115143275",85.334706057045,-0.00626533230989791,0.082058293375042,0.917415408202114,0.972483235118029,"eukaryotic translation initiation factor 4 gamma 3-like, transcript variant X3","liver"
"LOC115128382",1621.0722526593,-0.00629868703525967,0.109555515136211,0.898515211556096,0.966518391610333,"BOLA class I histocompatibility antigen, alpha chain BL3-7-like","liver"
"LOC115116401",6131.46525170027,-0.00636414081953068,0.119416469726132,0.83576419868874,0.944643853172296,"metalloproteinase inhibitor 2-like","liver"
"LOC115101972",120.451721469677,-0.00640951389267345,0.108775265692629,0.898593999198507,0.966518391610333,"catechol O-methyltransferase B-like","liver"
"LOC115145968",74.0256141157941,-0.00643214290825657,0.104271270765733,0.906171592693023,0.969582154056257,"calmin-like","liver"
"LOC115143411",78.6336794747179,-0.00646433187156217,0.107734762029924,0.899961719076167,0.966518391610333,"neural cell adhesion molecule L1-like protein, transcript variant X1","liver"
"LOC115139833",213.057478052215,-0.00647454603638747,0.0823624084211353,0.914721894672002,0.97192539531005,"lysosome membrane protein 2-like, transcript variant X2","liver"
"LOC115143853",134.304755228724,-0.00652806063396925,0.0675501722298825,0.907217737203082,0.969582154056257,"ubiquitin-conjugating enzyme E2 variant 1-like, transcript variant X1","liver"
"LOC115107801",85.0967541450567,-0.00653716961084166,0.114203507412146,0.878128307065672,0.958344416301524,"histone deacetylase 4-like, transcript variant X1","liver"
"LOC115113654",51.545127654938,-0.0065856337080893,0.109119207216402,0.895008703793438,0.966013982339467,"ribosomal RNA processing protein 1 homolog B-like, transcript variant X1","liver"
"LOC115109171",50.8439270817544,-0.00663503807335462,0.088372294037135,0.912904993297173,0.971351758961382,"dipeptidyl peptidase 9-like, transcript variant X1","liver"
"LOC115113096",106.302304694014,-0.00666509550775908,0.0964416175430076,0.910046320700959,0.970383058985793,"annexin A5-like","liver"
"LOC115121040",1342.14772349076,-0.00669950798218171,0.119652631430608,0.823137293599695,0.941132893492389,"betaine--homocysteine S-methyltransferase 1-like","liver"
"snx9",325.037855140729,-0.00670547605290578,0.0676679266516526,0.904798957960442,0.968986137451566,"sorting nexin 9, transcript variant X1","liver"
"LOC115144711",69.9933919425392,-0.00672821905257253,0.0926819110490024,0.910835434131981,0.970383058985793,"pleckstrin homology domain-containing family A member 7-like, transcript variant X1","liver"
"LOC115113442",65.0904187594426,-0.00678886135345731,0.104941947922915,0.9000062411163,0.966518391610333,"triadin-like, transcript variant X27","liver"
"LOC115105665",54.8052197165786,-0.00680013382776707,0.0863332506552025,0.910827621446411,0.970383058985793,"protein CWC15 homolog","liver"
"LOC115114580",47.473239851395,-0.00682726432841545,0.0848069759502713,0.910409143386065,0.970383058985793,"rho-associated protein kinase 1-like","liver"
"LOC115102492",84.3878295354278,-0.00689162063144834,0.0831267590920492,0.909378170846641,0.970383058985793,"probable phospholipid-transporting ATPase IIA","liver"
"LOC115121482",2718.50277930821,-0.00695672252242261,0.0935779657179913,0.90750358549907,0.969582154056257,"C4b-binding protein alpha chain-like, transcript variant X1","liver"
"LOC115108594",70.1905136145782,-0.00702438210736987,0.081305146044765,0.907292074948952,0.969582154056257,"desmocollin-2-like, transcript variant X1","liver"
"LOC115131428",80.0414175091331,-0.00703609800808512,0.0881076459960188,0.907686086266654,0.969582154056257,"septin-7, transcript variant X2","liver"
"vamp3",78.865816623988,-0.00705084552830591,0.0747108010143277,0.904521308504658,0.968986137451566,"vesicle associated membrane protein 3","liver"
"LOC115133093",105.283946424732,-0.00705420149053074,0.0937244371172877,0.906156149976998,0.969582154056257,"cell division cycle protein 123 homolog, transcript variant X1","liver"
"LOC115129538",59.1391352087503,-0.00711437174550304,0.0975368810774857,0.903309440063235,0.968493182414931,"E3 ubiquitin-protein ligase RNF130-like, transcript variant X4","liver"
"LOC115146836",43.8328664416433,-0.00717212785682098,0.113902199687401,0.868012104101726,0.953701980784908,"claudin-4-like","liver"
"smg7",49.6136616532564,-0.00721304684657187,0.0917506538003113,0.904728866093986,0.968986137451566,"SMG7 nonsense mediated mRNA decay factor, transcript variant X2","liver"
"LOC115102309",41.296361959347,-0.00721772110408053,0.0947972537261124,0.903516214320323,0.968530956151992,"U1 small nuclear ribonucleoprotein C-like","liver"
"fdft1",467.008299061102,-0.00725144497554335,0.117967884634481,0.834588767977105,0.944643853172296,"farnesyl-diphosphate farnesyltransferase 1, transcript variant X2","liver"
"LOC115101058",633.014765335077,-0.0072589888064934,0.10454178488993,0.893765113510672,0.965409954253157,"polyubiquitin-B, transcript variant X3","liver"
"LOC115102046",109.675189852509,-0.00727885051774062,0.0696287615218927,0.898247999228412,0.966518391610333,"RNA-binding protein 39-like, transcript variant X2","liver"
"mmd",76.9409398733467,-0.00731728801340499,0.100479937189964,0.898069931372288,0.966518391610333,"monocyte to macrophage differentiation associated, transcript variant X1","liver"
"LOC115101371",77.2475010176185,-0.0073516490726148,0.106938470533852,0.888060582582633,0.963778610283766,"calpain-5-like, transcript variant X3","liver"
"plekhf2",195.33003174133,-0.00738736370739625,0.101741588049858,0.895727937215449,0.966518391610333,"pleckstrin homology and FYVE domain containing 2, transcript variant X2","liver"
"LOC115109274",41.4379422184053,-0.00741373100321441,0.0885745171293724,0.902711971604009,0.968493182414931,"low-density lipoprotein receptor-related protein 5-like, transcript variant X1","liver"
"LOC115109972",44.3377473598509,-0.00759274968301006,0.0893804710378651,0.90026925637243,0.966518391610333,"transmembrane protein 11, mitochondrial, transcript variant X3","liver"
"LOC115128135",104.446556652564,-0.00761043371151064,0.0851004334776207,0.900206325902841,0.966518391610333,"elongin-C","liver"
"LOC115115466",60.5175635327717,-0.00762637891522677,0.105399559048296,0.886947655443845,0.963153260332687,"pseudokinase FAM20A-like, transcript variant X1","liver"
"LOC115144161",57.7365022603158,-0.00766690433353827,0.105870668956833,0.885472510929906,0.962240692388997,"C-Jun-amino-terminal kinase-interacting protein 4-like, transcript variant X4","liver"
"snx7",48.1385793284736,-0.00769355290528524,0.0916406486437218,0.898448922413593,0.966518391610333,"sorting nexin 7, transcript variant X5","liver"
"LOC115135349",44.4515526139891,-0.00771246156911315,0.101605830798798,0.891332679736974,0.964588115404835,"stromal cell-derived factor 1-like","liver"
"LOC115138480",64.534655459099,-0.00777695881051267,0.0873915929540678,0.898064776614215,0.966518391610333,"sushi domain-containing protein 6-like, transcript variant X1","liver"
"LOC115139480",115.838054467314,-0.0078545248507982,0.110879399800698,0.869269939285853,0.954101492458772,"mitogen-activated protein kinase kinase kinase 5-like","liver"
"pgam1",79.7905046819372,-0.00786489620790695,0.0918411555979892,0.896139092603391,0.966518391610333,"phosphoglycerate mutase 1","liver"
"LOC115134234",420.77985529676,-0.00794146789558058,0.0793198081508064,0.894646947143968,0.96580815747129,"mucosa-associated lymphoid tissue lymphoma translocation protein 1-like","liver"
"LOC115135214",39.4859483500505,-0.00799040833942174,0.0941677548171316,0.893566802977687,0.965380438119406,"cullin-9-like, transcript variant X5","liver"
"LOC115106445",763.694863548331,-0.00808865120932436,0.11008247652974,0.868224615335122,0.953701980784908,"glucose-6-phosphatase-like","liver"
"LOC115134360",43.7976639952627,-0.00811363703364226,0.0926245257029643,0.892601621199751,0.964588115404835,"ubiquinone biosynthesis protein COQ9, mitochondrial-like, transcript variant X2","liver"
"LOC115136523",58.1648613772593,-0.00812779146487333,0.103644313454634,0.882638133279606,0.96092844205489,"vacuolar fusion protein MON1 homolog B-like, transcript variant X4","liver"
"LOC115135880",91.0565437310671,-0.00821991185897681,0.0961899079266852,0.889359662163574,0.964151429502178,"nuclear receptor-interacting protein 1-like, transcript variant X1","liver"
"LOC115146821",49.9704920026459,-0.00822322044527771,0.092572152487783,0.891180119792077,0.964588115404835,"putative monooxygenase p33MONOX","liver"
"LOC115144780",331.556351300069,-0.00829621822879206,0.0849513733130452,0.891256050611559,0.964588115404835,"peroxisomal succinyl-coenzyme A thioesterase-like","liver"
"LOC115138626",2431.04228266076,-0.00832100154968688,0.0841753099182211,0.890851618992195,0.964588115404835,"apolipoprotein B-100-like, transcript variant X2","liver"
"LOC115130509",73.416893554707,-0.00834301099515817,0.104744413069655,0.877658239830456,0.958155276517523,"receptor expression-enhancing protein 2-like","liver"
"LOC115140091",216.351021195026,-0.00839191436377835,0.117209276843472,0.818575388707338,0.940129504605702,"S-adenosylmethionine synthase","liver"
"LOC115114430",43.8329404925035,-0.00839200236643168,0.0913474452959236,0.889378303038938,0.964151429502178,"zinc finger SWIM domain-containing protein 5-like, transcript variant X1","liver"
"ext2",43.0426454137659,-0.00841352643468803,0.101942283378938,0.881081791603736,0.959789271733492,"exostosin glycosyltransferase 2, transcript variant X2","liver"
"LOC115119587",1197.74527366528,-0.00853386966141662,0.0914478602253566,0.887490114286392,0.963424184822336,"40S ribosomal protein S7-like","liver"
"nkapd1",39.6162688457094,-0.00861806255847146,0.0917114717485403,0.88630291498662,0.962875939583309,"NKAP domain containing 1","liver"
"LOC115135144",41.734908743688,-0.00867172154843135,0.112640178515707,0.847901643872071,0.948424894281372,"eukaryotic translation initiation factor 6-like, transcript variant X1","liver"
"LOC115146736",64.4338400014817,-0.00867718213523246,0.107467598569436,0.866731537644242,0.953354034977477,"multidrug resistance protein 1-like, transcript variant X1","liver"
"LOC115147158",58.9035006248875,-0.00869766712379551,0.107455674617558,0.866451164241226,0.953354034977477,"microtubule-associated serine/threonine-protein kinase 3-like, transcript variant X1","liver"
"LOC115120111",41.5181108528356,-0.00871817746869884,0.0931222206740673,0.884445074991031,0.961757684146895,"transcriptional activator protein Pur-beta-like","liver"
"LOC115112906",116.839134358874,-0.00872319738353642,0.103142210479722,0.87494176241162,0.957349067941087,"transcription factor MafF-like, transcript variant X1","liver"
"LOC115113359",1066.83014186598,-0.00876811003971068,0.0992231094912211,0.879412204530409,0.959031463081421,"insulin-degrading enzyme-like, transcript variant X3","liver"
"gak",38.5737028728172,-0.00879940738981748,0.09514177583498,0.882310804295717,0.960757338679579,"cyclin G associated kinase","liver"
"LOC115102686",59.5854516793373,-0.00885355723090408,0.101610503242001,0.875378586744983,0.957383115047672,"rRNA 2'-O-methyltransferase fibrillarin-like","liver"
"LOC115112092",41.9888265054762,-0.00889786678435299,0.0903942696459991,0.883026203243822,0.960980328356712,"apoptosis regulator BAX-like, transcript variant X2","liver"
"LOC115113239",84.9997031844924,-0.00891383390874402,0.0831737414794979,0.882967434347638,0.960980328356712,"zinc finger SWIM domain-containing protein 8-like, transcript variant X2","liver"
"LOC115124859",52.8778401383056,-0.00893614197322163,0.112084402134794,0.846129686333821,0.948054814256946,"mitochondrial ornithine transporter 1-like","liver"
"LOC115110793",81.7787135970706,-0.00895980261561236,0.106131202109039,0.865752816867122,0.953020160661293,"semaphorin-5B-like, transcript variant X3","liver"
"LOC115111494",72.3604173467079,-0.00899817420062774,0.092775151314119,0.88091492359197,0.959789271733492,"eIF-2-alpha kinase activator GCN1-like","liver"
"LOC115146236",73.7559288116174,-0.00901620912013377,0.0975112968285275,0.877673578906385,0.958155276517523,"rRNA-processing protein FCF1 homolog","liver"
"LOC115105092",75.6998897009363,-0.00908383337424687,0.121842140119387,0.675755136372307,0.869686232039673,"cAMP-responsive element modulator-like, transcript variant X2","liver"
"LOC115109156",85.1547470058956,-0.0090911700830752,0.0833995292554859,0.880698851324172,0.95974246565842,"small integral membrane protein 7","liver"
"LOC115144285",148.234097877957,-0.00909605132217642,0.113832837695991,0.833592039622676,0.944643853172296,"collagen alpha-1(I) chain-like","liver"
"LOC115107663",55.2300361158263,-0.00911293647848026,0.0988093434843773,0.875143711024802,0.957383115047672,"E3 UFM1-protein ligase 1-like","liver"
"LOC115117335",75.438781206341,-0.00915090631728774,0.114247051715954,0.82983884055411,0.944039914118175,"phosphatidylinositol 4-kinase type 2-alpha-like, transcript variant X1","liver"
"LOC115130331",207.377438503381,-0.00919621944604347,0.106270994343092,0.861916824593572,0.95146516933077,"cytochrome P450 2F3-like","liver"
"cpn1",659.533720141058,-0.00919760200887855,0.0879459770484337,0.879536825333971,0.959031463081421,"carboxypeptidase N subunit 1, transcript variant X4","liver"
"LOC115104996",58.6819669056819,-0.00923420687163455,0.100908801737579,0.871033540399001,0.954849846039514,"methionine-R-sulfoxide reductase B2, mitochondrial-like","liver"
"LOC115112162",507.502885081803,-0.00927365884310428,0.0899694204596183,0.878227773635155,0.958344416301524,"ankyrin repeat domain-containing protein 11-like, transcript variant X1","liver"
"LOC115113284",51.4205896149339,-0.00928086426588383,0.093140189759744,0.877037640674139,0.958155276517523,"bone morphogenetic protein receptor type-1A-like, transcript variant X1","liver"
"LOC115109436",66.8826583626034,-0.0093833545909607,0.0855141658366513,0.877158328263114,0.958155276517523,"ras and EF-hand domain-containing protein-like, transcript variant X1","liver"
"oip5",109.651823195131,-0.0094139083990038,0.100893583262977,0.868568116400283,0.953701980784908,"Opa interacting protein 5, transcript variant X2","liver"
"LOC115143106",122.966389950703,-0.0094503749216653,0.122982368181396,0.536967525281797,0.787233602342788,"leucine-rich repeat neuronal protein 1-like, transcript variant X1","liver"
"amdhd1",100.909992247292,-0.00954366780731093,0.112942104907055,0.831130149768137,0.944643853172296,"amidohydrolase domain containing 1","liver"
"dnah17",155.847501123392,-0.00959788357563575,0.117331139732095,0.791579615722348,0.929159231189459,"dynein axonemal heavy chain 17","liver"
"LOC115143880",466.046848081895,-0.00959927468546225,0.11211093017706,0.834753992307591,0.944643853172296,"histone H1.0-B-like","liver"
"LOC115108382",50.6289326624723,-0.00961778003954607,0.0886735427135524,0.873992751852203,0.956665378891362,"uncharacterized protein C7orf57 homolog, transcript variant X1","liver"
"LOC115122861",95.1997768566514,-0.00967565829433465,0.0736997875338235,0.868531852406717,0.953701980784908,"cip1-interacting zinc finger protein-like, transcript variant X3","liver"
"LOC115105594",80.3271153309711,-0.00970045599732945,0.0827433646788996,0.87263068720122,0.955931870379916,"nuclear pore complex protein Nup98-Nup96-like, transcript variant X1","liver"
"LOC115138158",54.9226720003108,-0.00979948577955323,0.108052768428369,0.847938385954058,0.948424894281372,"serine/threonine-protein phosphatase PP1-beta catalytic subunit-like","liver"
"nfia",89.6935649655104,-0.00980830387355888,0.100875731949876,0.863142892136882,0.952048354465283,"nuclear factor I A, transcript variant X2","liver"
"LOC115138326",58.5590627366075,-0.00994575785726636,0.111355811406443,0.832738935492109,0.944643853172296,"disintegrin and metalloproteinase domain-containing protein 17-like, transcript variant X2","liver"
"LOC115108140",42.6932491673978,-0.0100458730515133,0.106739237480449,0.848066019397531,0.948424894281372,"zinc transporter 7-like, transcript variant X1","liver"
"LOC115144095",60.5023748731345,-0.0101412142140822,0.111043256916648,0.83101368940642,0.944643853172296,"protein quaking-B-like, transcript variant X2","liver"
"LOC115123999",89.6275767260305,-0.0101536589733621,0.106463569964529,0.847210681731945,0.948424894281372,"14-3-3 protein eta-like","liver"
"LOC115135129",48.2004179335209,-0.0101598936565665,0.110810316630509,0.831790873668114,0.944643853172296,"CMP-N-acetylneuraminate-beta-galactosamide-alpha-2,3-sialyltransferase 2-like, transcript variant X1","liver"
"LOC115105942",59.3210313361722,-0.0101945183029675,0.097191716219006,0.862149452053883,0.95146516933077,"heterogeneous nuclear ribonucleoprotein K-like, transcript variant X1","liver"
"LOC115142182",1025.19351337337,-0.0102583083367101,0.105589058552606,0.847917004273146,0.948424894281372,"peptidyl-prolyl cis-trans isomerase FKBP5-like","liver"
"LOC115106893",81.6208309459656,-0.0102647603954834,0.100572206538671,0.857279324682086,0.950549698969964,"calumenin-A, transcript variant X1","liver"
"LOC115119901",92.8700940194393,-0.0102918339890913,0.108835411393991,0.837719152169626,0.944643853172296,"collagen alpha-2(I) chain-like, transcript variant X1","liver"
"LOC115129280",63.4297856092003,-0.0102998351247192,0.122548760334794,0.569301422520534,0.808150414250844,"selenoprotein T2-like","liver"
"LOC115134304",71.5149579380496,-0.0103535381904933,0.0902240876334646,0.864114071499883,0.952372830208307,"PSME3-interacting protein-like, transcript variant X2","liver"
"LOC115103136",52.5681678132327,-0.0103955449525376,0.082944704045815,0.86363992882507,0.952179464586281,"la-related protein 4B-like, transcript variant X1","liver"
"LOC115107632",68.6506500769519,-0.0104075461464394,0.0923278827185407,0.862651605599631,0.951833293964338,"cell cycle control protein 50A-like, transcript variant X2","liver"
"LOC115144981",52.0482596298216,-0.0104244168536172,0.107791471897516,0.839237259566461,0.944643853172296,"glypican-5-like","liver"
"LOC115104941",43.6554048060895,-0.0104557234797823,0.0882166543373927,0.863183763108003,0.952048354465283,"uncharacterized LOC115104941","liver"
"LOC115138347",43.6565085288458,-0.010508373501545,0.112288829555638,0.818378675586315,0.940094812280841,"phosphatidate phosphatase LPIN1-like, transcript variant X4","liver"
"LOC115137941",881.544601938288,-0.0105268235616233,0.0944575344338265,0.859910440586676,0.951225381573741,"calpain-1 catalytic subunit-like, transcript variant X2","liver"
"LOC115135831",59.7995515358943,-0.0105698202265277,0.0940631030520647,0.859597537552299,0.951225381573741,"serrate RNA effector molecule homolog","liver"
"LOC115109029",748.395649875139,-0.0105793433972469,0.0906811148043878,0.861044747659445,0.95138177805842,"26S proteasome non-ATPase regulatory subunit 1, transcript variant X2","liver"
"acot7",115.848325099186,-0.0105824587199258,0.0864037528018569,0.861645962928959,0.95146516933077,"acyl-CoA thioesterase 7, transcript variant X3","liver"
"zc3h11a",92.8773490039999,-0.0107210167345472,0.0821974302266442,0.859215582808009,0.951202192261572,"zinc finger CCCH-type containing 11A, transcript variant X5","liver"
"LOC115102661",44.8135317548798,-0.0107353886171858,0.0911101609522746,0.858871400135213,0.951194179121894,"disco-interacting protein 2 homolog B-A-like","liver"
"LOC115138046",10597.7156846746,-0.010778504940598,0.0943994565611398,0.85663708740829,0.950549698969964,"ceruloplasmin-like","liver"
"LOC115135339",46.6549203975034,-0.0107898972899404,0.0910800079663949,0.858173366214032,0.950794118062092,"protein O-GlcNAcase-like, transcript variant X2","liver"
"LOC115113034",147.877758631296,-0.0108160288509159,0.122848867748549,0.506728111695085,0.770324964628555,"glutathione S-transferase 3-like","liver"
"LOC115102098",53.9826580796964,-0.0108217808368317,0.090709034539925,0.857885609602207,0.950670354229658,"transcription cofactor vestigial-like protein 4, transcript variant X1","liver"
"LOC115118153",232.216221312544,-0.0108470198136105,0.116263207369882,0.779388741895947,0.92452669746409,"protein Tob1-like","liver"
"sema4g",44.9402096199588,-0.0108813308618733,0.10561858551925,0.838736694230677,0.944643853172296,"semaphorin 4G, transcript variant X2","liver"
"LOC115115711",167.066432468952,-0.0108836989771457,0.103833734189928,0.842924617471524,0.946718199770087,"complement C4-B-like","liver"
"LOC115143366",103.142944399655,-0.0109071102052539,0.0888807411695965,0.8572389766003,0.950549698969964,"WD repeat-containing protein 1-like","liver"
"LOC115138130",56.4678900190539,-0.0109366203464466,0.088793090850082,0.856872355113046,0.950549698969964,"coronin-1B-like","liver"
"LOC115101353",51.9855649713619,-0.0109897939928387,0.102352554962912,0.844364819864431,0.947184774336753,"stress-induced-phosphoprotein 1-like","liver"
"LOC115106941",39.4635306500102,-0.0111066049445919,0.0897074806640329,0.854479263080008,0.950057093215778,"caldesmon, smooth muscle-like, transcript variant X3","liver"
"LOC115136630",57.5826685747744,-0.0111394639529172,0.0876393349827295,0.85439725927804,0.950057093215778,"nuclear fragile X mental retardation-interacting protein 2-like, transcript variant X1","liver"
"LOC115130338",76.9539624776285,-0.0111441371857786,0.0818190815553273,0.853602320413384,0.95001617003096,"protein scribble homolog","liver"
"sc5d",626.967009967756,-0.0111733889414224,0.110552570713024,0.816604131535861,0.938629260311782,"sterol-C5-desaturase, transcript variant X1","liver"
"klhdc10",46.5104271769784,-0.0112059021535729,0.0893403903098682,0.853279875986173,0.95001617003096,"kelch domain containing 10, transcript variant X2","liver"
"LOC115105937",62.627789413236,-0.0112213122293955,0.0776065641453219,0.850628327653233,0.949191482217147,"E3 ubiquitin-protein ligase Praja-2-like, transcript variant X1","liver"
"LOC115105527",171.151488724268,-0.0112922749517979,0.0871143539372003,0.852457419473037,0.949359117914804,"nuclear receptor corepressor 1-like, transcript variant X1","liver"
"LOC115122481",38.7576545723641,-0.0113093006896142,0.103389833720395,0.837833965247169,0.944643853172296,"TNF receptor-associated factor 2-like, transcript variant X2","liver"
"LOC115121575",120.11782260501,-0.0113257632437411,0.0923268498888249,0.850674619202757,0.949191482217147,"ubiquitin carboxyl-terminal hydrolase 16-like","liver"
"zfp36l1",408.582353542517,-0.0113288396118696,0.0953212350710458,0.84871222833748,0.948501433332029,"ZFP36 ring finger protein like 1","liver"
"LOC115146158",73.0334090853909,-0.0113569924369624,0.0909408832681269,0.850857728969031,0.94920820742129,"hypoxia-inducible factor 1-alpha","liver"
"LOC115107575",65.9896392656522,-0.011368918763234,0.118260086810669,0.738487952981643,0.903531798264224,"ammonium transporter Rh type A-like","liver"
"LOC115102780",304.146903296116,-0.0114146648989853,0.0938751368125193,0.848633931574101,0.948501433332029,"matrix metalloproteinase-14-like","liver"
"LOC115134538",40.4053300549382,-0.0114824631959005,0.110673014817271,0.811034052012758,0.936038073929687,"apoptosis-enhancing nuclease-like, transcript variant X2","liver"
"LOC115104890",205.984976151694,-0.0115201229483904,0.0921926225639115,0.848209665466575,0.948424894281372,"melanoma receptor tyrosine-protein kinase-like","liver"
"LOC115109225",43.7955648739046,-0.011544024475192,0.119006174048446,0.718458493162281,0.892893826192877,"la-related protein 6-like","liver"
"LOC115126494",55.7844427715897,-0.0115903227414011,0.111690894789399,0.80375034744653,0.93408133446959,"protein lin-54 homolog","liver"
"LOC115121063",58.2461666111947,-0.0115924789268721,0.102078876047545,0.836475081027663,0.944643853172296,"interferon-induced 35 kDa protein homolog","liver"
"LOC115107270",82.9982888428995,-0.0116052945609405,0.102052634951436,0.836346085195571,0.944643853172296,"leucine-rich alpha-2-glycoprotein-like","liver"
"LOC115137919",213.74861715076,-0.0117203823208714,0.10740054833752,0.820980270854384,0.940952680446087,"protein NDRG2-like, transcript variant X1","liver"
"LOC115106044",160.156881123407,-0.0117919445270888,0.0816789525036652,0.845148654651113,0.947331606940676,"ornithine decarboxylase antizyme 2-like","liver"
"LOC115129214",85.0341293683207,-0.0118034253002295,0.0920333309437424,0.844602788903695,0.947184774336753,"serine/arginine repetitive matrix protein 1-like, transcript variant X2","liver"
"LOC115135864",50.7000339118399,-0.0118035942574394,0.0804246556126575,0.844496526041695,0.947184774336753,"nuclear pore complex protein Nup98-Nup96-like, transcript variant X9","liver"
"LOC115120521",98.1933673345894,-0.0118748871865339,0.0955539774080616,0.841318886589795,0.945855522438467,"signal peptidase complex catalytic subunit SEC11A","liver"
"LOC115130335",446.931095927102,-0.0118833441855664,0.0844557282048462,0.844682135810406,0.947184774336753,"protein CDV3 homolog","liver"
"lxn",53.657250136598,-0.0119344033959329,0.114783688423941,0.774488348518816,0.922535608599312,"latexin, transcript variant X1","liver"
"LOC115133526",148.731786313049,-0.0119470230039255,0.086479654203202,0.844025225944348,0.947184774336753,"dnaJ homolog subfamily C member 3-like","liver"
"LOC115103165",38924.8842615055,-0.0119507979690092,0.0907040712824944,0.843248032324037,0.946893076869832,"serotransferrin","liver"
"LOC115113083",45.13096391071,-0.0119965348510325,0.0963591537148037,0.838968760701237,0.944643853172296,"zinc finger protein 883-like, transcript variant X1","liver"
"ndufa3",68.5725052877257,-0.0120817268080439,0.0867688325733886,0.842287403340094,0.946429822473988,"NADH:ubiquinone oxidoreductase subunit A3, transcript variant X1","liver"
"LOC115105034",99.2680261351077,-0.0120857478123626,0.0803228847165743,0.840782364162766,0.945492092390021,"U2 snRNP-associated SURP motif-containing protein-like, transcript variant X1","liver"
"LOC115130627",42.7296855380745,-0.0121111964186539,0.108978894478706,0.808987239627876,0.934810487638501,"RNA-binding motif protein, X chromosome-like, transcript variant X2","liver"
"LOC115132968",81.8879231986142,-0.0121112255368902,0.0929014170511421,0.840139887788159,0.945094601803536,"protein SCAF11-like, transcript variant X1","liver"
"LOC115124951",174.180833932255,-0.0121552302589996,0.097580783835491,0.835555867040128,0.944643853172296,"RNA polymerase-associated protein RTF1 homolog, transcript variant X1","liver"
"LOC115119706",110.818266140499,-0.0121697406998479,0.0808541134064287,0.839927078110278,0.945043500002118,"catenin alpha-1-like","liver"
"LOC115110227",41.3398911641596,-0.0122204148230158,0.107600265653107,0.812772520493589,0.936704154053236,"supervillin-like, transcript variant X4","liver"
"LOC115133407",151.132320232751,-0.0122428697948585,0.0977283811493978,0.834213910021242,0.944643853172296,"H(+)/Cl(-) exchange transporter 3, transcript variant X4","liver"
"LOC115136999",63.4126479297236,-0.0122587691379733,0.0934265188993727,0.837896146475432,0.944643853172296,"unconventional myosin-Ic-like","liver"
"LOC115137108",76.8391157591645,-0.0122664860636532,0.103984057202968,0.822937833604289,0.941132893492389,"latexin-like, transcript variant X3","liver"
"LOC115123381",98.9803447223122,-0.0122679086549601,0.0812992877674507,0.838837468571703,0.944643853172296,"probable E3 ubiquitin-protein ligase TRIM8","liver"
"LOC115132979",159.407147744224,-0.012272231064707,0.121568035325146,0.595217082876483,0.825091001699147,"cystine/glutamate transporter-like","liver"
"LOC115139444",191.217674341599,-0.0123682616203659,0.0842379611351265,0.838393308400047,0.944643853172296,"mannosyl-oligosaccharide 1,2-alpha-mannosidase IA-like","liver"
"LOC115130439",48.4102836782482,-0.012390466157608,0.0836765681959135,0.837993651042181,0.944643853172296,"enhancer of polycomb homolog 1-like, transcript variant X3","liver"
"LOC115107130",79.9620832782426,-0.0124357359060942,0.076676309138295,0.834033314139917,0.944643853172296,"ubiquitin-conjugating enzyme E2 N-like","liver"
"LOC115145155",535.888903164244,-0.0124744408308001,0.0839839710830297,0.836976819074608,0.944643853172296,"plasminogen activator inhibitor 1 RNA-binding protein-like, transcript variant X3","liver"
"LOC115143779",67.5760444412453,-0.0125577333354747,0.0981445293744449,0.829496431747358,0.944039914118175,"probable peptidyl-tRNA hydrolase 2","liver"
"LOC115107188",49.9684236140338,-0.012700966555326,0.0862022581479482,0.834318406965152,0.944643853172296,"vesicle transport through interaction with t-SNAREs homolog 1A-like","liver"
"ubxn4",223.277958175552,-0.0127488357867285,0.0803278386159592,0.832176753599325,0.944643853172296,"UBX domain protein 4, transcript variant X2","liver"
"LOC115114204",55.3447283911636,-0.0127912249607521,0.0831810223644715,0.832706701732238,0.944643853172296,"poly(U)-binding-splicing factor PUF60-like","liver"
"LOC115144016",119.88441064014,-0.0128114511064947,0.0699401664715181,0.822321631630254,0.941132893492389,"Golgi to ER traffic protein 4 homolog","liver"
"LOC115140904",581.32956368339,-0.0128454871803953,0.0826600497358837,0.831856212679856,0.944643853172296,"LIM domain and actin-binding protein 1-like, transcript variant X2","liver"
"LOC115111608",73.447977448858,-0.0128457971326011,0.0887599701963386,0.832243628721034,0.944643853172296,"ubiquitin-conjugating enzyme E2 D4, transcript variant X1","liver"
"plcg2",42.387042091173,-0.0128527156798555,0.0929527495138982,0.830469192152484,0.944566691960702,"phospholipase C gamma 2","liver"
"LOC115128351",1461.27532177357,-0.0128698762991933,0.101464031477268,0.819998694814238,0.940425449533344,"glyceraldehyde-3-phosphate dehydrogenase-like","liver"
"eif4ebp2",95.2106894547962,-0.0128726802407322,0.0823247656791034,0.83139685175703,0.944643853172296,"eukaryotic translation initiation factor 4E binding protein 2","liver"
"LOC115144984",69.3099335373556,-0.012905335627385,0.118012360800544,0.710184032365603,0.887690734278546,"C3 and PZP-like alpha-2-macroglobulin domain-containing protein 8","liver"
"LOC115135881",56.350863827773,-0.0129137870088172,0.085136906081485,0.831507961728614,0.944643853172296,"ubiquitin carboxyl-terminal hydrolase 25-like, transcript variant X1","liver"
"LOC115117856",82.2295927065582,-0.0130236320853226,0.111767372321101,0.779648435362735,0.92452669746409,"serum paraoxonase/arylesterase 2-like","liver"
"LOC115122811",507.102435956546,-0.0130594775732949,0.0841918874916399,0.829489457040583,0.944039914118175,"heterogeneous nuclear ribonucleoprotein A1-like, transcript variant X5","liver"
"LOC115102989",53.3529518667014,-0.0131081191776962,0.100113785353102,0.819186277913382,0.940413851315754,"PH domain leucine-rich repeat protein phosphatase 1-like","liver"
"LOC115103917",61.5050275129818,-0.0132200812577356,0.112972925963127,0.767672335427308,0.918581305203408,"cytochrome P450 2D14-like","liver"
"LOC115106241",82.071653815817,-0.0132253629916047,0.0918593786712825,0.826263680098191,0.942717259473419,"plectin-like, transcript variant X5","liver"
"LOC115145182",74.8159035423999,-0.0132827109131928,0.0794069758075412,0.824764467143152,0.941741147324329,"ecotropic viral integration site 5 protein homolog, transcript variant X3","liver"
"LOC115138072",80.8923947459916,-0.0132870476449784,0.0790081436299546,0.824472939807241,0.941741147324329,"thyroid receptor-interacting protein 6-like, transcript variant X3","liver"
"LOC115127233",55.9166370074463,-0.0133100327714422,0.0951285714200942,0.822853870314909,0.941132893492389,"U2 snRNP-associated SURP motif-containing protein-like","liver"
"LOC115144979",41.0869855436792,-0.0133289673449599,0.0954437899503393,0.822312087786003,0.941132893492389,"serine/threonine-protein kinase PAK 2","liver"
"LOC115137091",44.5664712454679,-0.0133297235499073,0.118426020667656,0.692167103686582,0.878394126188905,"transcription factor RelB-like, transcript variant X1","liver"
"LOC115101702",50.4769343712752,-0.013339772003675,0.120248375052423,0.636312286714685,0.850468636816912,"tumor necrosis factor receptor superfamily member 6B-like","liver"
"LOC115103172",105.971286437464,-0.0133647690104329,0.071008957414107,0.816141294089382,0.938487198901323,"ras-related protein Rab-2A","liver"
"LOC115113649",47.5673874416476,-0.0133967198436017,0.100878676297582,0.813906250259269,0.937436697055046,"unconventional myosin-Ie-like, transcript variant X1","liver"
"LOC115139502",114.69176269438,-0.0134103240492522,0.093093240618194,0.823144501974273,0.941132893492389,"serine/arginine-rich splicing factor 3, transcript variant X1","liver"
"tmco1",217.354978740132,-0.0134320250233691,0.0881750719783084,0.82481579410535,0.941741147324329,"transmembrane and coiled-coil domains 1","liver"
"LOC115144448",328.214451973481,-0.0134631076560437,0.0800611491500615,0.822788233823898,0.941132893492389,"Na(+)/H(+) exchange regulatory cofactor NHE-RF1-like","liver"
"LOC115141038",215.955407578844,-0.0134962149859552,0.0821041218279628,0.823282919050462,0.941132893492389,"cytosolic 5'-nucleotidase 3, transcript variant X1","liver"
"LOC115104047",172.823484967626,-0.0135096685220891,0.114511642042235,0.748718482123626,0.908049268084332,"pyruvate dehydrogenase (acetyl-transferring) kinase isozyme 2, mitochondrial-like","liver"
"LOC115106939",52.4694317801833,-0.013531217106518,0.104614261010701,0.803315577176036,0.93408133446959,"dnaJ homolog subfamily B member 9-like","liver"
"LOC115111409",77.2813586524827,-0.0135827357940471,0.120345725990655,0.626208235353385,0.844819999236609,"prolactin receptor-like","liver"
"LOC115140935",72.1134169472392,-0.0136489508295613,0.119304186532302,0.661944302525645,0.863126450822122,"squalene monooxygenase-like","liver"
"gpatch4",115.602505892261,-0.0136727339882499,0.0924203367853686,0.820171593272884,0.94043233460981,"G-patch domain containing 4, transcript variant X1","liver"
"LOC115142781",151.8592831287,-0.0138068592913734,0.0847630912091313,0.819999023742942,0.940425449533344,"phosphatidate phosphatase LPIN2-like, transcript variant X3","liver"
"LOC115101318",67.8942218330165,-0.0138085190852233,0.106049700594201,0.79483875064507,0.930277691986332,"peptidyl-prolyl cis-trans isomerase FKBP2-like","liver"
"LOC115140366",126.515013991933,-0.0138182582577318,0.0849938733498019,0.81988665815238,0.940425449533344,"terminal uridylyltransferase 7-like","liver"
"nol7",111.497626427847,-0.0138489420541817,0.0796454029355421,0.817564469308919,0.939350629572275,"nucleolar protein 7","liver"
"LOC115121177",185.059843238025,-0.0138613633243931,0.0943867626363714,0.816314317003967,0.938487198901323,"beta-2 adrenergic receptor-like, transcript variant X2","liver"
"LOC115111626",64.9335237694259,-0.0138707253842434,0.0891095935447234,0.819005995738302,0.940413851315754,"CAP-Gly domain-containing linker protein 1-like, transcript variant X2","liver"
"kiaa0232",291.647157505708,-0.0139107275573356,0.113889979570885,0.74780912636998,0.908049268084332,"KIAA0232 ortholog, transcript variant X1","liver"
"LOC115114090",91.5924635366624,-0.0139221124436944,0.0948178591106254,0.815145469616693,0.938155443465488,"disks large homolog 1-like, transcript variant X4","liver"
"st5",131.479929825356,-0.0139794608807652,0.107819453532486,0.785574570826906,0.926347958832228,"suppression of tumorigenicity 5, transcript variant X3","liver"
"LOC115112075",50.9043517765834,-0.0139876723345667,0.09924280458172,0.808780190245403,0.934810487638501,"diacylglycerol kinase zeta-like, transcript variant X9","liver"
"LOC115143449",76.6138118943252,-0.0140912873425794,0.0837686122774501,0.816156026175736,0.938487198901323,"guanine nucleotide-binding protein G(I)/G(S)/G(T) subunit beta-1-like","liver"
"LOC115115089",193.998507791756,-0.0141353593660213,0.102490296673774,0.800381491319166,0.932606343021165,"phosphatidylinositol 4-kinase type 2-alpha","liver"
"pcdh1",208.160582961927,-0.014158259267775,0.0994676145690058,0.806123508030337,0.934243190810657,"protocadherin 1, transcript variant X1","liver"
"LOC115126837",2170.91889310131,-0.0142131678158526,0.10209346042581,0.800227510187866,0.932606343021165,"BCL2/adenovirus E1B 19 kDa protein-interacting protein 3-like","liver"
"LOC115128714",133.57559559909,-0.0142767429158086,0.116490126412822,0.709397262454782,0.887100098298936,"protein NDRG1-like, transcript variant X1","liver"
"LOC115139811",279.194217248193,-0.0142825212202093,0.106328905334793,0.786974453541787,0.926941143435895,"AN1-type zinc finger protein 5-like, transcript variant X1","liver"
"LOC115135342",113.417464018566,-0.0143030978733242,0.103914557311998,0.794392102051913,0.929947710591976,"prominin-1-A-like","liver"
"LOC115143439",60.8182671815416,-0.0143031795428229,0.092940465124901,0.811695894988932,0.936227788173138,"T-cell leukemia translocation-altered gene protein homolog, transcript variant X2","liver"
"LOC115124538",78.4939217331793,-0.0143148047500881,0.108201107301437,0.778882077089836,0.92452669746409,"amyloid-like protein 2","liver"
"LOC115139046",260.854098023738,-0.0143783138465482,0.119734542144346,0.630945041591129,0.847565002337263,"probable E3 ubiquitin-protein ligase TRIML1","liver"
"LOC115117337",75.7609916927975,-0.0144013389567005,0.108853031867242,0.774493916540445,0.922535608599312,"phosphoglycerate mutase 1-like","liver"
"LOC115110237",93.593387750495,-0.0144019246459859,0.0870446973977662,0.81251576586674,0.936704154053236,"LIM and SH3 domain protein 1-like","liver"
"LOC115112533",88.5672227898634,-0.0144284733312253,0.0861319411292217,0.812182213461323,0.93659738096459,"eukaryotic translation initiation factor 4 gamma 2-like","liver"
"LOC115124874",49.4373866823939,-0.0144660302657109,0.102693806866448,0.795324730825689,0.930460719072077,"NACHT, LRR and PYD domains-containing protein 12-like","liver"
"LOC115112150",209.838213921035,-0.0144942522937396,0.0736812600792297,0.804151142478288,0.93408133446959,"B-cadherin-like","liver"
"LOC115131480",71.8880963276428,-0.0145277870031608,0.105355136148186,0.78682629941849,0.926941143435895,"CMP-N-acetylneuraminate-beta-galactosamide-alpha-2,3-sialyltransferase 1-like, transcript variant X1","liver"
"LOC115121580",47.7186869014968,-0.0145786574484307,0.0848958016599031,0.810147289924073,0.935205806360931,"protein transport protein Sec24C-like, transcript variant X1","liver"
"LOC115130155",63.5612689267842,-0.0145888653821129,0.0937898243844467,0.807370982556519,0.934293209164605,"ranBP-type and C3HC4-type zinc finger-containing protein 1-like, transcript variant X1","liver"
"hirip3",50.8730169092935,-0.0145925851314261,0.0952596133081091,0.805988672812279,0.934243190810657,"HIRA interacting protein 3, transcript variant X4","liver"
"LOC115113591",392.45627802696,-0.0145940701457327,0.0835076636402936,0.80965208740423,0.935016503473978,"sorbitol dehydrogenase-like, transcript variant X1","liver"
"LOC115106937",45.6668011369596,-0.01471045260591,0.100913113518065,0.79599254465172,0.930635720356553,"cyclin-dependent kinase inhibitor 1-like, transcript variant X2","liver"
"LOC115142970",3194.67829172259,-0.0147269095190858,0.0886340600096232,0.808161599091366,0.934710653829404,"peptidyl-prolyl cis-trans isomerase FKBP5-like","liver"
"LOC115146762",98.3405466520599,-0.0147766273472349,0.080672022204926,0.806169469647453,0.934243190810657,"gephyrin-like","liver"
"kpna4",355.969623023495,-0.0147790933495636,0.0893541541989999,0.807316009883592,0.934293209164605,"karyopherin subunit alpha 4","liver"
"rpf1",61.5853400527714,-0.0148556903079437,0.10436775811516,0.785309360976783,0.926228671835161,"ribosome production factor 1 homolog","liver"
"LOC115106848",76.3648466367409,-0.0148620626024951,0.0774105966680493,0.802886709729795,0.93408133446959,"lysine-specific demethylase 5A-like, transcript variant X1","liver"
"fam50a",71.6632209981585,-0.0148764990555413,0.0964523912171859,0.800957874124979,0.932606343021165,"family with sequence similarity 50 member A","liver"
"LOC115110395",197.060132757984,-0.014895460608075,0.114925959105174,0.719296253712488,0.892952209424078,"hemoglobin subunit beta-like","liver"
"LOC115128318",687.039560411682,-0.0149067344047548,0.0924476978791197,0.804247969540312,0.93408133446959,"60S ribosomal protein L11, transcript variant X2","liver"
"LOC115131796",78.1258543698235,-0.0149281161639072,0.107244287481025,0.773956727085979,0.922535608599312,"plexin-A1-like","liver"
"LOC115139812",299.107204537342,-0.0150831203133807,0.105452875044703,0.778564934689091,0.92452669746409,"protein OS-9-like, transcript variant X2","liver"
"stra6",304.146645775558,-0.0150892293046215,0.0852638709935113,0.803684991146952,0.93408133446959,"stimulated by retinoic acid 6, transcript variant X2","liver"
"LOC115115303",44.5932116443294,-0.015213732086962,0.10818272632078,0.765518905867722,0.917373693429963,"collagen alpha-2(I) chain-like","liver"
"LOC115115367",86.1262560899625,-0.0152528601852384,0.0767077185687092,0.797211892286589,0.931506606222663,"transformer-2 protein homolog alpha-like","liver"
"LOC115104102",95.1663661004823,-0.0152611486009556,0.0825486125058024,0.800812437392606,0.932606343021165,"prohibitin-like, transcript variant X2","liver"
"LOC115101959",54.7524507227717,-0.0152866534104863,0.077628981823437,0.797556080187374,0.931527022908133,"short transient receptor potential channel 4-associated protein-like","liver"
"zc3h6",52.3787073394386,-0.0153435008688724,0.0934020392494735,0.797941774254676,0.931784748178262,"zinc finger CCCH-type containing 6","liver"
"LOC115105571",139.963072433106,-0.0154123994075453,0.107183189532078,0.767115705345856,0.918391703219402,"dolichyl-diphosphooligosaccharide--protein glycosyltransferase subunit STT3A-like","liver"
"LOC115102944",1551.20716776906,-0.0154604002597565,0.090656611912638,0.798137300460642,0.931820347063851,"5-beta-cholestane-3-alpha,7-alpha-diol 12-alpha-hydroxylase-like","liver"
"chd1",56.8222220966072,-0.0154651371256559,0.098235887736407,0.790744144076239,0.928723717977528,"chromodomain helicase DNA binding protein 1","liver"
"LOC115107027",103.114518848149,-0.0155376873522989,0.0980006857468024,0.790153304562152,0.928723717977528,"neuroepithelial cell-transforming gene 1 protein-like","liver"
"LOC115138630",51.0042897131208,-0.0155478629430371,0.0928958338132085,0.795700183510613,0.930514340534573,"protein yippee-like 5, transcript variant X2","liver"
"LOC115117528",60.7335777684005,-0.0155685021735479,0.0888945086883598,0.79737361457211,0.931506606222663,"AKT-interacting protein, transcript variant X1","liver"
"LOC115133559",239.075737159058,-0.015577431473962,0.0986634009858337,0.788566311317356,0.928374540673718,"U2 small nuclear ribonucleoprotein A'-like, transcript variant X1","liver"
"LOC115112975",297.817165709842,-0.0156487722118724,0.0945602334370276,0.792984633828226,0.929159231189459,"G-protein coupled receptor family C group 5 member C-like, transcript variant X1","liver"
"LOC115126711",1273.52703798489,-0.0157930591078871,0.118830414147265,0.628592847423179,0.846165433083345,"complement factor H-like","liver"
"LOC115110364",107.070373194122,-0.0160738583182672,0.115664115718748,0.68821506725059,0.876326675597494,"hemoglobin subunit alpha-like, transcript variant X1","liver"
"LOC115104222",148.475006944752,-0.016077942457095,0.115792592878241,0.686241129170838,0.875023341572383,"hemoglobin subunit alpha-4","liver"
"armt1",38.5080146332075,-0.0162255188547932,0.0981393939055227,0.780881534816153,0.925217799363491,"acidic residue methyltransferase 1","liver"
"LOC115128846",64.6375244327695,-0.0162306339509007,0.0841418733452753,0.788966414544068,0.928374540673718,"M-phase phosphoprotein 8-like, transcript variant X4","liver"
"LOC115125528",76.0633600411601,-0.0163923689572418,0.0940894260647557,0.783855626656472,0.925833534860979,"U2 snRNP-associated SURP motif-containing protein-like, transcript variant X6","liver"
"apom",93.3277918063711,-0.0164520758983811,0.104077734189515,0.763893867702276,0.916477853176169,"apolipoprotein M","liver"
"rapgef4",49.9205984810288,-0.0165045700312326,0.113820320755003,0.703919253353809,0.884560005438594,"Rap guanine nucleotide exchange factor 4, transcript variant X1","liver"
"LOC115119445",59.6343171437623,-0.0165528613352549,0.0832502384608311,0.784618343307168,0.92599397289136,"uncharacterized LOC115119445","liver"
"LOC115129208",46.3331109375552,-0.0166031671975173,0.0853397670871022,0.784468025423662,0.92599397289136,"syntaxin-5-like","liver"
"LOC115131876",48.6625850811762,-0.0166127492472794,0.103783085692771,0.762604561541401,0.916293967751171,"IQ motif and SEC7 domain-containing protein 1-like, transcript variant X1","liver"
"LOC115133114",48.6568069994409,-0.016684756696548,0.0824826905153802,0.782655002252824,0.925797584604029,"inhibitor of growth protein 3","liver"
"rnf111",44.0755881750979,-0.0166938246986579,0.0901253094718983,0.78266951377033,0.925797584604029,"ring finger protein 111, transcript variant X4","liver"
"LOC115133057",244.513436507199,-0.0167987518412147,0.0857840760535295,0.782040097075512,0.925776145230327,"NEDD4 family-interacting protein 2-like, transcript variant X2","liver"
"LOC115109120",42.9200134826561,-0.016805215045205,0.0927623226699652,0.779704174026696,0.92452669746409,"microtubule-associated protein 1B-like","liver"
"LOC115142811",105.23369001824,-0.0168068481030449,0.0970855773409614,0.774910421155315,0.922535608599312,"myotubularin-related protein 14-like, transcript variant X2","liver"
"ralgapa2",162.914484750877,-0.0168221388393958,0.107172625505676,0.746628116294875,0.907917799827883,"Ral GTPase activating protein catalytic alpha subunit 2, transcript variant X1","liver"
"LOC115138084",727.279437610437,-0.0168472941085189,0.0836387824727735,0.781010986852001,0.925217799363491,"protein transport protein Sec24D-like, transcript variant X2","liver"
"LOC115103021",258.157675735485,-0.0168853433525651,0.110817958943099,0.724460004710219,0.895424953282377,"glutamine synthetase","liver"
"pck1",1897.5219468036,-0.0169298269175056,0.120759703647274,0.52400004964859,0.7816983863394,"phosphoenolpyruvate carboxykinase 1","liver"
"itpr1",276.073686308,-0.0169579588326915,0.121989455278908,0.429352564921559,0.714548905250241,"inositol 1,4,5-trisphosphate receptor type 1, transcript variant X1","liver"
"LOC115142908",106.305820334255,-0.0169799375776525,0.068254762889086,0.763081659674202,0.916420753120516,"synaptophysin-like protein 1","liver"
"LOC115126848",62.544285079947,-0.0170086960489714,0.119344877676188,0.585928441373783,0.819747843103899,"thrombospondin-4-B-like","liver"
"LOC115124847",123.033296554899,-0.017024039163871,0.113261689286312,0.701119998185807,0.882810773808444,"fatty acid desaturase 2-like","liver"
"LOC115110130",38.2996754243767,-0.0170781007877099,0.0869514648535558,0.778532207566597,0.92452669746409,"KAT8 regulatory NSL complex subunit 1-like, transcript variant X2","liver"
"LOC115112929",73.3227053464768,-0.0171579001993424,0.0997117856873819,0.765696850805625,0.917373693429963,"probable low-specificity L-threonine aldolase 2, transcript variant X2","liver"
"LOC115121929",45.923569543047,-0.0171748982441561,0.081852924805881,0.776149779695775,0.923333682292951,"ubiquitin-conjugating enzyme E2 G1-like","liver"
"gmppb",66.1914024622152,-0.0171971052981796,0.101647627550587,0.760712203034163,0.914993842848506,"GDP-mannose pyrophosphorylase B","liver"
"LOC115113815",73.6474310401144,-0.0172347791597489,0.110923333430118,0.71824327560048,0.892822882879857,"fatty acid synthase-like","liver"
"LOC115112268",63.4953836436396,-0.0172403212970541,0.0871108184321161,0.776476182351472,0.923527391100992,"SAFB-like transcription modulator","liver"
"LOC115131316",55.0092078878287,-0.0172668484717348,0.113838442500261,0.690832339054526,0.877489175770945,"collagen alpha-2(I) chain, transcript variant X2","liver"
"LOC115130722",56.8878077545511,-0.017283404793219,0.0851240844683031,0.775840989242402,0.92316084831667,"catenin delta-1-like, transcript variant X2","liver"
"LOC115144985",94.0322379572444,-0.0172900701185267,0.105374067051121,0.747589998280725,0.908049268084332,"ankyrin repeat domain-containing protein 24-like","liver"
"LOC115114452",41.1052321850138,-0.0173462991521625,0.0897908237529985,0.774542002449703,0.922535608599312,"dnaJ homolog subfamily B member 6-like","liver"
"fcho2",99.5948395851745,-0.0175022894640991,0.0805167815051434,0.771243072054878,0.92098950609599,"FCH domain only 2, transcript variant X1","liver"
"LOC115113311",52.2238405512609,-0.0175360700050115,0.10690004349314,0.737594321382898,0.903217102020096,"protein YIPF3-like, transcript variant X3","liver"
"LOC115139449",947.89587633584,-0.0175587199670381,0.0902499038364384,0.771665668290843,0.921104516526448,"serine incorporator 1-like","liver"
"enpp4",74.6257502879244,-0.0175969390019226,0.0824643489258255,0.771090218234972,0.92098950609599,"ectonucleotide pyrophosphatase/phosphodiesterase 4, transcript variant X1","liver"
"LOC115137178",179.66507365096,-0.0177357765264438,0.0738502520858965,0.761782741873254,0.915891260778619,"protein IWS1 homolog","liver"
"LOC115142907",39.4506659750962,-0.0177607492569349,0.0932815334622503,0.767099111897105,0.918391703219402,"SUZ domain-containing protein 1-like","liver"
"hectd1",106.402635597754,-0.0179257107252698,0.0801412830659759,0.765619222407088,0.917373693429963,"HECT domain E3 ubiquitin protein ligase 1, transcript variant X1","liver"
"LOC115134836",225.326374192794,-0.0179308150968616,0.105532620487668,0.737957653845623,0.903217102020096,"hepatocyte growth factor receptor-like","liver"
"LOC115107029",59.8367789485677,-0.0179544838503243,0.106267183378849,0.734500325825729,0.901745346088705,"transcription termination factor 1-like, transcript variant X1","liver"
"LOC115123681",52.4985167716227,-0.0179743431902233,0.0900022700101511,0.766529137349031,0.918078809816002,"hephaestin-like protein 1","liver"
"LOC115124927",158.515074445309,-0.0180438419234851,0.106646913444585,0.731506963690864,0.900979126744899,"mesencephalic astrocyte-derived neurotrophic factor-like","liver"
"LOC115132931",61.9295109371222,-0.0180485683695506,0.0982945070876005,0.756750024282518,0.912178306783974,"ADP-ribosylation factor GTPase-activating protein 3-like","liver"
"LOC115134357",65.6237122249183,-0.018098922217033,0.0866649757240169,0.765685205860903,0.917373693429963,"NEDD4-like E3 ubiquitin-protein ligase WWP2, transcript variant X2","liver"
"prpf40a",106.739395416476,-0.0181343356716493,0.0806204932337733,0.763293887251884,0.916420753120516,"pre-mRNA processing factor 40 homolog A, transcript variant X3","liver"
"LOC115122005",1107.0310265508,-0.018205275580881,0.110651126094924,0.705293055921688,0.88532638649212,"uncharacterized LOC115122005","liver"
"LOC115106764",64.5362891779795,-0.018224592089077,0.0811868249122809,0.762501460057577,0.916293967751171,"protein IWS1 homolog, transcript variant X3","liver"
"LOC115139412",68.5616974042703,-0.018269547052251,0.0890169160019789,0.763173462301982,0.916420753120516,"RNA polymerase II subunit A C-terminal domain phosphatase SSU72, transcript variant X1","liver"
"LOC115133226",148.939021957671,-0.0182866413527936,0.106992413026514,0.726393585150445,0.896833190850517,"regulator of nonsense transcripts 2-like, transcript variant X2","liver"
"LOC115140200",65.2783660515309,-0.0183080146855903,0.0828864446637965,0.762299176029679,0.916293967751171,"la-related protein 4-like, transcript variant X1","liver"
"LOC115134978",42.9300337571482,-0.0183733193937429,0.117402856599285,0.61350695182814,0.838571792498885,"acyl-CoA desaturase-like, transcript variant X3","liver"
"LOC115101892",64.8106092234677,-0.0184283043793359,0.0907502125561405,0.760449584366784,0.914934102035533,"disks large-associated protein 4-like","liver"
"LOC115132375",136.36694533626,-0.0184294362148832,0.0724074248753064,0.750705617785853,0.908960737297646,"ubiquitin-conjugating enzyme E2 variant 1, transcript variant X2","liver"
"LOC115128506",344.978137351908,-0.0185822612285993,0.11630212403474,0.632198203200901,0.848037789325799,"type-4 ice-structuring protein-like","liver"
"rcor2",54.5242451131881,-0.0186229402707216,0.0962040819221298,0.752725708898552,0.910093465301985,"REST corepressor 2, transcript variant X1","liver"
"LOC115139943",45.4821773134637,-0.0186497447823468,0.0846738651740006,0.758570340646704,0.913260564543736,"malectin-like, transcript variant X2","liver"
"LOC115120446",54.2594492807574,-0.0186916652704099,0.091558321049165,0.756648021136324,0.912178306783974,"rRNA 2'-O-methyltransferase fibrillarin-like","liver"
"cpt2",61.2752624806218,-0.0187325561875902,0.0901643479143472,0.756917351626447,0.912178306783974,"carnitine palmitoyltransferase 2","liver"
"LOC115126625",162.584197190956,-0.0188325297072075,0.115587877779596,0.64009294180821,0.852147274088816,"uncharacterized LOC115126625, transcript variant X2","liver"
"LOC115110610",47.4656359096571,-0.0188776763971701,0.103874468456611,0.731172829836418,0.900764084062059,"protein KRI1 homolog","liver"
"LOC115136136",221.348990935882,-0.0188812646897296,0.0922839606183318,0.753736635450245,0.910093465301985,"phosphatidylinositol-binding clathrin assembly protein-like, transcript variant X5","liver"
"LOC115112315",252.74459787466,-0.0188873795085186,0.109836572224092,0.700886856532374,0.882714073607358,"cytochrome P450 2D15-like","liver"
"syt12",43.2693642333912,-0.0189404059138894,0.100803344158355,0.739609808993819,0.90366521999115,"synaptotagmin 12, transcript variant X1","liver"
"LOC115114520",2758.48544324582,-0.018970821125952,0.116167427034199,0.627679071331094,0.845793803516791,"insulin-like growth factor-binding protein 1","liver"
"LOC115122446",464.371097053194,-0.0189755130318609,0.0980373669328072,0.745182730606566,0.907137062743569,"solute carrier family 2, facilitated glucose transporter member 2-like, transcript variant X1","liver"
"LOC115132228",271.749484987833,-0.018999525006407,0.0772285642407655,0.749470348790823,0.908049268084332,"cold shock domain-containing protein E1-like, transcript variant X14","liver"
"LOC115129450",143.766251625072,-0.0190027665453114,0.107400321369252,0.714067704085686,0.890180229027994,"histidine--tRNA ligase, cytoplasmic-like, transcript variant X2","liver"
"LOC115126203",54.0808649197506,-0.0190100152635313,0.117995572561834,0.586670829104523,0.819975155589026,"NLR family CARD domain-containing protein 3-like","liver"
"LOC115113279",143.826755858125,-0.0190241903147154,0.0863576872954849,0.754087809251521,0.910322807576242,"ras-related protein ORAB-1-like","liver"
"LOC115142049",297.222478295633,-0.0191742554701406,0.116330738865314,0.621009245795261,0.842091507748282,"type-4 ice-structuring protein LS-12-like","liver"
"LOC115144238",49.317097973532,-0.0192279783654413,0.0931891053729573,0.748588868917214,0.908049268084332,"putative sodium-coupled neutral amino acid transporter 10, transcript variant X3","liver"
"LOC115129513",137.600652523813,-0.0192347162395977,0.0998937857374557,0.737949215142487,0.903217102020096,"signal recognition particle subunit SRP72-like, transcript variant X3","liver"
"LOC115136513",52.2980381765678,-0.0193097527886724,0.100959999457086,0.734323397806637,0.901745346088705,"AT-rich interactive domain-containing protein 5B-like","liver"
"LOC115105023",175.114923349354,-0.0193338279949073,0.0989004259869748,0.738843063490746,0.90366521999115,"T-complex protein 1 subunit epsilon-like","liver"
"LOC115138421",86.7294171777349,-0.0193380690956074,0.0948107473613926,0.745452330134537,0.90719901522711,"transmembrane protein 50A-like","liver"
"LOC115106032",116.777007968324,-0.0193786298844738,0.0892038017276802,0.749212105388823,0.908049268084332,"AF4/FMR2 family member 1-like, transcript variant X1","liver"
"LOC115139183",14347.0798480926,-0.0194464532531679,0.118593371515716,0.560870681480869,0.799606068813311,"alpha-1-antitrypsin homolog","liver"
"hnrnpk",72.5508629550334,-0.0194594162029785,0.0880924360762801,0.748503797071175,0.908049268084332,"heterogeneous nuclear ribonucleoprotein K, transcript variant X1","liver"
"LOC115139689",78.3367923275672,-0.0194672080116972,0.119675208029348,0.521109260044564,0.77938619396334,"MAP kinase-activated protein kinase 5, transcript variant X4","liver"
"LOC115113608",204.213404387759,-0.0195265074958602,0.0744746385511758,0.739440488526665,0.90366521999115,"ATP-dependent RNA helicase DDX3X-like, transcript variant X6","liver"
"LOC115107494",87.5518204253413,-0.0195305654808447,0.104595993245306,0.719534703884564,0.893051865933666,"forkhead box protein N3-like","liver"
"LOC115121031",56.9692645327927,-0.0196461101530916,0.0985445573301919,0.735525077772564,0.902188700652595,"junction-mediating and -regulatory protein-like","liver"
"LOC115142710",238.110346227806,-0.0196703615689319,0.0986312609432326,0.735034906723633,0.90197937043287,"protein bicaudal D homolog 2-like, transcript variant X4","liver"
"LOC115126443",664.346506857086,-0.0196825641766485,0.0881169755647349,0.745715662357248,0.90719901522711,"xanthine dehydrogenase/oxidase-like","liver"
"LOC115113322",66.224091321379,-0.019686250791116,0.0916831791298631,0.74406378002579,0.906435668720922,"echinoderm microtubule-associated protein-like 4, transcript variant X3","liver"
"LOC115135598",64.548900514233,-0.0197176479505827,0.0985027860354155,0.734684483175353,0.901745346088705,"U2 snRNP-associated SURP motif-containing protein-like, transcript variant X2","liver"
"LOC115143987",111.526694030889,-0.0197653782207708,0.0858075360610113,0.744806611747798,0.906874731491927,"progranulin-like, transcript variant X2","liver"
"LOC115137170",45.9261233577348,-0.0197814263349774,0.0983592332274335,0.734148447475077,0.901745346088705,"ATP-binding cassette sub-family F member 3-like","liver"
"LOC115139331",56.9316898667844,-0.0197977690485143,0.100399420771823,0.729346934047202,0.89969254743948,"vascular endothelial growth factor A-A-like, transcript variant X3","liver"
"LOC115145962",101.507597437519,-0.0198099451669909,0.0890137596183733,0.743891872189384,0.906435668720922,"MAGUK p55 subfamily member 5-A-like, transcript variant X3","liver"
"LOC115128529",59.1614062395935,-0.0198699707215629,0.106599650826434,0.705886470386399,0.885455456965476,"nuclear migration protein nudC-like","liver"
"sigirr",49.0645697947747,-0.0198699906990338,0.109516620879224,0.688520214833596,0.876326675597494,"single Ig and TIR domain containing","liver"
"LOC115102269",93.8913200803475,-0.0199339437049455,0.0814829514684894,0.741180801226398,0.904214953267987,"cyclin-dependent kinase 11B-like, transcript variant X10","liver"
"tex15",133.119109482237,-0.0199641962664218,0.0895951980058518,0.741755920388759,0.904464589878384,"testis expressed 15, meiosis and synapsis associated, transcript variant X3","liver"
"LOC115109291",254.617912234493,-0.0199813381603639,0.0893402526678765,0.74164193193153,0.904464589878384,"group XV phospholipase A2-like","liver"
"LOC115126024",146.397093480542,-0.0199868574805492,0.0910899162484202,0.740699315651617,0.904118939781718,"forkhead box protein A2-like","liver"
"LOC115127564",58.1758432156607,-0.0199943289543293,0.121244413237236,0.422125447917225,0.710802349818269,"protein shisa-5-like, transcript variant X2","liver"
"LOC115105510",352.381558702535,-0.0200024237785327,0.114235416824272,0.64024242590945,0.852147274088816,"complement C3-like","liver"
"LOC115139479",38.691127201165,-0.0200423564075928,0.109678253898839,0.68482021507444,0.874937403633578,"CCN family member 2-like","liver"
"LOC115127657",122.632497738273,-0.0201937743054963,0.110014533232812,0.680085545420532,0.873070256808623,"translocon-associated protein subunit gamma-like","liver"
"LOC115116794",83.7972489477296,-0.0202132431709934,0.105150069087669,0.707872416665429,0.886653003358797,"transmembrane emp24 domain-containing protein 10-like","liver"
"LOC115130332",41.3879789923035,-0.0202177692087559,0.0930374731389209,0.736276739229679,0.902578852357435,"dnaJ homolog subfamily C member 13-like, transcript variant X6","liver"
"LOC115126390",51.2337221212644,-0.020228462183911,0.104697813942229,0.709574038801394,0.887124672956747,"zinc finger FYVE domain-containing protein 26-like","liver"
"LOC115128539",123.890065664614,-0.0202797624133778,0.0942022402973457,0.734271082990824,0.901745346088705,"phosphatase and actin regulator 4A-like, transcript variant X2","liver"
"LOC115105371",88.1216813019984,-0.0202930925077176,0.110231548545562,0.676935698794791,0.870610240408972,"histone H2A-like","liver"
"LOC115135011",81.2795874093418,-0.0203274524444267,0.0855688826419497,0.737790043376255,0.903217102020096,"zinc transporter 6-like, transcript variant X1","liver"
"LOC115113722",122.47282259133,-0.0204138122874929,0.0760898514269046,0.730193127225343,0.900510597698761,"nucleobindin-2-like, transcript variant X2","liver"
"LOC115145021",994.184912156593,-0.020490986872913,0.0806458067237114,0.73366051341745,0.901745346088705,"sulfhydryl oxidase 1-like","liver"
"map3k19",83.1440917153806,-0.0205219878411526,0.110365412761471,0.672460152371568,0.868305667935252,"mitogen-activated protein kinase kinase kinase 19, transcript variant X1","liver"
"LOC115101737",6826.48335807038,-0.0205308847287637,0.105627711425835,0.701364331740608,0.882921519957074,"apolipoprotein Eb-like","liver"
"LOC115103749",88.5534481399631,-0.0205608007839454,0.0841435775042306,0.734585839249603,0.901745346088705,"puromycin-sensitive aminopeptidase-like, transcript variant X3","liver"
"LOC115138330",47.942386441468,-0.0205807589014158,0.0809779931620397,0.73277138712793,0.901356699722068,"14-3-3 protein beta/alpha-1-like","liver"
"LOC115142398",252.978628429685,-0.0206113524602761,0.0897578083171142,0.733633592843942,0.901745346088705,"protein transport protein Sec23B","liver"
"LOC115108054",242.311849811114,-0.0206859205729559,0.0737072319156755,0.723454240989433,0.894965522486051,"profilin-2-like, transcript variant X1","liver"
"LOC115140946",42.7329203683294,-0.0207001548910073,0.109880163209057,0.673605884795679,0.868305667935252,"valine--tRNA ligase-like, transcript variant X1","liver"
"LOC115128715",75.1397233334449,-0.020709564337518,0.120897208154553,0.430863812140652,0.714856621612143,"WNT1-inducible-signaling pathway protein 1-like","liver"
"LOC115126136",187.613032745843,-0.0207138761328498,0.11337389084874,0.639734357535674,0.852147274088816,"endothelial lipase-like, transcript variant X2","liver"
"LOC115111403",46.5381538239619,-0.0209199923514307,0.112052867002755,0.651180383008338,0.858350085169587,"pre-mRNA-splicing factor CWC22 homolog","liver"
"LOC115131629",113.199438140293,-0.0209424176658516,0.099272135476246,0.717201279483702,0.89231344732591,"protein capicua homolog","liver"
"LOC115108549",303.546534056673,-0.0209559516104763,0.0755823139184042,0.722666261227411,0.894382663500649,"plasminogen activator inhibitor 1 RNA-binding protein-like, transcript variant X3","liver"
"LOC115117100",39.370968230716,-0.0209610011862259,0.10631582515821,0.692083014533083,0.878394126188905,"interferon lambda receptor 1-like, transcript variant X2","liver"
"LOC115110859",100.079076573614,-0.0209737518685364,0.100402190550378,0.713985880179715,0.890180229027994,"uncharacterized LOC115110859","liver"
"LOC115140887",66.2067235634261,-0.0210937702684105,0.0981713206643592,0.71766782408453,0.892697187658351,"serine protease hepsin-like","liver"
"LOC115139927",70.1950151998292,-0.0213778713622396,0.0781993429732297,0.720426061342655,0.893383343403133,"ras-related protein Rab-35","liver"
"LOC115103792",571.831697185516,-0.0214139448680009,0.104339033536897,0.694975077307743,0.879782351228591,"protein disulfide-isomerase-like","liver"
"LOC115143211",102.714811341985,-0.0214195588054673,0.0836576879119535,0.723780811720063,0.894977324347673,"F-actin-capping protein subunit beta isoforms 1 and 2, transcript variant X1","liver"
"LOC115123914",127.0998564339,-0.021436962362296,0.0778056350185872,0.719268994665522,0.892952209424078,"ras-related protein Rab-5A, transcript variant X5","liver"
"LOC115138666",48.0375341812514,-0.0214422790087059,0.0842531983123567,0.723702677861936,0.894977324347673,"pinin-like","liver"
"LOC115120318",87.8233564373026,-0.021476608952723,0.0818247045458488,0.722172786368423,0.894163936806166,"far upstream element-binding protein 1-like, transcript variant X1","liver"
"LOC115142378",80.4475463175024,-0.0215403966694467,0.0846576077980309,0.72260351258545,0.894382663500649,"double-stranded RNA-binding protein Staufen homolog 1-like","liver"
"LOC115135784",52.1733843601552,-0.0216022687920759,0.0815356153800663,0.720434708203058,0.893383343403133,"ras-related protein Rab-6A-like, transcript variant X5","liver"
"LOC115108045",39.6104778008623,-0.0216834676559658,0.108583189822233,0.668624634802282,0.866013292160385,"forkhead box protein O3-like","liver"
"pawr",132.203053316925,-0.0217573392144229,0.0850486872167935,0.720017659176443,0.893258559373807,"pro-apoptotic WT1 regulator, transcript variant X2","liver"
"LOC115104749",231.1702873369,-0.0218055293821232,0.116324173963366,0.574916798546024,0.813528883356103,"cryptic protein-like","liver"
"LOC115111727",69.7737366315065,-0.0219411364610907,0.0993329120321279,0.704217137129485,0.884737417942384,"B-cell linker protein-like","liver"
"LOC115138350",45.3057727583267,-0.0221191967874827,0.101914695713511,0.6945835939225,0.879681240755145,"receptor-type tyrosine-protein phosphatase gamma-like","liver"
"LOC115119919",353.366700624002,-0.0221631200123767,0.0936830271429077,0.711310892090335,0.888312607109496,"peptidyl-prolyl cis-trans isomerase A-like","liver"
"clip1",149.60596999308,-0.0221663795212109,0.0739593863016276,0.704965927593247,0.885284169748993,"CAP-Gly domain containing linker protein 1, transcript variant X4","liver"
"LOC115128567",65.0433590182741,-0.0221678794150112,0.0928262925381116,0.712166329613627,0.889184231976678,"septin-7-like, transcript variant X3","liver"
"LOC115110606",44.3556901947417,-0.0222155791280974,0.111524019223302,0.636758267749455,0.850718688999864,"transcription activator BRG1, transcript variant X3","liver"
"LOC115131902",78.0603017944428,-0.0222410153284645,0.103837135301772,0.685955780428091,0.875023341572383,"proteasome subunit alpha type-7-like","liver"
"timm10",38.3707033691975,-0.0222514350761184,0.107532185724864,0.667344755687355,0.865964497527393,"translocase of inner mitochondrial membrane 10","liver"
"LOC115120569",154.858859048416,-0.0223107620426736,0.074005125254819,0.703207893951328,0.883993586939985,"clathrin interactor 1-like","liver"
"LOC115141624",56.0339863557127,-0.0223689006567163,0.0884847657939743,0.712391728554922,0.889269002746206,"proprotein convertase subtilisin/kexin type 7-like, transcript variant X1","liver"
"LOC115108057",118.156234076999,-0.0223968917058344,0.108363774362272,0.65996897038287,0.862343162874724,"glutaminase kidney isoform, mitochondrial-like, transcript variant X5","liver"
"scfd1",52.0670826797246,-0.0224144399497542,0.0971505149825646,0.702928098324004,0.883993586939985,"sec1 family domain containing 1","liver"
"LOC115144815",96.9604136409858,-0.0224626040826023,0.105778998847158,0.674171226983098,0.868439595607249,"5-hydroxyisourate hydrolase-like, transcript variant X1","liver"
"LOC115118068",88.5947568746489,-0.0224964009482432,0.0995029066327928,0.696688041732367,0.880780870004646,"cyclin-G1-like, transcript variant X1","liver"
"farsb",80.812805106753,-0.0225539818217865,0.102435330911824,0.687126701119497,0.875737551810538,"phenylalanyl-tRNA synthetase subunit beta","liver"
"LOC115104220",102.207786656062,-0.022567217504735,0.114860235319354,0.588914957667659,0.820510757148527,"hemoglobin subunit beta","liver"
"LOC115142805",54.7253845985103,-0.0225770123019992,0.118378182515627,0.508487116734515,0.771546189770992,"Krueppel-like factor 15","liver"
"LOC115134436",53.3177177411445,-0.0225869391534305,0.0941630025694748,0.70546996330642,0.88532638649212,"protein MON2 homolog, transcript variant X1","liver"
"LOC115103327",717.481950953896,-0.0227178459812361,0.116589891399153,0.553622610220397,0.79406083559725,"coagulation factor XIII B chain-like, transcript variant X1","liver"
"LOC115128415",255.786529420827,-0.0227335696145368,0.0847679012972183,0.707961116763039,0.886653003358797,"ectonucleotide pyrophosphatase/phosphodiesterase family member 2-like, transcript variant X2","liver"
"LOC115119968",3127.08066493603,-0.0228228258866242,0.10489565384808,0.673583907620819,0.868305667935252,"L-rhamnose-binding lectin CSL1, transcript variant X1","liver"
"arglu1",57.3254170815453,-0.0228548196916285,0.0919655345096078,0.704477716719246,0.884867895127223,"arginine and glutamate rich 1, transcript variant X1","liver"
"LOC115113640",84.5156389550144,-0.0229542171160962,0.0860164153326928,0.705467306379986,0.88532638649212,"ubiquitin carboxyl-terminal hydrolase 47-like, transcript variant X4","liver"
"LOC115122194",38.5360888173443,-0.0229593530513329,0.0987313703835907,0.692683565960425,0.878654552552811,"regulator of G-protein signaling 7-binding protein B-like, transcript variant X1","liver"
"LOC115121375",127.305243975957,-0.022990804086318,0.116855873093617,0.542901702521961,0.789532035851994,"squalene monooxygenase-like","liver"
"LOC115119478",104.243518175249,-0.0231221664837659,0.076570840987653,0.696727080498702,0.880780870004646,"heterogeneous nuclear ribonucleoprotein A/B-like, transcript variant X1","liver"
"LOC115144726",245.886270681119,-0.0231410133675312,0.100316305425064,0.686256350776215,0.875023341572383,"nucleobindin-2-like","liver"
"LOC115137976",57.4164186093456,-0.0231556083589958,0.0791444638771425,0.699271556192042,0.882421620627795,"apoptotic chromatin condensation inducer in the nucleus-like","liver"
"LOC115136228",153.601169049842,-0.0231947109395192,0.075219761694285,0.693934587469317,0.87905646866766,"protein YIPF5-like","liver"
"abhd6",380.008149291959,-0.0232189177436475,0.0993343248333505,0.687911528751419,0.876326675597494,"abhydrolase domain containing 6, transcript variant X1","liver"
"LOC115123632",55.5529395399329,-0.0232309493513261,0.0813991757763572,0.700254548235922,0.882519300053473,"probable ubiquitin carboxyl-terminal hydrolase FAF-X","liver"
"LOC115126322",67.0856043414136,-0.023266116126507,0.0819544179512536,0.700194376338169,0.882519300053473,"tyrosine-protein phosphatase non-receptor type 11","liver"
"LOC115104886",249.674863858019,-0.0233061560398166,0.0898838137854042,0.700362776294735,0.882519300053473,"aspartyl/asparaginyl beta-hydroxylase-like, transcript variant X9","liver"
"LOC115114581",159.382967600925,-0.0233325960440441,0.103360085183048,0.673442786556524,0.868305667935252,"ubiquitin carboxyl-terminal hydrolase 14-like, transcript variant X2","liver"
"LOC115144031",45.8066941396658,-0.0233653823739283,0.100004775173103,0.684265027047001,0.874937403633578,"leucine-rich glioma-inactivated protein 1-like, transcript variant X2","liver"
"LOC115113439",116.191067392898,-0.0234350573066494,0.09937054070009,0.685075402876896,0.874937403633578,"alpha-(1,3)-fucosyltransferase 9-like","liver"
"LOC115110577",108.360521231845,-0.0234534970046403,0.0770667735295137,0.693244429304163,0.878668799209409,"interleukin enhancer-binding factor 3 homolog, transcript variant X1","liver"
"LOC115101583",148.975068187766,-0.0235520448949096,0.0892334305657116,0.697660396570416,0.881600402649188,"eukaryotic translation initiation factor 4 gamma 1-like","liver"
"LOC115138496",39.7444462173695,-0.0235715845988088,0.0994448902066895,0.683151001711571,0.874817544945232,"rRNA-processing protein FCF1 homolog","liver"
"LOC115136734",52.8287556531757,-0.0236382913862777,0.0845682088281463,0.696855853048309,0.880780870004646,"serine/threonine-protein kinase TAO1","liver"
"LOC115125648",140.388184242226,-0.0239003556088738,0.110478098796148,0.621878413875835,0.842602717720893,"cysteine-rich and transmembrane domain-containing protein 1-like","liver"
"LOC115109652",40.0167925185495,-0.0239035789706266,0.0899727863713988,0.693028280938732,0.878668799209409,"zinc finger C3H1 domain-containing protein-like, transcript variant X1","liver"
"LOC115146833",108.076280855462,-0.0239688974699102,0.106523096747575,0.649697637973686,0.857407652087733,"uncharacterized LOC115146833","liver"
"LOC115130356",41.3814082157313,-0.0240392541528687,0.101933302498947,0.66960208822595,0.866706416809654,"progressive ankylosis protein homolog","liver"
"hlcs",40.457665837725,-0.0240781617164174,0.0924147478252767,0.689061734849886,0.876620674845079,"holocarboxylase synthetase, transcript variant X2","liver"
"LOC115111672",75.0976138968376,-0.0240957706761308,0.105208647618715,0.655059170160755,0.861095202298687,"mitochondrial sodium/calcium exchanger protein-like, transcript variant X1","liver"
"LOC115129550",408.224094258357,-0.0241355343356415,0.118954777473908,0.460255196281213,0.735914400473495,"tryptophan 2,3-dioxygenase A-like","liver"
"LOC115132174",48.9289003468393,-0.0241417375969307,0.106202442447995,0.649181853602064,0.857283880071667,"serine/threonine-protein kinase pim-1-like, transcript variant X2","liver"
"LOC115143982",63.8417628777072,-0.0241505764112506,0.10008254220939,0.674062923183253,0.868439595607249,"NACHT, LRR and PYD domains-containing protein 12-like, transcript variant X2","liver"
"LOC115121148",82.1025589129331,-0.0241782232856435,0.0791418385780946,0.686681830862014,0.875368168220124,"3-hydroxy-3-methylglutaryl-coenzyme A reductase-like","liver"
"slc35a2",40.1147951170414,-0.0242063909267921,0.0874086066093878,0.690193282508484,0.87706313938616,"solute carrier family 35 member A2","liver"
"LOC115138738",213.94722109059,-0.0242213403043788,0.0878335153637177,0.689944180017352,0.876952913187296,"trifunctional enzyme subunit alpha, mitochondrial-like","liver"
"LOC115101281",70.392176917002,-0.0242657763397999,0.102088927704145,0.66613210297301,0.865588458776897,"nucleophosmin-like, transcript variant X2","liver"
"LOC115113063",51.3064986800783,-0.0242802948202453,0.0891652561095728,0.688830739438723,0.876524308061985,"uncharacterized LOC115113063, transcript variant X4","liver"
"cdc73",90.613793090769,-0.0242909976166819,0.0941237793251054,0.684490557359965,0.874937403633578,"cell division cycle 73","liver"
"LOC115130432",56.2615532044756,-0.0242934056890504,0.101528903888022,0.667730408722513,0.865964497527393,"succinate--hydroxymethylglutarate CoA-transferase-like, transcript variant X2","liver"
"LOC115108211",174.81224731205,-0.0243389409646024,0.0769077800852231,0.682078359685064,0.87403867879752,"unconventional myosin-IXb-like, transcript variant X3","liver"
"LOC115129349",4661.95843477038,-0.0243426654541824,0.0876821818526062,0.688501145213716,0.876326675597494,"fructose-bisphosphate aldolase B-like","liver"
"LOC115121439",95.066630745818,-0.0244779267756735,0.0815246909549178,0.685104190836707,0.874937403633578,"solute carrier family 41 member 2-like","liver"
"LOC115140181",56.2706205686378,-0.0244812365626359,0.117933878949355,0.488654579298495,0.757327410024513,"B-cell linker protein-like, transcript variant X2","liver"
"sepsecs",38.2982061390035,-0.0246566943312094,0.0873966820614811,0.684743235015245,0.874937403633578,"Sep (O-phosphoserine) tRNA:Sec (selenocysteine) tRNA synthase, transcript variant X2","liver"
"farp1",69.2137064143858,-0.0246793305376313,0.101651739241941,0.662370417585976,0.863283328183384,"FERM, ARH/RhoGEF and pleckstrin domain protein 1, transcript variant X4","liver"
"LOC115146240",114.064805554159,-0.0246837780677829,0.0894468331827474,0.68381919441564,0.874937403633578,"zinc finger FYVE domain-containing protein 1-like","liver"
"LOC115118567",109.763668483273,-0.0247341863115172,0.119363936217399,0.433230184015147,0.716581313060299,"heat shock protein HSP 90-alpha 1, transcript variant X2","liver"
"zfhx4",43.580007975273,-0.0247725982650484,0.100372981024063,0.665331181730957,0.865145060353059,"zinc finger homeobox 4","liver"
"LOC115144030",73.2640197978637,-0.0248073088841228,0.116119836011249,0.529064819398346,0.783678644813574,"protein FRA10AC1","liver"
"LOC115143028",42.8028442467304,-0.0248767128539134,0.085651425716017,0.682071403487153,0.87403867879752,"ADP-ribosylation factor GTPase-activating protein 1-like, transcript variant X7","liver"
"LOC115111587",700.205990786498,-0.0248967914547207,0.0944939762897479,0.676557870139881,0.870520905836319,"bone morphogenetic protein 1-like, transcript variant X1","liver"
"LOC115119809",53.2331604471886,-0.0249264775075208,0.089060576874135,0.681050475573956,0.873514535459008,"E3 ubiquitin-protein transferase MAEA","liver"
"LOC115135660",166.820708160277,-0.0249544839985447,0.0764564051118034,0.673872215531422,0.868439595607249,"cofilin-2-like","liver"
"LOC115128393",93.6504567212165,-0.0251246223639617,0.102646881215864,0.652989282571131,0.859359928147764,"zinc transporter Slc39a7-like","liver"
"LOC115114484",554.078169111323,-0.0251399612582866,0.089085663411246,0.678463772180781,0.871582811770805,"glutamine synthetase","liver"
"LOC115126252",43.2026860002829,-0.0251689280180063,0.079646660519721,0.675089209839852,0.869027286538032,"serine/threonine-protein kinase tousled-like 1-B","liver"
"LOC115104241",39.0645418677144,-0.0252553536283814,0.092106242786076,0.67503639926685,0.869027286538032,"non-receptor tyrosine-protein kinase TYK2-like, transcript variant X1","liver"
"LOC115139814",823.344427694992,-0.0252656738602981,0.0957986896635878,0.669962929785474,0.866974719589454,"guanine deaminase-like, transcript variant X3","liver"
"acoxl",194.335061130707,-0.0253663584327422,0.102830195814287,0.64915517446552,0.857283880071667,"acyl-CoA oxidase like, transcript variant X1","liver"
"LOC115123225",199.616758785709,-0.0253702047934673,0.117609896229335,0.483106279587226,0.753823648214337,"pancreatic progenitor cell differentiation and proliferation factor B-like","liver"
"LOC115138061",51.945110279101,-0.0253833508204085,0.0973305400491669,0.665528508356554,0.865202385029037,"placenta-specific gene 8 protein-like, transcript variant X2","liver"
"LOC115113302",128.232035302616,-0.0254193869276906,0.109110320891731,0.612117402480814,0.838076579350657,"cullin-9-like, transcript variant X2","liver"
"LOC115118267",258.30255853564,-0.0254413054788216,0.112538354222558,0.577433196179839,0.814278254603911,"monocarboxylate transporter 1-like","liver"
"LOC115138070",382.461068993888,-0.0254553953274964,0.0972560696049978,0.664799302516263,0.865145060353059,"dolichyl-diphosphooligosaccharide--protein glycosyltransferase subunit 1-like","liver"
"LOC115129609",74.1509595525121,-0.0255174371415983,0.0735384173414451,0.662182428455085,0.863237587406467,"amyloid-beta A4 protein-like, transcript variant X1","liver"
"LOC115134082",39.6122128333536,-0.0256511347224418,0.114821243926985,0.540686519710469,0.788001055829972,"SLIT-ROBO Rho GTPase-activating protein 1-like, transcript variant X4","liver"
"ggnbp2",48.1398539521357,-0.0256787557696094,0.0928553906948586,0.669135218715494,0.866300721134528,"gametogenetin binding protein 2, transcript variant X1","liver"
"LOC115105656",118.157400513539,-0.0256853531720629,0.0822230736754012,0.670960843399507,0.867824669298741,"THO complex subunit 2-like, transcript variant X2","liver"
"LOC115120772",120.136946784711,-0.0257463100743912,0.0803527171818242,0.66875982178875,0.866013292160385,"protein phosphatase 1B-like, transcript variant X1","liver"
"LOC115102681",258.19156259638,-0.0258198492319032,0.107532043767712,0.618337178095943,0.84092820135992,"translocon-associated protein subunit delta-like","liver"
"LOC115146152",500.513901031112,-0.0258700340047552,0.0973914941581049,0.659398217881162,0.861996373733975,"estrogen receptor beta-like, transcript variant X5","liver"
"LOC115119259",39.7209410748929,-0.025890382093341,0.0941913651491434,0.664885133780303,0.865145060353059,"MICAL-like protein 1","liver"
"LOC115109213",38.5952826323759,-0.0259318852614271,0.118589051889731,0.44253472443935,0.724427675901586,"lipoprotein lipase-like","liver"
"dync1h1",215.090719153435,-0.0259754961930932,0.0908757286804878,0.667388606414257,0.865964497527393,"dynein cytoplasmic 1 heavy chain 1, transcript variant X1","liver"
"LOC115141508",49.3359001802285,-0.0259886333562131,0.0930079473233536,0.66521570635356,0.865145060353059,"U1 small nuclear ribonucleoprotein A-like","liver"
"LOC115107121",95.0978340782127,-0.025997539412742,0.0839190065586467,0.66810884251375,0.865964497527393,"protein SCAF11-like, transcript variant X1","liver"
"LOC115103856",40.0199203431647,-0.0260011099506834,0.0902180890112747,0.667526026912767,0.865964497527393,"aftiphilin-like, transcript variant X1","liver"
"LOC115123924",51.151413875507,-0.0261006529844107,0.0811117221076352,0.665141726572916,0.865145060353059,"UDP-glucose:glycoprotein glucosyltransferase 1-like, transcript variant X2","liver"
"LOC115141622",34058.433620456,-0.0262965695641994,0.104904184381324,0.627644781084498,0.845793803516791,"apolipoprotein A-I-2","liver"
"LOC115119690",38.949042384664,-0.0263574777687086,0.102547709405323,0.637633036185742,0.851685858127442,"ESF1 homolog","liver"
"LOC115111593",45.3821726166299,-0.0264183624060601,0.0780401826777006,0.658113304587382,0.86159049764641,"AP2-associated protein kinase 1-like, transcript variant X16","liver"
"LOC115143446",234.461070509288,-0.0265271072355255,0.0935376209805346,0.658071698628736,0.86159049764641,"hepatocyte growth factor-like protein","liver"
"tsc1",54.2179034733761,-0.0265616334063266,0.0830067907261643,0.660912976634053,0.862357112657725,"TSC complex subunit 1, transcript variant X4","liver"
"slc7a2",186.338147574011,-0.0265673497328461,0.0990300901512642,0.646770837173677,0.855993470858551,"solute carrier family 7 member 2, transcript variant X1","liver"
"LOC115129233",834.032994264742,-0.0265714024941937,0.101271679162377,0.639737794563135,0.852147274088816,"phospholipase A and acyltransferase 4-like, transcript variant X2","liver"
"gk5",135.522587972879,-0.0265822216223961,0.0939660921827641,0.656833177315731,0.861095202298687,"glycerol kinase 5","liver"
"LOC115125676",114.406205508419,-0.0265841110161696,0.100054409699644,0.643589270247457,0.854185477154946,"RING finger protein 145-like, transcript variant X5","liver"
"LOC115144978",88.6968552498805,-0.0266052515580038,0.0842344364095667,0.660959684858028,0.862357112657725,"inhibitor of growth protein 5-like","liver"
"LOC115108786",42.771323691627,-0.0266807027622041,0.0791954179007079,0.656311299164936,0.861095202298687,"serine/threonine-protein kinase N2-like","liver"
"LOC115109273",64.2874842622867,-0.0267345262677003,0.0714853324170752,0.642934108253416,0.85362870721957,"serine/threonine-protein phosphatase 6 regulatory subunit 3-like, transcript variant X5","liver"
"LOC115141757",41.1729852800422,-0.0267932639474916,0.093576822983649,0.654817366307125,0.861095202298687,"pre-mRNA-processing-splicing factor 8","liver"
"LOC115141866",49.4938434197792,-0.0268258393869218,0.0875442302281573,0.658698818568112,0.861880308142656,"dual specificity tyrosine-phosphorylation-regulated kinase 1A-like, transcript variant X1","liver"
"LOC115145981",207.825192646143,-0.026923675413487,0.110707221663572,0.576707833049058,0.814023106348746,"HHIP-like protein 1","liver"
"LOC115129140",137.616015445427,-0.026960709151317,0.115051597054284,0.516482297149525,0.775312771944707,"kinesin-like protein KIF26A","liver"
"LOC115136672",81.3689160880933,-0.0269865064048054,0.094848791645793,0.650635824416565,0.85796654147777,"vasodilator-stimulated phosphoprotein-like, transcript variant X1","liver"
"LOC115108570",46.4569676278669,-0.0270617132701493,0.0935147213360582,0.651674424263132,0.858456471613947,"bromodomain testis-specific protein-like, transcript variant X1","liver"
"LOC115145611",333.310232945521,-0.0271087434268183,0.108409876332462,0.594579324577369,0.824611856193521,"F-box/WD repeat-containing protein 7-like, transcript variant X1","liver"
"LOC115118112",100.924704080863,-0.0271262749897407,0.103389866197156,0.624284839078815,0.844056810088646,"deoxyribonuclease gamma-like","liver"
"LOC115132933",163.193607724064,-0.0271498562309069,0.0803037933180959,0.6518248129311,0.858456471613947,"protein kinase C and casein kinase substrate in neurons protein 2-like, transcript variant X3","liver"
"LOC115129745",285.909334403197,-0.0271669616494385,0.104847415565954,0.616673339073043,0.839579858308753,"ribose-phosphate pyrophosphokinase 2, transcript variant X1","liver"
"LOC115122432",49.1277675381583,-0.0271876047980757,0.0888350152092342,0.654049361262004,0.86038273385025,"zinc finger protein 157-like, transcript variant X1","liver"
"LOC115112896",58.6859635625137,-0.0272971032896784,0.099614623458115,0.636098880176572,0.850441458081205,"aquaporin-8-like, transcript variant X2","liver"
"cwf19l2",65.1281396161455,-0.0273335119567354,0.100010576039517,0.63444059116118,0.850035970027532,"CWF19 like cell cycle control factor 2","liver"
"atg4c",65.2541047712578,-0.027346904082168,0.0847654049107876,0.652309164906238,0.858894017038391,"autophagy related 4C cysteine peptidase","liver"
"LOC115145225",103.118841101284,-0.0273598684853292,0.0786997516973455,0.647571671838859,0.856659208190798,"protein arginine N-methyltransferase 1-like, transcript variant X4","liver"
"tmtc3",44.9424171884882,-0.0273733392594865,0.0810257205894347,0.649813557081723,0.857407652087733,"transmembrane O-mannosyltransferase targeting cadherins 3","liver"
"LOC115102434",148.23597192058,-0.02740964578956,0.0850757891843443,0.651649248858237,0.858456471613947,"DAZ-associated protein 2-like","liver"
"LOC115108256",38.3719152251874,-0.0274963805905517,0.0853995678564356,0.650693009317714,0.85796654147777,"E3 ubiquitin-protein ligase MARCH2, transcript variant X1","liver"
"ccdc66",42.8385210639815,-0.0275868391091836,0.104614236515769,0.612497567246452,0.838076579350657,"coiled-coil domain containing 66, transcript variant X2","liver"
"LOC115111779",68.227898043735,-0.0276062116495955,0.0981219587901445,0.63642047299884,0.850468636816912,"erlin-2-like, transcript variant X3","liver"
"LOC115112845",39.6762947832515,-0.0276627399322847,0.0856178206972924,0.648762383361675,0.857283880071667,"polypeptide N-acetylgalactosaminyltransferase 2-like, transcript variant X1","liver"
"LOC115139170",234.535761752448,-0.0276879449146123,0.102985868107424,0.618968503088479,0.841289628661729,"matrix remodeling-associated protein 8-like","liver"
"LOC115130315",40.6846795113803,-0.0277583501574756,0.0853269090174213,0.647577311469771,0.856659208190798,"cyclin-dependent kinase 13-like","liver"
"LOC115124380",182.646688598126,-0.0277871271537845,0.0985005332092992,0.633235647940739,0.848993551027402,"uncharacterized LOC115124380","liver"
"LOC115140103",110.268916252231,-0.0278328788940434,0.100238297367039,0.627557840487567,0.845793803516791,"AP-1 complex subunit beta-1-like, transcript variant X2","liver"
"LOC115126284",55.5257630682535,-0.0278719402274417,0.0878430368060258,0.646238644704062,0.855965533897544,"phosphatidylinositol transfer protein beta isoform-like, transcript variant X2","liver"
"LOC115108348",48.5651100148166,-0.027882392331904,0.079720897668468,0.642481134285526,0.85362870721957,"UBX domain-containing protein 6-like, transcript variant X2","liver"
"LOC115131812",82.0914045476614,-0.0279031754683639,0.095242693866354,0.638953687760107,0.852038857131215,"vitamin D3 receptor B-like","liver"
"LOC115101599",104.131667589013,-0.027979691347184,0.115237586577123,0.49759329540481,0.764933096739557,"uncharacterized LOC115101599","liver"
"LOC115142689",346.665410993086,-0.0280210716784626,0.0821143412046614,0.642973689437386,0.85362870721957,"ribosome-binding protein 1-like, transcript variant X1","liver"
"rab3il1",79.3227323225395,-0.0280316621302826,0.0888712552137038,0.644039235236858,0.854214751161051,"RAB3A interacting protein like 1, transcript variant X1","liver"
"LOC115107555",2497.41300028562,-0.0280561211719609,0.113086722425611,0.532114698473505,0.784059421653691,"apolipoprotein B-100-like","liver"
"fam32a",254.968051009287,-0.0280656099231293,0.106571212870636,0.594963245512749,0.824941670963895,"family with sequence similarity 32 member A","liver"
"LOC115107902",62.7125693121742,-0.028124826285221,0.0836194793164089,0.642651992233789,0.85362870721957,"RNA-binding protein 25-like, transcript variant X2","liver"
"LOC115130174",41.6713983052188,-0.0281361741160197,0.112973740721001,0.532555692806882,0.784321420468331,"5'-AMP-activated protein kinase subunit gamma-2-like, transcript variant X3","liver"
"LOC115127662",266.75147635617,-0.0281831223800084,0.104138985745566,0.607323485027323,0.834294013738264,"filaggrin-2-like","liver"
"LOC115146867",131.885398801568,-0.0282335838954084,0.10268212609922,0.613436689490016,0.838571792498885,"superoxide dismutase [Cu-Zn]-like","liver"
"LOC115136696",166.060322559046,-0.0282609100489546,0.107382612311244,0.586906291989122,0.820013096899426,"vacuole membrane protein 1-like","liver"
"LOC115138153",65.5281036912049,-0.0282868434395309,0.0856729309882981,0.641404327668812,0.853291431201252,"DNA-directed RNA polymerase II subunit RPB1-like","liver"
"LOC115137110",99.1492098990056,-0.0282908936859122,0.07187016127487,0.624592246592506,0.844056810088646,"coatomer subunit delta-like, transcript variant X2","liver"
"LOC115122370",114.698932081435,-0.0283619192877168,0.105444028112786,0.598030978420551,0.827772224604666,"AN1-type zinc finger protein 5-like","liver"
"LOC115114216",90.740341170011,-0.0283961298078563,0.103152080785556,0.609334445324351,0.83610310387224,"calponin-2-like","liver"
"LOC115102242",85.3619310118486,-0.0283995208188856,0.0827681854889618,0.63893729018831,0.852038857131215,"bile acid receptor-like, transcript variant X4","liver"
"LOC115102993",573.156500794175,-0.0285135197293116,0.122414344253345,0.165422051512599,0.48192616245621,"insulin-like growth factor-binding protein 1","liver"
"LOC115137090",42.8839050718525,-0.0286066381042665,0.100716603829595,0.616437157651367,0.839460731331311,"protein phosphatase 1 regulatory subunit 37-like","liver"
"LOC115132312",48.1892165251736,-0.0286128794138178,0.103234839729264,0.606244230878434,0.834232251411075,"N-fatty-acyl-amino acid synthase/hydrolase PM20D1.2-like","liver"
"LOC115140902",54.1613027607005,-0.0286248200008111,0.0818890100116481,0.635669755224957,0.850171849580289,"pituitary tumor-transforming gene 1 protein-interacting protein-like","liver"
"LOC115121994",43.8755693131462,-0.0287037815491664,0.0949065568683729,0.629973467681754,0.847021302575614,"CCR4-NOT transcription complex subunit 6-like, transcript variant X1","liver"
"LOC115131622",121.839985643435,-0.0287473302744838,0.0936730492654725,0.631367164364232,0.847582887593662,"tubulin beta chain","liver"
"LOC115105927",70.5392427231151,-0.0287704938242251,0.0884729701643256,0.635489344214588,0.850171849580289,"heterogeneous nuclear ribonucleoprotein D-like, transcript variant X1","liver"
"LOC115112166",38.631207230692,-0.0287872042291408,0.115966774308617,0.470417887068178,0.745433452255664,"trace amine-associated receptor 13c-like, transcript variant X1","liver"
"ccdc186",65.0120173241549,-0.0287899654586586,0.0878226622868967,0.635437923848615,0.850171849580289,"coiled-coil domain containing 186, transcript variant X4","liver"
"LOC115144992",7419.34707789734,-0.0289172956836596,0.0837023540030778,0.633361820213853,0.848993551027402,"leucine-rich repeat-containing protein 7-like","liver"
"LOC115136232",40.5295336156712,-0.0289457773677575,0.0998187694498561,0.615291535026585,0.839003470284935,"zinc finger CCHC domain-containing protein 10-like","liver"
"LOC115108160",48.5379232005254,-0.02910213338953,0.0805286377533213,0.628854083814686,0.846165433083345,"microtubule-associated protein 1S-like, transcript variant X1","liver"
"LOC115143130",43.6532890528086,-0.0291409535394882,0.102542184720219,0.602755242152586,0.832270994667033,"testis-expressed protein 264-like","liver"
"LOC115136203",53.6453675756483,-0.0291472535881839,0.0994008686870235,0.614150641120542,0.838571830656972,"SH3 and PX domain-containing protein 2B-like, transcript variant X3","liver"
"LOC115138701",54.7409770353196,-0.0291808438657709,0.0919764278222168,0.628316833250867,0.846165433083345,"protein transport protein Sec23A","liver"
"LOC115145164",41.7387577422145,-0.0291878842587479,0.0993474133381235,0.613821756913702,0.838571792498885,"regulator of G-protein signaling 5-like","liver"
"LOC115108441",42.5698835287196,-0.0293163221028069,0.117680410501935,0.41817872533562,0.708702605413948,"protein TANC1-like, transcript variant X1","liver"
"LOC115132199",95.4928172703322,-0.0293638375745676,0.0792367001723042,0.624365402902334,0.844056810088646,"probable ubiquitin carboxyl-terminal hydrolase FAF-X, transcript variant X2","liver"
"LOC115118093",354.320791864899,-0.0293769921567288,0.113881704413258,0.501212276749558,0.76715351495778,"hydroxymethylglutaryl-CoA synthase, cytoplasmic-like, transcript variant X5","liver"
"LOC115124621",83.9500660641371,-0.029415314822397,0.0799756228601465,0.624596059608637,0.844056810088646,"ankyrin repeat and KH domain-containing protein 1-like","liver"
"LOC115123893",62.0782673190236,-0.0294481371331424,0.117334066108253,0.426305468835535,0.713584547004279,"phosphatidate phosphatase LPIN1-like","liver"
"tjap1",145.937874517474,-0.0294967271832812,0.0973582020428845,0.61551607120506,0.83900571153506,"tight junction associated protein 1, transcript variant X3","liver"
"LOC115129841",47.8725367137393,-0.0295889113936116,0.103739193627837,0.591663891731415,0.822532230986033,"CLIP-associating protein 1-B-like, transcript variant X3","liver"
"LOC115141171",65.7930392094466,-0.0296066147003416,0.086759969631318,0.62601994130012,0.844767827098585,"carboxy-terminal domain RNA polymerase II polypeptide A small phosphatase 2-like","liver"
"LOC115129310",40.9406551631036,-0.0296685918687993,0.0949844639508144,0.618408411627062,0.84092820135992,"heterogeneous nuclear ribonucleoprotein A0-like","liver"
"LOC115113638",38.7158272036425,-0.0297335594972774,0.105438305257808,0.580622179254837,0.815998307400247,"protein-methionine sulfoxide oxidase mical2b-like, transcript variant X4","liver"
"LOC115106271",65.7900638810099,-0.0297886431671886,0.0813490339388741,0.621556446056776,0.842428122833387,"NADH dehydrogenase [ubiquinone] 1 alpha subcomplex subunit 12-like","liver"
"LOC115110758",154.911282549928,-0.0298212352975474,0.112937298308276,0.509314413404541,0.77235166579102,"very-long-chain (3R)-3-hydroxyacyl-CoA dehydratase 2-like","liver"
"LOC115130809",1458.63064979247,-0.0298473936867425,0.115727385084385,0.460008369316117,0.735914400473495,"tryptophan 2,3-dioxygenase A-like, transcript variant X1","liver"
"LOC115129674",512.787778942577,-0.0298519523481423,0.112518663719176,0.514706071278907,0.774152238639455,"formimidoyltransferase-cyclodeaminase-like","liver"
"gata4",121.912375570461,-0.0298758059347751,0.0802022330590115,0.619429866964396,0.841506503580601,"GATA binding protein 4, transcript variant X2","liver"
"LOC115129446",189.059293298143,-0.029902274953707,0.111073152333133,0.531862589469782,0.784059421653691,"N-alpha-acetyltransferase 15, NatA auxiliary subunit-like","liver"
"LOC115139667",147.056366656961,-0.0300085638313551,0.0747590081063444,0.609831716639043,0.836313812263304,"serine/threonine-protein phosphatase 2A 56 kDa regulatory subunit alpha isoform-like","liver"
"gpkow",48.8487037716077,-0.0301308946715968,0.0864821325016602,0.619925664690275,0.841774964608296,"G-patch domain and KOW motifs","liver"
"LOC115136850",154.773626366626,-0.030208857116176,0.085861955427993,0.618972213507053,0.841289628661729,"stAR-related lipid transfer protein 13-like","liver"
"snap29",155.083302081495,-0.0302953567323704,0.0944681714204776,0.611919413773497,0.838076579350657,"synaptosome associated protein 29, transcript variant X1","liver"
"LOC115104119",114.119846060415,-0.0303049334039865,0.0845310735608478,0.617526071712901,0.840335550949877,"dnaJ homolog subfamily C member 7-like, transcript variant X1","liver"
"LOC115105139",88.9983928985046,-0.0303799629580543,0.0803333631134292,0.613673338658258,0.838571792498885,"ubiquitin-protein ligase E3C-like","liver"
"LOC115111957",143.55807195461,-0.030563006686033,0.0698080173739307,0.591827242418149,0.822532230986033,"splicing factor U2AF 65 kDa subunit-like, transcript variant X1","liver"
"LOC115105897",42.2573881825356,-0.0306409442456538,0.0958888046894924,0.605246498289885,0.833923395137337,"poly [ADP-ribose] polymerase tankyrase-1-like, transcript variant X2","liver"
"LOC115134485",61.0033840633006,-0.0307299244074462,0.103406648304818,0.579208944291271,0.815718059233853,"ATP-sensitive inward rectifier potassium channel 11-like","liver"
"LOC115102209",54.9554003309647,-0.0307845485094927,0.0897022410749866,0.611478045776945,0.837962389916658,"vacuolar protein sorting-associated protein 13D-like","liver"
"nadk",39.215735508229,-0.0308502790386784,0.0907625890500049,0.609978795412732,0.836313812263304,"NAD kinase, transcript variant X3","liver"
"LOC115133284",104.007898094212,-0.0308566189976898,0.10438095874179,0.572621333140135,0.811557302183055,"rho GTPase-activating protein 6-like, transcript variant X1","liver"
"LOC115102360",172.152432453306,-0.0310063784716673,0.110982156275314,0.518120840170669,0.776582380209291,"protein SET-like, transcript variant X1","liver"
"LOC115104922",47.0830445698911,-0.0310085383714596,0.110847353869814,0.519609293727999,0.777967136671515,"ER membrane protein complex subunit 9-like, transcript variant X1","liver"
"LOC115135119",200.994101419525,-0.0310103390606435,0.0845574153970656,0.609380848819389,0.83610310387224,"apoptosis-stimulating of p53 protein 2-like, transcript variant X3","liver"
"slc25a33",80.1765082635096,-0.0310374528060289,0.103228365686213,0.576314824118419,0.813862569692825,"solute carrier family 25 member 33","liver"
"LOC115140205",135.020730261769,-0.0312493984154928,0.0927055172124499,0.603371434765157,0.832846226933102,"putative aminopeptidase W07G4.4","liver"
"LOC115135363",132.353096350408,-0.0312600088620293,0.0734700254116981,0.592364908939345,0.822532230986033,"kinesin light chain 1-like, transcript variant X1","liver"
"LOC115111651",48.4414768069929,-0.0313198109979423,0.0840959789763458,0.605629632861254,0.833923395137337,"AP-1 complex subunit beta-1, transcript variant X2","liver"
"LOC115141503",441.72193063051,-0.0313485568086576,0.0901329987986581,0.6047030408677,0.833737086383159,"inositol-trisphosphate 3-kinase C-like, transcript variant X1","liver"
"LOC115102022",40.6098724484505,-0.0313794114239173,0.0942928929172458,0.59957170543742,0.829492430018725,"protein TASOR-like, transcript variant X3","liver"
"LOC115139826",54.1167029681055,-0.0315552185946953,0.0831063617119836,0.602393854784682,0.832270994667033,"transmembrane protein 50B-like","liver"
"LOC115135216",43.6051056386889,-0.031600909341006,0.0970019347465365,0.591523935209569,0.822532230986033,"zinc finger protein 318-like, transcript variant X1","liver"
"LOC115111812",49.9501782613887,-0.031637060089152,0.0987281611805376,0.58645136355911,0.819975155589026,"rab-like protein 6, transcript variant X2","liver"
"LOC115127112",76.147200548596,-0.0316580627819334,0.0798831946876216,0.598342083741246,0.8279998541184,"programmed cell death protein 10-like","liver"
"LOC115102228",96.6733704667133,-0.0316835172683051,0.0787771644295295,0.596672122050678,0.826296492788356,"E3 ubiquitin-protein ligase UBR5-like, transcript variant X1","liver"
"LOC115133264",91.7343513573308,-0.0317492630699596,0.114354600580156,0.460010367102028,0.735914400473495,"ankyrin repeat and BTB/POZ domain-containing protein BTBD11-A-like","liver"
"LOC115131523",81.2061907145801,-0.0318140271914068,0.0712991205268589,0.580708678557243,0.815998307400247,"A-kinase anchor protein 9-like, transcript variant X2","liver"
"LOC115110344",414.46933285408,-0.0318533172161168,0.109447838004901,0.523087472510933,0.78069042289102,"isocitrate dehydrogenase [NADP] cytoplasmic-like, transcript variant X1","liver"
"LOC115106409",73.5009676642609,-0.0319174573058483,0.0771733495665979,0.591610852618414,0.822532230986033,"mitogen-activated protein kinase 8, transcript variant X2","liver"
"LOC115136313",445.652817971861,-0.0320303681164574,0.107304105529853,0.539168568038439,0.787589645249357,"GDH/6PGL endoplasmic bifunctional protein-like, transcript variant X1","liver"
"LOC115114347",144.405531856816,-0.0320461973703733,0.0737575603700466,0.583715965984002,0.818390947093538,"integrin beta-1-like","liver"
"LOC115137137",60.5086881542305,-0.0321017673042635,0.106804068449891,0.541975147190251,0.788657649751587,"serine/threonine-protein kinase SIK2-like, transcript variant X1","liver"
"LOC115122031",95.1798336096767,-0.032141268112192,0.109783229696526,0.516097597456396,0.775312771944707,"transmembrane protein 132D-like","liver"
"LOC115130581",50.5877067229777,-0.0322273956766598,0.082369604907911,0.594181329774992,0.824464926986878,"eukaryotic peptide chain release factor subunit 1-like, transcript variant X2","liver"
"hpgd",1458.40323373016,-0.032259030869364,0.094982223957985,0.588193259397217,0.820510757148527,"15-hydroxyprostaglandin dehydrogenase","liver"
"LOC115105286",107.288895736673,-0.0323105974625158,0.065733555871181,0.55797835427028,0.796791423262138,"S-phase kinase-associated protein 1","liver"
"LOC115138704",62.1070165103728,-0.0323153991602306,0.0801092983373449,0.591033305449228,0.822319872490474,"AT-rich interactive domain-containing protein 4A-like, transcript variant X1","liver"
"acp7",250.760487872972,-0.032350309748882,0.0910551832240103,0.592497092352142,0.822532230986033,"acid phosphatase 7, tartrate resistant (putative), transcript variant X1","liver"
"LOC115131691",41.7049632650744,-0.0323762450466696,0.091009148564368,0.592242233126808,0.822532230986033,"dyslexia-associated protein KIAA0319-like protein, transcript variant X1","liver"
"LOC115138680",110.414421685793,-0.0324582914553947,0.100138374322867,0.57217853719362,0.811484556894042,"tectonin beta-propeller repeat-containing protein 2-like, transcript variant X2","liver"
"LOC115118409",44.1498709089915,-0.03250100337126,0.0801448379364623,0.58894552956766,0.820510757148527,"serine/arginine-rich splicing factor 10-like","liver"
"LOC115139149",54.4663388446413,-0.0325133400777623,0.0916073763402836,0.590105945022,0.821447775958172,"poly(A) polymerase beta-like, transcript variant X1","liver"
"LOC115118691",221.025542637952,-0.0325545464627268,0.103904230781328,0.554471726732763,0.79406083559725,"long-chain-fatty-acid--CoA ligase 4-like, transcript variant X2","liver"
"LOC115129626",49.5771936824562,-0.0325624402419506,0.0902301558274514,0.590747118211085,0.822124286275521,"alpha-1,6-mannosylglycoprotein 6-beta-N-acetylglucosaminyltransferase A-like, transcript variant X1","liver"
"mcoln2",668.180652135692,-0.0325686850857946,0.0650863709758581,0.55251932764393,0.793570115461111,"mucolipin 2, transcript variant X2","liver"
"LOC115138434",93.6184468431161,-0.0326307062611431,0.0778783751878481,0.584461503426628,0.818826215470655,"KH domain-containing, RNA-binding, signal transduction-associated protein 1-like, transcript variant X1","liver"
"LOC115104218",174.683928974352,-0.0326328651915109,0.113789414803191,0.457760038591493,0.735914400473495,"hemoglobin subunit beta-1-like","liver"
"LOC115136947",74.0356717370399,-0.0326728813568711,0.0961582581615407,0.581031769502887,0.816214458491559,"ribosome biogenesis protein NOP53-like","liver"
"LOC115121421",78.733322289178,-0.0327383433601506,0.104162989869742,0.550851504194774,0.793002891380249,"phosphatidylinositol 3-kinase regulatory subunit alpha, transcript variant X2","liver"
"LOC115106381",1663.38534339368,-0.0327408906029982,0.120333915243813,0.262172014557482,0.583982488456375,"retinol-binding protein 4-B","liver"
"LOC115133077",49.8992039442264,-0.0328017271186408,0.0853574341363975,0.589142570121361,0.820510757148527,"muskelin, transcript variant X1","liver"
"f5",6675.94711861154,-0.0328271108897983,0.0881316635056129,0.588796334093193,0.820510757148527,"coagulation factor V","liver"
"LOC115104312",40.9194361527553,-0.0328492147974161,0.0973027030776914,0.576262517421155,0.813862569692825,"UBA-like domain-containing protein 2, transcript variant X2","liver"
"LOC115110262",53.3660243451201,-0.0328725862651985,0.09171833619241,0.58589873001817,0.819747843103899,"F-box/LRR-repeat protein 20","liver"
"LOC115128581",57.0149458053781,-0.0328876798797755,0.093618280366903,0.583284609128058,0.817989295364386,"serine/threonine-protein phosphatase 1 regulatory subunit 10-like, transcript variant X2","liver"
"LOC115134403",130.032617269628,-0.0329019821432729,0.0798029265232428,0.583959486411105,0.818529111290242,"salivary glue protein Sgs-3-like, transcript variant X1","liver"
"LOC115106130",107.572916060847,-0.0330491244340988,0.103302824418018,0.551661902344173,0.793002891380249,"PRKC apoptosis WT1 regulator protein-like","liver"
"LOC115132060",436.273703905455,-0.0331323979498758,0.120740654637278,0.234855052855646,0.553418876637302,"intelectin","liver"
"LOC115103262",42.461987767027,-0.0331616233704619,0.0915185158295424,0.582824198670742,0.817546689613667,"nuclear receptor subfamily 2 group F member 6-like, transcript variant X2","liver"
"LOC115113265",171.873807640078,-0.0331804725791746,0.0771717420446491,0.577031130064427,0.814275871118159,"core histone macro-H2A.2-like, transcript variant X2","liver"
"LOC115135218",63.1485475999857,-0.033274227388823,0.103866814354887,0.546027997599007,0.79102034291073,"ATP-dependent RNA helicase DDX18-like","liver"
"LOC115110586",106.316629372756,-0.0333843390698498,0.116411382158538,0.394510294077252,0.689385676372692,"serine/threonine-protein kinase N1-like, transcript variant X3","liver"
"LOC115131713",120.046622907604,-0.0334612680225296,0.104591683829295,0.539724335955187,0.787589645249357,"inter-alpha-trypsin inhibitor heavy chain H3-like","liver"
"LOC115139781",125.572331483073,-0.0334857457080171,0.095346624187601,0.573420731521634,0.811818818999786,"myosin light polypeptide 6","liver"
"LOC115111550",65.6206564338991,-0.0335642138605425,0.109296918780915,0.502845269984575,0.768769129253428,"phosducin-like protein 3","liver"
"LOC115145790",440.990484281707,-0.0335778280749706,0.118887283643708,0.31585941425903,0.626608715446847,"fibrinogen gamma chain-like, transcript variant X2","liver"
"LOC115104364",39.8567299003472,-0.0335832845862433,0.0889625257377433,0.579941945680729,0.815936263472065,"histone-arginine methyltransferase CARM1-like","liver"
"LOC115103726",126.695069809172,-0.0335855388965768,0.104950989781997,0.536095272021584,0.787202576289692,"probable C-mannosyltransferase DPY19L1","liver"
"LOC115127545",228.965887022646,-0.0337671370156009,0.0874962767703576,0.578333247677987,0.81509473699199,"eukaryotic translation initiation factor 3 subunit C-like, transcript variant X2","liver"
"LOC115115578",39.3224156937325,-0.0337888606202521,0.0892907290426145,0.577465485553323,0.814278254603911,"cytoskeleton-associated protein 5-A-like, transcript variant X2","liver"
"LOC115116515",609.340402517305,-0.0338293699795776,0.0975193306054992,0.564410336219935,0.802685329546033,"cytochrome P450 2K1-like","liver"
"LOC115113025",136.971396765389,-0.0339073096566594,0.105030437774,0.531749739715889,0.784059421653691,"chitin synthase chs-2-like, transcript variant X1","liver"
"LOC115104113",89.276020988477,-0.0339305260575407,0.103525966203349,0.540031877188023,0.787589645249357,"protein phosphatase 1 regulatory subunit 1B-like","liver"
"LOC115136063",73.4679223694358,-0.0339443884334521,0.0924830962394724,0.572876233830783,0.811622743015108,"40S ribosomal protein S3, transcript variant X6","liver"
"LOC115144026",86.7561241443194,-0.0339927503664274,0.104796499525854,0.532149433896023,0.784059421653691,"serine-rich coiled-coil domain-containing protein 2-like, transcript variant X2","liver"
"lss",192.255979426224,-0.0340132947185942,0.114203513699003,0.432352746049544,0.716330206734641,"lanosterol synthase","liver"
"LOC115142820",132.793921959633,-0.0340151420366295,0.0847318295085465,0.575266868140035,0.813572654011854,"ubiquitin-conjugating enzyme E2 variant 1-like","liver"
"LOC115130182",176.398154314843,-0.0340883138169108,0.100620447322075,0.551339421962913,0.793002891380249,"melanoma receptor tyrosine-protein kinase-like, transcript variant X1","liver"
"LOC115108048",88.0441553852782,-0.0341136715375788,0.0991067067910556,0.556431176425848,0.795747320694109,"nuclear receptor subfamily 5 group A member 2, transcript variant X1","liver"
"LOC115105211",95.6510218941189,-0.0341157784772218,0.108285102155619,0.505300836894084,0.770324964628555,"solute carrier family 23 member 1-like","liver"
"LOC115137903",43.2774474593479,-0.03418343249177,0.110300894833644,0.484756861335248,0.754056347653005,"protein KHNYN-like","liver"
"LOC115126414",103.463392333131,-0.034300066040027,0.0869444500216245,0.572421998111376,0.811557302183055,"RELT-like protein 1","liver"
"LOC115141698",175.601461812574,-0.0343986793579277,0.102370749697479,0.540262527855122,0.787589645249357,"alpha-2-macroglobulin-like, transcript variant X2","liver"
"LOC115139197",83.6689661183339,-0.0345710660562635,0.0920841826807598,0.566322236894901,0.804796211806849,"ADP-ribosylation factor 6-like, transcript variant X4","liver"
"LOC115145754",1078.23271410067,-0.0346383062627371,0.0938114148215487,0.563157554220295,0.801788590086888,"ATP-binding cassette sub-family A member 1-like, transcript variant X1","liver"
"LOC115129338",622.724177624851,-0.0347025672382213,0.102917433635302,0.53406828476004,0.7856564710149,"integral membrane protein 2B-like","liver"
"LOC115110596",436.525385446528,-0.0347064896406107,0.102020838476009,0.538290615989021,0.787589645249357,"myosin-9-like","liver"
"LOC115112205",39.4268832786814,-0.0347608064959525,0.101193907132851,0.541254813274404,0.788423195993701,"myotubularin-related protein 13-like, transcript variant X2","liver"
"LOC115141971",40.8960721103133,-0.0347792755113416,0.0970672401629079,0.554779583707713,0.79406083559725,"calcium-binding protein 39-like, transcript variant X2","liver"
"LOC115119830",109.426573017854,-0.0348638222176111,0.105628346184632,0.516513641808964,0.775312771944707,"mRNA decay activator protein ZFP36L1-like","liver"
"LOC115105819",48.2339990126071,-0.0348769272839061,0.10010906753021,0.544176230448938,0.789532035851994,"transmembrane protein 120B, transcript variant X1","liver"
"LOC115102893",80.8856138944832,-0.0349084256783769,0.08287772421895,0.564280069511717,0.802685329546033,"insulin receptor-like","liver"
"ivns1abp",157.932898228594,-0.0350701509423737,0.0980427712251443,0.548798137708772,0.7921077687301,"influenza virus NS1A binding protein, transcript variant X2","liver"
"LOC115118125",206.428576044506,-0.0351424813310401,0.0755865655838019,0.551809951499305,0.793002891380249,"serine/arginine-rich splicing factor 5-like, transcript variant X2","liver"
"LOC115141221",448.920486424979,-0.035183787196776,0.105027448999762,0.516600539861139,0.775312771944707,"complement C3-like","liver"
"LOC115131553",40.8372855377348,-0.0351971565013918,0.112684816428578,0.441714794132643,0.724345549716208,"T-complex protein 1 subunit gamma-like","liver"
"LOC115138736",93.7155276000843,-0.0353237547922041,0.117823644945787,0.329714787295207,0.636453872571393,"cysteine-rich protein 2-like","liver"
"LOC115113160",503.600256729456,-0.0353239169277796,0.106862595344898,0.50225757123246,0.768078615162099,"GDNF family receptor alpha-1-like","liver"
"LOC115141946",92.2737800210708,-0.0353869850277614,0.099219341125818,0.541500707278541,0.788576990790467,"glycerophosphodiester phosphodiesterase domain-containing protein 5-like, transcript variant X1","liver"
"gpam",575.342358789654,-0.0354937737941462,0.101901441306271,0.529731942900471,0.783678644813574,"glycerol-3-phosphate acyltransferase, mitochondrial","liver"
"LOC115116859",63.3802568315864,-0.0355197068429498,0.102179541814838,0.528153274125462,0.783326882578141,"serine/threonine-protein kinase 19-like","liver"
"LOC115111358",312.917818839964,-0.0355592991040639,0.0799075029788594,0.554113659381272,0.79406083559725,"proprotein convertase subtilisin/kexin type 5-like, transcript variant X1","liver"
"LOC115101306",95.7692958492866,-0.0355733326773468,0.074277817619247,0.544193801865058,0.789532035851994,"AMME syndrome candidate gene 1 protein-like, transcript variant X1","liver"
"LOC115108423",74.0937181626137,-0.0356559283171376,0.101043395003242,0.531595713509851,0.784059421653691,"cytosolic carboxypeptidase 6-like","liver"
"LOC115137359",167.826371450711,-0.0357295060074262,0.096908700947732,0.544480831573211,0.789532035851994,"membrane-spanning 4-domains subfamily A member 12-like","liver"
"LOC115144412",50.9473681140031,-0.0357352650267123,0.105393849550525,0.507766810728335,0.771183158076583,"F-box only protein 9-like","liver"
"LOC115141134",157.124800466247,-0.0357385041777505,0.0825665732889977,0.55482996748692,0.79406083559725,"transmembrane protein 106B-like","liver"
"jpt2",44.7576832705606,-0.0358143873870633,0.0929966365494136,0.551283400119972,0.793002891380249,"Jupiter microtubule associated homolog 2","liver"
"LOC115145020",297.765417539441,-0.035890636190132,0.0944293974421061,0.548107601314257,0.7921077687301,"centrosome-associated protein 350-like, transcript variant X2","liver"
"LOC115107725",261.774841212086,-0.035918968758542,0.0851892393925789,0.554252803560783,0.79406083559725,"gap junction Cx32.2 protein-like","liver"
"LOC115106352",104.86532130531,-0.0359319778735893,0.0939839056147902,0.54843378873937,0.7921077687301,"phosphatidylcholine:ceramide cholinephosphotransferase 1-like, transcript variant X3","liver"
"LOC115110600",69.2921947900946,-0.0360174732486775,0.0910298273320775,0.551376384581312,0.793002891380249,"telomerase RNA component interacting RNase-like","liver"
"LOC115132415",93.7826035630614,-0.0360491745775578,0.115135238023767,0.388361063792447,0.68329279095424,"transmembrane protein 269-like, transcript variant X2","liver"
"LOC115111242",522.020593152513,-0.0360674893641491,0.101370839138892,0.525514191299088,0.782657115292707,"excitatory amino acid transporter 1-like","liver"
"LOC115121843",58.5078830647717,-0.0362480622014171,0.103397391750227,0.513667560262776,0.773790567034054,"pleckstrin homology domain-containing family A member 6-like","liver"
"LOC115122995",56.1004213701577,-0.0362900334302198,0.109666617061898,0.465645883314318,0.741409096783035,"cysteine--tRNA ligase, cytoplasmic-like","liver"
"LOC115129637",42.2947752462879,-0.0362960606607513,0.104935106738052,0.504167904463657,0.769540953933984,"follistatin-related protein 1-like","liver"
"LOC115137978",65.8137074560088,-0.0363337011637253,0.0962947408862006,0.539261767649071,0.787589645249357,"matrix metalloproteinase-14-like","liver"
"LOC115132246",1473.27732331457,-0.0363623644034109,0.0855076595368316,0.549464595754872,0.7921077687301,"E3 ubiquitin-protein ligase MIB2-like, transcript variant X1","liver"
"LOC115144132",42.5164878523224,-0.0363659793070277,0.0998245804067572,0.528297983914186,0.783326882578141,"forkhead box protein K2-like, transcript variant X2","liver"
"LOC115147175",43.8815039954005,-0.036378731587541,0.0917635239150668,0.546637173108558,0.791159569179933,"AP-3 complex subunit beta-1-like, transcript variant X2","liver"
"LOC115130200",52.3952844711778,-0.0364709563125994,0.0866731927714526,0.548412503157043,0.7921077687301,"band 4.1-like protein 3, transcript variant X2","liver"
"LOC115102657",39.8971502866337,-0.0365064996509443,0.0884199166041143,0.547709497823199,0.7921077687301,"la-related protein 4-like, transcript variant X1","liver"
"LOC115136144",618.305763215748,-0.0365937475346734,0.0525404652523466,0.438993812373888,0.722320997532797,"protein Jade-1-like, transcript variant X1","liver"
"LOC115136001",204.864864212937,-0.0366303336251318,0.0960647854206593,0.536515237505785,0.787233602342788,"zinc finger and BTB domain-containing protein 16-A-like, transcript variant X2","liver"
"LOC115136943",99.6628885594864,-0.0366404559643345,0.0997455655112987,0.525500630779719,0.782657115292707,"serine/arginine-rich splicing factor 7-like, transcript variant X2","liver"
"baz2b",117.525640067412,-0.0367867537945388,0.107640432184957,0.478701871982093,0.749307116498723,"bromodomain adjacent to zinc finger domain 2B, transcript variant X17","liver"
"ahcy",5732.22891505315,-0.0368311046956769,0.0847702027415248,0.54411047369761,0.789532035851994,"adenosylhomocysteinase","liver"
"LOC115104053",138.662131827647,-0.0368610531556525,0.109484726940769,0.460683784875731,0.735999051898239,"chromobox protein homolog 1-like","liver"
"LOC115144257",39.1311047202876,-0.0369256250486811,0.107986793328125,0.474102143488427,0.747913020993479,"NHP2-like protein 1","liver"
"LOC115117122",64.1377758420124,-0.0370750651014266,0.113172920520764,0.410958739944332,0.702479045409643,"gamma-adducin-like","liver"
"miox",72.8614373912429,-0.0371226623387992,0.110886312370991,0.441972624144439,0.724360923528297,"myo-inositol oxygenase","liver"
"LOC115129796",41.3778192827518,-0.0371947097268849,0.0913591928891131,0.538148622152866,0.787589645249357,"UDP-glucose:glycoprotein glucosyltransferase 1-like, transcript variant X2","liver"
"LOC115103911",46.7692159614538,-0.0374121292227051,0.0937140742643996,0.532605087863192,0.784321420468331,"kinesin-like protein KIF16B, transcript variant X1","liver"
"LOC115102875",101.578222622392,-0.0374299720906397,0.0871926339118687,0.537939288270684,0.787589645249357,"far upstream element-binding protein 3-like, transcript variant X3","liver"
"LOC115103502",105.499675290713,-0.0374990271178419,0.0968062203923142,0.525104197451982,0.782459302933199,"G patch domain-containing protein 8-like","liver"
"LOC115103718",175.052659523365,-0.0375168018449679,0.0831670588381335,0.535783135517612,0.787083156120342,"trinucleotide repeat-containing gene 6C protein-like, transcript variant X1","liver"
"LOC115103833",121.959207798222,-0.0377011527085667,0.0774170598230621,0.526731051340425,0.783023569212227,"probable helicase with zinc finger domain, transcript variant X5","liver"
"LOC115135691",48.1019853359435,-0.0377059792391985,0.100592085111592,0.510330597367073,0.772680759649905,"protocadherin gamma-C5-like, transcript variant X48","liver"
"LOC115146824",40.3568753800627,-0.0377455578438829,0.105474804397166,0.48394449586313,0.754056347653005,"mitogen-activated protein kinase 9-like, transcript variant X2","liver"
"LOC115139605",44.8172646240284,-0.0377470661992667,0.0862289142091622,0.53451182977366,0.785694816688905,"sorting nexin-14-like, transcript variant X2","liver"
"mogs",66.3539299255568,-0.0378349857238832,0.0992475640339568,0.513980290008339,0.773848724636555,"mannosyl-oligosaccharide glucosidase, transcript variant X1","liver"
"LOC115121388",253.956716978784,-0.0378523616860718,0.116182999015594,0.342934836747962,0.646941382415051,"large neutral amino acids transporter small subunit 4-like","liver"
"LOC115101362",67.6424904652999,-0.0378819515588868,0.0810203934373937,0.529891494013172,0.783678644813574,"leucine-rich repeat neuronal protein 4-like","liver"
"LOC115110515",41.9887988727062,-0.0379616283388751,0.0893536139453029,0.531460178881023,0.784059421653691,"casein kinase I-like, transcript variant X1","liver"
"LOC115137258",369.553744378596,-0.0380155918995364,0.0880958815523614,0.531428945980679,0.784059421653691,"succinate--CoA ligase [ADP/GDP-forming] subunit alpha, mitochondrial","liver"
"LOC115132462",51.8334348097069,-0.0380422999166707,0.106638184305262,0.472164606160013,0.746514797080917,"hepatocyte nuclear factor 4-alpha-like, transcript variant X2","liver"
"LOC115101083",48.7437589604998,-0.0380661074797501,0.0977030281909087,0.516401667833361,0.775312771944707,"collagen alpha-1(XI) chain-like, transcript variant X1","liver"
"LOC115107887",83.5250027673735,-0.0381176574770258,0.0848095596438238,0.53017300528358,0.783760673756316,"protein sel-1 homolog 1-like, transcript variant X2","liver"
"LOC115105266",61.7437602340114,-0.0381191397920089,0.0932583749332457,0.525655590639101,0.782661251252206,"serine/threonine-protein kinase 10-like","liver"
"LOC115112117",51.0220358024307,-0.0381507067703416,0.10599687214668,0.475680624058004,0.748485264434782,"tumor protein p53-inducible nuclear protein 2-like","liver"
"LOC115139622",38.8294122738977,-0.0381524323931213,0.0924924405461773,0.526405959546314,0.783023569212227,"crooked neck-like protein 1","liver"
"LOC115104263",73.5149911629353,-0.038166613730874,0.0875352508729843,0.529936490568094,0.783678644813574,"histone acetyltransferase p300-like, transcript variant X3","liver"
"LOC115129728",53.5035972178208,-0.0382605120616695,0.0978339079443222,0.513886841113793,0.773848724636555,"metalloreductase STEAP3-like, transcript variant X1","liver"
"kansl2",40.6491671834057,-0.0383131761449037,0.0877298707192312,0.52832248828508,0.783326882578141,"KAT8 regulatory NSL complex subunit 2, transcript variant X2","liver"
"LOC115135653",51.7646143933441,-0.0383210330872335,0.0988530901711693,0.509986742183257,0.772680759649905,"pyruvate carboxylase, mitochondrial-like, transcript variant X2","liver"
"LOC115121791",193.965464017439,-0.0383733007139503,0.115585716267547,0.350311066458861,0.652839332409721,"proline-rich transmembrane protein 4-like","liver"
"masp2",39.6470529388614,-0.038373592478374,0.116985317443312,0.316444572113509,0.626673466907356,"mannan binding lectin serine peptidase 2","liver"
"LOC115110650",79.6496774247875,-0.0384008970384198,0.112476502921715,0.405618120802633,0.698168936940678,"cytoglobin-1-like, transcript variant X1","liver"
"jak1",59.4251370801247,-0.0385049897889098,0.0926079384702674,0.522446985728381,0.780274684709137,"Janus kinase 1","liver"
"LOC115130339",99.0433756633312,-0.0385079963802405,0.0750945474345238,0.513346213318744,0.773790567034054,"poly(U)-binding-splicing factor PUF60-like, transcript variant X4","liver"
"LOC115125306",76.6367379377159,-0.0385273596212315,0.094400321635564,0.51928413541665,0.777686532775175,"ankyrin repeat domain-containing protein 12-like","liver"
"LOC115103668",47.7284854440791,-0.0385578780771385,0.0938779658659457,0.519899519277968,0.778075603781823,"activating transcription factor 7-interacting protein 1-like","liver"
"LOC115114541",112.605519393416,-0.0385761401074849,0.0993186415931937,0.505576568186466,0.770324964628555,"serine/arginine-rich splicing factor 11-like, transcript variant X2","liver"
"LOC115104086",48.6221390722627,-0.0386000876846851,0.115190076081854,0.356021341982759,0.658105878703732,"1-phosphatidylinositol 4,5-bisphosphate phosphodiesterase delta-3-A-like","liver"
"abcg8",63.7936843378045,-0.0386543811614036,0.114614644607513,0.366823296801272,0.667015888483087,"ATP binding cassette subfamily G member 8","liver"
"LOC115106008",82.1941423709362,-0.0386787948712083,0.0755445324445978,0.512446049322479,0.773242838817295,"UV excision repair protein RAD23 homolog B-like","liver"
"LOC115145144",41.8853127200161,-0.0386847086042343,0.11440497576173,0.370421479902917,0.670105631378363,"multifunctional protein ADE2-like, transcript variant X1","liver"
"LOC115110245",84.2928494385985,-0.0387837955117147,0.114160334970656,0.373732615792039,0.673051316348866,"probable phosphatase phospho1, transcript variant X1","liver"
"LOC115134630",315.473219631413,-0.0390162664020528,0.0979364316506984,0.50534892966639,0.770324964628555,"insulin-like growth factor II","liver"
"LOC115140088",118.230954136354,-0.0390583234070271,0.0888663831381982,0.519957359735887,0.778075603781823,"guanine nucleotide-binding protein G(i) subunit alpha-2-like","liver"
"LOC115141222",15235.5172145321,-0.0390716181856113,0.105210245376726,0.470722486953136,0.745497660964209,"complement C3","liver"
"LOC115109464",44.8293232398291,-0.0391555035020154,0.0988164500590689,0.501005318281974,0.76715351495778,"RNA-binding protein 28-like, transcript variant X4","liver"
"LOC115103852",811.78332018359,-0.0392228898168639,0.102677094752586,0.483951532919195,0.754056347653005,"malate dehydrogenase, cytoplasmic-like, transcript variant X1","liver"
"LOC115144998",58.8295174389384,-0.0392310527036289,0.108873930754507,0.439157973978085,0.722320997532797,"formin-binding protein 1-like, transcript variant X4","liver"
"LOC115103500",95.8954209112989,-0.0392367260774073,0.0989840543365842,0.499549718105156,0.766428725114596,"unconventional myosin-X-like","liver"
"LOC115118515",116.993472556883,-0.0392429704963792,0.0852394683865541,0.518271769151366,0.776582380209291,"tumor protein D54-like, transcript variant X3","liver"
"LOC115125645",91.8942717337959,-0.039245137990685,0.0885142606215624,0.518121162235659,0.776582380209291,"plakophilin-3-like","liver"
"LOC115127392",61.4874011507897,-0.039282376363579,0.0821314553384426,0.515943670034193,0.775312771944707,"E3 ubiquitin-protein transferase RMND5B-like, transcript variant X1","liver"
"LOC115141528",55.3989928444174,-0.0392923492135708,0.0885523767345463,0.517603945628147,0.776582380209291,"ADP-ribosylation factor GTPase-activating protein 1-like, transcript variant X1","liver"
"mtmr7",55.0088521911232,-0.0393243516897223,0.110694085475202,0.418392164030919,0.708702605413948,"myotubularin related protein 7, transcript variant X1","liver"
"LOC115131256",83.1388475417899,-0.0394159250795133,0.077263602737425,0.507838997826556,0.771183158076583,"serine/arginine-rich splicing factor 6-like","liver"
"LOC115135655",206.911316569355,-0.0394191086166989,0.0794328169110994,0.511321955092388,0.773198999134211,"calmodulin","liver"
"ranbp3l",57.0055565895998,-0.0394970026307731,0.101997547583153,0.484326412220641,0.754056347653005,"RAN binding protein 3 like, transcript variant X1","liver"
"LOC115112882",78.2033714299517,-0.0395139000016279,0.115258759971871,0.343880079590498,0.647614052490977,"class A basic helix-loop-helix protein 15-like","liver"
"LOC115123910",48.4400570061705,-0.0396917114372552,0.0884031403900657,0.513425551860313,0.773790567034054,"transmembrane protein 183A-like","liver"
"LOC115130341",85.2499564161206,-0.0397134275227716,0.101294054682842,0.485232777154235,0.754230220801658,"anion exchange protein 2-like, transcript variant X2","liver"
"dnajc12",53.5285607275715,-0.0397509676943829,0.0852781091308213,0.512892234416825,0.773654703584663,"DnaJ heat shock protein family (Hsp40) member C12, transcript variant X1","liver"
"LOC115136285",43.6037747778804,-0.0397701953151778,0.0943321781983584,0.5060889013687,0.770324964628555,"remodeling and spacing factor 1-like","liver"
"LOC115143248",63.9177911946145,-0.0397798384366653,0.0824558101576731,0.510939041198301,0.772980125028298,"ubiquitin-conjugating enzyme E2 R2-like, transcript variant X2","liver"
"LOC115105958",102.135397623918,-0.0398561674406723,0.086778724097244,0.511996679496666,0.773242838817295,"adenomatous polyposis coli protein-like, transcript variant X1","liver"
"LOC115128222",44.18022033324,-0.0399450234034001,0.0948643373444897,0.503178910609346,0.769070960828471,"glycogen synthase kinase-3 beta-like, transcript variant X1","liver"
"LOC115104850",60.1000791906532,-0.0400960943389288,0.0961763124924426,0.498603560060561,0.76518502313181,"polyadenylate-binding protein 2-like, transcript variant X1","liver"
"lg13h1orf198",45.3012614374723,-0.0401346574294215,0.0948219536826845,0.50125134723586,0.76715351495778,"linkage group 13 C1orf198 homolog","liver"
"LOC115123203",284.74159271801,-0.0401860871518589,0.0987797356674739,0.490012124661496,0.758625037878227,"sodium-dependent lysophosphatidylcholine symporter 1-B-like, transcript variant X1","liver"
"LOC115112747",1101.7297249419,-0.040220831675106,0.111988448963097,0.391441710452542,0.68671191449374,"membrane transport protein XK-like, transcript variant X1","liver"
"LOC115108266",93.3855418810387,-0.0402625362808166,0.0831065390463709,0.506355287043095,0.770324964628555,"protein strawberry notch homolog 2-like, transcript variant X2","liver"
"LOC115136703",51.8375882621189,-0.0403155168153458,0.0806407627866247,0.503379542043615,0.769155413058316,"dual specificity tyrosine-phosphorylation-regulated kinase 1A-like, transcript variant X3","liver"
"LOC115105350",77.7041531558606,-0.0403549770355083,0.0883918539707876,0.506435197238615,0.770324964628555,"histone H3.3","liver"
"LOC115108597",132.190611978592,-0.0403575743847532,0.0917898554141018,0.503779085634016,0.769155413058316,"beta-1,4-galactosyltransferase 6-like, transcript variant X5","liver"
"LOC115106712",97.9930456882153,-0.0403940907006895,0.0882120910674806,0.506087160671184,0.770324964628555,"vascular endothelial growth factor A-A, transcript variant X2","liver"
"LOC115143152",576.01734035906,-0.0404254520278182,0.109569059729145,0.418541676697359,0.708702605413948,"histone H1x","liver"
"LOC115139160",57.8116990114656,-0.0404304647796385,0.0993661592058346,0.485320296169398,0.754230220801658,"transmembrane protein 183A-like","liver"
"LOC115112905",45.3995276986492,-0.0404439451722203,0.108329004999814,0.430672293872643,0.714856621612143,"ribosomal L1 domain-containing protein 1-like","liver"
"mbnl1",43.4737821379353,-0.0404657774016305,0.0907466011797229,0.503749683691991,0.769155413058316,"muscleblind like splicing regulator 1, transcript variant X2","liver"
"LOC115136969",39.8235820803438,-0.0406124296966197,0.0915485102698549,0.501380883845945,0.76715351495778,"centrosomal protein of 164 kDa-like, transcript variant X4","liver"
"LOC115102749",52.4089351355555,-0.0409142742570013,0.0969986062827861,0.487765757977721,0.756157460061014,"ephrin type-A receptor 3-like, transcript variant X2","liver"
"LOC115139654",823.367516985836,-0.0409694309673724,0.0867115727886926,0.500307434829041,0.76715351495778,"heat shock protein HSP 90-beta, transcript variant X1","liver"
"LOC115144762",41.9387638125402,-0.0409992283984477,0.0971725573625448,0.486379647861629,0.754837683294876,"dual specificity protein phosphatase 8-like, transcript variant X1","liver"
"LOC115108066",69.3596458458331,-0.0410628674982145,0.0832133276730295,0.498032954944139,0.764933096739557,"guanine nucleotide-binding protein subunit beta-4, transcript variant X1","liver"
"LOC115135971",41.9661389826502,-0.0411337001148198,0.110819044914544,0.396380268996777,0.691962811565678,"3-methyl-2-oxobutanoate dehydrogenase [lipoamide] kinase, mitochondrial-like","liver"
"LOC115135438",44.0206529047159,-0.0411796320690357,0.0936051615839494,0.492525147354314,0.760814373376033,"RAC-beta serine/threonine-protein kinase-like","liver"
"LOC115102267",229.470275696274,-0.04119970720098,0.0869636257959076,0.497901557395688,0.764933096739557,"E3 ubiquitin-protein ligase MIB2-like, transcript variant X2","liver"
"rps2",2183.85034106201,-0.0412322042718571,0.0931920984611306,0.49265627861544,0.760814373376033,"ribosomal protein S2","liver"
"LOC115125548",302.386739778359,-0.0413122748012776,0.0835849895091728,0.495688732261507,0.76355399808648,"probable palmitoyltransferase ZDHHC8","liver"
"LOC115139719",59.0140083180085,-0.0413502024917672,0.0908582485458903,0.494396790679601,0.76258458723973,"rho-related BTB domain-containing protein 2-like, transcript variant X2","liver"
"LOC115140004",134.278887914708,-0.0414371274946473,0.107062034976225,0.430805856106444,0.714856621612143,"calcineurin-binding protein cabin-1-like, transcript variant X1","liver"
"LOC115108204",146.310884055537,-0.0415001379551527,0.0915599516960789,0.492095657231885,0.760684946387363,"coiled-coil domain-containing protein 124-like","liver"
"LOC115123726",132.304524210139,-0.0415525369853663,0.103964294117966,0.45141235477065,0.731117084060554,"glutathione peroxidase 1-like","liver"
"LOC115110281",130.52941573424,-0.0416110816255999,0.0946897344986684,0.485992055148744,0.754837683294876,"signal transducer and activator of transcription 3, transcript variant X7","liver"
"LOC115115357",49.7100539084521,-0.0416117281794088,0.115938241261879,0.305505472601498,0.621355871148436,"liprin-beta-2-like, transcript variant X3","liver"
"LOC115143245",1542.71998579424,-0.0417172535829309,0.0746205693517527,0.477796341604306,0.748994827098389,"ERBB receptor feedback inhibitor 1-like, transcript variant X1","liver"
"LOC115120130",62.6940086481988,-0.0419664522937187,0.106622099050787,0.428603040597369,0.714548905250241,"SEC14-like protein 2, transcript variant X2","liver"
"LOC115112316",46.864806256573,-0.0420001641432158,0.10909414591628,0.406056555605094,0.698269138335742,"aspartate aminotransferase, mitochondrial-like, transcript variant X1","liver"
"LOC115102923",87.2413284012057,-0.0421352257046366,0.078044674481189,0.480451829703125,0.751601938251298,"sterile alpha motif domain-containing protein 13-like, transcript variant X2","liver"
"LOC115144246",75.0170666172108,-0.0421604010994857,0.090646044108301,0.486208610472183,0.754837683294876,"cytochrome b-c1 complex subunit 2, mitochondrial","liver"
"LOC115129437",53.2093745051575,-0.0421839335696721,0.0958035771301042,0.477564157503344,0.748994827098389,"protein YIF1A-like, transcript variant X2","liver"
"alg3",42.097727356146,-0.0422993057865451,0.0827878659258634,0.484869652481217,0.754056347653005,"ALG3 alpha-1,3- mannosyltransferase, transcript variant X2","liver"
"LOC115104128",266.064157820308,-0.0423589907903515,0.0955861159422634,0.47626533179992,0.748606365073038,"signal transducer and activator of transcription 3-like, transcript variant X3","liver"
"atxn3",119.188786104692,-0.042429232394698,0.0787996726844122,0.478662611050433,0.749307116498723,"ataxin 3, transcript variant X4","liver"
"LOC115103012",38.858217976803,-0.0424411741892848,0.0919000080035912,0.481960800912587,0.752702401693115,"vacuolar protein sorting-associated protein 4B-like, transcript variant X1","liver"
"ND5",906.548974470285,-0.0424570624249048,0.0975698608341099,0.469947430502566,0.745315503544239,NA,"liver"
"bmt2",66.1259791693655,-0.0424811850118313,0.100193141437081,0.460415022617335,0.735914400473495,"base methyltransferase of 25S rRNA 2 homolog, transcript variant X1","liver"
"LOC115135732",102.536454298027,-0.0425968266567676,0.0826091986948636,0.481656590763168,0.75268007513115,"neuronal PAS domain-containing protein 2-like, transcript variant X1","liver"
"LOC115133402",51.5158357790754,-0.0426064476915011,0.086352291979469,0.4833655592912,0.75389004081716,"RNA-binding protein 14-like, transcript variant X6","liver"
"ank2",119.645714375361,-0.0427994635677594,0.116904498705443,0.269643071495269,0.590472067668041,"ankyrin 2, transcript variant X7","liver"
"LOC115107802",57.0924135156826,-0.042834461748118,0.0816268603195798,0.478267338020281,0.749042271972955,"nuclear receptor coactivator 1-like, transcript variant X3","liver"
"LOC115112254",116.55499830449,-0.0428461406628961,0.0935203158938664,0.475412969880342,0.748308231933207,"ubiquitin carboxyl-terminal hydrolase 10-like, transcript variant X1","liver"
"LOC115101473",48.6661381296464,-0.0428849521162871,0.0917026740958609,0.477652582591856,0.748994827098389,"serine/threonine-protein kinase 26-like","liver"
"LOC115142458",75.5931734022981,-0.0429671358039278,0.0958270631052721,0.469420339185475,0.744746880124895,"trinucleotide repeat-containing gene 6C protein-like, transcript variant X1","liver"
"LOC115101442",3673.77580908933,-0.0429814794645981,0.094946329171684,0.471284121285944,0.745550616077456,"complement factor B-like, transcript variant X1","liver"
"LOC115114862",65.7504259318032,-0.0431074319130569,0.108666594866981,0.398376806663402,0.693780212961618,"phosphoglucomutase-1-like","liver"
"LOC115137210",97.1231583588276,-0.0431341614318443,0.0955068804804083,0.468467027250013,0.743594274909635,"dnaJ homolog subfamily A member 1-like, transcript variant X2","liver"
"LOC115121126",49.2350470534726,-0.0431511692320864,0.108671408047626,0.397863251267141,0.693388992513863,"sister chromatid cohesion protein PDS5 homolog B-like","liver"
"LOC115129543",38.4180155600871,-0.0432046338224622,0.116397648337761,0.277942737911245,0.598955991697286,"alcohol dehydrogenase class-2 isozyme 1-like, transcript variant X2","liver"
"LOC115126173",136.255609050268,-0.0432739173255818,0.0810593755172958,0.473131223536401,0.74729755122406,"ubiquitin-conjugating enzyme E2 L3, transcript variant X1","liver"
"LOC115139196",62.1990882913368,-0.0432797673077638,0.0905608601232715,0.474828810269543,0.748002179490363,"pre-mRNA-processing factor 39-like","liver"
"LOC115127439",802.951854039779,-0.0433375901749787,0.0865771236506878,0.475923149011843,0.748485264434782,"extracellular matrix protein 1-like","liver"
"LOC115110663",302.119335400668,-0.0433588513712164,0.0893635723184236,0.474930012831055,0.748002179490363,"rho GDP-dissociation inhibitor 1-like, transcript variant X3","liver"
"LOC115113510",159.657306141957,-0.0433782512603072,0.10995858641654,0.381980824196931,0.679050293896684,"carbonic anhydrase 7-like","liver"
"cwc22",44.2566707297645,-0.0433879455391525,0.0845885171909596,0.474902095741582,0.748002179490363,"CWC22 spliceosome associated protein homolog, transcript variant X1","liver"
"LOC115141653",56.6076317997284,-0.0433928483716757,0.0946628146699395,0.467672259323989,0.743175048141262,"heterogeneous nuclear ribonucleoprotein L-like, transcript variant X4","liver"
"LOC115135276",42.506423495107,-0.0434009985051951,0.0978990212148794,0.459182921704283,0.735914400473495,"TATA-binding protein-associated factor 172-like, transcript variant X1","liver"
"LOC115145006",43.5920898445613,-0.0434074698558468,0.0943000052080828,0.468250439372816,0.743459499634117,"FAS-associated factor 1-like, transcript variant X1","liver"
"sec16a",84.3094576664953,-0.0434287357980104,0.0857932868198159,0.474899201512009,0.748002179490363,"SEC16 homolog A, endoplasmic reticulum export factor, transcript variant X3","liver"
"LOC115107033",101.147596592645,-0.0435236561625992,0.0917990729210972,0.471029510234129,0.745550616077456,"serine/threonine-protein phosphatase 6 regulatory subunit 2-like, transcript variant X5","liver"
"LOC115104591",41.6174349285475,-0.0436142221252058,0.0934617032693493,0.467676398520351,0.743175048141262,"ubiquitin-conjugating enzyme E2 E1-like","liver"
"LOC115139464",128.56271389606,-0.0436501702580242,0.089025007210168,0.472169796139813,0.746514797080917,"protein 4.1-like, transcript variant X14","liver"
"LOC115135375",44.1221122846472,-0.0438275595266829,0.103107395450134,0.432386352205395,0.716330206734641,"fibroblast growth factor receptor 2-like","liver"
"LOC115128210",69.5369149593803,-0.043828435725456,0.0757734797997463,0.458485270147002,0.735914400473495,"histone-lysine N-methyltransferase ASH1L-like, transcript variant X1","liver"
"LOC115113114",85.3257191039395,-0.0439008291492772,0.110492399378563,0.370298143372128,0.670097217140717,"acyl-CoA desaturase-like, transcript variant X4","liver"
"akap13",66.8559988285889,-0.043903953004667,0.113429458764695,0.329275839900581,0.636453872571393,"A-kinase anchoring protein 13","liver"
"LOC115144760",256.539881797792,-0.0439177904818926,0.0966851932169439,0.457486905305589,0.735914400473495,"MOB kinase activator 2-like, transcript variant X4","liver"
"LOC115133925",149.233060874148,-0.0439851180032614,0.0993827763218442,0.448051515513057,0.728180442310513,"probable 2-oxoglutarate dehydrogenase E1 component DHKTD1, mitochondrial","liver"
"LOC115121451",40.4999364304978,-0.043989159220638,0.0901824288138344,0.467973097239522,0.743228159497705,"FUN14 domain-containing protein 1-like, transcript variant X2","liver"
"LOC115139092",109.658221214899,-0.0440457947313977,0.113658861275366,0.32398199840812,0.631691452933715,"protein Smaug homolog 1-like","liver"
"LOC115137761",87.9108216849624,-0.0440951689848747,0.111766658513283,0.35208639523792,0.654769363476053,"zinc finger and BTB domain-containing protein 16-A-like","liver"
"LOC115134956",51.6338619992378,-0.0441708292895005,0.0772327650370817,0.458014225103711,0.735914400473495,"cell division cycle and apoptosis regulator protein 1-like","liver"
"ddx46",62.3264269460524,-0.0441936611840697,0.0786059852464801,0.460263552476354,0.735914400473495,"DEAD-box helicase 46","liver"
"LOC115117073",40.9222015154697,-0.0441947172253968,0.10677749450771,0.403727082079116,0.696864293921946,"stress-induced-phosphoprotein 1-like, transcript variant X2","liver"
"dnajb9",198.247730989249,-0.044275965049983,0.104543156783798,0.419095424281821,0.708815302227286,"DnaJ heat shock protein family (Hsp40) member B9, transcript variant X2","liver"
"LOC115109089",67.914605275962,-0.0443636798292638,0.0932237672497446,0.460500456406812,0.735914400473495,"ELAV-like protein 1, transcript variant X2","liver"
"LOC115102536",213.02601034194,-0.0444629699018847,0.0843594241593939,0.463936279996526,0.739103904305977,"heterogeneous nuclear ribonucleoprotein A1-like, transcript variant X2","liver"
"LOC115134012",38.9184596389087,-0.0444805730342879,0.110567657402959,0.363322074755292,0.66480117242861,"neuron navigator 2-like, transcript variant X2","liver"
"LOC115112977",98.8680220997066,-0.0444878883469206,0.0788344918618088,0.45766478033069,0.735914400473495,"nuclear protein localization protein 4 homolog","liver"
"LOC115114334",39.7092247145903,-0.0445126575696925,0.0821429914716612,0.461759991086373,0.737092708417773,"GRB10-interacting GYF protein 2-like, transcript variant X5","liver"
"zcchc14",153.381373709615,-0.0445255080741235,0.098826943995123,0.444591072058874,0.725480113538844,"zinc finger CCHC-type containing 14","liver"
"LOC115122078",54.0371451188534,-0.0445735941399391,0.100291211318446,0.438435318980959,0.722287024875388,"NLR family CARD domain-containing protein 3-like, transcript variant X4","liver"
"LOC115138449",74.8716834344518,-0.0446101268727234,0.100462902814423,0.43733778470951,0.72156900422849,"pleckstrin homology domain-containing family G member 3-like, transcript variant X2","liver"
"LOC115132937",194.991350297055,-0.0447240939882389,0.115611511551299,0.280117953827953,0.600435067316866,"dipeptidyl peptidase 4-like","liver"
"LOC115105761",54.199531852511,-0.0447355574013253,0.10468958702252,0.413406218851582,0.705023175928306,"RNA-binding protein Musashi homolog 2, transcript variant X15","liver"
"LOC115123116",40.4765780937314,-0.0447372988274219,0.0976620170136478,0.446334235789529,0.726529665457561,"RNA binding protein fox-1 homolog 2-like, transcript variant X8","liver"
"LOC115103373",215.740739234514,-0.0447412479169035,0.0931045163205935,0.456906509000939,0.735914400473495,"arf-GAP domain and FG repeat-containing protein 1-like, transcript variant X3","liver"
"LOC115110259",497.688690311575,-0.0448158784688275,0.101633254780033,0.429923299251995,0.714548905250241,"protein phosphatase 1 regulatory subunit 1B-like","liver"
"LOC115119539",40.7582942253274,-0.0448602831411145,0.0996388523805001,0.438171193158488,0.722287024875388,"stonustoxin subunit beta-like","liver"
"LOC115138049",43.2119708708542,-0.0449279166958961,0.1102718906273,0.362153472996255,0.663654173494597,"Hermansky-Pudlak syndrome 3 protein-like","liver"
"LOC115103872",46.8930017828165,-0.0449995298365002,0.085050630675912,0.45888745628055,0.735914400473495,"protein kinase C alpha type-like, transcript variant X1","liver"
"sh2d4a",148.883270475656,-0.0450061333080956,0.087622795485115,0.459071436035345,0.735914400473495,"SH2 domain containing 4A, transcript variant X1","liver"
"farp2",115.205447008956,-0.0450198925292872,0.101589753628149,0.428062962376064,0.714548905250241,"FERM, ARH/RhoGEF and pleckstrin domain protein 2","liver"
"LOC115105600",695.141036055814,-0.045032565221009,0.0872120159951452,0.458868911761095,0.735914400473495,"solute carrier family 13 member 5-like","liver"
"LOC115114462",38.6030598139554,-0.0450682333934089,0.0850893608095459,0.458218135463185,0.735914400473495,"cullin-1-like, transcript variant X1","liver"
"tanc1",50.0248730091329,-0.0450969777196158,0.0950362866911628,0.449675181772088,0.72926481192635,"tetratricopeptide repeat, ankyrin repeat and coiled-coil containing 1, transcript variant X1","liver"
"LOC115122878",986.384627717415,-0.0450999751614808,0.0910600379864319,0.456035983544474,0.735021171308051,"60S ribosomal protein L7-like","liver"
"ctso",118.463393415029,-0.0451805721639809,0.120124113820569,0.146632684772876,0.461611977739084,"cathepsin O, transcript variant X2","liver"
"LOC115128910",3338.52242529222,-0.0451975236071451,0.0913894493469307,0.45470688821833,0.734136428619013,"acyl-CoA-binding protein-like","liver"
"LOC115101417",548.064320219301,-0.045223370998275,0.107833210162569,0.384067948470962,0.679942736034481,"diamine acetyltransferase 1-like","liver"
"LOC115102287",166.439851170933,-0.0452502864755014,0.0933908044823779,0.45135412332496,0.731117084060554,"vitamin D3 receptor A-like, transcript variant X1","liver"
"LOC115117088",43.0143096342991,-0.0452892125362363,0.0989134978638245,0.436580656289765,0.720530366972233,"serine/threonine-protein kinase TAO3-like","liver"
"LOC115117468",103.581579591717,-0.0453022388100892,0.0833112471134385,0.45488748257751,0.734218046493031,"nuclear factor erythroid 2-related factor 2-like","liver"
"LOC115131630",226.265245282904,-0.0453104841093631,0.103992587975465,0.411979223868116,0.703367008756994,"glycogen synthase kinase-3 beta-like","liver"
"macf1",57.9492383094476,-0.045354149761523,0.0872960912088598,0.455667507392083,0.734636992214648,"microtubule actin crosslinking factor 1, transcript variant X17","liver"
"LOC115145934",120.561220756269,-0.0453605739813967,0.111230904586077,0.346029329377244,0.649188543164647,"microtubule-associated protein RP/EB family member 3-like, transcript variant X1","liver"
"LOC115122236",455.083340884192,-0.0454091033048778,0.104246156542774,0.409396346572668,0.701789586646766,"calreticulin-like","liver"
"LOC115143868",167.332673080357,-0.0454509427584407,0.0781737419845971,0.446863148693607,0.726876789836964,"casein kinase II subunit alpha-like, transcript variant X2","liver"
"LOC115133551",57.574238353248,-0.045456499940792,0.101417617954014,0.424477334161428,0.7122136786554,"inactive ubiquitin carboxyl-terminal hydrolase 53-like, transcript variant X1","liver"
"LOC115108635",54.5399790168563,-0.0454721287880264,0.082638741338407,0.452646730601395,0.732247263345476,"vasculin-like protein 1, transcript variant X1","liver"
"LOC115139965",142.294202546364,-0.0455243508391199,0.109358458614007,0.36610932587952,0.666081994322948,"RIMS-binding protein 2-like, transcript variant X4","liver"
"LOC115111474",41.2143613386594,-0.0455665222037983,0.0922071535062522,0.450027591911456,0.729292704917359,"ral guanine nucleotide dissociation stimulator-like","liver"
"LOC115145914",46.2668074041935,-0.0455870428375306,0.108385128753713,0.375228182979801,0.673649106603678,"uncharacterized LOC115145914, transcript variant X1","liver"
"LOC115122635",50.0806595938279,-0.0456636587764907,0.117946301191406,0.213918886939096,0.537410714354654,"uncharacterized LOC115122635","liver"
"LOC115136827",61.8757683890043,-0.0457251450364218,0.0940248606289462,0.445504545475858,0.726187000569205,"T-box transcription factor TBX2b-like, transcript variant X1","liver"
"LOC115111868",63.8461929900011,-0.0457746799462037,0.0979902812265543,0.434902393082743,0.718390553348498,"cyclic AMP-responsive element-binding protein 3-like protein 4","liver"
"LOC115122218",100.245337879868,-0.0457796824874995,0.107015247525458,0.385485352046113,0.681085895930268,"retinol dehydrogenase 7-like, transcript variant X1","liver"
"LOC115110062",384.807337163951,-0.0458053317298598,0.111452800003596,0.338628098541463,0.643766718983567,"uncharacterized LOC115110062, transcript variant X1","liver"
"LOC115135656",409.703899292382,-0.0458134334264535,0.11489539268524,0.283751597443212,0.603867892636403,"4F2 cell-surface antigen heavy chain-like","liver"
"LOC115104054",58.6860435703818,-0.0459339492637624,0.0997807177948534,0.426839097509895,0.714054383567664,"coatomer subunit zeta-1-like, transcript variant X6","liver"
"LOC115146085",318.842982990607,-0.0459947462101565,0.103609788566237,0.407390551184246,0.699552023110174,"syntaxin-binding protein 6-like, transcript variant X2","liver"
"LOC115139357",38.7034044447246,-0.0460092634413975,0.104618740430897,0.400934446376616,0.696515656689961,"tumor necrosis factor receptor superfamily member 21-like","liver"
"LOC115135717",114.643776604005,-0.0462143189080283,0.101910237579323,0.414486659413924,0.70615319223024,"unconventional myosin-XVIIIa-like, transcript variant X6","liver"
"LOC115135861",675.894367848132,-0.0462327863909299,0.0906388522195118,0.445269911454885,0.726187000569205,"alpha-2-antiplasmin-like, transcript variant X4","liver"
"LOC115126344",122.249996867713,-0.046244226980698,0.0921422672992278,0.443439069634945,0.724595524737138,"putative pre-mRNA-splicing factor ATP-dependent RNA helicase DHX32","liver"
"LOC115132043",216.490811789098,-0.0463760583275596,0.0904903767233921,0.444003908959521,0.724904857858601,"tubulin alpha chain-like","liver"
"LOC115123341",61.719174252373,-0.0463814722718358,0.105405174175461,0.391822678633846,0.686814915730114,"ATP-citrate synthase, transcript variant X1","liver"
"LOC115135833",247.71949775445,-0.0463930862420978,0.0979419881778491,0.428936095836451,0.714548905250241,"ceramide-1-phosphate transfer protein-like","liver"
"LOC115143879",48.9985447618745,-0.046507041326819,0.118116736147158,0.201683800680588,0.523072626714224,"rhomboid-related protein 1-like, transcript variant X1","liver"
"LOC115136112",114.954430944147,-0.0465150482288045,0.0920463443079788,0.440915733746048,0.723574427268585,"RNA-binding protein 5-B-like, transcript variant X1","liver"
"LOC115102071",42.1174102713163,-0.0465251441438189,0.0875744251501444,0.444110149368208,0.724904857858601,"rabenosyn-5-like, transcript variant X4","liver"
"LOC115144166",144.713291663794,-0.0465375828629221,0.0836443507755224,0.442950785581883,0.724595524737138,"ER lumen protein-retaining receptor 2","liver"
"LOC115107066",68.3243845177158,-0.0466290693725707,0.113077102288866,0.307186640513585,0.622252297372389,"pro-MCH 2-like, transcript variant X1","liver"
"LOC115134530",60.0424350513446,-0.0466643610902751,0.0825473193710534,0.44082264102198,0.723574427268585,"inositol hexakisphosphate and diphosphoinositol-pentakisphosphate kinase 1-like, transcript variant X3","liver"
"LOC115103915",71.8660233429009,-0.0466836863175229,0.114944359469773,0.274347558534686,0.594850186718186,"integral membrane protein GPR137B-like, transcript variant X3","liver"
"LOC115101452",75.7905127096575,-0.0467243806250661,0.0868605060793764,0.44223735448141,0.724360923528297,"histone-lysine N-methyltransferase 2B-like, transcript variant X1","liver"
"ctif",42.4844249544002,-0.046839560332017,0.0868707267675658,0.441116397211915,0.723574427268585,"cap binding complex dependent translation initiation factor, transcript variant X6","liver"
"LOC115140924",701.335483993122,-0.0468484288439004,0.0951622312868837,0.432102047851223,0.71627955436524,"protein LYRIC-like, transcript variant X2","liver"
"LOC115141740",57.2494213897454,-0.0468733743965973,0.0986090940473532,0.421956947524513,0.710794362970611,"uncharacterized LOC115141740, transcript variant X1","liver"
"acat2",167.403155266992,-0.0470212184667887,0.113946216342928,0.289182785070202,0.607380153285093,"acetyl-CoA acetyltransferase 2","liver"
"dpep1",4156.09207567667,-0.0470703658732625,0.0936904065513752,0.432936340537797,0.716581313060299,"dipeptidase 1, transcript variant X1","liver"
"LOC115135744",107.961140199938,-0.0470942852398029,0.0877453701248724,0.438540545744391,0.722287024875388,"androgen receptor-like, transcript variant X2","liver"
"LOC115126934",73.5122567358827,-0.0471308522170638,0.123322859737794,0.0145897789607934,0.17868523213154,"gamma-crystallin M3-like","liver"
"LOC115134970",253.817419193703,-0.0471717765596556,0.115934208318533,0.249633708199285,0.569927988877138,"catechol O-methyltransferase domain-containing protein 1-like","liver"
"LOC115102163",63.8048956087628,-0.0471886529814275,0.0786567077118504,0.430552573512707,0.714856621612143,"serine/arginine-rich splicing factor 6-like","liver"
"LOC115109271",193.994940858716,-0.0471935907303776,0.106296661719411,0.37711477031016,0.675290197643883,"A disintegrin and metalloproteinase with thrombospondin motifs 20-like","liver"
"nop56",140.539466592075,-0.0472237185558583,0.0984148635495469,0.41920819517432,0.708815302227286,"NOP56 ribonucleoprotein","liver"
"LOC115135711",105.771976639161,-0.0472401515628838,0.10581741197159,0.380294625585463,0.677118718402878,"acetyl-CoA carboxylase, transcript variant X1","liver"
"LOC115103956",74.9788668725159,-0.0472444728485006,0.109030807614821,0.352224646857306,0.654810785695208,"egl nine homolog 1-like, transcript variant X1","liver"
"LOC115146143",45.3444668506041,-0.0472777867739289,0.0811106372225729,0.43329943372084,0.716581313060299,"kinesin light chain 1-like, transcript variant X4","liver"
"LOC115110661",58.2274504589957,-0.0472899835721997,0.0905528291751845,0.435058646530227,0.718438466893729,"THO complex subunit 4-like","liver"
"LOC115135672",1316.01771189884,-0.047539701351415,0.0834887518823572,0.433101471465038,0.716581313060299,"55 kDa erythrocyte membrane protein-like, transcript variant X1","liver"
"cfap77",48.2121385539516,-0.047779898648894,0.109868662174106,0.338071690155317,0.643327523632261,"cilia and flagella associated protein 77, transcript variant X1","liver"
"LOC115102509",60.3840576879063,-0.0477912179196312,0.106769976621666,0.367472511742348,0.667047889164608,"hepatocyte nuclear factor 4-alpha-like, transcript variant X3","liver"
"LOC115134108",134.155010124804,-0.0479771701539929,0.0899541956214607,0.428951637412933,0.714548905250241,"bile acid receptor-like, transcript variant X2","liver"
"LOC115146206",47.263707323544,-0.0480471180684497,0.0885567344889584,0.429107264243803,0.714548905250241,"NACHT, LRR and PYD domains-containing protein 3-like, transcript variant X2","liver"
"zbtb41",39.1841176204087,-0.0481738565359811,0.117845709272658,0.195093715237582,0.516287890695747,"zinc finger and BTB domain containing 41","liver"
"LOC115114290",532.129639443641,-0.048247521607243,0.109255146545259,0.340108682007135,0.644445536731597,"dihydropyrimidine dehydrogenase [NADP(+)]","liver"
"LOC115102798",53.6682020704258,-0.0482982294064087,0.0875376579222951,0.427005674687221,0.714121457133901,"peroxisomal biogenesis factor 19-like, transcript variant X2","liver"
"ssr1",119.22730651633,-0.0483056686594159,0.103147303976785,0.38733261216609,0.681993287787939,"signal sequence receptor subunit 1, transcript variant X1","liver"
"LOC115126484",49.7293054567607,-0.0484540952329113,0.108002318398953,0.35036131678362,0.652839332409721,"cytochrome P450 2U1","liver"
"LOC115137911",167.10283847894,-0.0484871631792132,0.110970396696204,0.318351830579382,0.62880279994031,"butyrophilin subfamily 2 member A1-like, transcript variant X1","liver"
"LOC115108389",86.2609335864378,-0.0486430769056495,0.0849603369306672,0.423385617316771,0.711650847088564,"nuclear factor 1 C-type-like, transcript variant X3","liver"
"LOC115131641",62.9052766575781,-0.0487110298565944,0.0899035989945779,0.42199481131376,0.710794362970611,"chromodomain-helicase-DNA-binding protein 4-like, transcript variant X4","liver"
"LOC115108320",48.6280032839071,-0.0487451532944412,0.0934492295077873,0.417279737714653,0.708702605413948,"peptidyl-prolyl cis-trans isomerase FKBP8-like, transcript variant X1","liver"
"LOC115116299",44.1627300296884,-0.0487971822695851,0.0807381247623632,0.418212146666234,0.708702605413948,"polycomb complex protein BMI-1-A-like, transcript variant X1","liver"
"stxbp5l",98.4011532023702,-0.0488013683633054,0.116827383964477,0.215166065207812,0.538726210271977,"syntaxin binding protein 5 like, transcript variant X1","liver"
"bod1l1",52.4194856069705,-0.0488509252324176,0.092228618314737,0.418187753816617,0.708702605413948,"biorientation of chromosomes in cell division 1 like 1, transcript variant X2","liver"
"LOC115135525",53.9344072700228,-0.049006776180205,0.10439186493557,0.37301918920125,0.672867524396141,"zinc finger and BTB domain-containing protein 20-like","liver"
"LOC115121172",92.041368261699,-0.0490428477848277,0.114370503242068,0.262860606954933,0.584525792385802,"high affinity copper uptake protein 1-like, transcript variant X1","liver"
"LOC115114101",69.1941533251385,-0.0491128610357413,0.090410248118034,0.417776721424176,0.708702605413948,"ATP-dependent zinc metalloprotease YME1L1-like, transcript variant X3","liver"
"LOC115137887",72.3297613021205,-0.0491633406145573,0.102958661143766,0.380173992085123,0.677118718402878,"serine protease HTRA3-like, transcript variant X1","liver"
"LOC115135025",80.9803416755781,-0.0492229117051405,0.0840660161714493,0.417424933752975,0.708702605413948,"attractin-like protein 1, transcript variant X4","liver"
"LOC115107781",43.5232482126681,-0.049240939595937,0.108402091198887,0.33907963893381,0.643766718983567,"ATP-dependent RNA helicase DDX18-like","liver"
"LOC115139706",55.1389691220007,-0.0492449765784947,0.104500937865796,0.370037067325942,0.669873339573285,"SWI/SNF-related matrix-associated actin-dependent regulator of chromatin subfamily A containing DEAD/H box 1B-like, transcript variant X1","liver"
"LOC115145782",89.6612331411379,-0.0492640388801685,0.0764038345544341,0.406148751380549,0.698269138335742,"large neutral amino acids transporter small subunit 3-like","liver"
"LOC115126171",125.670303333855,-0.0492642428701308,0.100255841599735,0.392499445609619,0.687574269286972,"TSC22 domain family protein 3-like","liver"
"LOC115142007",102.320660772727,-0.0493613656799357,0.0983785860167483,0.398808925593422,0.69431859201371,"intraflagellar transport protein 20 homolog, transcript variant X1","liver"
"LOC115114181",38.945229168532,-0.0493739976512711,0.0913145815711126,0.414402932196981,0.70615319223024,"putative RNA polymerase II subunit B1 CTD phosphatase rpap2","liver"
"LOC115121758",239.946967602104,-0.0494758389473514,0.070117186909638,0.386518661343782,0.681537901919735,"ER degradation-enhancing alpha-mannosidase-like protein 3","liver"
"LOC115124313",57.0449229051684,-0.0498089774043213,0.0906238790889734,0.411043843526202,0.702479045409643,"GMP synthase [glutamine-hydrolyzing]-like","liver"
"LOC115106396",272.290381744127,-0.049832260615613,0.115060600167642,0.243258964606486,0.561511432118534,"arginase-1-like, transcript variant X1","liver"
"LOC115106877",950.527679001417,-0.0499061566207278,0.0734940215358403,0.392841321760498,0.687746760845363,"solute carrier organic anion transporter family member 1C1-like","liver"
"LOC115130305",66.96212844864,-0.0499594483200518,0.109767837172263,0.318387050299982,0.62880279994031,"60 kDa heat shock protein, mitochondrial-like","liver"
"LOC115108938",459.74594104811,-0.0499926722056816,0.0936117529341253,0.405249115165079,0.697997713307516,"eukaryotic translation initiation factor 4 gamma 2-like","liver"
"LOC115106133",45.6404905192136,-0.0500422370225228,0.0863994547553922,0.410596428733707,0.702398906772557,"myelin basic protein-like, transcript variant X2","liver"
"LOC115105918",170.454030185627,-0.0500423611589394,0.0802943570731843,0.405843154629703,0.698168936940678,"ubiquitin-conjugating enzyme E2 L3-like","liver"
"xylb",63.9351356070741,-0.0500749344760452,0.0866715897022424,0.410311363311561,0.702242071713985,"xylulokinase, transcript variant X1","liver"
"LOC115131752",98.6512893761567,-0.0502152699670641,0.0699646274789508,0.378939396806757,0.676131242464014,"dolichyl-diphosphooligosaccharide--protein glycosyltransferase subunit STT3B-like","liver"
"LOC115124299",43.0026000380702,-0.0504356515686427,0.119157504215845,0.141622214262142,0.454059637549151,"arginase-2, mitochondrial-like","liver"
"LOC115135575",39.1155809082492,-0.0504963562395008,0.0892962376313336,0.405676187926438,0.698168936940678,"heterogeneous nuclear ribonucleoprotein U-like protein 1, transcript variant X2","liver"
"LOC115138011",43.4848023519272,-0.0505817026303549,0.0920561787312004,0.402221595143372,0.696822070015182,"RNA-binding protein 4B-like, transcript variant X2","liver"
"LOC115113154",55.6529471701928,-0.0506541600692711,0.0871752086976562,0.404928201517685,0.697808626359024,"serine/threonine-protein phosphatase 4 regulatory subunit 3-like, transcript variant X3","liver"
"LOC115123719",82.3831544393736,-0.050673096325735,0.0918857788350622,0.401601999597669,0.696691627033093,"tensin-3-like","liver"
"LOC115131660",93.2814177939893,-0.0506751118637611,0.106216258732502,0.344390239898566,0.647655731733935,"neurofascin-like","liver"
"LOC115114705",45.8228439094935,-0.0506848648483959,0.103669640585908,0.361719691328313,0.663437432796294,"uncharacterized LOC115114705, transcript variant X1","liver"
"LOC115102157",81.0250178999881,-0.0507268812241755,0.0945266737416093,0.396652011801183,0.692057249267453,"NADH dehydrogenase [ubiquinone] 1 alpha subcomplex subunit 4-like 2","liver"
"LOC115125859",83.3930400606576,-0.0507417444474268,0.0893508490845878,0.403375457674664,0.696864293921946,"myotrophin-like","liver"
"LOC115105343",455.947534318098,-0.0507852789033594,0.0870442505768127,0.403725673863922,0.696864293921946,"mannosyl-oligosaccharide 1,2-alpha-mannosidase IA-like, transcript variant X3","liver"
"LOC115110771",326.446588499245,-0.050821920410825,0.106569932405509,0.340257198901327,0.644445536731597,"3 beta-hydroxysteroid dehydrogenase type 7-like","liver"
"LOC115142380",58.9494445915022,-0.0509199956475015,0.100488245279162,0.375992988245265,0.67456511332468,"RNA binding protein fox-1 homolog 2-like, transcript variant X1","liver"
"LOC115132282",126.337231504649,-0.0510889219178379,0.06870668336094,0.366191730495648,0.666081994322948,"cytidine and dCMP deaminase domain-containing protein 1-like","liver"
"LOC115103823",83.1652389820154,-0.0511165970932028,0.105915898919208,0.342593378446251,0.646870426051003,"sterol regulatory element-binding protein cleavage-activating protein-like, transcript variant X4","liver"
"LOC115113252",131.158055349325,-0.0512164112847019,0.078656859213625,0.392311673850549,0.687458631458783,"baculoviral IAP repeat-containing protein 6-like, transcript variant X18","liver"
"LOC115132580",477.934177024209,-0.0512399628485876,0.116698118598506,0.19816348233637,0.520214482810841,"trichohyalin-like","liver"
"LOC115140761",457.946463365961,-0.0513265688900665,0.0972507676051909,0.38417796179736,0.679942736034481,"glyceraldehyde-3-phosphate dehydrogenase","liver"
"LOC115143472",39.2765382403305,-0.051326903115018,0.100094988783794,0.373931551443336,0.673051316348866,"leiomodin-1-like, transcript variant X1","liver"
"LOC115129460",48.3188889368771,-0.0513993308518059,0.0969216416529396,0.384491119448156,0.679942736034481,"ETS-related transcription factor Elf-2-like, transcript variant X1","liver"
"LOC115133040",316.682144292526,-0.0515219487284215,0.0933623814838975,0.391576375040529,0.68671191449374,"cholinephosphotransferase 1-like, transcript variant X2","liver"
"LOC115103845",65.3613813508646,-0.0515755973238624,0.09151761814107,0.393778904781379,0.688533817403427,"exportin-1-like","liver"
"LOC115136805",79.8785732051346,-0.0516316917737361,0.0723611257289075,0.37341257357641,0.673051316348866,"clustered mitochondria protein homolog, transcript variant X6","liver"
"LOC115125243",39.5550067951878,-0.0516438333576911,0.10219105148221,0.361188817914627,0.66308473016369,"UV excision repair protein RAD23 homolog A-like, transcript variant X1","liver"
"LOC115121287",61.0932351778005,-0.0519023874171289,0.100747202127776,0.365835648901815,0.666081994322948,"probable global transcription activator SNF2L2","liver"
"LOC115120076",46.5983704912399,-0.0520285763400919,0.0981996085896382,0.374720336621516,0.673649106603678,"CREB3 regulatory factor-like","liver"
"LOC115136275",154.671472891362,-0.0521377426529383,0.0987443626918227,0.37181629205879,0.672035088353173,"mediator of RNA polymerase II transcription subunit 13-like","liver"
"LOC115109242",38.9316785276544,-0.0521835944760241,0.101802361997293,0.358267140832767,0.66074923326107,"protein strawberry notch homolog 2-like, transcript variant X3","liver"
"LOC115123772",48.4316856301949,-0.0522131020938758,0.111489155240331,0.277726443650165,0.598947097344856,"kremen protein 1-like","liver"
"LOC115136859",149.065962033073,-0.0523114113680432,0.0801043754233681,0.384648724839501,0.679942736034481,"importin subunit alpha-3-like","liver"
"LOC115137966",120.106443261414,-0.0525016834204365,0.0826165482342435,0.386004055573949,0.681447739987352,"GMP reductase 2-like, transcript variant X1","liver"
"LOC115131481",39.8671869075519,-0.0525337557493451,0.0885111955191366,0.387475471928296,0.681993287787939,"cleavage and polyadenylation specificity factor subunit 1-like, transcript variant X1","liver"
"LOC115141625",41.7343442678229,-0.0525784978601624,0.0958538378237101,0.376704599850729,0.675049237925327,"transgelin-like, transcript variant X1","liver"
"LOC115108884",52.5719460938729,-0.0526562820109998,0.0941177037621038,0.379911713324872,0.67711289277867,"E3 ubiquitin-protein ligase ubr3, transcript variant X5","liver"
"LOC115130742",94.0733009044545,-0.0526680537828744,0.11455557900915,0.228398198185409,0.54794786447927,"ATP-binding cassette sub-family A member 1-like","liver"
"LOC115121095",674.376933235238,-0.0526758870069156,0.0923297159682165,0.382763333797046,0.679668284737698,"phosphoethanolamine N-methyltransferase 3-like, transcript variant X1","liver"
"LOC115138828",820.854049652904,-0.0527612234914477,0.116926585929767,0.181582516027647,0.501838091174527,"B-cell lymphoma/leukemia 11B-like","liver"
"LOC115103918",48.8383098790305,-0.0527894410323707,0.115313578826778,0.213888540669942,0.537410714354654,"nidogen-1-like","liver"
"LOC115129404",180.761352497372,-0.0527921224583828,0.104998251882507,0.333970601352447,0.640053637215178,"retinol dehydrogenase 12-like","liver"
"LOC115118784",41.3865727975981,-0.0528293572867053,0.0827405411858217,0.383171121204409,0.679668284737698,"serine/threonine-protein phosphatase 4 regulatory subunit 3, transcript variant X3","liver"
"LOC115117745",733.095894023459,-0.0529412374996234,0.104006328454683,0.339112011983856,0.643766718983567,"long-chain fatty acid transport protein 6-like","liver"
"LOC115114161",101.700334476244,-0.052950050846831,0.0728599953796495,0.362825996918978,0.664413768967435,"nucleolin-like, transcript variant X2","liver"
"LOC115124613",73.0502032402747,-0.0530181512537666,0.107135547071614,0.315768547951779,0.626608715446847,"retinoblastoma-like protein 2, transcript variant X2","liver"
"LOC115123112",73.0638455940987,-0.0530287426099127,0.0921431222200627,0.379866650561194,0.67711289277867,"discoidin, CUB and LCCL domain-containing protein 2-like, transcript variant X2","liver"
"LOC115110605",133.620937316059,-0.0530513228413506,0.0801426717896919,0.378030189082889,0.675857646473082,"transcription activator BRG1-like, transcript variant X1","liver"
"fasn",400.466656084025,-0.0530714202213874,0.10552081358465,0.327820617479875,0.636039589790851,"fatty acid synthase, transcript variant X3","liver"
"LOC115127147",98.1441861244247,-0.0530997373254349,0.0954992090059637,0.372916863196088,0.672867524396141,"putative oxidoreductase GLYR1, transcript variant X5","liver"
"LOC115134299",63.9564167546757,-0.053128695327877,0.0960138524274859,0.371368030297548,0.671602786374105,"alpha-1,6-mannosylglycoprotein 6-beta-N-acetylglucosaminyltransferase A-like","liver"
"LOC115110297",102.927563659556,-0.0531551132638185,0.08766041434215,0.382159263351426,0.679153667259096,"max-like protein X","liver"
"LOC115143988",56.8988970565003,-0.0531922052067565,0.0878011531866178,0.381800017827499,0.678942645875294,"transcription factor 7-like 2, transcript variant X10","liver"
"slc2a9",217.631984600858,-0.0532177263732192,0.100927661691539,0.353180144772668,0.655939176771869,"solute carrier family 2 member 9, transcript variant X1","liver"
"LOC115114820",66.5982631412934,-0.053310535361655,0.109107748441793,0.295102784866966,0.612625476630534,"rab effector MyRIP-like","liver"
"LOC115132556",56.5478509091736,-0.0534851741997062,0.0963618696496895,0.367273955429409,0.667047889164608,"ubiquitin carboxyl-terminal hydrolase 40-like, transcript variant X2","liver"
"LOC115109405",52.5778256162225,-0.0535069128072168,0.0877077224370279,0.379021498830784,0.676131242464014,"COUP transcription factor 2, transcript variant X3","liver"
"dhcr7",172.636158058097,-0.0535919667500248,0.116740483331784,0.179533696454623,0.500072644392109,"7-dehydrocholesterol reductase","liver"
"LOC115105432",222.212260331614,-0.0536122107443974,0.110041779318299,0.282695962316001,0.602529786046109,"zinc finger and BTB domain-containing protein 16-A, transcript variant X1","liver"
"LOC115125613",42.8148326744035,-0.0536231840100226,0.0901742545156102,0.376741081952303,0.675049237925327,"elongin-C","liver"
"upf3b",191.30485291358,-0.0536797356659732,0.0728056386510205,0.356095192957829,0.658105878703732,"UPF3B regulator of nonsense mediated mRNA decay, transcript variant X3","liver"
"LOC115142627",3621.54961279048,-0.053714432924431,0.101841713977174,0.344388583162968,0.647655731733935,"complement C3-like","liver"
"LOC115135001",115.956771281983,-0.05371885795282,0.0701054982526649,0.347085732725917,0.649603667415088,"atlastin-2-like, transcript variant X5","liver"
"LOC115144169",46.0716203759913,-0.0537646440939678,0.0954113414692751,0.367228733252285,0.667047889164608,"eukaryotic elongation factor 2 kinase-like, transcript variant X4","liver"
"LOC115135233",68.0722568701968,-0.0538165025307816,0.0900602772454262,0.375125151712398,0.673649106603678,"E3 ubiquitin-protein ligase UBR2-like, transcript variant X2","liver"
"LOC115134223",59.293597243696,-0.0539169546379303,0.0841343230573287,0.37458118160669,0.673649106603678,"ras and EF-hand domain-containing protein-like, transcript variant X3","liver"
"LOC115105130",70.4288001955087,-0.0539278652373381,0.0813345267048428,0.371845132131653,0.672035088353173,"LYR motif-containing protein 4B","liver"
"ireb2",38.7368575270273,-0.0539429665730325,0.0863167825816319,0.37520359680481,0.673649106603678,"iron responsive element binding protein 2","liver"
"LOC115104134",67.213338476,-0.0540797016187448,0.0860683977256875,0.373957134145659,0.673051316348866,"myosin light chain kinase, smooth muscle-like, transcript variant X1","liver"
"csnk1d",53.5135127573131,-0.0540884587582315,0.10664178110335,0.310420373910379,0.625047585983594,"casein kinase 1 delta, transcript variant X1","liver"
"LOC115144444",44.2619956630825,-0.0540930710261566,0.094713706851701,0.365923470616012,0.666081994322948,"serine/arginine-rich splicing factor 2-like, transcript variant X2","liver"
"LOC115138365",57.9514652834028,-0.0541549004994955,0.111565067796894,0.260202120299734,0.581999660514791,"uncharacterized LOC115138365, transcript variant X1","liver"
"LOC115131732",38.3264339334015,-0.0541628167024989,0.0853413429866025,0.373020784867148,0.672867524396141,"protein PRRC2A-like, transcript variant X1","liver"
"LOC115112562",99.4504927875358,-0.0542033662761952,0.0962052996518448,0.361363856113759,0.66308473016369,"ras-related protein R-Ras2-like","liver"
"LOC115110257",40.8315078081552,-0.0542294700304041,0.0942553961735816,0.365682379189126,0.666081994322948,"NEDD8-conjugating enzyme UBE2F","liver"
"LOC115133638",53.2282355517647,-0.054381206384189,0.083514916483738,0.370055782169514,0.669873339573285,"splicing factor 1-like, transcript variant X1","liver"
"LOC115141271",59.4189403806197,-0.0544544130309551,0.093405254453207,0.365310772583231,0.665981473040014,"remodeling and spacing factor 1-like","liver"
"LOC115114422",976.198742757957,-0.054631468428744,0.108602579496976,0.288690580732651,0.607303523239021,"sodium- and chloride-dependent glycine transporter 1-like, transcript variant X1","liver"
"LOC115139900",110.818560627648,-0.0546683325893967,0.107812039496871,0.295623097335589,0.612734217164734,"ral guanine nucleotide dissociation stimulator-like, transcript variant X3","liver"
"LOC115141840",47.5559585496653,-0.0547652715423826,0.0925955366196264,0.36391649908788,0.665191753635611,"serine/threonine-protein kinase TAO1-like","liver"
"LOC115143069",104.41766427182,-0.0547768560602632,0.0988586174182814,0.347994168847749,0.650372418839586,"leucine-rich repeat flightless-interacting protein 1-like, transcript variant X2","liver"
"cdc5l",244.236276823013,-0.0549680011784411,0.0883771421743577,0.366015901756874,0.666081994322948,"cell division cycle 5 like","liver"
"LOC115110601",83.0093582374178,-0.0550130617896837,0.0844395734352593,0.365163954440425,0.665981473040014,"protein Hook homolog 2-like, transcript variant X2","liver"
"LOC115129555",65.710919637601,-0.0550423756893308,0.094434925170033,0.35823633697112,0.66074923326107,"peptidyl-prolyl cis-trans isomerase D-like","liver"
"LOC115132119",54.9587556562151,-0.0552136652717465,0.0815483558667968,0.360839507774448,0.662967738657511,"uncharacterized protein KIAA2013 homolog","liver"
"LOC115118468",89.3708915826337,-0.0552252067463352,0.110126603401906,0.268191426665716,0.588270705110579,"nucleolar protein 58-like","liver"
"ppargc1b",423.636671590507,-0.055228925155106,0.0961735724350364,0.352530695892857,0.655164025349267,"PPARG coactivator 1 beta","liver"
"LOC115134361",43.0522579916084,-0.0552584176840519,0.0830428715918017,0.362014814332446,0.663615468091231,"anamorsin-B, transcript variant X1","liver"
"LOC115125517",46.3178793648641,-0.0553703481420922,0.104264611864624,0.316300892494423,0.626608715446847,"NACHT, LRR and PYD domains-containing protein 12-like","liver"
"LOC115128334",61.6072341055998,-0.055407684606827,0.0724968311522983,0.33991324217149,0.644442634419152,"cohesin subunit SA-2-like, transcript variant X10","liver"
"dnah7",114.326709897519,-0.0555210659083576,0.108811101330965,0.279227712489217,0.600188762825301,"dynein axonemal heavy chain 7","liver"
"dpp3",49.5680979778321,-0.055554407196427,0.0966358899788072,0.348468486860731,0.650828010855338,"dipeptidyl peptidase 3","liver"
"LOC115109257",173.633317238693,-0.05558877501637,0.102867608950646,0.32272034807373,0.631569873561275,"cold-inducible RNA-binding protein B-like, transcript variant X5","liver"
"mboat7",42.4256632964645,-0.0556284330720677,0.0885474495440303,0.360248905677539,0.662529420669507,"membrane bound O-acyltransferase domain containing 7","liver"
"setd1b",43.2322165426054,-0.0556481507979834,0.0974292995992361,0.345318564030076,0.648342301115174,"SET domain containing 1B, histone lysine methyltransferase","liver"
"LOC115109363",98.2613017370803,-0.0557766434241279,0.112311973394839,0.237394376843786,0.556383832154427,"cholesteryl ester transfer protein-like","liver"
"LOC115124099",39469.6276310917,-0.0558391748396007,0.113849883107015,0.214939821312331,0.53863747497977,"butyrophilin-like protein 1, transcript variant X1","liver"
"LOC115106351",41.6608638233599,-0.0559156915110899,0.0969582254090864,0.344453646432246,0.647655731733935,"APOBEC1 complementation factor-like, transcript variant X2","liver"
"LOC115105248",41.0571798106672,-0.0559543129282517,0.0970415717545854,0.343879155481527,0.647614052490977,"glucocorticoid receptor-like, transcript variant X2","liver"
"LOC115113674",111.739307587908,-0.0559702657908278,0.0913614130369411,0.355166848114729,0.657816285800191,"dual specificity protein phosphatase 22-A-like, transcript variant X3","liver"
"LOC115118585",217.27060926235,-0.0560087309201359,0.102782170906715,0.319627803488573,0.62880279994031,"complement C3 alpha chain-like","liver"
"btg1",688.23211430337,-0.0560098405965831,0.0998535498834031,0.333554582615543,0.639795928538901,"BTG anti-proliferation factor 1","liver"
"LOC115127676",614.800281311377,-0.0560630280278587,0.097218745674712,0.3424238735917,0.646870426051003,"polyadenylate-binding protein 1","liver"
"LOC115125274",124.651263767931,-0.0560769542927982,0.0877854551085761,0.356638734008039,0.658679192741049,"ER membrane protein complex subunit 3-like","liver"
"LOC115131491",40.7125181180051,-0.0561609247164586,0.0982253339806942,0.3383578657667,0.643655158395819,"activity-dependent neuroprotector homeobox protein 2-like","liver"
"LOC115120425",164.922073448396,-0.0561848371102301,0.103245820873147,0.315542675389987,0.626608715446847,"protein max, transcript variant X2","liver"
"LOC115105598",218.87076511788,-0.0563929120424021,0.107607641499133,0.282967255464182,0.602880424283309,"pigment epithelium-derived factor-like, transcript variant X2","liver"
"LOC115105599",385.251971921757,-0.056394881716885,0.101944839126432,0.320779572316581,0.629934840925746,"alpha-2-antiplasmin-like, transcript variant X3","liver"
"nid2",87.3070160778548,-0.0564059802317583,0.0998009004202398,0.330415965435469,0.6366991606992,"nidogen 2, transcript variant X3","liver"
"LOC115103267",64.7988782297168,-0.056450869369975,0.102756091816222,0.316048223406594,0.626608715446847,"lysine-specific demethylase 4A-like, transcript variant X1","liver"
"LOC115106886",41.290484713111,-0.056458804907063,0.0977444166436554,0.337429583586337,0.642854561010753,"phosphate carrier protein, mitochondrial-like, transcript variant X1","liver"
"LOC115127865",181.194744170425,-0.0564781648964935,0.0640874377968197,0.298480635611598,0.615268955335189,"neurobeachin-like protein 1","liver"
"LOC115102520",49.2702719732658,-0.0565429696932496,0.0957257076140754,0.3424675247248,0.646870426051003,"carboxy-terminal domain RNA polymerase II polypeptide A small phosphatase 2-like","liver"
"LOC115129673",102.047379955949,-0.0566744515694183,0.103294209802762,0.31116340460608,0.625589761833629,"signal transducer and activator of transcription 1-alpha/beta-like, transcript variant X1","liver"
"LOC115107859",47.6451067559842,-0.0567157549690297,0.108513935365373,0.272237764500402,0.593151548830482,"sphingosine-1-phosphate phosphatase 1-like, transcript variant X1","liver"
"LOC115122674",51.7289202809344,-0.0567428670617834,0.0810667120011972,0.347115330502224,0.649603667415088,"far upstream element-binding protein 3-like, transcript variant X2","liver"
"LOC115127850",91.8729826964068,-0.0567589707608102,0.0901623559212045,0.349646725872205,0.652381167969091,"N-lysine methyltransferase KMT5A-A-like, transcript variant X1","liver"
"LOC115126051",85.9374966397684,-0.0567988398521412,0.106558610347818,0.288203585144581,0.607169488740835,"sodium/potassium-transporting ATPase subunit beta-233-like","liver"
"gpatch8",145.31279250848,-0.0568084984781772,0.0858286817481545,0.350366339344475,0.652839332409721,"G-patch domain containing 8, transcript variant X3","liver"
"LOC115113572",129.57803585577,-0.0570105278198212,0.0808719117665189,0.344590474340904,0.647655731733935,"adenine phosphoribosyltransferase-like","liver"
"ccar1",89.5680547991095,-0.0570207285062777,0.0922111242064526,0.345199430987384,0.648342301115174,"cell division cycle and apoptosis regulator 1, transcript variant X3","liver"
"LOC115132509",41.6612150487746,-0.0570371964635914,0.0913943173043801,0.346095911251433,0.649188543164647,"obg-like ATPase 1","liver"
"LOC115131483",78.7731780330997,-0.0570665323867264,0.0992846076371105,0.326908478742353,0.635121050631019,"uncharacterized aarF domain-containing protein kinase 5-like, transcript variant X2","liver"
"dbi",147.761621417598,-0.0571028635401061,0.101775809067773,0.315709073171276,0.626608715446847,"diazepam binding inhibitor, acyl-CoA binding protein","liver"
"tsg101",72.2509153060265,-0.0571395722679932,0.0781646331960708,0.339067583965713,0.643766718983567,"tumor susceptibility 101","liver"
"LOC115109140",63.0520313237101,-0.0571575645224468,0.0815142027964658,0.34417959332691,0.647655731733935,"regulator of nonsense transcripts 1, transcript variant X2","liver"
"LOC115111867",273.119134436684,-0.0571653654604483,0.114171822449356,0.200176000973961,0.522029423325166,"growth arrest and DNA damage-inducible protein GADD45 gamma-like","liver"
"LOC115126565",188.827106000565,-0.0575489574090752,0.0835593021201106,0.34294997477298,0.646941382415051,"ETS-related transcription factor Elf-2-like","liver"
"LOC115128484",56.1202359349468,-0.0576391208458991,0.08208349471549,0.340803131151434,0.644742310577717,"A-kinase anchor protein 9-like, transcript variant X1","liver"
"LOC115103919",428.15650719301,-0.0578121369977949,0.110463301239444,0.243846304040252,0.561511432118534,"complement C3-like","liver"
"LOC115106512",44.2828309057382,-0.0578495108723173,0.0964350865410949,0.329704991728516,0.636453872571393,"arginine/serine-rich protein PNISR-like, transcript variant X1","liver"
"LOC115103888",52.0997297663539,-0.0578506096072032,0.0960011094786475,0.330846885411644,0.637094650420922,"exportin-1","liver"
"LOC115139963",427.149544150545,-0.0580040364041349,0.100774600753959,0.312989781649328,0.626185221155577,"serine/threonine-protein kinase ULK1-like, transcript variant X5","liver"
"LOC115124940",38.2891391154837,-0.058073908226305,0.0850454903351323,0.339499652937352,0.643874719678968,"YTH domain-containing family protein 2-like","liver"
"LOC115136645",40.3973245120303,-0.0582168052475812,0.108913717712419,0.256541575829933,0.578394914869505,"galectin-9-like","liver"
"pemt",59.5412354321277,-0.0583201633262959,0.105065929287709,0.286666517899099,0.606070779580012,"phosphatidylethanolamine N-methyltransferase, transcript variant X3","liver"
"LOC115128323",69.8269081344237,-0.0583291241200087,0.0836129644098961,0.336510060202591,0.642052638654609,"splicing factor, proline- and glutamine-rich-like, transcript variant X1","liver"
"LOC115110479",313.808090555039,-0.0583903069052719,0.0919889642297571,0.334126662922448,0.640135439043143,"WW domain-binding protein 2-like","liver"
"LOC115131238",44.9505394495972,-0.0584076402986447,0.0898893388056299,0.336127182641507,0.642052638654609,"alpha-taxilin-like","liver"
"LOC115104337",131.316310243567,-0.0585585150024299,0.091660272650278,0.333163189583203,0.639591760757146,"tubulin beta-4B chain-like","liver"
"LOC115124412",64.8311530883569,-0.058627111553644,0.0833079253245731,0.333808797126801,0.639960770315083,"vesicle-associated membrane protein-associated protein A-like","liver"
"LOC115110486",136.326196560741,-0.0586573590832339,0.0978628903345668,0.318825033927175,0.62880279994031,"sterol regulatory element-binding protein 2-like, transcript variant X2","liver"
"efr3a",61.6136091706181,-0.0587725127650658,0.0953052036975406,0.324994713238855,0.632949344928106,"EFR3 homolog A, transcript variant X1","liver"
"LOC115120700",66.4510775353802,-0.0587851119660083,0.0897121373623522,0.333159512925475,0.639591760757146,"5'-AMP-activated protein kinase catalytic subunit alpha-1-like","liver"
"med13",1603.1904023679,-0.0587893649909583,0.106960387250497,0.269070442337317,0.589511725819361,"mediator complex subunit 13","liver"
"LOC115114165",39.6750137631898,-0.0589940021306516,0.09723739465328,0.318048612259721,0.62880279994031,"angiomotin-like 2a, transcript variant X2","liver"
"LOC115115840",66.0238564597694,-0.0592709178336264,0.0868286085919932,0.330120997626465,0.63656528435759,"serine/arginine-rich splicing factor 5-like","liver"
"LOC115124994",1244.8351525993,-0.0593596593915552,0.109362189057237,0.243444356810498,0.561511432118534,"fatty acid desaturase 2-like","liver"
"LOC115143132",119.641882638864,-0.0593647630058346,0.0854287856807735,0.329073203705607,0.636453872571393,"ubiquitin carboxyl-terminal hydrolase 4-like","liver"
"LOC115113642",126.973487557856,-0.0593942576653564,0.0951695848878336,0.320273019281754,0.629179355206954,"ubiquitin carboxyl-terminal hydrolase 10-like, transcript variant X2","liver"
"LOC115145150",61.7859690424083,-0.0594080739248718,0.109376663850244,0.24293750293488,0.561511432118534,"capping protein, Arp2/3 and myosin-I linker protein 3-like, transcript variant X3","liver"
"LOC115130482",87.5613115395778,-0.0594220804638449,0.113320058540648,0.1967039805398,0.518725209774737,"mitogen-activated protein kinase kinase kinase kinase 4-like","liver"
"LOC115134486",157.821411029619,-0.0594594454859253,0.0971473998131367,0.314566475251617,0.626608715446847,"MOB kinase activator 2-like, transcript variant X4","liver"
"LOC115114054",118.205876808946,-0.0595230080098044,0.086629123540557,0.328065553296967,0.636259157247677,"probable ubiquitin carboxyl-terminal hydrolase FAF-X","liver"
"LOC115142883",50.3058035125904,-0.0595234549971953,0.0902121593850859,0.326787575898202,0.635121050631019,"copine-3-like, transcript variant X4","liver"
"LOC115104882",81.4214642457649,-0.0595781602060045,0.0902578206490105,0.32630871379014,0.63501484829941,"activin receptor type-2B-like","liver"
"LOC115135309",61.126466689606,-0.0595913727247917,0.0978461275419836,0.31134601579487,0.625589761833629,"SEC23-interacting protein-like, transcript variant X2","liver"
"LOC115135032",606.537250638024,-0.0597323638828987,0.113883712978666,0.186613628637911,0.507279993880427,"protein phosphatase 1 regulatory subunit 3C-B-like","liver"
"asrgl1",40.9892319488003,-0.0597442713132916,0.101559684505143,0.295353621570725,0.612625476630534,"asparaginase and isoaspartyl peptidase 1","liver"
"LOC115116017",175.62978903284,-0.0599265950040599,0.105046146991062,0.274129384933212,0.594850186718186,"dystrophin-like","liver"
"LOC115135139",155.885246368471,-0.0600025578015369,0.089462228960005,0.323471291173403,0.631691452933715,"microtubule-associated proteins 1A/1B light chain 3A","liver"
"LOC115138691",52.0404281566296,-0.0600249877973866,0.0965062127937269,0.311874227449259,0.625589761833629,"striatin-3-like","liver"
"LOC115130030",69.2847131805076,-0.06003425369237,0.09906963684574,0.303589257749541,0.62061608989775,"uncharacterized LOC115130030","liver"
"LOC115126548",183.636804636782,-0.0600614977938264,0.0804325585552914,0.318829502671066,0.62880279994031,"COP9 signalosome complex subunit 4-like, transcript variant X1","liver"
"LOC115118216",208.96109145756,-0.0600732293435262,0.094550944390766,0.316181657558919,0.626608715446847,"uncharacterized LOC115118216, transcript variant X1","liver"
"LOC115128397",56.0934444606893,-0.0600732692850556,0.0778004671734981,0.314181445664427,0.626587227912876,"cyclic AMP-dependent transcription factor ATF-6 beta-like, transcript variant X1","liver"
"LOC115115483",135.047686889727,-0.0600765961638356,0.0958484193634116,0.313185502982391,0.626185221155577,"lactadherin-like","liver"
"LOC115105189",45.4930245837653,-0.0601889768979126,0.0898461806102496,0.321724778883314,0.630933692801386,"poly(U)-binding-splicing factor PUF60-like, transcript variant X1","liver"
"rlim",44.5838442566646,-0.0601900477433164,0.0891505582885932,0.322150448826522,0.631110837638633,"ring finger protein, LIM domain interacting, transcript variant X2","liver"
"LOC115140926",76.9334524241373,-0.0602265126504687,0.0781991839253372,0.313730796111119,0.626587227912876,"E3 ubiquitin-protein ligase UBR5, transcript variant X1","liver"
"LOC115130340",54.4201621896834,-0.0602785611075812,0.0985410767448098,0.303555273861097,0.62061608989775,"nuclear receptor-binding protein 2-like","liver"
"LOC115138208",129.226173403183,-0.0603418012172118,0.0756984601188509,0.307393791524549,0.622252297372389,"uncharacterized protein KIAA0232-like","liver"
"nol8",49.9995032877884,-0.0603781468701115,0.0910952619564554,0.31911575894078,0.62880279994031,"nucleolar protein 8, transcript variant X5","liver"
"LOC115126674",56.9472107002619,-0.0604396307963789,0.0961814604601918,0.30945484695613,0.62406342000058,"alpha-mannosidase 2-like","liver"
"LOC115128527",38.5697680624334,-0.0604643638374245,0.0977405085635243,0.304753781647641,0.621008638711332,"keratinocyte differentiation factor 1-like, transcript variant X3","liver"
"LOC115136076",47.7980387006677,-0.060519313244865,0.0871897614238645,0.320086510167613,0.629031826107324,"polymerase delta-interacting protein 2-like, transcript variant X3","liver"
"LOC115144921",87.1747843860696,-0.0607433530936053,0.0816089974956848,0.314955608964724,0.626608715446847,"AP-3 complex subunit delta-1-like, transcript variant X2","liver"
"LOC115113361",148.828384105116,-0.060800944885727,0.0914721234151645,0.3153503851871,0.626608715446847,"opsin-3-like","liver"
"LOC115138172",42.1255516868482,-0.0608052462475647,0.0813328863617958,0.314120456374383,0.626587227912876,"splicing factor 1-like, transcript variant X1","liver"
"LOC115129789",50.8452295517453,-0.0608541825024585,0.0847303355632371,0.316817872371834,0.627192744534143,"transformer-2 protein homolog alpha-like, transcript variant X2","liver"
"LOC115144480",53.5996898121691,-0.0608695093492555,0.076393294480357,0.304816097902028,0.621008638711332,"histone acetyltransferase p300-like","liver"
"LOC115106871",51.375099249338,-0.0609581679930722,0.100062829550014,0.292478726828228,0.611718867767004,"kinesin-like protein KIF21A, transcript variant X8","liver"
"LOC115110267",626.439881046938,-0.0610699412754015,0.101160498281298,0.286863081192032,0.606070779580012,"putative methyltransferase DDB_G0268948, transcript variant X2","liver"
"LOC115106403",291.178437539867,-0.0611159238949914,0.0816883741901345,0.312101041488603,0.625589761833629,"anthrax toxin receptor 1-like","liver"
"LOC115104519",209.482585226728,-0.0612227381308447,0.096624984467529,0.302120246790341,0.619335234001649,"partitioning defective 3 homolog","liver"
"LOC115147104",66.511435397228,-0.0612990654235766,0.0878533158752555,0.313843931122053,0.626587227912876,"volume-regulated anion channel subunit LRRC8A-like, transcript variant X2","liver"
"dmxl1",67.0332209981184,-0.0613251427355812,0.0718014072255369,0.288742959763607,0.607303523239021,"Dmx like 1, transcript variant X8","liver"
"LOC115136816",827.627977380947,-0.0613611842160822,0.0884174261289079,0.31320351833924,0.626185221155577,"vitronectin-like","liver"
"LOC115138699",47.6055008264102,-0.061362562285244,0.0840910288639387,0.312420358127298,0.625949376148589,"bromodomain adjacent to zinc finger domain protein 1A-like, transcript variant X6","liver"
"LOC115105542",221.758369010525,-0.0615108442810973,0.0721463284466952,0.288362220577864,0.607169488740835,"clathrin heavy chain 1, transcript variant X2","liver"
"LOC115101929",639.6860461919,-0.0615922125848494,0.114478827029192,0.16593265195492,0.482510574659213,"monocarboxylate transporter 5-like, transcript variant X1","liver"
"LOC115105547",55.781868496976,-0.0616935004674078,0.105958180315163,0.254453991270253,0.575810514914569,"active breakpoint cluster region-related protein-like, transcript variant X1","liver"
"LOC115113721",60.7614265964035,-0.0616949049924054,0.0859620791620124,0.31069284204502,0.625373185806126,"caprin-1-like, transcript variant X4","liver"
"LOC115112432",39.48282144311,-0.061757388746128,0.0968967768993319,0.297215871648302,0.613557883483113,"F-box-like/WD repeat-containing protein TBL1X","liver"
"LOC115129601",50.3957059007653,-0.061770749756144,0.0923997296101854,0.306572393165149,0.621972081386486,"ecto-NOX disulfide-thiol exchanger 2-like","liver"
"LOC115130984",68.3255640041329,-0.0617832480944414,0.109910311269518,0.220341596504406,0.540420787951293,"sterol-4-alpha-carboxylate 3-dehydrogenase, decarboxylating-like, transcript variant X1","liver"
"LOC115130453",88.4372733501425,-0.0618868292082982,0.07244595531664,0.286343529391126,0.606070779580012,"WW domain-containing adapter protein with coiled-coil-like","liver"
"LOC115112251",187.781167147731,-0.0619126530080587,0.100012543095989,0.285338486406264,0.60541942662524,"hepatocyte nuclear factor 4-beta-like","liver"
"LOC115102935",50.0945262212978,-0.0619268386104139,0.108015423465112,0.23675985181154,0.555534575006486,"GREB1-like protein","liver"
"LOC115144075",92.7551575813809,-0.0619723709923689,0.082364990993934,0.306152878110941,0.621972081386486,"protein phosphatase 1B-like, transcript variant X2","liver"
"LOC115133440",96.2293017242151,-0.0620279611206161,0.08470706660798,0.307599391067364,0.622252297372389,"apoptotic chromatin condensation inducer in the nucleus-like, transcript variant X1","liver"
"LOC115111669",99.9736855229455,-0.0620414027496125,0.0991239298998763,0.287787758682059,0.606969518287081,"WD repeat and FYVE domain-containing protein 2","liver"
"LOC115144441",96.1168089098746,-0.062044171774765,0.110868528331728,0.208584657174049,0.532113426278015,"trichohyalin-like","liver"
"LOC115128374",453.721221373021,-0.0620984019054354,0.0883080479477471,0.307496278366871,0.622252297372389,"tubulin beta chain","liver"
"LOC115128369",72.2856611342484,-0.0621003346012958,0.0817363109506552,0.304451481537264,0.621008638711332,"ETS domain-containing transcription factor ERF-like, transcript variant X2","liver"
"LOC115136968",33609.6674707059,-0.0621441699701938,0.106316907663749,0.24854988506395,0.568603181147107,"apolipoprotein A-I-1","liver"
"LOC115104090",61.2576626998253,-0.062144814009739,0.100960908177365,0.279547493681935,0.600188762825301,"plexin domain-containing protein 1-like, transcript variant X3","liver"
"LOC115103804",39.5483386786917,-0.062165001003161,0.096451541075867,0.295314978114603,0.612625476630534,"tyrosine-protein phosphatase non-receptor type 23-like, transcript variant X1","liver"
"ND3",1481.12680807825,-0.0621851105605674,0.112718551742925,0.186087573370692,0.506741331289122,NA,"liver"
"LOC115145835",55.0367864736647,-0.062298442652978,0.111057578013533,0.204797971846517,0.527263725054919,"programmed cell death protein 4-like","liver"
"LOC115130171",139.793269906846,-0.0623250593216054,0.0859482809098248,0.305796836123322,0.621724500090845,"histone-lysine N-methyltransferase 2C-like, transcript variant X1","liver"
"LOC115136143",780.886216796904,-0.0623703391234233,0.101695951043152,0.274457091108904,0.594850186718186,"sodium-coupled neutral amino acid transporter 3-like, transcript variant X1","liver"
"LOC115141651",123.869199202546,-0.0623936001181145,0.0962123168488488,0.29419924819369,0.612625476630534,"uncharacterized protein KIAA1671-like, transcript variant X1","liver"
"LOC115135942",657.898217140577,-0.0625114386355283,0.0831579161934165,0.30274996261782,0.619995026819082,"drebrin-like","liver"
"apmap",53.9298306053332,-0.0625258075388683,0.11494965282592,0.153338807953889,0.468257953029076,"adipocyte plasma membrane associated protein, transcript variant X1","liver"
"rngtt",43.5097755632652,-0.0626245135207188,0.0927630901510659,0.299468839094468,0.616181146329215,"RNA guanylyltransferase and 5'-phosphatase","liver"
"LOC115125935",40.8837902566521,-0.0626851281040236,0.0866051788368324,0.303145136399527,0.620514865377448,"cytoplasmic FMR1-interacting protein 1 homolog","liver"
"LOC115105818",59.5707357768744,-0.0626875188888153,0.103441544380523,0.263032945507662,0.584678744226875,"histone-lysine N-methyltransferase SETD1B-A-like, transcript variant X2","liver"
"LOC115113139",202.281570975328,-0.0627651031344791,0.118886719297907,0.0844301836484189,0.370644092372985,"reticulon-4-like, transcript variant X1","liver"
"LOC115128592",45.2935398280918,-0.0628686809819452,0.0995276226162746,0.280015557345989,0.600435067316866,"tRNA (cytosine(34)-C(5))-methyltransferase-like, transcript variant X2","liver"
"ppp1r36",58.3627379523823,-0.0628733137728271,0.10265232491673,0.265931418574557,0.586799882416861,"protein phosphatase 1 regulatory subunit 36, transcript variant X1","liver"
"LOC115106304",256.236072022935,-0.0629940926808643,0.0992706665065924,0.280044194038455,0.600435067316866,"forkhead box protein K2-like, transcript variant X2","liver"
"foxn3",97.3043776837059,-0.0631046735235103,0.0954770686190571,0.290619757131814,0.609071695904314,"forkhead box N3","liver"
"LOC115141162",46.478539949446,-0.0631540945932775,0.117563240929665,0.107239798695028,0.407683533708196,"protein Aster-A-like, transcript variant X2","liver"
"LOC115130050",47.8196113851931,-0.0632154436944957,0.0940350090383975,0.292826666782969,0.611718867767004,"lysine-specific demethylase 2A-like","liver"
"LOC115121214",212.143802695821,-0.0632544154704507,0.115871250817103,0.135086081381627,0.446371250594239,"phosphatidylserine decarboxylase proenzyme, mitochondrial-like, transcript variant X4","liver"
"LOC115122602",277.49078087595,-0.063255336292867,0.0839881423695957,0.297716043792263,0.614141316496572,"threonine--tRNA ligase, cytoplasmic-like","liver"
"LOC115111239",114.045174246116,-0.063262289835579,0.0864734015254477,0.298722156082786,0.615511155341768,"nipped-B-like protein A, transcript variant X2","liver"
"LOC115129295",86.759019481204,-0.0633019587062068,0.106856774836089,0.236195917912062,0.554726352966516,"mitogen-activated protein kinase kinase kinase kinase 4-like, transcript variant X3","liver"
"auh",97.0551936111521,-0.0633231689403621,0.0987584725479444,0.279435133833956,0.600188762825301,"AU RNA binding methylglutaconyl-CoA hydratase, transcript variant X2","liver"
"LOC115101981",182.587593862941,-0.0633710140096838,0.0687355130055212,0.262490830030117,0.583982488456375,"F-actin-capping protein subunit alpha-1-like","liver"
"LOC115128358",75.4930165774842,-0.0634487011054042,0.0889927846435308,0.296895708150031,0.613485955256509,"chromodomain-helicase-DNA-binding protein 4-like, transcript variant X14","liver"
"LOC115122923",133.686379163842,-0.0634586737592132,0.118616798753087,0.0867925776406563,0.373214694104452,"regulator of G-protein signaling 3-like, transcript variant X4","liver"
"LOC115115437",51.1548140544986,-0.0635049787225832,0.119640070380174,0.0673296551727319,0.334728191563601,"alpha-2A adrenergic receptor-like","liver"
"LOC115108065",81.6331559547403,-0.0635532898132232,0.0868962876636982,0.296555136077193,0.613355616585784,"mitofusin-1-like, transcript variant X3","liver"
"LOC115139552",43.4806065964705,-0.0636053203776866,0.0904551247395557,0.294743323308231,0.612625476630534,"ephrin type-B receptor 3-like, transcript variant X1","liver"
"LOC115142929",131.076857021716,-0.0636192747174611,0.0843272772211554,0.295183566803973,0.612625476630534,"bombesin receptor-activated protein C6orf89 homolog, transcript variant X3","liver"
"LOC115144078",99.1898257242906,-0.0636212226383614,0.0704224245769779,0.266585493871635,0.586799882416861,"protein transport protein Sec24C-like, transcript variant X1","liver"
"LOC115105691",47.8316022523517,-0.063638559020565,0.0820613009090516,0.293042716579479,0.611799858407674,"dual specificity tyrosine-phosphorylation-regulated kinase 1A-like, transcript variant X3","liver"
"LOC115108124",42.4206897078381,-0.0636660534915938,0.0895601966566995,0.294945309771449,0.612625476630534,"rab GTPase-activating protein 1-like, transcript variant X1","liver"
"LOC115135267",73.4088118098819,-0.0637253101950442,0.0792595463633496,0.288419203534905,0.607169488740835,"poly(rC)-binding protein 2-like, transcript variant X4","liver"
"LOC115133094",75.0522462995773,-0.0638421171480324,0.107352918145507,0.228581343297225,0.548012851064174,"ADP-sugar pyrophosphatase-like","liver"
"LOC115104089",112.294883582596,-0.0638882902481724,0.0842623026358053,0.293113463866943,0.611799858407674,"LIM and SH3 domain protein 1-like","liver"
"LOC115101056",77.1160840562052,-0.0639796173236571,0.113631037919186,0.16320303603758,0.480055247576905,"tubulin alpha chain, testis-specific, transcript variant X2","liver"
"LOC115131511",57.5287314166236,-0.0640451000374953,0.109072883964108,0.212699009368948,0.536834424182871,"thioredoxin-interacting protein-like","liver"
"LOC115107164",100.945889258841,-0.0640573011337162,0.0941382576241947,0.286324981494474,0.606070779580012,"myosin phosphatase Rho-interacting protein-like","liver"
"LOC115135910",362.415971533967,-0.0640631085575834,0.108383755912231,0.218626198610933,0.539546388221831,"vacuole membrane protein 1-like, transcript variant X3","liver"
"LOC115117308",59.5924153920835,-0.0641362093736594,0.101798546985953,0.260939820786817,0.582548923749453,"ubiquitin-conjugating enzyme E2 H-like","liver"
"ttc3",96.3577878632929,-0.0641987369994952,0.0852598559646593,0.291319481838833,0.610236185380366,"tetratricopeptide repeat domain 3, transcript variant X1","liver"
"LOC115105132",226.637242111735,-0.064302685097812,0.0744015019442966,0.273497384802345,0.594367295840662,"repressor of RNA polymerase III transcription MAF1 homolog","liver"
"LOC115101296",49.1702445733934,-0.0644309073373891,0.102143823456985,0.257144096527387,0.578691433304306,"55 kDa erythrocyte membrane protein-like","liver"
"LOC115134076",57.3843038038965,-0.0645609194546092,0.103316915386319,0.250132717335423,0.570371204086373,"trafficking protein particle complex subunit 10-like","liver"
"LOC115120287",107.843088601746,-0.0646010595240709,0.0727082558348491,0.266536721765528,0.586799882416861,"amino-terminal enhancer of split-like, transcript variant X1","liver"
"LOC115118061",204.489417445467,-0.0646124229414287,0.093277662826417,0.283739410469471,0.603867892636403,"NEDD4 family-interacting protein 1-like, transcript variant X1","liver"
"LOC115101172",50.4785421061904,-0.0646436331855984,0.078023785248101,0.279289155889745,0.600188762825301,"far upstream element-binding protein 3-like, transcript variant X1","liver"
"LOC115122691",64.9681087495315,-0.0646610024432494,0.0980256358479629,0.272034335774251,0.593151548830482,"SHC-transforming protein 1-like","liver"
"LOC115134075",46.8081985009598,-0.0647029875560648,0.0956217727268019,0.278396630349704,0.599247950802299,"protein-methionine sulfoxide oxidase mical3a-like, transcript variant X2","liver"
"nfe2l1",51.0510428952391,-0.0648371289692487,0.077166326942407,0.276114384084591,0.597295713617471,"nuclear factor, erythroid 2 like 1, transcript variant X3","liver"
"LOC115101036",62.4443356792145,-0.0648625461655382,0.0843184129134344,0.285882410149392,0.606070779580012,"protein kish-A","liver"
"LOC115117050",56.3990907314575,-0.0650172521497383,0.0972577815403463,0.271792398808033,0.593151548830482,"collagen alpha-1(V) chain-like","liver"
"LOC115103896",43.1996325690962,-0.0650374603156631,0.0907156275881824,0.283865143739474,0.603881914677118,"vacuolar protein sorting-associated protein 54-like","liver"
"LOC115130495",83.7449440650072,-0.0651535716317211,0.0826706978050174,0.282387756661954,0.602529786046109,"heterogeneous nuclear ribonucleoprotein A0-like, transcript variant X1","liver"
"LOC115134949",2810.88073174389,-0.0651780045505972,0.107923746061496,0.214919457090452,0.53863747497977,"S-adenosylmethionine synthase-like","liver"
"LOC115128399",333.308599382815,-0.0652007989629821,0.097267332445096,0.270436088686098,0.59181478942702,"class I histocompatibility antigen, F10 alpha chain-like, transcript variant X2","liver"
"ND4",3152.15047395693,-0.0652445600675289,0.0916019107148671,0.28143404617127,0.601657184658459,NA,"liver"
"map3k1",38.404189688217,-0.0654734734503844,0.101418322317091,0.25314066450889,0.573758406992048,"mitogen-activated protein kinase kinase kinase 1, transcript variant X2","liver"
"LOC115109709",58.8187950020235,-0.0655039419172465,0.0854502565756381,0.281745710053584,0.602088155092847,"uncharacterized LOC115109709, transcript variant X5","liver"
"LOC115135241",43.6946557885539,-0.0655331910485016,0.118867136681766,0.074612924814925,0.350469695095729,"transmembrane protein 229B-like","liver"
"LOC115123827",39.0226104816035,-0.0655339715587204,0.118328180232271,0.0839025190978195,0.369799861691092,"leucine-rich repeat and fibronectin type-III domain-containing protein 2-like","liver"
"LOC115113229",46.4223189793212,-0.0656038523362127,0.113478350162987,0.155710578258059,0.470129371574867,"galactosylgalactosylxylosylprotein 3-beta-glucuronosyltransferase 2-like, transcript variant X2","liver"
"LOC115114304",88.6595201130447,-0.065640661179289,0.108014371633124,0.211112801771042,0.534503533093858,"acyl-coenzyme A thioesterase 11-like, transcript variant X2","liver"
"LOC115129725",48.7630534603843,-0.0657275716710275,0.111818773659618,0.174467148186031,0.493260650304622,"nck-associated protein 5-like, transcript variant X1","liver"
"LOC115130320",83.5817534675796,-0.0659140145142403,0.110020081028001,0.191717258367473,0.512957203882719,"ADP-ribosyl cyclase/cyclic ADP-ribose hydrolase 1-like, transcript variant X2","liver"
"LOC115135377",45.6881752510505,-0.0659170980878632,0.103625990142016,0.238930000908704,0.558263754304206,"cadherin-23-like","liver"
"LOC115118033",143.614818585025,-0.0660308926949738,0.0881685801255941,0.278102781560535,0.599072226131546,"small ubiquitin-related modifier 3-like","liver"
"LOC115110164",153.227779595748,-0.066045926737001,0.0961735940308171,0.267340686607935,0.587340805424159,"endoplasmic reticulum membrane sensor NFE2L1-like","liver"
"LOC115127845",41.3237218114987,-0.066060308353968,0.0880000620736129,0.277929583127916,0.598955991697286,"paired amphipathic helix protein Sin3a-like","liver"
"LOC115133082",138.463133313345,-0.0661149242714358,0.100756028843592,0.251533847102147,0.571708608865431,"DNA/RNA-binding protein KIN17-like","liver"
"plekha1",49.7106472278983,-0.0661533150874002,0.0856087822497321,0.277085594509697,0.598360085001292,"pleckstrin homology domain containing A1, transcript variant X3","liver"
"LOC115135978",43.2063368282264,-0.0661632878938013,0.098058159771365,0.261147260437985,0.582781593846982,"uncharacterized LOC115135978, transcript variant X1","liver"
"LOC115144941",43.4995495144002,-0.0661646282787165,0.117240833118746,0.0993087467515043,0.393748022583563,"procollagen galactosyltransferase 2-like","liver"
"dcp2",61.5348186974042,-0.066181109217493,0.0871235835435269,0.277151071611369,0.598360085001292,"decapping mRNA 2, transcript variant X1","liver"
"LOC115143141",382.65337356667,-0.0661960786957653,0.0917291218538456,0.27439599974632,0.594850186718186,"guanine nucleotide-binding protein G(i) subunit alpha-2-like","liver"
"LOC115105411",367.592504420641,-0.0662377383610067,0.0951320606756625,0.268421709818111,0.588508876769959,"opioid-binding protein/cell adhesion molecule homolog, transcript variant X2","liver"
"LOC115130759",59.1889106599383,-0.0663207594888911,0.101839757165885,0.245270845996487,0.563155427611292,"signal recognition particle subunit SRP72-like","liver"
"LOC115138682",42.7308876342001,-0.0663462869823727,0.0923838269420151,0.272489894588897,0.593319685633981,"REST corepressor 1-like, transcript variant X1","liver"
"LOC115102560",48.4253875412344,-0.0664280242600111,0.0973681043216059,0.261380323893521,0.582918957157972,"proliferation-associated protein 2G4-like, transcript variant X1","liver"
"ogt",85.900122718607,-0.0664282374326389,0.0921068172912028,0.272269642409992,0.593151548830482,"O-linked N-acetylglucosamine (GlcNAc) transferase, transcript variant X1","liver"
"LOC115127920",203.864664397272,-0.066435568415585,0.115479007638776,0.124572164984959,0.431212272862165,"NADPH oxidase organizer 1-like, transcript variant X2","liver"
"LOC115141184",245.568718541972,-0.0665032454669565,0.0836429413759588,0.273442142470217,0.594367295840662,"natural resistance-associated macrophage protein 2-like, transcript variant X1","liver"
"LOC115104260",63.0120873347406,-0.0665414559536849,0.0859285629927834,0.274392445842465,0.594850186718186,"protein LSM12 homolog A-like","liver"
"LOC115112901",68.9318946927137,-0.0668494496297277,0.112797549091639,0.156866691049204,0.471017647908775,"serine/threonine-protein kinase SIK2-like, transcript variant X1","liver"
"LOC115102673",45.8712500607129,-0.0668511516250558,0.0932250444802914,0.267658091907926,0.587557382158689,"adenylate cyclase type 6-like, transcript variant X2","liver"
"LOC115125938",49.2002961651742,-0.0668589773051477,0.111487620124014,0.171274798645473,0.488303478666881,"eukaryotic translation initiation factor 5B-like","liver"
"nrxn1",49.777962499636,-0.0669266559694156,0.103514207263035,0.232657044741916,0.552118036516239,"neurexin 1, transcript variant X14","liver"
"LOC115111654",65.7374685505061,-0.0672404805839863,0.0957755075750862,0.259886545186017,0.581577262830064,"RNA-binding protein EWS-like, transcript variant X3","liver"
"LOC115108371",70.9895945529219,-0.0672610569294817,0.0815759429696682,0.265951830241957,0.586799882416861,"UDP-N-acetylglucosamine transporter-like","liver"
"LOC115134161",62.7159946860653,-0.0673321407346627,0.109028378939468,0.191814477983182,0.512957203882719,"low-density lipoprotein receptor class A domain-containing protein 3-like","liver"
"LOC115110066",415.888824920636,-0.0673424313983189,0.106065965527875,0.21438890190469,0.537973217846168,"thyroid hormone receptor alpha","liver"
"LOC115106410",62.3789376093677,-0.0676466020736123,0.0901006333419882,0.265658393104402,0.586799882416861,"inhibitor of Bruton tyrosine kinase-like","liver"
"LOC115109083",102.36336559205,-0.0676534396408232,0.0719522324729321,0.242359990416918,0.561279686595605,"rab GTPase-activating protein 1-like, transcript variant X2","liver"
"ddah1",149.220797867197,-0.06769723622838,0.0895764482309094,0.265650343275017,0.586799882416861,"dimethylarginine dimethylaminohydrolase 1, transcript variant X1","liver"
"LOC115135443",224.884238449321,-0.0677194981984214,0.108295303677031,0.195508771758157,0.516373105531695,"putative monooxygenase p33MONOX, transcript variant X2","liver"
"LOC115105257",56.4814558762868,-0.0677468917501375,0.0917927726258124,0.263348247685601,0.585080887415739,"AF4/FMR2 family member 4-like, transcript variant X2","liver"
"epas1",64.245903524801,-0.0677505847822233,0.096082692174811,0.255604659636887,0.577630931216552,"endothelial PAS domain protein 1, transcript variant X2","liver"
"LOC115112936",393.04711362681,-0.0678661544343011,0.105267865121305,0.216176923300092,0.53945350662649,"discoidin, CUB and LCCL domain-containing protein 2-like, transcript variant X1","liver"
"leng8",106.041549327648,-0.0680325432237667,0.0864359265718238,0.263956843131253,0.585349700046761,"leukocyte receptor cluster member 8","liver"
"LOC115108622",42.4513539986619,-0.0682288449045283,0.0993585538377959,0.242468504627112,0.561279686595605,"terminal uridylyltransferase 4-like, transcript variant X2","liver"
"LOC115123176",41.4494458206278,-0.0683551442252992,0.104609109691196,0.21701279991742,0.539546388221831,"protein PRRC2B-like, transcript variant X1","liver"
"LOC115138095",143.62941348637,-0.0683732213188445,0.0918057986700748,0.258990824874913,0.580755552527059,"DENN domain-containing protein 4C-like, transcript variant X3","liver"
"LOC115104247",3733.68690228318,-0.0684011379653273,0.101561206949643,0.232445078078696,0.551886001191051,"type-4 ice-structuring protein LS-12-like","liver"
"LOC115105097",137.718076392989,-0.0684568337475605,0.093069692015481,0.256711502945827,0.578394914869505,"ras-related protein Rab-18-like","liver"
"LOC115111782",51.2635268692811,-0.0685283144721238,0.0838005615892449,0.259286265401636,0.580924704149857,"nucleolysin TIA-1-like, transcript variant X1","liver"
"LOC115113651",50.5784482842188,-0.0686114683036774,0.0882989182867449,0.25984907396081,0.581577262830064,"SAFB-like transcription modulator","liver"
"LOC115127886",119.228400693756,-0.068707368040583,0.088370562160989,0.259168689075814,0.58089178980629,"transmembrane protein 131-like","liver"
"LOC115130328",47.5271939333332,-0.0688561457822467,0.0893917957536691,0.257726397590327,0.579337196460568,"serine/threonine-protein kinase PRP4 homolog","liver"
"LOC115106399",108.481532978382,-0.0688660274480574,0.0775318242033418,0.248177334707139,0.567981042463115,"Golgi to ER traffic protein 4 homolog","liver"
"LOC115127643",7028.43452805502,-0.0689479822407389,0.10127331846243,0.230101017733581,0.549691857548187,"sulfotransferase family cytosolic 2B member 1-like, transcript variant X1","liver"
"p4ha3",48.0245280932398,-0.0689569425077438,0.10931671924523,0.179507763064088,0.500072644392109,"prolyl 4-hydroxylase subunit alpha 3, transcript variant X2","liver"
"LOC115118064",39.1254676563,-0.0689769565043409,0.0992635242907345,0.237796516372468,0.556864011380736,"cytochrome b-c1 complex subunit 8-like","liver"
"LOC115105101",40.8756996392668,-0.0690596474111826,0.0771545197813005,0.246078022911604,0.564549580397773,"WW domain-containing adapter protein with coiled-coil-like, transcript variant X1","liver"
"LOC115139242",51.4689117194131,-0.0690654899014274,0.0892111208356101,0.256387301841342,0.578331085176276,"Golgi resident protein GCP60-like, transcript variant X1","liver"
"ifi27",141.402022645548,-0.0690934680612036,0.116794774488351,0.0940270223029277,0.384477153098061,"interferon alpha inducible protein 27","liver"
"LOC115107163",134.015503462728,-0.069238989891674,0.0765243186068459,0.243503142493038,0.561511432118534,"E3 ubiquitin-protein ligase MYCBP2, transcript variant X16","liver"
"LOC115135561",49.9145408265914,-0.0692605455260661,0.105927041208522,0.203095140648418,0.525034415797146,"choline-phosphate cytidylyltransferase B-like, transcript variant X2","liver"
"LOC115104489",72.4827739049037,-0.0692834045306887,0.0995569449068696,0.234715699196003,0.553418876637302,"histone-lysine N-methyltransferase 2C-like","liver"
"LOC115133797",102.23262245144,-0.0693367362412575,0.0798743062290854,0.249161301605513,0.569186243749624,"golgin subfamily B member 1-like","liver"
"LOC115101974",39.7311783137729,-0.0694568341927633,0.11615887302981,0.101403783769795,0.396817826327715,"SRSF protein kinase 3-like, transcript variant X2","liver"
"LOC115129422",48.7716029411615,-0.0694592227248656,0.0999497550488322,0.232104132631937,0.551308343643213,"vascular endothelial growth factor receptor kdr-like","liver"
"LOC115138927",195.825513905036,-0.0694794681802405,0.0867087682320095,0.254034908508513,0.575092659759047,"DNA-binding protein inhibitor ID-3-A-like","liver"
"LOC115125623",294.981291187707,-0.0695388117778566,0.0912469135394912,0.251652186792198,0.571708608865431,"sterol-4-alpha-carboxylate 3-dehydrogenase, decarboxylating-like, transcript variant X2","liver"
"ppig",72.1278911676522,-0.0697153325285935,0.0889586063725822,0.25209221754144,0.571841165222568,"peptidylprolyl isomerase G","liver"
"LOC115103278",62.3416970665852,-0.0697709603663944,0.0858716609013563,0.251887752650743,0.571708608865431,"60S ribosomal protein L5-like","liver"
"LOC115133272",254.858761994681,-0.0698077853328678,0.111483563140513,0.154657158033478,0.468955055991954,"6-phosphofructo-2-kinase/fructose-2,6-bisphosphatase-like","liver"
"nbn",43.6968408774187,-0.0698450743980405,0.0934488760246609,0.246717859808737,0.565395034613027,"nibrin","liver"
"LOC115109456",124.433117103967,-0.0698590399642593,0.108545816610263,0.180570703100022,0.501354165896467,"tensin-1-like, transcript variant X4","liver"
"LOC115145977",42.376774795683,-0.0698660637552446,0.0997154663429491,0.230319085967492,0.549844211151146,"actin-histidine N-methyltransferase-like, transcript variant X4","liver"
"LOC115109719",66.0754983267604,-0.0698716630901016,0.0946553985598105,0.244383061856818,0.561802429659443,"ETS domain-containing protein Elk-3-like","liver"
"LOC115138664",67.8668879281411,-0.0698961693837437,0.0962114575550389,0.240788267115607,0.560614662323595,"F-box only protein 33-like","liver"
"LOC115115814",39.1955218551812,-0.0699804399722539,0.0990466694773379,0.231944662466585,0.551308343643213,"eukaryotic peptide chain release factor subunit 1-like, transcript variant X1","liver"
"LOC115113481",381.59645537633,-0.0701262882203012,0.116901209643269,0.0885602852526868,0.375665943303283,"CUGBP Elav-like family member 1, transcript variant X4","liver"
"LOC115126915",46.36660057343,-0.0701978271671588,0.102123525571157,0.218218706555224,0.539546388221831,"NLR family CARD domain-containing protein 3-like, transcript variant X2","liver"
"LOC115131661",54.2015567770093,-0.0703261628747461,0.089726433683617,0.2476008379571,0.566891456247278,"CCR4-NOT transcription complex subunit 3-like, transcript variant X2","liver"
"LOC115128188",51.0334419792283,-0.0703293619882612,0.0790741904900886,0.241161369634665,0.561246315689531,"ubiquitin-associated protein 2-like, transcript variant X13","liver"
"LOC115132660",168.015774156271,-0.0704328408627804,0.0736376128186225,0.228395231129498,0.54794786447927,"E3 ubiquitin-protein ligase UBR4-like","liver"
"LOC115106670",42.0111390035641,-0.0704802438394524,0.0866238742771788,0.247293319875461,0.566417072623469,"KAT8 regulatory NSL complex subunit 1-like, transcript variant X2","liver"
"LOC115114248",92.0065951230705,-0.0704802919814891,0.100403050200982,0.22374927999621,0.542416674477718,"ATP-binding cassette sub-family F member 2-like, transcript variant X1","liver"
"aacs",629.923302837311,-0.0705032468377055,0.115057079027111,0.111271204120856,0.413586055606553,"acetoacetyl-CoA synthetase","liver"
"myd88",43.8822907674096,-0.0707270098255523,0.0928988731659639,0.241716248526957,0.561279686595605,"MYD88 innate immune signal transduction adaptor","liver"
"LOC115126697",219.207057769598,-0.0707824615124591,0.101026800130124,0.219316146115675,0.539546388221831,"uncharacterized protein C6orf62 homolog","liver"
"LOC115140822",46.9788528096763,-0.070837256267881,0.0824062113092778,0.242395646605381,0.561279686595605,"histone-lysine N-methyltransferase 2A-like, transcript variant X1","liver"
"LOC115112100",142.069399713335,-0.0709062652495776,0.114320209439389,0.118381003296323,0.421746217368234,"7-dehydrocholesterol reductase-like","liver"
"fars2",54.7294700650802,-0.07091272162607,0.0830909967146396,0.242565078868806,0.561279686595605,"phenylalanyl-tRNA synthetase 2, mitochondrial","liver"
"LOC115126213",50.3610317164251,-0.0709422784316986,0.114904263859502,0.11123190937954,0.413586055606553,"collagen alpha-2(VI) chain-like","liver"
"LOC115118791",52.139824584738,-0.071010492653874,0.098312429655576,0.227689512763119,0.547735402241402,"tyrosine-protein phosphatase non-receptor type 11-like, transcript variant X2","liver"
"LOC115120858",88.7785104253925,-0.071050095108986,0.0945521360372847,0.236835232384097,0.555534575006486,"uncharacterized LOC115120858","liver"
"LOC115107209",321.044373961798,-0.0713220858525859,0.108213286104487,0.174714657009633,0.493713189928123,"cadherin-23-like","liver"
"LOC115143505",74.281265535009,-0.0715237150619081,0.0981488043001395,0.224923651392819,0.544562150842134,"uncharacterized LOC115143505, transcript variant X3","liver"
"LOC115128231",104.027513603728,-0.0715697526657768,0.0907239781936219,0.238694271724098,0.558263754304206,"dolichyl-diphosphooligosaccharide--protein glycosyltransferase subunit STT3B, transcript variant X2","liver"
"LOC115144050",54.8598175714496,-0.0715920789699176,0.10639554760508,0.185973000829947,0.506741331289122,"lysosomal acid lipase/cholesteryl ester hydrolase-like, transcript variant X2","liver"
"LOC115134557",39.5438593422796,-0.0716844039324181,0.0899552567510917,0.238527596993552,0.558113059521589,"PHD finger protein 21A-like, transcript variant X6","liver"
"ncl",370.396478814276,-0.0717322487766653,0.0869689234477598,0.239086389994256,0.558263754304206,"nucleolin","liver"
"LOC115108210",38.3320970859296,-0.0719752709171613,0.0964171527608139,0.226824081038385,0.546818429352144,"serine/arginine-rich splicing factor 11-like, transcript variant X1","liver"
"LOC115124445",186.496246085948,-0.0720704449877456,0.0758536610316402,0.223298765638326,0.541885278714501,"protein SON-like","liver"
"LOC115138671",132.521421890885,-0.0721499372364618,0.0893052690033428,0.23589132320378,0.554351329736259,"disheveled-associated activator of morphogenesis 1-like, transcript variant X2","liver"
"LOC115136710",51.0942455305376,-0.0722041819604305,0.101365599343177,0.209059634489119,0.532323545319732,"endothelial cell-selective adhesion molecule-like, transcript variant X1","liver"
"LOC115105519",63.825344363325,-0.072262135112939,0.105280285683659,0.189004824776055,0.509765257826169,"thyroid hormone receptor-associated protein 3-like, transcript variant X8","liver"
"LOC115140217",57.113804214308,-0.072555123165149,0.0895860655893368,0.233149301559562,0.552164830790808,"autism susceptibility gene 2 protein-like, transcript variant X1","liver"
"LOC115131546",107.991977833189,-0.0726624813392157,0.0910650862129138,0.231375496762771,0.551185855513596,"chromatin target of PRMT1 protein-like","liver"
"LOC115142900",76.9325733756836,-0.0728401593724956,0.0845140411515636,0.231131261183901,0.551084079663979,"msx2-interacting protein-like, transcript variant X5","liver"
"LOC115101624",104.951186206357,-0.0729569094976854,0.0974433796096729,0.218003919510751,0.539546388221831,"renin-like","liver"
"ogg1",58.1336987309133,-0.0732846776975905,0.0905096828210104,0.227918919268936,0.547820441972078,"8-oxoguanine DNA glycosylase, transcript variant X2","liver"
"LOC115141323",46.8567121299006,-0.0733365091501468,0.0849757719882897,0.228242726851077,0.54794786447927,"BTB/POZ domain-containing adapter for CUL3-mediated RhoA degradation protein 2-like","liver"
"LOC115114349",46.9491246451534,-0.073369821410886,0.0804398434303522,0.22360826174531,0.542307665727671,"partitioning defective 3 homolog, transcript variant X3","liver"
"LOC115141109",63.0625259212627,-0.0733721465040082,0.0999529425098884,0.207488162887604,0.531523669538754,"eukaryotic translation initiation factor 3 subunit A-like, transcript variant X2","liver"
"LOC115138198",64.8203038922052,-0.0733775228577014,0.104958938638436,0.184426052804871,0.505718320105893,"cGMP-specific 3',5'-cyclic phosphodiesterase-like, transcript variant X3","liver"
"LOC115120833",50.8694693385238,-0.0734010358712897,0.0959226820389978,0.219085952286696,0.539546388221831,"cell division cycle and apoptosis regulator protein 1-like, transcript variant X1","liver"
"LOC115113633",107.050192283694,-0.0734686438852625,0.0847177947116675,0.227272966996724,0.547242512322802,"RNA polymerase-associated protein CTR9 homolog","liver"
"LOC115129322",97.9833221249467,-0.0734976725530163,0.0805759557167395,0.222997939501716,0.541885278714501,"heterogeneous nuclear ribonucleoprotein A/B-like","liver"
"LOC115140889",1355.66149097853,-0.0735592623715897,0.0756606473129215,0.213458870706849,0.537410714354654,"transmembrane protein 91-like","liver"
"LOC115113827",53.9034519014123,-0.0735758531263788,0.0895585318495087,0.226718278856631,0.546818429352144,"trinucleotide repeat-containing gene 6B protein-like","liver"
"LOC115137153",65.8272347235577,-0.0735883781835598,0.0781543164507134,0.218478184557198,0.539546388221831,"AP-2 complex subunit mu-B-like, transcript variant X1","liver"
"LOC115143874",47.1287460717362,-0.0736622615446945,0.0920301921252086,0.224091387855074,0.542779912410874,"SUMO-conjugating enzyme UBC9-B-like, transcript variant X3","liver"
"LOC115118700",53.138220106475,-0.0737103235053077,0.0987678836245092,0.209472527690363,0.532424185469124,"xanthine dehydrogenase/oxidase-like","liver"
"LOC115134080",72.5817472789408,-0.0737617179830988,0.0989313151347839,0.208638926157991,0.532113426278015,"thromboxane-A synthase-like, transcript variant X1","liver"
"LOC115131769",70.3753350251305,-0.0737770395206967,0.0802404127264124,0.220769997394621,0.540533521245151,"heterogeneous nuclear ribonucleoprotein R-like, transcript variant X4","liver"
"tp53i11",106.123893112439,-0.0738598384346791,0.0925676513369377,0.222206406542774,0.541586952567353,"tumor protein p53 inducible protein 11, transcript variant X1","liver"
"LOC115110310",144.300949436691,-0.0739401657304887,0.108199720491053,0.160465591565331,0.477338635394026,"protein tweety homolog 3-like, transcript variant X1","liver"
"fbf1",42.7377953065512,-0.0739677581269614,0.0948788351163531,0.217804296989014,0.539546388221831,"Fas binding factor 1, transcript variant X2","liver"
"LOC115125774",123.388559977589,-0.0740033967695841,0.0835859246421574,0.223157767796968,0.541885278714501,"glycerol-3-phosphate acyltransferase 3-like","liver"
"LOC115133564",72.4790392660211,-0.0741247245744562,0.0939403238662931,0.218540025865997,0.539546388221831,"serine/threonine-protein phosphatase 2B catalytic subunit alpha isoform, transcript variant X1","liver"
"LOC115140248",158.603254209575,-0.0741253689621319,0.0982141805834832,0.208681649683766,0.532113426278015,"nucleolysin TIA-1-like, transcript variant X3","liver"
"LOC115120351",253.481038812746,-0.0741338366273056,0.0826943416151991,0.221554517100492,0.541586952567353,"non-muscle caldesmon-like, transcript variant X1","liver"
"mettl8",51.7477787355475,-0.0742917208258521,0.085339456304424,0.222447775948227,0.541586952567353,"methyltransferase like 8, transcript variant X1","liver"
"LOC115131908",65.5717149249974,-0.0742938807927821,0.0832806077778195,0.221102835228339,0.541112530428783,"bromodomain adjacent to zinc finger domain protein 2A-like, transcript variant X2","liver"
"LOC115111123",61.1407853420651,-0.0743763448704012,0.109068433337147,0.151733173691709,0.467477638452471,"5-hydroxyisourate hydrolase-like","liver"
"LOC115136908",164.848051197415,-0.0743842271255339,0.0819412947280511,0.219211417245164,0.539546388221831,"E3 ubiquitin-protein ligase TRIP12-like, transcript variant X2","liver"
"LOC115103362",265.39008183329,-0.0743869083159216,0.103873446002677,0.184536301365857,0.505718320105893,"transferrin receptor protein 1-like, transcript variant X1","liver"
"LOC115101081",40.3673227110367,-0.0744002127979482,0.0957624601581299,0.21334889646502,0.537410714354654,"calcium channel flower homolog","liver"
"LOC115105055",81.9622908147973,-0.0744337675411002,0.0953746334318458,0.213974368733486,0.537410714354654,"calponin-3-like","liver"
"LOC115113379",262.718758190045,-0.0745015749637983,0.098249046035187,0.206332043624404,0.529763855526779,"eukaryotic translation initiation factor 3 subunit A-like, transcript variant X1","liver"
"LOC115138599",54.5941975058408,-0.0745027827004767,0.0800189083675294,0.215950707010327,0.53945350662649,"cell division cycle 5-like protein, transcript variant X6","liver"
"LOC115118594",61.182593740673,-0.0746531976441466,0.0916856395323158,0.218379334895059,0.539546388221831,"serine/arginine repetitive matrix protein 2-like, transcript variant X1","liver"
"LOC115131343",60.8390969897757,-0.0746710569246801,0.08738054691801,0.220534688657895,0.540533521245151,"focal adhesion kinase 1-like, transcript variant X19","liver"
"setx",67.3190015123119,-0.0747519661199415,0.0871699892010783,0.220037891042315,0.539910444513216,"senataxin","liver"
"kmt2d",45.3641485292637,-0.0747909751713311,0.0890773768874656,0.219439797969017,0.539615461381999,"lysine methyltransferase 2D","liver"
"LOC115141619",54.8183062864047,-0.0748136509064533,0.097058061802862,0.207781366736364,0.532033377139915,"serine/threonine-protein kinase SIK3 homolog","liver"
"LOC115108417",50.4868207180096,-0.0748900296244609,0.0904079625994686,0.218078573347459,0.539546388221831,"formin-binding protein 1-like, transcript variant X3","liver"
"LOC115139492",45.4933262972225,-0.0749070543700635,0.0855728555773756,0.21876024392252,0.539546388221831,"TGF-beta-activated kinase 1 and MAP3K7-binding protein 2-like, transcript variant X2","liver"
"LOC115138047",18073.1828018256,-0.0750834308230232,0.096552308417802,0.207442051552835,0.531523669538754,"histidine-rich glycoprotein-like","liver"
"LOC115103395",52.5869088698342,-0.0751034993849933,0.101675570581873,0.190634057378832,0.512013194604582,"PDZ domain-containing protein GIPC1-like","liver"
"LOC115128705",170.566461295083,-0.0751292726055626,0.0889922968313219,0.217415798963895,0.539546388221831,"probable acyl-CoA dehydrogenase 6","liver"
"LOC115146285",176.649313934856,-0.0751468146910232,0.0878734987928289,0.217596637224298,0.539546388221831,"uncharacterized protein KIAA1522 homolog, transcript variant X1","liver"
"LOC115102995",81.7592348727056,-0.075342789486218,0.107869362487906,0.155491874971019,0.469720238676496,"desmoplakin-like, transcript variant X2","liver"
"LOC115112174",167.459990961164,-0.0753620359766753,0.0980417900367421,0.201867646955194,0.52329877626677,"tight junction protein ZO-1-like","liver"
"LOC115125989",41.3854328279142,-0.0755437146924913,0.0885383902370434,0.215063881143086,0.538709260396567,"poly [ADP-ribose] polymerase tankyrase-1-like","liver"
"LOC115139611",378.979145677027,-0.0756798933707423,0.108786294200365,0.147282348149203,0.461719121404997,"unconventional myosin-VI-like, transcript variant X10","liver"
"nadsyn1",45.4121911284218,-0.0757145288031707,0.0943601280991767,0.208263745509244,0.532113426278015,"NAD synthetase 1","liver"
"LOC115124033",61.1449300620569,-0.0757383073034486,0.111467426229855,0.125486068843184,0.431950345182262,"microfibril-associated glycoprotein 4-like","liver"
"LOC115120012",113.425963109728,-0.075794790441432,0.0759496401742966,0.200547714886363,0.522516104406278,"glypican-4-like","liver"
"LOC115128322",72.406425007279,-0.0758222025792572,0.0763174960196231,0.201190936058195,0.522742992384455,"acyl-protein thioesterase 2-like, transcript variant X1","liver"
"ifih1",135.251205450206,-0.0758362015901088,0.0819545773045925,0.210402504946027,0.533902266483267,"interferon induced with helicase C domain 1, transcript variant X1","liver"
"LOC115132475",48.538589381313,-0.0759655432652229,0.0913377317157453,0.21083955445897,0.534406400879844,"carboxy-terminal domain RNA polymerase II polypeptide A small phosphatase 2-like","liver"
"LOC115105974",136.171099138996,-0.0760260879396839,0.112095494133295,0.11862079227431,0.421746217368234,"anthrax toxin receptor 2-like","liver"
"LOC115138387",112.290247147704,-0.076063835844893,0.0756397065910922,0.198262288245043,0.520214482810841,"probable palmitoyltransferase ZDHHC14, transcript variant X2","liver"
"LOC115104831",51.0262086541278,-0.0762433344202617,0.0959727716605349,0.20197972164099,0.523349017156966,"RAB6A-GEF complex partner protein 1-like","liver"
"LOC115118046",57.6852054318686,-0.0764481885298297,0.108954071681722,0.142297352157868,0.454368146888536,"insulin receptor substrate 2-like","liver"
"LOC115144069",50.9220042198707,-0.0764707540079614,0.107640545290195,0.151325625667866,0.467387572494951,"GTP cyclohydrolase 1-like","liver"
"LOC115113550",166.399332824375,-0.0766353386286127,0.100346670853502,0.187147715727502,0.508242425684212,"thymosin beta-12, transcript variant X1","liver"
"LOC115120666",357.439607513634,-0.0766713144894513,0.0957425966303225,0.200006546945572,0.521963706384579,"solute carrier family 22 member 18-like","liver"
"LOC115134417",106.798331266328,-0.0767340623883709,0.112061959182269,0.11588645852683,0.419082334791219,"protein shisa-like-1a","liver"
"LOC115129035",48.8422388254499,-0.0768862628821998,0.113430657278845,0.102628727362413,0.400166985281895,"TSC22 domain family protein 1-like, transcript variant X1","liver"
"LOC115130975",67.0817110333816,-0.0769179660049932,0.087707503871218,0.207057387030448,0.531143120024494,"zinc finger C4H2 domain-containing protein, transcript variant X4","liver"
"LOC115130173",112.052886137958,-0.0770326126039465,0.100489660533836,0.184428264840046,0.505718320105893,"polypeptide N-acetylgalactosaminyltransferase 11-like, transcript variant X1","liver"
"LOC115143015",58.9020264580424,-0.0771056704624004,0.101379572924475,0.180662056994884,0.501354165896467,"RNA-binding protein Musashi homolog 1-like","liver"
"LOC115112881",44.3776286615988,-0.0772382431812987,0.105289165550971,0.161633859775201,0.479802719395785,"tectonin beta-propeller repeat-containing protein 1-like, transcript variant X1","liver"
"LOC115146295",188.143022859772,-0.0773121539115876,0.0975840007323142,0.191968837172048,0.512957203882719,"low density lipoprotein receptor adapter protein 1-B-like, transcript variant X1","liver"
"LOC115102825",134.605785846419,-0.0773151867351985,0.101983050493172,0.177085078324536,0.496436123247432,"ski-like protein","liver"
"LOC115112216",82.0196004150276,-0.0774792175453487,0.105780186688749,0.157667291380656,0.4721585234175,"F-actin-monooxygenase MICAL2-like, transcript variant X3","liver"
"LOC115136244",92.8256969444669,-0.0775108016017803,0.0967404405702994,0.19298256030711,0.513581293765951,"la-related protein 1-like, transcript variant X1","liver"
"LOC115139329",81.5566543127729,-0.0776166184167418,0.0913544399881805,0.201197695157001,0.522742992384455,"CSC1-like protein 2","liver"
"LOC115139419",118.020612924903,-0.0776426560055619,0.105102851494811,0.160568809756545,0.477394154758005,"protein FAM89A-like","liver"
"LOC115144792",66.9251400197412,-0.0776911562210218,0.1179161954099,0.0532021011055755,0.302493985279894,"receptor-type tyrosine-protein phosphatase zeta-like, transcript variant X4","liver"
"taok3",73.1229826590849,-0.0777367854487703,0.103734814257708,0.167022726851756,0.483793686361866,"TAO kinase 3, transcript variant X1","liver"
"LOC115130510",41.2605022835485,-0.0778129874420903,0.119147478620685,0.039527823036247,0.266383648673165,"spondin-2-like, transcript variant X2","liver"
"LOC115101256",248.912439753179,-0.077834118714549,0.0807556387521622,0.197223320395286,0.519194960196836,"sodium-dependent phosphate transporter 1-B-like","liver"
"LOC115129453",196.851273908393,-0.0779036989781162,0.118790538448939,0.0432099856718488,0.276907100859744,"saxitoxin and tetrodotoxin-binding protein 1-like","liver"
"LOC115122672",110.160469968442,-0.0779325448766033,0.101646330185767,0.17514313876361,0.49440896432191,"uncharacterized LOC115122672","liver"
"LOC115136689",54.938910044985,-0.0780865545025664,0.0888963619578582,0.200058352925298,0.521963706384579,"forkhead box protein J3-like","liver"
"sugp1",73.4188057978981,-0.078122864135995,0.0775746183578698,0.190416038728557,0.512013194604582,"SURP and G-patch domain containing 1","liver"
"LOC115140178",44.1375417235783,-0.0781948275734763,0.104870174547953,0.158990755137475,0.474777140783732,"tricarboxylate transport protein B, mitochondrial-like","liver"
"rrp36",114.073954407862,-0.0782086689342258,0.102355392557092,0.170769019607255,0.4879071825131,"ribosomal RNA processing 36","liver"
"wdr11",47.8665665599513,-0.0784393149336321,0.0869177775981873,0.198282247079159,0.520214482810841,"WD repeat domain 11, transcript variant X2","liver"
"LOC115139663",62.4013751430344,-0.0784484476011562,0.11665989145426,0.0647657926400602,0.330362180102072,"ectonucleotide pyrophosphatase/phosphodiesterase family member 1-like, transcript variant X1","liver"
"LOC115142839",42.3639952701115,-0.0784545248739612,0.0826007250895133,0.195824901772719,0.516889852926028,"E3 ubiquitin-protein ligase Itchy-like, transcript variant X1","liver"
"LOC115133217",43.1221447075778,-0.0784676192541499,0.0964728784335788,0.188288172700502,0.508966220230387,"V-type proton ATPase subunit F","liver"
"LOC115143187",101.754919735719,-0.0785232537039625,0.0980817243019565,0.183929375957474,0.505718320105893,"epidermal growth factor receptor kinase substrate 8-like protein 3, transcript variant X3","liver"
"LOC115146174",55.8832202382678,-0.0786446331504372,0.0919581972323121,0.194776798669859,0.51597559454708,"fibroblast growth factor receptor-like 1","liver"
"LOC115130311",83.6264326876254,-0.0786598796146643,0.105806846362091,0.151627780471006,0.467477638452471,"carbonic anhydrase 1-like, transcript variant X1","liver"
"LOC115146486",96.3976324434237,-0.0787124640882676,0.0824854794549303,0.194252751619815,0.515148443234136,"serine/arginine-rich splicing factor 5-like","liver"
"LOC115128765",83.7901082712071,-0.0787706888007226,0.101063444194177,0.172950691869397,0.490559197885381,"syndecan-2-A-like","liver"
"LOC115116842",84.774028041441,-0.0788022129319963,0.0905531171422712,0.195142337523447,0.516287890695747,"cytoplasmic polyadenylation element-binding protein 4-like, transcript variant X1","liver"
"LOC115109375",43.0020158359359,-0.0788299459658554,0.0929255046385164,0.192601234211111,0.513505197126316,"craniofacial development protein 1-like","liver"
"dyrk1a",68.6071097515173,-0.0788438232844955,0.0783632014345204,0.187807520330789,0.508966220230387,"dual specificity tyrosine phosphorylation regulated kinase 1A, transcript variant X3","liver"
"LOC115129786",124.873030624269,-0.0790551397741782,0.103448110042571,0.161589286897779,0.479802719395785,"unconventional myosin-Ib-like, transcript variant X2","liver"
"LOC115107020",848.410292190937,-0.0790593308434524,0.0878735190419474,0.194790142147073,0.51597559454708,"DNA/RNA-binding protein KIN17-like","liver"
"LOC115133462",39.8847026355906,-0.0792795678129128,0.10610040068862,0.146979174011091,0.461611977739084,"GRB10-interacting GYF protein 1-like, transcript variant X3","liver"
"LOC115103776",60.8268908998465,-0.0794225147548069,0.0799021580439657,0.187080061451917,0.508242425684212,"pre-mRNA-splicing factor CWC25 homolog","liver"
"fkbp8",39.6452759385935,-0.0794695468646996,0.0948902907165307,0.186038857498034,0.506741331289122,"FKBP prolyl isomerase 8, transcript variant X2","liver"
"LOC115113568",54.2985741925663,-0.0795045313016189,0.0855240173022571,0.191956745450664,0.512957203882719,"B-cadherin-like","liver"
"eif5b",55.7469642280255,-0.0795244302867834,0.109958852560781,0.12098437719923,0.425858973607763,"eukaryotic translation initiation factor 5B","liver"
"dock9",58.5601065160537,-0.0795885765564834,0.0887655882501145,0.191671374505463,0.512957203882719,"dedicator of cytokinesis 9, transcript variant X11","liver"
"LOC115146086",66.3291075859445,-0.0796065061954797,0.11581226750297,0.0701213508517199,0.340606724118502,"fermitin family homolog 2-like","liver"
"LOC115112488",146.268299365229,-0.0797152151504582,0.117192499090248,0.0560327623459705,0.309248266085386,"protein naked cuticle homolog 1-like","liver"
"LOC115142816",84.007679647106,-0.0799341561054432,0.100896502757547,0.167520102285192,0.484290065285301,"plexin-B1-like","liver"
"LOC115114250",186.877448719467,-0.0799395602446231,0.0943436332273489,0.184439994777167,0.505718320105893,"sarcosine dehydrogenase, mitochondrial-like","liver"
"LOC115141405",137.974730143517,-0.0799761639278784,0.0977847446341697,0.176947381741425,0.496347267363845,"activating transcription factor 7-interacting protein 1-like, transcript variant X1","liver"
"LOC115136245",691.280860309061,-0.080085989893161,0.0866142033985803,0.189062778938717,0.509765257826169,"la-related protein 1-like","liver"
"LOC115143090",95.5860209251722,-0.0803206283469473,0.0661990625628926,0.147016318235281,0.461611977739084,"gastrula zinc finger protein XlCGF57.1-like, transcript variant X14","liver"
"LOC115142436",145.162596243185,-0.0803595465457338,0.0960583044096523,0.178987937784923,0.499819185603033,"40S ribosomal protein SA, transcript variant X2","liver"
"LOC115135015",1271.79195945362,-0.0804506499262887,0.0914019517319536,0.18540463519504,0.505942276612469,"reticulon-1-A-like, transcript variant X1","liver"
"LOC115140272",95.6262830741108,-0.0805005669744158,0.091692970719374,0.184865341051463,0.505718320105893,"rab-like protein 6, transcript variant X2","liver"
"acin1",165.274581684604,-0.0805188139007972,0.0893873581112725,0.186363878423341,0.507089377146113,"apoptotic chromatin condensation inducer 1, transcript variant X4","liver"
"LOC115118813",148.545059365445,-0.0806270813543339,0.0868016003946117,0.186146213442019,0.506741331289122,"microtubule-actin cross-linking factor 1, isoforms 1/2/3/5-like, transcript variant X1","liver"
"psme4",62.6179547070146,-0.0807743171877797,0.0886719558614262,0.185232994328549,0.505718320105893,"proteasome activator subunit 4","liver"
"LOC115113237",87.3548885527336,-0.0808256574832812,0.092438985567198,0.182340826217044,0.503175124546153,"bifunctional heparan sulfate N-deacetylase/N-sulfotransferase 2-like, transcript variant X1","liver"
"LOC115116917",1389.8605446521,-0.0808324610708471,0.0798863646900261,0.179381500075719,0.500072644392109,"ERBB receptor feedback inhibitor 1-like","liver"
"LOC115133926",240.647282025519,-0.0809369205926504,0.0701182815775992,0.156734654537151,0.470954688407,"CUGBP Elav-like family member 2, transcript variant X2","liver"
"LOC115130065",40.5720258859182,-0.0809429136747857,0.106448615715478,0.137256701665432,0.44768996973023,"semaphorin-5B-like, transcript variant X4","liver"
"LOC115112942",98.6179155240281,-0.0812823065525591,0.100986324300706,0.16040427415343,0.477338635394026,"ER lumen protein-retaining receptor 2-like","liver"
"LOC115114578",216.265627955449,-0.0814007342929037,0.106997577205563,0.132089811603924,0.441550666853616,"aquaporin FA-CHIP-like","liver"
"LOC115105548",81.1062513513775,-0.0814053684768716,0.10395243248597,0.147770978915951,0.46227194485347,"autism susceptibility gene 2 protein-like, transcript variant X1","liver"
"LOC115143469",2322.17227930879,-0.0815163031598756,0.0926996755951184,0.178389507580736,0.499044476129916,"sodium-coupled neutral amino acid transporter 3-like, transcript variant X2","liver"
"arhgap1",84.6694601529451,-0.0815729327927106,0.0809429642834227,0.176883783967205,0.496347267363845,"Rho GTPase activating protein 1","liver"
"LOC115112540",94.3936256194758,-0.0815949758028129,0.121562729027843,0.013172730096555,0.173795759856584,"hepatic triacylglycerol lipase-like","liver"
"LOC115110537",104.544823711917,-0.0817466560792682,0.085987010657135,0.179980033487498,0.500328542132158,"primary amine oxidase, liver isozyme-like","liver"
"pianp",38.1618484697587,-0.0819025698842125,0.110457246762953,0.107724683694911,0.408197022913736,"PILR alpha associated neural protein","liver"
"ppm1b",132.277133108233,-0.081910183847999,0.0730780553770599,0.159978237640686,0.476642284812301,"protein phosphatase, Mg2+/Mn2+ dependent 1B, transcript variant X3","liver"
"LOC115140778",1365.70435335576,-0.0819452210161154,0.0667140444387398,0.140783238852138,0.453650891269378,"retinol-binding protein 1-like, transcript variant X2","liver"
"LOC115129336",150.098873782675,-0.082009620783404,0.0893338972207364,0.178457456129348,0.499044476129916,"putative monooxygenase p33MONOX, transcript variant X2","liver"
"LOC115146927",52.9850741572771,-0.0820779509606414,0.0939729479534258,0.173764060969075,0.491765357509471,"protein mono-ADP-ribosyltransferase PARP14-like","liver"
"LOC115141553",68.8322918828945,-0.0823518224751546,0.0972929336223654,0.165968586535263,0.482510574659213,"hepatocyte nuclear factor 3-gamma-like","liver"
"LOC115142844",88.945501401623,-0.0823765581543828,0.0941711203980158,0.17193351296577,0.489529306205112,"cadherin-22-like, transcript variant X1","liver"
"LOC115127718",218.287828477605,-0.0825961046026466,0.111409433326717,0.0982102108657169,0.392379519979724,"nuclear factor 1 X-type-like","liver"
"LOC115108286",63.8824318219061,-0.0826005524017273,0.1179625892761,0.0425050122014535,0.275711570519406,"follistatin-related protein 3-like","liver"
"LOC115110428",65.8561736296558,-0.0827338912262188,0.0871622112049617,0.175044536233866,0.49439792475058,"casein kinase I, transcript variant X2","liver"
"LOC115142965",58.1479166351407,-0.0827887556985008,0.0765866439361279,0.163466606172003,0.480055247576905,"transforming protein RhoA-like, transcript variant X2","liver"
"LOC115113706",53.5088015034406,-0.0828131616279295,0.0976621154310307,0.162781856567913,0.480055247576905,"leucine-rich repeat-containing G-protein coupled receptor 4-like, transcript variant X1","liver"
"cog2",116.263374577681,-0.0828844624650992,0.0781042939091149,0.165805432888549,0.482510574659213,"component of oligomeric golgi complex 2, transcript variant X1","liver"
"LOC115102848",55.9580779515876,-0.0829923361374297,0.105850627689259,0.131337235361444,0.440338498129878,"kelch-like protein 24, transcript variant X2","liver"
"LOC115101535",96.6927674757452,-0.0830262253132438,0.117967483566247,0.0416800026659102,0.274093247682177,"histone-lysine N-methyltransferase PRDM16-like","liver"
"LOC115123875",3378.93423619911,-0.0830893827896352,0.0887075479890698,0.173077209030762,0.490559197885381,"heparan sulfate glucosamine 3-O-sulfotransferase 3B1-like","liver"
"LOC115137492",140.012203982654,-0.0830990179158077,0.0886768889963211,0.173035611785676,0.490559197885381,"high mobility group protein B2-like","liver"
"LOC115104237",58.2917690450876,-0.0832107786658533,0.0822405221422277,0.169863651781141,0.487074747565424,"RNA-binding protein 8A-like, transcript variant X2","liver"
"LOC115143961",47.6337281772311,-0.0832552104452836,0.0962755436578727,0.163734796916381,0.48023203292981,"ATP-citrate synthase-like, transcript variant X3","liver"
"agrn",67.7358826421258,-0.0832681092547572,0.099988001998266,0.154080402992269,0.468552523879122,"agrin, transcript variant X6","liver"
"LOC115113234",152.501473650753,-0.0834397598582662,0.10068429016652,0.151018426029207,0.467387572494951,"ras and Rab interactor 2-like, transcript variant X1","liver"
"lrrfip2",98.1156346683825,-0.0835855119999214,0.0779748750495554,0.162042081995641,0.480055247576905,"LRR binding FLII interacting protein 2, transcript variant X2","liver"
"LOC115111749",53.5368442086868,-0.083671385559185,0.0995437670292066,0.153514961221541,0.468257953029076,"autism susceptibility gene 2 protein-like, transcript variant X2","liver"
"LOC115131733",40.6970635929701,-0.0837957926229586,0.091532250556765,0.167927870543355,0.485220448867852,"casein kinase II subunit beta","liver"
"COX1",8377.84404254021,-0.0838188348137099,0.0990513041783169,0.154239646712157,0.468552523879122,NA,"liver"
"LOC115106778",40.4144737447616,-0.0839347677817766,0.103191222342046,0.13942656265424,0.451720525765249,"insulin receptor substrate 1-B-like","liver"
"LOC115101175",45.6042333550899,-0.0839776907533105,0.0895938835864516,0.168279844434023,0.485557356900762,"cip1-interacting zinc finger protein-like","liver"
"LOC115135518",123.879165948733,-0.0840224402028046,0.0721857422329102,0.147223686225391,0.461719121404997,"ubiquitin-conjugating enzyme E2 D2","liver"
"LOC115114360",115.095646267187,-0.0840566534090401,0.105419484419329,0.128901100449872,0.436840103925558,"zinc finger MYND domain-containing protein 11-like, transcript variant X4","liver"
"LOC115142795",512.722338945628,-0.0841429474878088,0.103414204962097,0.137575245463557,0.448211099761823,"vitamin D3 receptor B, transcript variant X1","liver"
"LOC115108338",98.441427155341,-0.0841735312263081,0.0845457785539414,0.16685429093262,0.483633478450911,"amino-terminal enhancer of split-like, transcript variant X2","liver"
"LOC115109313",77.9108881860313,-0.0842799223798095,0.0771945516545736,0.157193668609561,0.47133056450854,"NEDD4-like E3 ubiquitin-protein ligase WWP2, transcript variant X1","liver"
"LOC115126875",111.013850849131,-0.0842974209534443,0.0705042974126151,0.141344990422886,0.453933779918658,"tetratricopeptide repeat protein 31-like","liver"
"LOC115121732",38.9519762359271,-0.0845049846619188,0.103271160928143,0.136563642334143,0.446949475016727,"phosphatidylinositol-binding clathrin assembly protein-like","liver"
"LOC115139954",43.3313178824151,-0.0845928972498883,0.091023091651496,0.164389330282762,0.480902672941179,"TBC1 domain family member 10A-like, transcript variant X1","liver"
"LOC115109028",38.6450954843744,-0.0846186905692295,0.0838819455881998,0.164208292021437,0.480815011182125,"protein phosphatase inhibitor 2-like","liver"
"LOC115120379",57.25615359128,-0.0846481826349917,0.0983601773015863,0.152187062341824,0.467488641544349,"circadian locomoter output cycles protein kaput-like","liver"
"LOC115101013",39.3352859641771,-0.0846772558160662,0.103904692787941,0.133156990244509,0.443542399363124,"junction-mediating and -regulatory protein-like","liver"
"LOC115121008",41.0605782303682,-0.0849831987014134,0.0885338207163964,0.163638155620803,0.480198038791609,"MICOS complex subunit MIC26-like, transcript variant X1","liver"
"LOC115103810",57.5005187349687,-0.0850670418424171,0.115302691568062,0.0601623111153278,0.320180509860614,"centrosomal protein of 95 kDa-like","liver"
"LOC115102354",281.586549075396,-0.0852152509257605,0.0997200994515712,0.145809395237917,0.461174907456662,"rap1 GTPase-activating protein 1-like, transcript variant X10","liver"
"LOC115113172",41.7588764226639,-0.0852665776507363,0.0880813097739056,0.162323130947333,0.480055247576905,"ankyrin-3-like, transcript variant X9","liver"
"LOC115135615",193.349162657131,-0.0853164016535694,0.0815060710536476,0.158593820821839,0.474269445105987,"stress-induced-phosphoprotein 1-like","liver"
"LOC115105423",49.0776367710727,-0.0853482064326265,0.0987694947150269,0.147864061449755,0.46227194485347,"rho GTPase-activating protein 32-like, transcript variant X3","liver"
"LOC115142324",41.0756787949137,-0.0854706078840397,0.110777223993939,0.0925733610163468,0.381232090662505,"receptor tyrosine-protein kinase erbB-3-like","liver"
"LOC115119639",44.4552644860976,-0.0857022296989486,0.110045426312774,0.0965233410937499,0.388294286039754,"protein FAM214B-like, transcript variant X1","liver"
"LOC115119915",221.905180534874,-0.0857848773666965,0.115269575071409,0.058691089649076,0.314862241989002,"unconventional myosin-XVI-like","liver"
"LOC115104907",163.986880671825,-0.0858750624237588,0.103053418938111,0.131491181866935,0.440593004641375,"GRB2-associated and regulator of MAPK protein 1-like, transcript variant X2","liver"
"LOC115136841",43.5883148852507,-0.0860503492652159,0.0920397313000715,0.156502930718893,0.470895351299517,"remodeling and spacing factor 1-like, transcript variant X1","liver"
"LOC115135806",193.477075873654,-0.0860661349075114,0.0713310744985281,0.13542932204533,0.446371250594239,"THO complex subunit 2-like, transcript variant X2","liver"
"LOC115108598",41.6513831320658,-0.0861029586645702,0.0879178377334723,0.158302702652311,0.473649739891335,"trafficking protein particle complex subunit 8-like, transcript variant X4","liver"
"LOC115134259",62.5552822381845,-0.0861457501930456,0.0920553492770623,0.156037270932242,0.470612410087308,"COUP transcription factor 2-like, transcript variant X1","liver"
"LOC115110749",121.875486405253,-0.0862066167516317,0.0724083834016648,0.137568349674261,0.448211099761823,"signal transducing adapter molecule 2-like","liver"
"LOC115121514",45.9812621260811,-0.0862105597299521,0.114699928197118,0.0620956925333285,0.324795518174815,"aspartate aminotransferase, cytoplasmic-like","liver"
"LOC115143402",271.501558824725,-0.08633560824442,0.0978446086742304,0.145687182073818,0.46107053250492,"forkhead box protein P1-B-like, transcript variant X5","liver"
"LOC115111693",42.6231759467845,-0.0865506017263392,0.0816535802817849,0.152852737018692,0.468257953029076,"integrin alpha-4-like","liver"
"ptprm",39.4374697101777,-0.0866268455156824,0.101249222439186,0.134770479427453,0.446317908505798,"protein tyrosine phosphatase receptor type M","liver"
"LOC115103704",173.474686960798,-0.086748429481172,0.0971143814463231,0.145472656632406,0.460814901058917,"40S ribosomal protein SA-like","liver"
"LOC115109252",63.0022838478201,-0.0868048447458081,0.091474859065669,0.153455027625739,0.468257953029076,"transcriptional repressor p66-alpha-like, transcript variant X1","liver"
"gtf2f1",83.2406890859645,-0.0868683539137912,0.0807861423895673,0.150350950406084,0.466948211600172,"general transcription factor IIF subunit 1, transcript variant X4","liver"
"LOC115106600",64.3445905014087,-0.0871022700662289,0.0944280746713803,0.148728520537567,0.463678203730041,"putative leucine-rich repeat-containing protein DDB_G0290503, transcript variant X1","liver"
"LOC115140263",209.721922436311,-0.0871446650658852,0.0864328266706117,0.153258450368436,0.468257953029076,"lysyl oxidase homolog 2B","liver"
"LOC115145289",99.286696394493,-0.0872242638679553,0.102622891119895,0.127448158274655,0.43452433672627,"prothymosin alpha-A-like, transcript variant X2","liver"
"LOC115133337",69.5909250626004,-0.0873473446001797,0.100159743036781,0.135076871795074,0.446371250594239,"SH3 domain and tetratricopeptide repeat-containing protein 1-like","liver"
"LOC115111300",70.3312673775057,-0.0873560855874904,0.0864128438121064,0.15226914838825,0.467488641544349,"ras GTPase-activating protein 1-like, transcript variant X1","liver"
"LOC115142582",91.8868148849224,-0.0873839116953432,0.0868342841107561,0.152221438722466,0.467488641544349,"regulatory-associated protein of mTOR, transcript variant X6","liver"
"LOC115106375",45.1041231586014,-0.0876790152049095,0.0973945385125702,0.140723051996556,0.453650891269378,"1-phosphatidylinositol 4,5-bisphosphate phosphodiesterase epsilon-1-like, transcript variant X4","liver"
"LOC115112064",42.1336180089887,-0.0877330636153356,0.0858246642555174,0.150355133272171,0.466948211600172,"CUGBP Elav-like family member 1, transcript variant X10","liver"
"LOC115123852",53.5530442488606,-0.0879819908808727,0.0925424875592036,0.14708465248895,0.461611977739084,"protein unc-13 homolog B-like, transcript variant X1","liver"
"LOC115125030",70.1956826469403,-0.0879873034979553,0.0952982202962682,0.14338568137357,0.455830831663949,"calcium uptake protein 3, mitochondrial-like, transcript variant X3","liver"
"LOC115119853",41.3005526901795,-0.0880432436663504,0.0863128355036411,0.149078031346432,0.464255137883043,"zinc finger MIZ domain-containing protein 2-like, transcript variant X4","liver"
"LOC115102480",38.5797994883736,-0.0881481272148993,0.0974634617901703,0.138524239705072,0.45026359088937,"pleckstrin homology domain-containing family G member 5-like, transcript variant X4","liver"
"LOC115101911",220.727341525351,-0.0881495642416531,0.0770281516148282,0.138761867840996,0.450514774185322,"receptor tyrosine-protein kinase erbB-3-like","liver"
"LOC115108317",42.7861188368801,-0.0882461647793243,0.0870681287861304,0.148290949560111,0.462951245793424,"RNA polymerase II elongation factor ELL-like, transcript variant X2","liver"
"LOC115140031",59.3621834581535,-0.0882722597446933,0.102988903500594,0.121826206945712,0.4271679881079,"glutamine--fructose-6-phosphate aminotransferase [isomerizing] 1","liver"
"LOC115145820",38.7131966093359,-0.0882832333383016,0.0942998511863075,0.143603882279659,0.456267596708473,"dnaJ homolog subfamily A member 1-like, transcript variant X3","liver"
"LOC115130271",156.497771169036,-0.0884072152159082,0.0794465877117311,0.141520901301318,0.453992618606386,"abl interactor 1, transcript variant X1","liver"
"LOC115146939",470.42978304731,-0.0885854534738052,0.102073542889622,0.123826163043856,0.429964647322025,"monocarboxylate transporter 8-like","liver"
"LOC115130347",75.0621846542277,-0.0886651558238706,0.0943678878199164,0.141822688037151,0.45430263919642,"SWI/SNF-related matrix-associated actin-dependent regulator of chromatin subfamily D member 3, transcript variant X3","liver"
"LOC115114121",153.203782268702,-0.0886925947904993,0.0969597353645897,0.137236475931457,0.44768996973023,"UDP-N-acetylglucosamine/UDP-glucose/GDP-mannose transporter-like","liver"
"LOC115131584",88.0526773137908,-0.0887529021664424,0.0994233570128989,0.131189572080635,0.440338498129878,"ectonucleotide pyrophosphatase/phosphodiesterase family member 2-like","liver"
"myc",76.4135693079096,-0.0888579971662638,0.0982439799625728,0.13371070476627,0.444599905247562,"MYC proto-oncogene, bHLH transcription factor","liver"
"COX2",12866.1482565368,-0.088944992115148,0.0856789286551836,0.144801034452838,0.459242198053108,NA,"liver"
"LOC115137304",45.3055977174424,-0.0891046013904793,0.104193812002412,0.113930233762513,0.417461520645816,"claudin domain-containing protein 1-like, transcript variant X1","liver"
"LOC115106433",52.0208250902579,-0.0893194710305407,0.0970291993578276,0.134421700607382,0.445724238170928,"transcription factor 7-like 2, transcript variant X18","liver"
"LOC115113343",39.2503460184939,-0.089341662365099,0.0961814420420903,0.135960359013348,0.446949475016727,"type I inositol 1,4,5-trisphosphate 5-phosphatase-like, transcript variant X1","liver"
"LOC115141837",1719.03337452387,-0.0894827789866091,0.088588743591271,0.142707550947572,0.454955862591751,"alpha-2-antiplasmin-like","liver"
"LOC115137273",44.3134480748186,-0.0895300572919381,0.115024794067391,0.0520838645269088,0.300680469446756,"NLR family CARD domain-containing protein 3-like, transcript variant X1","liver"
"LOC115114491",60.7668458571007,-0.0896074285160343,0.0826429639766824,0.139921582912122,0.452202207854516,"histone-lysine N-methyltransferase 2C-like, transcript variant X3","liver"
"LOC115103719",86.7093037102305,-0.0896390421463683,0.0949503056224953,0.13675013317943,0.446949475016727,"BUB3-interacting and GLEBS motif-containing protein ZNF207-like, transcript variant X1","liver"
"LOC115129410",77.5702941915135,-0.089855779045709,0.106141031213133,0.102879784712991,0.400398897359629,"phospholipid-transporting ATPase IG-like, transcript variant X8","liver"
"LOC115126316",2388.81744141595,-0.0900352136363044,0.0882824974178536,0.140333150225081,0.45327286394211,"prosaposin-like, transcript variant X3","liver"
"LOC115125186",343.549163715416,-0.0901627737617338,0.0891454325025426,0.139612525232086,0.451720525765249,"death-associated protein 1-like","liver"
"LOC115101470",382.86620414537,-0.090190107351384,0.104294903498158,0.109457791747413,0.410642013279183,"high mobility group protein B3-like","liver"
"LOC115141082",55.9477804095811,-0.0902644584160947,0.108418564323703,0.0904937383970224,0.379589633721834,"lamin-A-like","liver"
"LOC115137950",129.500100010216,-0.0904401115997232,0.100844655318157,0.120358338131469,0.424792019666353,"microfibrillar-associated protein 3-like, transcript variant X4","liver"
"LOC115116738",256.878803097975,-0.0905906351905421,0.0917572664828789,0.13637907099489,0.446949475016727,"cytosolic Fe-S cluster assembly factor narfl-like","liver"
"LOC115125814",164.015815572103,-0.0908491921133276,0.0975965027268489,0.126920319754766,0.433608569252479,"coagulation factor VIII-like","liver"
"LOC115147151",90.0727745866252,-0.0909091781958985,0.100737006755152,0.118845301776296,0.421747689395958,"tumor necrosis factor receptor superfamily member 10A-like","liver"
"LOC115104347",138.709974332594,-0.0909657830827178,0.101384009411792,0.116699419657034,0.419961751669949,"dynamin-2, transcript variant X2","liver"
"LOC115119999",118.897652633497,-0.0909873772433124,0.0862694962070758,0.136073056909,0.446949475016727,"transcriptional activator protein Pur-beta-like","liver"
"LOC115104794",69.2647191206914,-0.091029263933057,0.0892651002666401,0.13586807013942,0.446949475016727,"nuclear fragile X mental retardation-interacting protein 2-like","liver"
"LOC115132912",40.287535404696,-0.0910483141522897,0.102997410156975,0.111099362461175,0.413491760353193,"semaphorin-3aa-like","liver"
"LOC115138344",65.4463619993708,-0.0911934835375379,0.0921638506736027,0.133500826027585,0.444425509287586,"saccharopine dehydrogenase-like oxidoreductase","liver"
"babam2",55.018072867881,-0.0913877571637661,0.0892479921305113,0.134360968469634,0.445724238170928,"BRISC and BRCA1 A complex member 2","liver"
"LOC115130567",264.305097066805,-0.0915477324516969,0.100528975936679,0.116980613376526,0.419961751669949,"protein diaphanous homolog 1-like","liver"
"LOC115142564",68.3509178199845,-0.0916109501950208,0.0907056070661158,0.132808376208317,0.442903775588987,"zinc finger CCCH domain-containing protein 18-like, transcript variant X3","liver"
"LOC115143358",147.07997617378,-0.0917217039421743,0.0927035485671314,0.130814517048199,0.44015420932904,"nuclear receptor coactivator 3-like, transcript variant X2","liver"
"cacna2d4",90.5279865842495,-0.0918153615429464,0.110418754413082,0.0751601579182548,0.35079118175122,"calcium voltage-gated channel auxiliary subunit alpha2delta 4, transcript variant X2","liver"
"LOC115141657",142.464572007301,-0.0918407842869378,0.0828000470701283,0.130515855498285,0.439907857031632,"alpha-actinin-4, transcript variant X2","liver"
"LOC115128247",48.8528764595675,-0.0918708160253564,0.0804494921734342,0.127946586063291,0.435591946489243,"protein PRRC2A-like, transcript variant X2","liver"
"LOC115132150",67.7017668915709,-0.0920160712720418,0.0873197147421836,0.131931163713325,0.441281605643028,"ubiquitin carboxyl-terminal hydrolase 19-like, transcript variant X1","liver"
"LOC115105196",54.9104730702723,-0.0923126206896849,0.100779243019951,0.11338956852259,0.417461520645816,"transmembrane protein 108-like, transcript variant X1","liver"
"LOC115107372",40.812428382195,-0.0926629206674868,0.120363079921023,0.0138836312654425,0.176945783577174,"glypican-4-like, transcript variant X2","liver"
"LOC115103828",113.1335010777,-0.0926746097016555,0.0943532113656859,0.125088943152335,0.431848229397376,"testis-expressed protein 2-like, transcript variant X2","liver"
"LOC115106637",89.0059484347793,-0.0927268212810927,0.0960201800106125,0.122414865980006,0.427959339518956,"glucose-6-phosphate exchanger SLC37A1-like, transcript variant X1","liver"
"LOC115109953",42.2564279746087,-0.0927888115813954,0.099603797958598,0.114735861296734,0.418204436979573,"BTB/POZ domain-containing adapter for CUL3-mediated RhoA degradation protein 1-like, transcript variant X2","liver"
"LOC115135929",107.207041617787,-0.0929476061564359,0.101982068992832,0.107514033449233,0.408010117818241,"flotillin-2a-like, transcript variant X1","liver"
"LOC115123463",70.4213643891874,-0.0931559367378479,0.0989147281701942,0.115019379825251,0.41822312326793,"protein LYRIC-like","liver"
"LOC115142715",53.8448210276945,-0.0931976738617882,0.10445424696903,0.098243943167924,0.392379519979724,"uncharacterized LOC115142715, transcript variant X1","liver"
"LOC115126648",54.2340771582417,-0.0932562330927073,0.0980598919197089,0.116532836019672,0.419961751669949,"NLR family CARD domain-containing protein 3-like","liver"
"LOC115131418",111.724190891699,-0.0933003386618908,0.0885470811820602,0.126657582374734,0.433399218235,"glucocorticoid-induced transcript 1 protein-like","liver"
"LOC115135140",465.071080097347,-0.0933314386823096,0.0880858998989601,0.126576050726084,0.433382888053045,"bifunctional heparan sulfate N-deacetylase/N-sulfotransferase 2-like, transcript variant X1","liver"
"LOC115115096",49.6650491036134,-0.0934066589251936,0.101958382062622,0.105951104097254,0.405284507949253,"NACHT, LRR and PYD domains-containing protein 4C-like","liver"
"LOC115110594",43.1456887132907,-0.0934663928760197,0.0990576720082963,0.113530109290532,0.417461520645816,"myosin-9-like, transcript variant X1","liver"
"LOC115137112",42.6289040629685,-0.093502666166141,0.11425878016115,0.0489232259895441,0.290758456775754,"ATP-binding cassette sub-family G member 4-like","liver"
"LOC115139614",221.449782897467,-0.0936170630971489,0.111734168526255,0.0632164725419022,0.327149591174683,"sentrin-specific protease 6-like, transcript variant X3","liver"
"LOC115109305",68.4361472521475,-0.093671286564503,0.0928838162882093,0.122824645104009,0.428331035365802,"septin-7-like, transcript variant X1","liver"
"LOC115122143",194.603042888231,-0.0937105547975423,0.105017212983502,0.0944248594954528,0.385482832040005,"mRNA decay activator protein ZFP36L1-like","liver"
"LOC115142772",109.869329680635,-0.0937157780120622,0.0753414289328539,0.112585153439637,0.416277522148127,"plexin-A1-like, transcript variant X2","liver"
"fbxl6",38.344337281386,-0.0938956343549079,0.0870782863469278,0.124287638811713,0.430507980816524,"F-box and leucine rich repeat protein 6, transcript variant X2","liver"
"LOC115130348",44.5306945069598,-0.0939023048853145,0.0956571901793649,0.118459843068152,0.421746217368234,"transcriptional repressor NF-X1-like, transcript variant X1","liver"
"LOC115107900",127.235208222897,-0.094671297579829,0.0904559179096512,0.12068364667236,0.425596420432321,"calmodulin","liver"
"LOC115143757",92.8045454881659,-0.0947235714104963,0.0955574934530933,0.115516612798306,0.418747185070502,"myotubularin-related protein 14-like","liver"
"dgkd",88.2425175422506,-0.094728765981399,0.0881657434009285,0.121065765235133,0.425879944247701,"diacylglycerol kinase delta, transcript variant X4","liver"
"LOC115114326",180.196588830253,-0.0948627309518027,0.0925081051852459,0.118578132873999,0.421746217368234,"eukaryotic translation initiation factor 4 gamma 1-like, transcript variant X6","liver"
"LOC115129735",321.075962010384,-0.0949027788792386,0.087343087010015,0.120380310213632,0.424792019666353,"NEDD4 family-interacting protein 2-like","liver"
"LOC115116242",55.6803426386459,-0.094998377774917,0.0951826283827444,0.115037284880463,0.41822312326793,"acidic leucine-rich nuclear phosphoprotein 32 family member A-like, transcript variant X2","liver"
"LOC115123349",54.4126614497163,-0.0951523205603552,0.102395687565679,0.0986161067749253,0.392379519979724,"gamma-secretase subunit Aph-1b-like","liver"
"LOC115109554",201.246501380534,-0.0951575001205703,0.0735668493948246,0.103710583517763,0.401611765803352,"bile acid receptor-like, transcript variant X3","liver"
"LOC115123355",65.9102937902144,-0.0953768028850928,0.0951734986413468,0.113651261851999,0.417461520645816,"myosin-IIIb-like, transcript variant X1","liver"
"LOC115143994",83.6556963396972,-0.095434197737032,0.0806123104042014,0.114080328768515,0.417461520645816,"ral GTPase-activating protein subunit beta-like, transcript variant X3","liver"
"LOC115112995",86.8095382103608,-0.0954739373839253,0.101976567725193,0.0987884189775257,0.392788319399373,"caskin-2-like, transcript variant X1","liver"
"LOC115104341",47.2622314937301,-0.0960273105676245,0.081005233896057,0.112298640285371,0.415879891960804,"cAMP-dependent protein kinase catalytic subunit alpha, transcript variant X3","liver"
"oaf",305.761807325834,-0.0960387333972252,0.110507685164583,0.0637352659580558,0.32892990091333,"out at first homolog","liver"
"LOC115122603",407.933245437405,-0.0960618189085088,0.103160996746778,0.0932759852710274,0.382729805843184,"uncharacterized LOC115122603","liver"
"LOC115103990",116.466889230439,-0.0960687394578819,0.0884951520150155,0.115941659040716,0.419082334791219,"bromodomain-containing protein 4-like","liver"
"LOC115113074",201.449855509628,-0.096076441887139,0.100210152333106,0.101502232083241,0.396817826327715,"semaphorin-4G-like","liver"
"LOC115132809",730.650582343161,-0.0962634566765753,0.0980415485881345,0.105658184497377,0.404987175609092,"bile salt export pump-like","liver"
"LOC115132270",38.1401925334713,-0.0964074193535034,0.105197484740813,0.085319900760641,0.371958609526001,"vitamin D3 receptor A, transcript variant X1","liver"
"LOC115141672",38.1957996695501,-0.0964374337388968,0.0968131112260923,0.107300342028052,0.407683533708196,"MAP/microtubule affinity-regulating kinase 4-like, transcript variant X1","liver"
"LOC115111215",85.1363352807962,-0.0964406067532942,0.100133138104896,0.100461053159611,0.395815147340659,"ras GTPase-activating-like protein IQGAP1","liver"
"LOC115128961",38.7338274982486,-0.0965096491131143,0.0917249312013111,0.113047109582415,0.417098701959589,"nucleoredoxin-like protein 2","liver"
"ctnnb1",393.170070183247,-0.096541235493815,0.0811527883240964,0.110559116782669,0.412821063214796,"catenin beta 1","liver"
"LOC115113849",197.71695412499,-0.0965733375468486,0.090565039014724,0.113481179613913,0.417461520645816,"dystonin-like","liver"
"LOC115108300",379.145847705818,-0.0966560963591929,0.08493147641393,0.113060777361514,0.417098701959589,"cyclic AMP-responsive element-binding protein 3-like protein 3-B","liver"
"LOC115107457",91.8495683510638,-0.0967689396986599,0.121991492223544,0.00567759895152685,0.122818864675558,"synaptotagmin-like protein 3","liver"
"LOC115130515",66.330034461344,-0.0967910704820973,0.119259949016207,0.0166559815032929,0.186217171420974,"collagen alpha-1(XXIII) chain-like, transcript variant X8","liver"
"LOC115133248",40.2781542872892,-0.0967927291644247,0.0970952216283031,0.105572797342644,0.404934791981364,"TBC1 domain family member 22B-like","liver"
"LOC115137318",44.0417868310342,-0.0968182856394139,0.0889555918698958,0.113102747555815,0.417098701959589,"pericentriolar material 1 protein-like, transcript variant X1","liver"
"LOC115140397",96.2413740392346,-0.0969928823611304,0.10430478927386,0.0866642169101675,0.372946774904578,"utrophin-like","liver"
"LOC115136823",141.665000246188,-0.0971952406742941,0.0925210732841402,0.109970967315479,0.411461949279785,"breast carcinoma-amplified sequence 3-like, transcript variant X1","liver"
"LOC115111939",73.6581970355355,-0.0972686847847865,0.0929160543422092,0.109371029889919,0.410642013279183,"GRIP and coiled-coil domain-containing protein 2-like","liver"
"LOC115134609",44.8815621343193,-0.097686968185162,0.116306343615369,0.0306979144524307,0.239184780888317,"forkhead box protein O1-A-like","liver"
"LOC115145245",123.770143570488,-0.0976980701674443,0.0709706904192329,0.089372488449148,0.375723804753455,"serine/arginine repetitive matrix protein 2-like, transcript variant X2","liver"
"LOC115107503",151.018372397083,-0.0978631936931,0.116070195739213,0.0316935445883292,0.242797493549127,"1-phosphatidylinositol 4,5-bisphosphate phosphodiesterase beta-1-like","liver"
"LOC115113702",158.218641741565,-0.0979685649929218,0.105682486807384,0.0790490231975781,0.360800957941412,"glycerol kinase-like","liver"
"LOC115116781",882.706243296794,-0.0981081475003669,0.115477523481726,0.0344144450286365,0.252855120886187,"complement C4-like","liver"
"LOC115101947",47.1195657858441,-0.0981834245108353,0.106855528057143,0.0741226889939222,0.349793998969441,"bcl-2-like protein 1, transcript variant X2","liver"
"LOC115102131",111.929924082308,-0.0984566661578429,0.100060588312628,0.0940423217195222,0.384477153098061,"nuclear receptor coactivator 3-like, transcript variant X1","liver"
"LOC115138712",108.50700740918,-0.0985580819330873,0.0881923263780133,0.106950734638749,0.40690286237896,"eukaryotic translation initiation factor 4 gamma 3-like, transcript variant X5","liver"
"ssu72",41.9758458074223,-0.0988147383774422,0.0934875618244622,0.103460828177205,0.401421632241137,"SSU72 homolog, RNA polymerase II CTD phosphatase","liver"
"LOC115110246",68.4309316467647,-0.0988689286082926,0.100357590435459,0.0920557067225588,0.380703937965568,"zinc finger protein 652-like","liver"
"ncbp3",40.7125472329514,-0.0990862472494776,0.0895608155246072,0.104911598206018,0.403495152228325,"nuclear cap binding subunit 3","liver"
"nrcam",184.024439793112,-0.0991108460905323,0.106316997074703,0.0736533235854928,0.349157569239036,"neuronal cell adhesion molecule, transcript variant X15","liver"
"LOC115140872",703.396180026867,-0.0991330931353167,0.0899617032194654,0.104632166035179,0.402969447090463,"amyloid-like protein 1","liver"
"LOC115139575",127.300283917615,-0.0996112622485657,0.0912836318218071,0.102423327852177,0.399642093333372,"eukaryotic translation initiation factor 5-like, transcript variant X5","liver"
"LOC115110501",164.492663997236,-0.100113126766671,0.0986070336511617,0.0918895834845491,0.380637262181779,"sterol regulatory element-binding protein 2-like, transcript variant X2","liver"
"LOC115111929",209.163646415948,-0.100145033878584,0.108098752380872,0.0643913252318609,0.330056696847667,"heparan sulfate glucosamine 3-O-sulfotransferase 1-like","liver"
"LOC115114115",51.0950790994942,-0.100169278828756,0.11047868495212,0.0546149628199305,0.305513320573911,"tyrosine-protein kinase JAK1-like, transcript variant X2","liver"
"LOC115103979",117.035161201642,-0.100336917073583,0.101048699266075,0.0859601202353494,0.372348538987202,"serine/arginine-rich splicing factor 7-like, transcript variant X6","liver"
"LOC115108519",58.832940024737,-0.100337522073506,0.0771104126295051,0.0922524995324716,0.380703937965568,"protein furry homolog-like, transcript variant X11","liver"
"LOC115145273",42.0599431829086,-0.100433203086256,0.0949654199518847,0.096510377205718,0.388294286039754,"insulin receptor-like","liver"
"LOC115124526",40.9555689214516,-0.100484653919381,0.0951284860691887,0.0961481093488782,0.388294286039754,"acyl-CoA-binding domain-containing protein 5A-like, transcript variant X1","liver"
"LOC115139244",106.619692058952,-0.100593496946805,0.107302830284815,0.066307895902645,0.332777226903407,"transcription factor SOX-13-like, transcript variant X2","liver"
"LOC115134925",183.156091651359,-0.100777030029781,0.0999513063234259,0.0871440754568149,0.374156235763633,"forkhead box protein O1-A-like","liver"
"LOC115139154",153.64581854169,-0.100865466022013,0.0778166945004848,0.0915792041373808,0.38037532177934,"RNA-binding protein 25-like","liver"
"LOC115107958",46.2437634113439,-0.101034512987137,0.0808147530060738,0.0946936948164749,0.385891076744396,"heterogeneous nuclear ribonucleoprotein U-like","liver"
"LOC115111775",41.7542946902081,-0.101293731089922,0.109149417707844,0.0576871014748949,0.313337271703472,"max dimerization protein 1-like","liver"
"LOC115136609",128.793583461552,-0.101340888508401,0.112233145015271,0.0447439761593793,0.280186172126901,"phosphatidylinositol 4,5-bisphosphate 3-kinase catalytic subunit beta isoform-like","liver"
"LOC115113007",344.973991522999,-0.101387031234799,0.0749156743493899,0.0854212360033536,0.371958609526001,"probable E3 ubiquitin-protein ligase TRIM8, transcript variant X2","liver"
"ercc6",38.5074537067118,-0.101635793615078,0.0960730112962219,0.0913130544999187,0.380201700373555,"ERCC excision repair 6, chromatin remodeling factor, transcript variant X1","liver"
"LOC115112886",67.2021439278212,-0.101774986829998,0.11269959618311,0.0419648832482995,0.27486511696044,"extracellular serine/threonine protein kinase FAM20C-like","liver"
"LOC115105111",78.0349289397578,-0.102192411946987,0.0847489683609123,0.0939807443132035,0.384477153098061,"kinesin-1 heavy chain-like","liver"
"LOC115131329",81.7232508841356,-0.102280085002259,0.108319295678807,0.0586907540242535,0.314862241989002,"protein tyrosine phosphatase type IVA 3-like, transcript variant X6","liver"
"LOC115118837",97.1233907083934,-0.102330954437616,0.107537272321591,0.0613897149441841,0.323326800909387,"mitogen-activated protein kinase kinase kinase 4-like, transcript variant X1","liver"
"LOC115107105",266.678707894606,-0.102439194421262,0.0699994607938588,0.0729001414878405,0.347232084924331,"myotrophin, transcript variant X1","liver"
"LOC115124832",80.4859075387365,-0.10252935938967,0.0978956357026252,0.0858737076586034,0.372348538987202,"autism susceptibility gene 2 protein homolog, transcript variant X2","liver"
"LOC115105493",84.0120901472024,-0.102730038027438,0.0886788864592974,0.0930930128814646,0.382535044198507,"phosphoglycerate kinase-like","liver"
"klf12",298.193382428537,-0.102849561278821,0.106024095920118,0.0652681664357541,0.33101253970647,"Kruppel like factor 12","liver"
"LOC115122577",75.1034378442678,-0.102930683360432,0.106848179710339,0.0623869150121383,0.325014963478949,"retinoic acid receptor RXR-gamma-B-like, transcript variant X2","liver"
"COX3",8895.11294765333,-0.10307396586778,0.0993269695660647,0.0817537698714398,0.366421645556231,NA,"liver"
"LOC115111821",124.654624412677,-0.103126998891907,0.108810139820974,0.0550892528172036,0.307042370588284,"testosterone 17-beta-dehydrogenase 3-like, transcript variant X1","liver"
"ate1",55.3163263309927,-0.103165314665565,0.0867669312068693,0.0916248375629444,0.38037532177934,"arginyltransferase 1, transcript variant X1","liver"
"LOC115110082",141.814264460032,-0.103194561485951,0.0986663353307139,0.0826295079949353,0.368213261357068,"bromodomain-containing protein 4-like, transcript variant X1","liver"
"LOC115130958",155.724536854848,-0.103245696301274,0.113679240286497,0.0354965732390509,0.254655212843306,"cathepsin F-like","liver"
"pcf11",78.426878577281,-0.103400844037994,0.0864435657334664,0.0908245439408606,0.379829937063863,"PCF11 cleavage and polyadenylation factor subunit, transcript variant X2","liver"
"LOC115127897",44.702034322107,-0.103728132206689,0.098204019416125,0.0819180102775932,0.366587670591635,"hsp70-binding protein 1-like","liver"
"LOC115105240",258.292893469316,-0.103739809578215,0.0795249801117998,0.0848662556377148,0.371554795831749,"cytoplasmic polyadenylation element-binding protein 4-like, transcript variant X2","liver"
"ND2",1022.66222033857,-0.103968787499469,0.107817043109778,0.0568315259803232,0.312131124207106,NA,"liver"
"LOC115142766",266.498876499314,-0.103977064683472,0.105434257945666,0.0644335228702254,0.330056696847667,"peroxisome proliferator-activated receptor delta-like, transcript variant X3","liver"
"LOC115130622",49.8549631255478,-0.104032267162005,0.0878134279189204,0.0891024831962823,0.375698126541646,"MAP7 domain-containing protein 2-like, transcript variant X10","liver"
"LOC115129760",199.196104385524,-0.104070245379758,0.107677447960423,0.0570891652246127,0.312313453371061,"xin actin-binding repeat-containing protein 2-like, transcript variant X1","liver"
"LOC115132987",373.29295173133,-0.104226065899274,0.0919277617140187,0.08745297604314,0.37491230276353,"guanine nucleotide-binding protein G(i) subunit alpha-1","liver"
"LOC115108146",39.4238069730804,-0.104376965192762,0.085605628306962,0.0876019953333179,0.374981702541253,"hippocampus abundant transcript 1 protein","liver"
"LOC115106784",70.6450213100338,-0.104392424123689,0.0785289578327885,0.0817547806575872,0.366421645556231,"eukaryotic translation initiation factor 4H-like, transcript variant X3","liver"
"LOC115103914",104.365202909934,-0.104399849913188,0.0942823138946021,0.085132866408026,0.371958609526001,"ERO1-like protein beta, transcript variant X1","liver"
"LOC115133979",60.1112194742301,-0.104427850583035,0.0960071966110927,0.0831432857896514,0.368799509050193,"zinc finger C3H1 domain-containing protein-like, transcript variant X5","liver"
"LOC115102183",38.810117727107,-0.104617920732758,0.0912491201674999,0.0866505647598723,0.372946774904578,"E3 ubiquitin-protein ligase ARIH2-like","liver"
"LOC115139710",56.2519499371026,-0.104655766242096,0.111408126062276,0.0424722110444791,0.275711570519406,"arrestin domain-containing protein 3","liver"
"LOC115109591",62.530319413949,-0.104767287857286,0.0911277647237806,0.0862672401550754,0.372658636507694,"FYVE, RhoGEF and PH domain-containing protein 4-like, transcript variant X1","liver"
"LOC115103031",57.6981842465009,-0.104849095328935,0.104754762480174,0.0643612482046557,0.330056696847667,"TGF-beta receptor type-1-like","liver"
"LOC115143111",622.686824639944,-0.105082651297737,0.109325475535341,0.0493794140896827,0.291673730441052,"class E basic helix-loop-helix protein 40-like","liver"
"LOC115123980",176.154981275476,-0.105086681472701,0.11139224856738,0.0418240323941433,0.274260728103755,"uncharacterized LOC115123980, transcript variant X3","liver"
"LOC115105202",38.3811906716732,-0.105191206785195,0.102124762878983,0.0702343686113965,0.340672891048062,"serine/threonine-protein kinase PRP4 homolog","liver"
"LOC115114548",76.6073286320783,-0.105261026871457,0.0962637078569917,0.0804836749778848,0.364048909709233,"microtubule-associated protein RP/EB family member 2-like, transcript variant X2","liver"
"LOC115106831",123.006474655144,-0.105307761443701,0.0995267325057894,0.0753026766352246,0.35079118175122,"claudin-14-like, transcript variant X2","liver"
"LOC115146302",52.9496568380217,-0.105357516510391,0.0934212228094433,0.0831429760576793,0.368799509050193,"runt-related transcription factor 3-like, transcript variant X3","liver"
"fam126a",41.1155244982252,-0.105908759978431,0.085426739961497,0.0830432341084654,0.368799509050193,"family with sequence similarity 126 member A, transcript variant X7","liver"
"LOC115137365",78.3154000288521,-0.105956350728379,0.103268898363764,0.0656601961977983,0.331901525580371,"bifunctional UDP-N-acetylglucosamine 2-epimerase/N-acetylmannosamine kinase-like, transcript variant X3","liver"
"LOC115142940",127.402720590111,-0.105993438787787,0.0830648362285502,0.0815316620224371,0.366421645556231,"neurofascin-like","liver"
"LOC115103147",63.9410984753621,-0.106323792628995,0.085209770029384,0.0817731621326339,0.366421645556231,"enhancer of polycomb homolog 1-like, transcript variant X2","liver"
"LOC115139384",57.1219228987056,-0.106324484479925,0.106318710457458,0.0566138319992893,0.311238262383629,"atypical kinase COQ8A, mitochondrial-like, transcript variant X4","liver"
"LOC115104488",178.074409634296,-0.106436269936662,0.0949816648367693,0.0787298289151199,0.359926003283212,"histone-lysine N-methyltransferase 2C-like","liver"
"LOC115103411",159.204692215162,-0.106497695910416,0.109518605603712,0.0461346964109103,0.282819213828447,"tumor protein p53-inducible nuclear protein 1-like, transcript variant X3","liver"
"LOC115145341",98.6090407402958,-0.106922143747267,0.101136333102403,0.0681221844644008,0.337384082005269,"tyrosine-protein kinase JAK1-like, transcript variant X1","liver"
"LOC115106696",217.976583234675,-0.106933535717686,0.113603421283205,0.0308925398031677,0.239916478306307,"transforming growth factor beta-2 proprotein-like","liver"
"LOC115141920",51.1468594159395,-0.106946354036593,0.0995878205263574,0.0709955586087521,0.342892150474777,"serine/threonine-protein kinase ULK2-like, transcript variant X2","liver"
"LOC115137323",131.818334054736,-0.107122179301363,0.0875122942593245,0.080129944591786,0.363969161033969,"protocadherin Fat 1-like","liver"
"LOC115108366",79.1505932501683,-0.107146738020626,0.0788027448496798,0.0743788110362098,0.349952305925367,"ER degradation-enhancing alpha-mannosidase-like protein 3, transcript variant X2","liver"
"LOC115114194",55.330737959395,-0.107533945894645,0.101549865057105,0.065819082736471,0.33209521101887,"CMP-N-acetylneuraminate-beta-1,4-galactoside alpha-2,3-sialyltransferase-like, transcript variant X1","liver"
"LOC115131777",42.3590204941213,-0.107665854799655,0.091700679605684,0.0778587173534696,0.357681300388681,"sorting nexin-27-like","liver"
"LOC115112993",210.408344041497,-0.107716241413284,0.0892313624246573,0.0784782886714826,0.359066789172764,"ras-related protein Rab-40B-like","liver"
"LOC115141777",117.268081420096,-0.107863720805503,0.0732677396992812,0.0647256119010762,0.330362180102072,"lissencephaly-1 homolog A, transcript variant X2","liver"
"LOC115110196",52.244343584809,-0.108016217769411,0.0836549831058569,0.0763099301805214,0.353336792399074,"zinc finger protein 646-like, transcript variant X7","liver"
"LOC115117104",58.6051406730898,-0.108029572682231,0.0897795039106978,0.0775405047032133,0.35650951918106,"talin-1-like","liver"
"LOC115122149",38.530749294938,-0.108067474631274,0.097900436166612,0.0708955522077603,0.342702301168677,"serine/threonine-protein phosphatase 5-like","liver"
"LOC115130876",92.7465088771962,-0.108111628911103,0.0883472529446826,0.0774686265452375,0.356469328015005,"ecto-NOX disulfide-thiol exchanger 2-like, transcript variant X2","liver"
"LOC115101146",58.2530030471708,-0.108150867971629,0.113705697280442,0.0290580156800151,0.235543168142888,"atrial natriuretic peptide receptor 2-like","liver"
"LOC115123698",65.5437842680012,-0.1082760729295,0.0986817784752164,0.0692141053208654,0.339078957764548,"protein-tyrosine sulfotransferase 2-like, transcript variant X2","liver"
"LOC115124238",67.6925373892265,-0.108311959198164,0.103024058636843,0.0608672706333812,0.322682262907108,"acetyl-coenzyme A synthetase, cytoplasmic-like","liver"
"LOC115120696",68.0141328482037,-0.108448809536834,0.11145954023268,0.0364399965488438,0.256032452364984,"E3 ubiquitin-protein ligase SH3RF3-like","liver"
"LOC115130400",54.750663871351,-0.108634665847507,0.0877402526919958,0.0760485550301205,0.352810305423221,"sickle tail protein homolog, transcript variant X6","liver"
"LOC115126857",1029.91425461445,-0.108653700223264,0.0995277632245727,0.0669413574298961,0.334585404241115,"fructose-1,6-bisphosphatase 1-like","liver"
"LOC115108547",44.5137617991431,-0.108662938948477,0.0843644357597184,0.0749753549479245,0.350765408744932,"nucleoprotein TPR-like, transcript variant X6","liver"
"LOC115128719",106.600235522948,-0.10888058234216,0.0785022389777311,0.0694966601097447,0.340004396525346,"casein kinase II subunit alpha-like, transcript variant X1","liver"
"LOC115103495",99.3955854476606,-0.109051130101116,0.10395364996,0.0571413031052615,0.312313453371061,"signal transducer and activator of transcription 5B-like","liver"
"LOC115114767",138.039591667358,-0.109192404832686,0.107376446079869,0.0479693750577909,0.288429277504033,"ski-like protein, transcript variant X3","liver"
"LOC115144966",81.1099718542645,-0.109211870788436,0.0838133096299094,0.0732394091734479,0.348072141576841,"nuclear factor 1 C-type-like, transcript variant X3","liver"
"LOC115113790",89.7036708098944,-0.109352885547707,0.0864203909363692,0.0739435931469552,0.349398388232534,"leukocyte receptor cluster member 8 homolog","liver"
"LOC115109412",56.3374828451411,-0.109532979620002,0.105383069305188,0.0526792420204994,0.30210846539795,"nuclear receptor ROR-alpha A-like, transcript variant X1","liver"
"LOC115134055",66.0469066845778,-0.109580532721562,0.0987195478545483,0.0660375904343562,0.332567033439638,"cat eye syndrome critical region protein 2-like, transcript variant X2","liver"
"klhl29",112.497531342509,-0.109652850904564,0.0882093619025293,0.0734108161778408,0.348554918727239,"kelch like family member 29, transcript variant X1","liver"
"LOC115109181",117.670929982036,-0.109697245932811,0.0917633509965461,0.072524086091177,0.34700931361931,"serine/arginine-rich splicing factor 11-like","liver"
"LOC115141154",44.6279207847127,-0.109739542744208,0.100018231793888,0.0635931550669824,0.328797576472695,"probable myosin heavy chain ECU04_1000, transcript variant X6","liver"
"LOC115139363",56.4152978490234,-0.109874930965785,0.085089443650767,0.0721551415842454,0.346411286926949,"nuclear receptor coactivator 1-like, transcript variant X4","liver"
"LOC115133010",43.7596419950444,-0.110101116883446,0.0942748201776372,0.069915106533856,0.340293699560475,"protein phosphatase 1 regulatory subunit 12A-like, transcript variant X17","liver"
"LOC115141334",181.062762866114,-0.11016857378698,0.086596656411758,0.071889778300642,0.345732272815524,"ubiquitin carboxyl-terminal hydrolase 5-like, transcript variant X1","liver"
"LOC115101387",69.2676313882944,-0.110233715986879,0.0748527877322033,0.0614476014098766,0.323330062963806,"heterogeneous nuclear ribonucleoprotein U-like protein 1","liver"
"LOC115105288",279.17667945405,-0.110634176281256,0.107620147372649,0.044761779410179,0.280186172126901,"protein Jade-1-like","liver"
"LOC115104028",62.3542808580372,-0.110917994762588,0.0838621088786126,0.0689405100791746,0.338648638330668,"KAT8 regulatory NSL complex subunit 1-like, transcript variant X1","liver"
"LOC115121787",105.289193023203,-0.110918770300098,0.062201803448872,0.0374466762302545,0.258148881558018,"baculoviral IAP repeat-containing protein 2-like","liver"
"LOC115143092",333.185934409544,-0.111028995395848,0.0896705182490463,0.0698421448816096,0.340293699560475,"interleukin-17 receptor C-like, transcript variant X1","liver"
"LOC115108037",55.2750394783555,-0.111136535449298,0.0990797571602579,0.0619507975854697,0.324767133860317,"solute carrier family 22 member 16-like","liver"
"LOC115123863",676.859183950517,-0.111168454779719,0.106862737325153,0.045867741133238,0.282717539779762,"60S ribosomal protein L4-A, transcript variant X1","liver"
"LOC115138574",64.640341795556,-0.112047036650469,0.11267568131312,0.0279722283493636,0.232593816289407,"sacsin-like, transcript variant X3","liver"
"LOC115102454",49.4031523106446,-0.112194110468954,0.106430960944241,0.0451978389013373,0.280502914456079,"transmembrane protein 269-like, transcript variant X1","liver"
"LOC115110892",140.399913255603,-0.112440179856755,0.10750650987315,0.0420816792132524,0.275233817986264,"microfibril-associated glycoprotein 4-like","liver"
"LOC115110408",91.5878092007407,-0.112571444772736,0.0795539849678453,0.0616833168715493,0.323966518192342,"histone acetyltransferase p300-like, transcript variant X5","liver"
"LOC115105346",42.3810071230102,-0.112864629006048,0.091320818903273,0.0650312330439138,0.330627777077903,"remodeling and spacing factor 1-like, transcript variant X1","liver"
"LOC115133794",162.245199518136,-0.112963963474077,0.0865177235213956,0.0650597698075717,0.330627777077903,"UHRF1-binding protein 1-like","liver"
"srsf7",76.0791143756401,-0.113077982657065,0.096290977326511,0.0611528724094712,0.322983271865177,"serine and arginine rich splicing factor 7, transcript variant X1","liver"
"LOC115129408",258.770552440597,-0.11314037770009,0.0781352560630974,0.0589377441135264,0.315414695037886,"proto-oncogene DBL-like","liver"
"LOC115128564",39.8756368504571,-0.113140962223395,0.109122780317991,0.0367707558601949,0.256622605175106,"thyroid hormone receptor beta-like, transcript variant X3","liver"
"clybl",64.6152438399759,-0.113281482360702,0.0775994839487061,0.058032407396886,0.313337271703472,"citrate lyase beta like, transcript variant X2","liver"
"tc2n",48.6361873768613,-0.113398237514252,0.106408460578789,0.0432395157696525,0.276907100859744,"tandem C2 domains, nuclear","liver"
"LOC115134404",284.007206290593,-0.11344875023615,0.093996629380225,0.0622984634695598,0.325014963478949,"low-density lipoprotein receptor-related protein 5-like","liver"
"ppp1r13b",47.2665671524403,-0.113625144280119,0.0845663159199897,0.0628573426920296,0.326188011800735,"protein phosphatase 1 regulatory subunit 13B, transcript variant X1","liver"
"LOC115123699",392.091676821597,-0.113656937010558,0.11186258772264,0.0285382475450389,0.234294517521169,"polyubiquitin-B","liver"
"LOC115102137",38.7496620419877,-0.113828725791228,0.0908886664035694,0.0629693087925865,0.326364315010383,"bromodomain adjacent to zinc finger domain protein 2A-like","liver"
"nr2f1",152.535209078418,-0.113970543191115,0.0692761194003903,0.044861547928218,0.280186172126901,"nuclear receptor subfamily 2 group F member 1, transcript variant X2","liver"
"LOC115110004",50.8492510828253,-0.11512830523116,0.102404471923557,0.0485082519461785,0.290094134609614,"mitogen-activated protein kinase 1-like","liver"
"LOC115126022",84.0215033080444,-0.115153999012917,0.109297486022498,0.0335674689222388,0.2487661021544,"pantothenate kinase 1-like","liver"
"LOC115130185",54.1183168111549,-0.115184553175315,0.101802638073475,0.0494388522904865,0.291673730441052,"aspartyl/asparaginyl beta-hydroxylase-like, transcript variant X2","liver"
"LOC115142853",5893.73587709561,-0.115298989320405,0.0972852996007987,0.0554449797209566,0.307809592433157,"1,25-dihydroxyvitamin D(3) 24-hydroxylase, mitochondrial","liver"
"LOC115138757",42.221243112754,-0.115893726442799,0.0981955764752188,0.0532410952933267,0.302493985279894,"sodium-dependent multivitamin transporter-like, transcript variant X10","liver"
"LOC115135385",51.2421878209061,-0.115995122558146,0.103597986351753,0.0448449713979131,0.280186172126901,"protein spinster homolog 2","liver"
"LOC115107678",90.5578272745605,-0.116447358003677,0.0839573333195441,0.0563998992555495,0.310970538278157,"S-adenosylmethionine decarboxylase proenzyme-like","liver"
"LOC115142923",128.072415176775,-0.11644754160998,0.0942545541425203,0.0557574126756798,0.308686942347856,"solute carrier family 25 member 34-like, transcript variant X2","liver"
"LOC115132248",43.5799331809017,-0.116522426894014,0.0899609563832899,0.0573319342154714,0.312444816097772,"cyclin-dependent kinase 11B-like, transcript variant X2","liver"
"LOC115129566",54.3792091977153,-0.116534225411265,0.0951711797013873,0.0549245129806377,0.306566000958766,"transmembrane protein 33-like","liver"
"LOC115102104",470.891206137394,-0.116587378406302,0.096057027974146,0.0540848495807904,0.304679468912728,"serine protease hepsin-like, transcript variant X2","liver"
"LOC115135922",171.203355900426,-0.116879709468081,0.094722745749056,0.0545697178436996,0.305513320573911,"nuclear receptor corepressor 1-like, transcript variant X4","liver"
"LOC115131882",361.111664162568,-0.116964859808512,0.0947486394733419,0.0543825107438167,0.305513320573911,"RAF proto-oncogene serine/threonine-protein kinase-like","liver"
"pum1",129.424984094519,-0.117031996237576,0.0733968679335279,0.0452735473920577,0.280502914456079,"pumilio RNA binding family member 1, transcript variant X4","liver"
"LOC115143219",91.4567142206629,-0.117246428075582,0.0870130341435765,0.0557795963255841,0.308686942347856,"ubiquitin-associated protein 2-like, transcript variant X2","liver"
"ift140",41.2795184829327,-0.117444483235945,0.0997573747549312,0.0484004970320556,0.289914369055386,"intraflagellar transport 140","liver"
"LOC115117497",55.6466411834866,-0.117548595635954,0.102822229807005,0.0436372177424079,0.278233057079927,"catenin alpha-1-like","liver"
"LOC115137077",106.254318208427,-0.117571602405931,0.0932079593113035,0.0541256654834337,0.304679468912728,"forkhead box protein P1-B-like, transcript variant X6","liver"
"LOC115103173",54.9652163870264,-0.117718441483989,0.109976554690003,0.0287888314341147,0.23488691080493,"chromodomain-helicase-DNA-binding protein 7-like","liver"
"LOC115144088",183.05091564148,-0.117873623970179,0.0890808993092174,0.0546525777151347,0.305513320573911,"replication termination factor 2-like, transcript variant X1","liver"
"LOC115135506",100.271424259645,-0.117894006067718,0.110453871637573,0.0274718967617531,0.230196866490767,"phosphofurin acidic cluster sorting protein 1-like, transcript variant X2","liver"
"pam",80.2698811997388,-0.118117623609329,0.101083622145495,0.0454001440620931,0.280502914456079,"peptidylglycine alpha-amidating monooxygenase, transcript variant X2","liver"
"LOC115143907",78.9337661965538,-0.118300720766964,0.0920405778055033,0.0532085586309746,0.302493985279894,"nuclear distribution protein nudE-like 1-A, transcript variant X2","liver"
"tm9sf1",63.034572846991,-0.118438422567157,0.0959166873248414,0.0506606781070019,0.296404340509982,"transmembrane 9 superfamily member 1, transcript variant X2","liver"
"LOC115129282",99.6117741473693,-0.118621535998218,0.088977115222412,0.0531740824027355,0.302493985279894,"matrix-remodeling-associated protein 5-like","liver"
"LOC115101074",86.9317513232607,-0.118985420628875,0.0974597401099354,0.0482770015203718,0.289662009122231,"5'-AMP-activated protein kinase catalytic subunit alpha-1-like","liver"
"LOC115135102",57.4975565105462,-0.11940743833786,0.0953989786332002,0.0492788828529606,0.291644206066893,"phosphatidylcholine:ceramide cholinephosphotransferase 1-like, transcript variant X2","liver"
"LOC115102192",240.294285679306,-0.1194471671754,0.101154805379854,0.043101042572099,0.276907100859744,"oxysterol-binding protein-related protein 2-like, transcript variant X2","liver"
"LOC115110608",306.19242985322,-0.119479821023632,0.10212437955605,0.0416489062921429,0.274093247682177,"low-density lipoprotein receptor-like","liver"
"LOC115131964",71.1521456967621,-0.119616225512779,0.0899502718019022,0.0511873888811346,0.298412033906182,"cAMP-dependent protein kinase type II-alpha regulatory subunit-like, transcript variant X2","liver"
"LOC115143984",129.580704709898,-0.120387488675418,0.106004533310544,0.0338383232444524,0.249740095474742,"growth factor receptor-bound protein 7-like, transcript variant X1","liver"
"LOC115103255",102.363998044616,-0.120467184179981,0.115896994204033,0.0129410754534704,0.173140549787426,"angiopoietin-related protein 4-like, transcript variant X1","liver"
"LOC115134611",58.306914985807,-0.120503618695019,0.107203086313773,0.031429377381408,0.24210588327599,"junctional adhesion molecule A-like","liver"
"LOC115114791",124.024882236095,-0.120505840587643,0.0944810004914847,0.0479168868558982,0.288420834955652,"cysteine/serine-rich nuclear protein 1-like","liver"
"LOC115115135",102.99965365453,-0.120795950808421,0.0951725994939563,0.046966415065935,0.286117614907964,"rho guanine nucleotide exchange factor 11-like, transcript variant X3","liver"
"LOC115141202",438.789268526062,-0.120946197661226,0.0915180516661799,0.0484217587706747,0.289914369055386,"mannosyl-oligosaccharide 1,2-alpha-mannosidase IA-like, transcript variant X1","liver"
"LOC115136605",39.6733040069229,-0.121026906355625,0.0901397973163456,0.0485545443156367,0.290094134609614,"heterogeneous nuclear ribonucleoprotein R-like, transcript variant X4","liver"
"LOC115138133",63.867831195141,-0.121259451530006,0.104393512794894,0.0354766091480334,0.254655212843306,"regulator of G-protein signaling 12-like, transcript variant X1","liver"
"LOC115103360",132.930896166778,-0.121687300745147,0.0964859488230234,0.0444874003400986,0.280186172126901,"uncharacterized LOC115103360, transcript variant X2","liver"
"LOC115110234",48.7210964180213,-0.121687992784801,0.119092725082436,0.00641512801396491,0.129820117443892,"1-phosphatidylinositol 4,5-bisphosphate phosphodiesterase delta-3-A-like","liver"
"baz1a",38.160942057896,-0.121878330716818,0.0936365824309398,0.0459803858234686,0.282819213828447,"bromodomain adjacent to zinc finger domain 1A, transcript variant X1","liver"
"LOC115116852",52.8661732651948,-0.121991412249496,0.0953596572879971,0.0448003876672591,0.280186172126901,"protein lin-28 homolog B-like, transcript variant X1","liver"
"dhrs7",143.828183910208,-0.122006681239662,0.0991912732981313,0.0414481039065345,0.27370291772666,"dehydrogenase/reductase 7, transcript variant X2","liver"
"LOC115142428",246.42656309816,-0.12209348083143,0.111880356758347,0.0203412890399557,0.202673878336456,"VPS10 domain-containing receptor SorCS3-like","liver"
"LOC115140172",67.2287935393566,-0.12210192777503,0.0824781748727923,0.0448242347527879,0.280186172126901,"ras GTPase-activating-like protein IQGAP1, transcript variant X1","liver"
"zeb1",39.5565545263718,-0.122385742555764,0.101442211369521,0.0382140610913093,0.262158674266747,"zinc finger E-box binding homeobox 1","liver"
"lmo7",151.942615145368,-0.12253112403917,0.0930261748719071,0.0451421253841032,0.280502914456079,"LIM domain 7","liver"
"fxr1",60.7330840092466,-0.122797616690779,0.0764085878510995,0.0388845124966623,0.264827451816834,"FMR1 autosomal homolog 1","liver"
"slc2a4rg",67.8787049518224,-0.122980685019913,0.11651131495075,0.0105390548299429,0.158133544904899,"SLC2A4 regulator, transcript variant X1","liver"
"nutf2",42.6524671471892,-0.12334374493927,0.0886614510365727,0.0445807147942833,0.280186172126901,"nuclear transport factor 2, transcript variant X1","liver"
"LOC115101418",41.7323036000937,-0.123386947316682,0.114200590028169,0.0147549841024055,0.179540172935735,"MICOS complex subunit MIC26-like","liver"
"LOC115120401",816.087125230698,-0.123399197431697,0.111103704420564,0.0208201509822854,0.204080854940943,"arrestin domain-containing protein 3-like","liver"
"LOC115132285",162.925454624389,-0.12347569001717,0.094460930232899,0.0429026135737771,0.276907100859744,"specifically androgen-regulated gene protein-like, transcript variant X1","liver"
"LOC115134427",114.498962945508,-0.123618808663301,0.106818283235461,0.0284912215367861,0.234294517521169,"potassium voltage-gated channel subfamily KQT member 1-like, transcript variant X1","liver"
"ATP6",2379.82788486397,-0.123723257109341,0.101522557689808,0.036217891582704,0.256032452364984,NA,"liver"
"LOC115117453",39.0007385761572,-0.124086417741712,0.0865002353460013,0.0430682176049612,0.276907100859744,"protein LSM12 homolog A-like","liver"
"LOC115138416",137.967838944179,-0.124172701235396,0.0915444248996553,0.0429044953034103,0.276907100859744,"serine/arginine repetitive matrix protein 1-like","liver"
"CYTB",9452.01741391626,-0.125590682347155,0.0944268557132184,0.0396261753266812,0.266383648673165,NA,"liver"
"srsf4",95.2442673871772,-0.125919784822999,0.0885506562743541,0.0404111416097138,0.269694214572629,"serine and arginine rich splicing factor 4","liver"
"LOC115129597",170.404561068023,-0.126037463823474,0.0937722359173721,0.0392575471405939,0.266383648673165,"protein diaphanous homolog 2-like","liver"
"plxdc2",110.124244037419,-0.126179779047341,0.105375529606822,0.0279402011975964,0.232593816289407,"plexin domain containing 2","liver"
"LOC115105217",51.9712469715625,-0.126240865476455,0.101396371069262,0.0330273971350674,0.247968994979509,"beta-2 adrenergic receptor, transcript variant X2","liver"
"ncor2",52.7346652511457,-0.126346038481003,0.0791655016095493,0.0358685768028906,0.255699475541819,"nuclear receptor corepressor 2, transcript variant X2","liver"
"LOC115131328",54.0497693030697,-0.127000692017092,0.121458779600354,0.00257920536503007,0.0915861225846527,"WNT1-inducible-signaling pathway protein 1-like","liver"
"LOC115107146",65.067754958944,-0.12716442815916,0.0999368499152396,0.0333726218831253,0.2487661021544,"protein mono-ADP-ribosyltransferase PARP12-like","liver"
"LOC115146897",70.0826283812774,-0.127331024653168,0.0914752076222272,0.038059300128557,0.261414608912206,"inactive carboxypeptidase-like protein X2","liver"
"LOC115135904",58.5680064969756,-0.127374740909598,0.0994461155176643,0.0335628304134858,0.2487661021544,"coxsackievirus and adenovirus receptor homolog","liver"
"LOC115107640",63.0283691563869,-0.128041240100664,0.093110651688523,0.0366038014726899,0.256090536697407,"heterogeneous nuclear ribonucleoprotein Q-like, transcript variant X7","liver"
"LOC115127007",64.681774562046,-0.128252193369662,0.0958745507595975,0.0350573238762048,0.254153401201062,"chromodomain-helicase-DNA-binding protein 7-like","liver"
"LOC115108486",461.494800886193,-0.128401321292172,0.105564383089063,0.0253527745364968,0.221925217105521,"transcription factor AP-1-like","liver"
"LOC115112080",99.6743162405993,-0.128549138433777,0.0900676182640116,0.0364976737245856,0.256032452364984,"rho GTPase-activating protein 1-like","liver"
"LOC115117330",39.209622550457,-0.128564013243013,0.0893854570018641,0.036505273413588,0.256032452364984,"cadherin-22-like","liver"
"LOC115145224",123.879487395061,-0.129080438854182,0.0826622728516665,0.034143507002687,0.251663499395785,"U1 small nuclear ribonucleoprotein 70 kDa-like","liver"
"LOC115147154",49.1661073370532,-0.129329809849128,0.0852693582508385,0.0348249731255417,0.253196714669397,"erbin-like, transcript variant X1","liver"
"LOC115145335",91.5130513535705,-0.129472079911688,0.0962081301792239,0.0332595335545212,0.2487661021544,"phosphoglucomutase-1-like","liver"
"LOC115123256",391.906354098611,-0.130483553356807,0.0775686346919562,0.0291402335978542,0.235543168142888,"protein TFG-like, transcript variant X3","liver"
"trappc9",171.373554283497,-0.130617186190503,0.0829843449290596,0.0322410177154743,0.244339310096064,"trafficking protein particle complex 9, transcript variant X1","liver"
"kiaa0586",56.203143700984,-0.13077700247285,0.117436141514765,0.00651978249838206,0.129885231245969,"KIAA0586 ortholog, transcript variant X3","liver"
"LOC115136715",49.5332990582835,-0.131596263106094,0.0904717361241761,0.0323802915249723,0.245031792050298,"rho GTPase-activating protein 32-like, transcript variant X1","liver"
"LOC115113263",94.3534845196947,-0.131649710167643,0.069292151754796,0.0205319976009379,0.203374839394553,"Golgi-specific brefeldin A-resistance guanine nucleotide exchange factor 1-like, transcript variant X1","liver"
"LOC115130321",210.938685146158,-0.132034746052396,0.0960194328284032,0.0302036239873163,0.238169917643,"RB1-inducible coiled-coil protein 1-like, transcript variant X3","liver"
"LOC115123096",90.5265285799374,-0.13239813473586,0.108463451941196,0.0180424224354605,0.193664481122832,"nuclear factor 1 X-type-like","liver"
"LOC115116919",42.4241555079136,-0.132644194621209,0.104576788290164,0.0225468389485939,0.210412318518614,"matrin-3-like","liver"
"LOC115118279",115.184784024213,-0.132996497258949,0.101105687993987,0.0256326107605745,0.223382348557403,"insulin receptor-like","liver"
"LOC115136940",153.308003379106,-0.13304117518848,0.0703358522005944,0.0201993473821015,0.202673878336456,"heterogeneous nuclear ribonucleoprotein L-like, transcript variant X1","liver"
"LOC115137883",157.343786736671,-0.133251996871132,0.0847031815617753,0.0296006979721174,0.237765350995314,"SH3 domain and tetratricopeptide repeat-containing protein 1-like, transcript variant X1","liver"
"LOC115105488",83.3172463434862,-0.133528540545479,0.0956459216470239,0.0286592380873642,0.234684950712175,"homeobox protein cut-like 1, transcript variant X2","liver"
"gnb1l",40.4669276716123,-0.134143623326022,0.0867008578269708,0.0290473448429903,0.235543168142888,"G protein subunit beta 1 like, transcript variant X1","liver"
"LOC115127760",4882.27100916989,-0.135109721762942,0.112292782728501,0.011529227808451,0.166056173996211,"complement C1q-like protein 2","liver"
"LOC115139507",47.4703729380454,-0.135124812384752,0.0822083657747282,0.0264889249738059,0.22778836580992,"myristoylated alanine-rich C-kinase substrate-like","liver"
"LOC115146425",46.0095673168618,-0.135134018462203,0.10159823516704,0.023152208317629,0.212548566115989,"protein quaking-A, transcript variant X2","liver"
"LOC115129612",67.1828454112014,-0.135269950103196,0.08497644493961,0.02734563321548,0.230196866490767,"muscleblind-like protein 2a, transcript variant X10","liver"
"dbn1",45.2669687052433,-0.135316316534058,0.102647993852148,0.0220868565757972,0.209084663997893,"drebrin 1, transcript variant X1","liver"
"LOC115130517",69.8876540477343,-0.135510770589425,0.100348811519317,0.0237788947535119,0.214809023645325,"dual specificity protein kinase CLK4-like, transcript variant X1","liver"
"LOC115107593",53.0090058153229,-0.135653313494123,0.102064464054747,0.0222930323345194,0.209084663997893,"transport and Golgi organization protein 1 homolog, transcript variant X3","liver"
"LOC115133550",239.984228457436,-0.135909044927752,0.078370766700331,0.023614361431658,0.214350535968363,"receptor-type tyrosine-protein phosphatase delta-like, transcript variant X1","liver"
"LOC115145832",49.0312515788787,-0.1362274058548,0.0988294135656923,0.0241257237033457,0.21586978768477,"RING finger protein 24-like","liver"
"LOC115110931",64.0908371306079,-0.136400440140568,0.0815577173906176,0.0248255996439939,0.218789563853468,"dynamin-2-like","liver"
"LOC115133259",86.3918449252158,-0.136478009274921,0.0899445606078156,0.0266910783209644,0.228330042727522,"lysine-specific demethylase 5A-like, transcript variant X5","liver"
"pard3b",38.4587312469635,-0.136497694544459,0.099506522398763,0.023437932673056,0.213781208193981,"par-3 family cell polarity regulator beta","liver"
"LOC115142937",515.183925308352,-0.137122101082315,0.0895731116827002,0.0260088544248996,0.225223914237704,"pleckstrin homology domain-containing family A member 6-like, transcript variant X6","liver"
"LOC115135526",137.125571837843,-0.1372331253346,0.0950169437386552,0.0249751202374593,0.219641010686441,"rho GTPase-activating protein 31-like, transcript variant X2","liver"
"LOC115145297",167.848417495462,-0.137748666676927,0.0943547449822708,0.0246752492999054,0.218022625269587,"DENN domain-containing protein 1B-like, transcript variant X5","liver"
"LOC115124085",40.6623808123042,-0.138383716345444,0.0850555734216381,0.0240727761114629,0.21586978768477,"signal peptide peptidase-like 3, transcript variant X1","liver"
"LOC115144388",144.645377583994,-0.13945591863342,0.100303844275459,0.0203336817031992,0.202673878336456,"mitogen-activated protein kinase kinase kinase 4-like, transcript variant X1","liver"
"LOC115138324",98.2992420522201,-0.139976768976577,0.0867175139807953,0.0228845143610038,0.211528424697587,"kinase D-interacting substrate of 220 kDa B-like, transcript variant X2","liver"
"LOC115131709",6945.60178880783,-0.14012625700986,0.0727479183296983,0.016144833571772,0.184520130535523,"syndecan-2-A-like","liver"
"LOC115112568",42.473107277391,-0.140830369387942,0.100310195826794,0.0192316024083252,0.199629818720235,"chromodomain-helicase-DNA-binding protein 9-like","liver"
"LOC115101827",114.240772014294,-0.141206540964478,0.0936326870977831,0.0216255235009245,0.208002905768688,"carboxypeptidase N subunit 2-like","liver"
"LOC115146444",55.183136294213,-0.141447389953105,0.0942526358263016,0.0212737841526698,0.205956662037057,"serine/threonine-protein phosphatase 2A 56 kDa regulatory subunit gamma isoform-like, transcript variant X1","liver"
"LOC115142954",121.772652289419,-0.141864003849188,0.0958359869159228,0.0204655024343954,0.203374839394553,"receptor-type tyrosine-protein phosphatase gamma-like","liver"
"tmem232",157.700090577598,-0.142280896410174,0.0812363726075867,0.0191812993543887,0.199629818720235,"transmembrane protein 232","liver"
"LOC115135156",61.2490387688329,-0.142572925980122,0.0744585649780549,0.0154465871589611,0.181516621837922,"baculoviral IAP repeat-containing protein 6-like, transcript variant X14","liver"
"znf609",81.5148548109139,-0.143091826646655,0.0911168982505066,0.020333688027767,0.202673878336456,"zinc finger protein 609, transcript variant X1","liver"
"kyat1",175.776714410612,-0.143404908748723,0.0821075698856816,0.0185946253455121,0.19746665986833,"kynurenine aminotransferase 1, transcript variant X4","liver"
"patj",249.381031624545,-0.143536802935903,0.085057303630835,0.0193802188328732,0.199629818720235,"PATJ crumbs cell polarity complex component, transcript variant X3","liver"
"LOC115133075",38.1448084004055,-0.144415027882422,0.1097283069623,0.0100443333837377,0.154104093164627,"neuroepithelial cell-transforming gene 1 protein-like, transcript variant X1","liver"
"LOC115108567",52.5229969123124,-0.144802919180872,0.0998948431562217,0.0165629384632517,0.185913221796261,"growth factor receptor-bound protein 14-like, transcript variant X7","liver"
"LOC115144915",61.5889217361802,-0.145091340443593,0.0768413946725541,0.0149974159129075,0.181317794955622,"amino-terminal enhancer of split-like, transcript variant X1","liver"
"LOC115116332",66.564379183303,-0.145148974824443,0.0959204723493005,0.0178630464034667,0.193009650341407,"aryl hydrocarbon receptor-like","liver"
"LOC115127896",268.825641185803,-0.14578181868927,0.0932418717508778,0.0179756895375515,0.193315701198125,"lysosome membrane protein 2-like","liver"
"LOC115113613",1624.67749227223,-0.14637447610119,0.0935952519509095,0.0174837633082391,0.190896114372334,"UDP-glucuronosyltransferase 2C1-like, transcript variant X2","liver"
"LOC115120683",41.7295399849785,-0.146734063997068,0.0975941214494466,0.0162145448814916,0.184556643995975,"rho GTPase-activating protein 29-like","liver"
"ND6",1680.97546519652,-0.146942464794239,0.0965310703390252,0.0164140092342058,0.185718429130913,NA,"liver"
"LOC115139568",48.6796891222273,-0.147194797697173,0.0810485932970676,0.015380531226626,0.181516621837922,"serine/threonine-protein phosphatase 4 regulatory subunit 3-like, transcript variant X3","liver"
"LOC115137078",41.1853118128036,-0.147392683200715,0.0993576570963493,0.0151148381038086,0.181516621837922,"rho GTPase-activating protein 35-like","liver"
"LOC115101290",75.7902352017812,-0.147455170662057,0.082441612508486,0.015671952273297,0.181516621837922,"procollagen C-endopeptidase enhancer 2-like","liver"
"LOC115113038",55.8669192826161,-0.148215108183359,0.10808310681467,0.00973515393909126,0.151757085218134,"elongation of very long chain fatty acids protein 5-like","liver"
"ND1",1151.96859024375,-0.148367086573699,0.105949285173608,0.0110720719432397,0.161532088350211,NA,"liver"
"LOC115102120",43.43148282446,-0.148416742368798,0.0962125568986339,0.015522559051572,0.181516621837922,"death-inducer obliterator 1-like, transcript variant X2","liver"
"LOC115138206",109.14420976616,-0.148566479459327,0.0961403634856061,0.0154443626316762,0.181516621837922,"membrane-associated guanylate kinase, WW and PDZ domain-containing protein 1-like, transcript variant X2","liver"
"LOC115140321",67.1387693136355,-0.148616836435783,0.0995793361256454,0.0142777839110737,0.177532759134817,"growth hormone receptor-like","liver"
"LOC115108554",77.8520078408004,-0.149238880208781,0.0938290360349478,0.0154728788381608,0.181516621837922,"carboxyl-terminal PDZ ligand of neuronal nitric oxide synthase protein-like","liver"
"LOC115111950",126.884578626945,-0.14929479136296,0.0767433249335185,0.0122933137290526,0.169701832064135,"epsin-1-like, transcript variant X1","liver"
"LOC115131367",222.71689957094,-0.149690155704877,0.101745773953792,0.0127305907217042,0.172041047608422,"thyroid hormone receptor-associated protein 3-like, transcript variant X2","liver"
"LOC115112528",170.734785337669,-0.149755666860197,0.0950836713608425,0.0149258996751574,0.18084040679386,"immunoglobulin superfamily DCC subclass member 4-like","liver"
"LOC115130244",179.162421309343,-0.150440430345986,0.0960333735940917,0.0143019970478556,0.177532759134817,"microtubule-associated protein 4-like, transcript variant X4","liver"
"LOC115128540",92.6679113562632,-0.151039239327848,0.108744739561485,0.00825857678299542,0.140730428171628,"phosphatase and actin regulator 4B-like","liver"
"LOC115133611",117.97082441175,-0.151324327327371,0.101285520745731,0.0120877234505787,0.168714572504135,"CLIP-associating protein 1-like","liver"
"LOC115132589",44.6610603226964,-0.151354959934414,0.0904872213685639,0.0143621560770269,0.177532759134817,"protein TASOR-like","liver"
"LOC115109986",47.1437592926003,-0.151406761619338,0.0878463519776417,0.0141905384938985,0.177532759134817,"splicing factor, arginine/serine-rich 19-like, transcript variant X1","liver"
"tp53inp2",362.973446003685,-0.151508014580816,0.0908491341308214,0.0142662794365087,0.177532759134817,"tumor protein p53 inducible nuclear protein 2, transcript variant X1","liver"
"csmd3",356.01645550312,-0.151562995413891,0.110574663775803,0.0069668102227642,0.131582103041871,"CUB and Sushi multiple domains 3, transcript variant X2","liver"
"LOC115140855",259.267566452463,-0.152059050650582,0.104000805847635,0.0105016939622113,0.158133544904899,"maternal B9.15 protein-like, transcript variant X2","liver"
"nfyc",152.249948415636,-0.152703553249046,0.102471793591053,0.0109175545440224,0.160105228455975,"nuclear transcription factor Y subunit gamma, transcript variant X5","liver"
"LOC115112301",287.182269507309,-0.153087983302757,0.0976692415576686,0.0124064846394765,0.170027890409875,"furin-1-like, transcript variant X2","liver"
"LOC115106341",53.161376313741,-0.153129030590797,0.0937123331278928,0.0131308051166031,0.173795759856584,"interferon alpha/beta receptor 1a-like, transcript variant X1","liver"
"LOC115107737",70.4589281521765,-0.153283592804563,0.0830367845725448,0.0122174370690995,0.16918322615087,"afadin-like, transcript variant X12","liver"
"LOC115113725",43.9943587888743,-0.153537442780263,0.0856491034569408,0.0126278416369301,0.171799503330379,"CCR4-NOT transcription complex subunit 10-like","liver"
"LOC115102996",384.037140054563,-0.153620850055081,0.0891467181491553,0.0129804031134999,0.173256160706431,"solute carrier family 22 member 23-like","liver"
"LOC115130084",67.064060005343,-0.154269898250304,0.103409539361665,0.0098306936703943,0.151757085218134,"UDP-N-acetylglucosamine--peptide N-acetylglucosaminyltransferase 110 kDa subunit-like","liver"
"LOC115113578",99.6896855586508,-0.15442059677275,0.0869236187654138,0.0123286017255992,0.169773866689593,"tight junction protein ZO-1-like","liver"
"LOC115121805",50.8488538943752,-0.154537175270043,0.108775849682117,0.00712609994569285,0.131786666239984,"fibronectin type III domain-containing protein 3B-like","liver"
"LOC115135173",54.0015971183844,-0.154898369983929,0.084647228956967,0.0117015239209545,0.166835363782094,"Golgi-specific brefeldin A-resistance guanine nucleotide exchange factor 1-like, transcript variant X3","liver"
"LOC115126485",55.6586596625883,-0.155020944858131,0.100695512533073,0.0105509245875781,0.158133544904899,"protein transport protein Sec31A-like","liver"
"LOC115129421",136.09931968968,-0.155580676913437,0.0937941837725406,0.0118085388762168,0.167515101746532,"disks large homolog 1-like, transcript variant X3","liver"
"LOC115138157",629.309325440229,-0.155623902650841,0.0873221977556847,0.0117332152924636,0.166865827559823,"equilibrative nucleoside transporter 2-like, transcript variant X1","liver"
"LOC115141397",145.824614396321,-0.156597339772493,0.089661543214197,0.0114121555446762,0.165212897962159,"arginine/serine-rich protein PNISR-like, transcript variant X1","liver"
"LOC115146064",77.3931926475438,-0.156891915823448,0.0890566074693876,0.0112347234034193,0.163062335053227,"protein Daple-like","liver"
"LOC115116544",234.119529787756,-0.157257647490734,0.127371277843547,8.61050477183668e-05,0.0290814747469895,"alpha-tubulin N-acetyltransferase 1-like, transcript variant X2","liver"
"LOC115103132",71.5398505853391,-0.15736130924105,0.0851923253522888,0.0105590411670469,0.158133544904899,"extended synaptotagmin-2-B-like, transcript variant X1","liver"
"LOC115105427",83.5554273613753,-0.157474524886363,0.10621431820582,0.00745484568303541,0.132747665995541,"cell adhesion molecule 1-like, transcript variant X2","liver"
"LOC115139941",171.071277675195,-0.157975416981281,0.0725489844251324,0.00663608692973044,0.131086605807028,"hepatocyte nuclear factor 1-alpha, transcript variant X2","liver"
"LOC115130089",92.4399292243984,-0.1587120593222,0.109179128941763,0.00580877327973408,0.125176847089231,"zinc finger homeobox protein 4-like","liver"
"LOC115112441",141.945413125043,-0.15881133836646,0.0889079370332407,0.0103052951909707,0.156829371019463,"coatomer subunit beta-like, transcript variant X1","liver"
"fus",65.1619902719291,-0.160425240951143,0.0881625360998553,0.00953099166930288,0.150321135514427,"FUS RNA binding protein, transcript variant X2","liver"
"LOC115103015",41.778065336008,-0.160957639989981,0.0819689811317335,0.00834851876437854,0.140730428171628,"histone-lysine N-methyltransferase 2C-like, transcript variant X3","liver"
"LOC115102779",117.769086571058,-0.161150754675805,0.0863443370163949,0.0090339607631766,0.146438163732368,"apoptotic chromatin condensation inducer in the nucleus-like","liver"
"LOC115118912",75.1552083080085,-0.162209473019932,0.0848697278758433,0.00839925003373898,0.140730428171628,"serine/threonine-protein kinase MRCK beta-like","liver"
"LOC115124532",46.3170446608837,-0.162271706033911,0.0842114108696584,0.0082685603738192,0.140730428171628,"cullin-3-like","liver"
"ncoa5",83.8340567133297,-0.162436479558632,0.0783359151657095,0.00691793813543613,0.131582103041871,"nuclear receptor coactivator 5, transcript variant X1","liver"
"afdn",63.7422155744245,-0.162646594503157,0.0787274204114654,0.00694747402821663,0.131582103041871,"afadin, adherens junction formation factor, transcript variant X8","liver"
"ythdc1",97.1096903452975,-0.163338997463359,0.085053151992742,0.00799452495784598,0.138967246143528,"YTH domain containing 1, transcript variant X2","liver"
"LOC115106827",170.040855290578,-0.163417415056102,0.0933094817236712,0.00839995648137416,0.140730428171628,"stromal interaction molecule 1-like, transcript variant X2","liver"
"LOC115103018",40.0898756618364,-0.163504709719138,0.0884197424940932,0.00830284572338791,0.140730428171628,"rho GTPase-activating protein 21-like, transcript variant X2","liver"
"LOC115130751",47.782331806437,-0.163678556234777,0.10244669540495,0.00684780411450748,0.131582103041871,"polycomb group RING finger protein 3, transcript variant X1","liver"
"LOC115112749",38.3717886766621,-0.164451670015934,0.100269287747327,0.00712744279808709,0.131786666239984,"zinc finger homeobox protein 3-like","liver"
"LOC115146304",95.8362692297587,-0.166734723877854,0.0874368618910353,0.00707676563737797,0.131786666239984,"serine/arginine repetitive matrix protein 1-like, transcript variant X1","liver"
"LOC115104649",81.8128099571727,-0.169219509287217,0.0800356754462433,0.00525425661369137,0.116335422905496,"septin-7-like, transcript variant X1","liver"
"LOC115119688",131.387403705223,-0.171289716398795,0.0735282756956918,0.0034582519009851,0.101694219963343,"ERO1-like protein beta, transcript variant X1","liver"
"LOC115134627",43.3202634020297,-0.172029834892034,0.0999497616021927,0.00514827216040807,0.116147836617255,"oxysterol-binding protein-related protein 5-like, transcript variant X1","liver"
"LOC115142692",43.2971483704106,-0.172296290677111,0.111316182153747,0.00276011091375256,0.0922501561356199,"spectrin beta chain, non-erythrocytic 1-like, transcript variant X1","liver"
"LOC115142935",135.668027929172,-0.17383713473831,0.0694639435895032,0.00225536028631614,0.0874718206443201,"msx2-interacting protein-like, transcript variant X1","liver"
"LOC115112270",119.800821201623,-0.175939836435717,0.123590128780558,0.000330911266068409,0.0513472241377666,"disintegrin and metalloproteinase domain-containing protein 10-like","liver"
"LOC115140752",88.8447124109022,-0.175980408453993,0.0822829119643486,0.0040326708181998,0.10692997132335,"gastrula zinc finger protein XlCGF58.1-like, transcript variant X28","liver"
"LOC115117146",39.8254602176938,-0.176329384974793,0.0979190322545103,0.00443925935516502,0.108269851319413,"E3 ubiquitin-protein ligase NEDD4-like","liver"
"kazn",111.357077396419,-0.176492777107865,0.0847626399235297,0.00421328517276017,0.107371334663571,"kazrin, periplakin interacting protein, transcript variant X2","liver"
"LOC115120566",95.549824151983,-0.177103102170199,0.12088210908348,0.000612639971261822,0.0524348943476314,"E3 ubiquitin-protein ligase RNF19A-like","liver"
"LOC115103085",292.575966151498,-0.177171665084222,0.11776333173587,0.00106490658421349,0.0651305078424534,"sodium- and chloride-dependent glycine transporter 1-like, transcript variant X3","liver"
"LOC115138292",68.2471693489387,-0.177223216821423,0.0981506075376759,0.00424339990096924,0.107371334663571,"protein quaking-A-like, transcript variant X3","liver"
"LOC115114499",89.4539553033673,-0.177423851437864,0.0941317921420109,0.00441026675172459,0.108269851319413,"laminin subunit alpha-3-like","liver"
"LOC115135951",343.313823592477,-0.178099304342512,0.0938246255515577,0.0042788789052964,0.107371334663571,"phosphoglycerate kinase","liver"
"znf512b",48.1244965105401,-0.178782173966273,0.085844413597516,0.003854800493271,0.105366345687695,"zinc finger protein 512B","liver"
"LOC115111174",168.336398277898,-0.179136619384441,0.092521470262051,0.00408311117908725,0.10722439868431,"unconventional myosin-Ib-like, transcript variant X1","liver"
"LOC115126342",114.727640205263,-0.179482261378126,0.0891269958725327,0.00393332386711438,0.105750221684418,"transcriptional regulator ATRX-like","liver"
"LOC115124648",265.992243167166,-0.179562726494605,0.0774327470447096,0.00273931733472056,0.0922501561356199,"receptor-type tyrosine-protein phosphatase F-like","liver"
"LOC115127091",215.200873533148,-0.180826197725218,0.0869983365562982,0.00356499438396818,0.102693664754512,"oncoprotein-induced transcript 3 protein-like","liver"
"LOC115106112",52.8327711681876,-0.181170304830932,0.107925274898168,0.00243385143379741,0.0875256381861158,"protein O-mannosyl-transferase TMTC1-like","liver"
"LOC115121686",38.9742682948145,-0.182125053939881,0.0980866992022762,0.00339025592722647,0.101326961024005,"uncharacterized LOC115121686","liver"
"LOC115145300",44.7013668071068,-0.18329623730638,0.0984814555238366,0.00318813153601861,0.0987738039056392,"serine/threonine-protein kinase Nek7, transcript variant X1","liver"
"LOC115122474",38.2244417294939,-0.18344411612603,0.113722908494076,0.00138329894711145,0.0676872164894276,"one cut domain family member 2-like","liver"
"LOC115106862",52.3686338060867,-0.184665993326801,0.0906524067339707,0.00310103716434553,0.0987738039056392,"TBC1 domain family member 22B-like, transcript variant X1","liver"
"LOC115102554",175.14771834637,-0.186148562669579,0.100312621869744,0.00268451705038333,0.0922501561356199,"low-density lipoprotein receptor-related protein 1-like","liver"
"LOC115116746",119.185403481934,-0.186806823543016,0.0852518545427681,0.00253067235710638,0.0904314944824218,"fibrillin-1-like","liver"
"LOC115138079",100.725620036908,-0.187021128840145,0.0939006379284366,0.00279722361005302,0.0923574532301717,"receptor-type tyrosine-protein phosphatase delta-like, transcript variant X2","liver"
"LOC115125917",90.6473534916497,-0.187403272318331,0.108031713000319,0.00184123559131233,0.0775792249891749,"fibrinogen alpha chain-like","liver"
"LOC115102051",117.609308827077,-0.189110364092271,0.10922732565571,0.00158380146570247,0.0740104532971236,"membrane-associated guanylate kinase, WW and PDZ domain-containing protein 1-like, transcript variant X9","liver"
"macrod2",333.912489251297,-0.189795438691019,0.096446483431515,0.00241428249307512,0.0874718206443201,"mono-ADP ribosylhydrolase 2","liver"
"LOC115135592",48.4343225596763,-0.192044920005493,0.0981007419742713,0.00212552028696477,0.0851112591503767,"spectrin beta chain, non-erythrocytic 1-like, transcript variant X1","liver"
"LOC115145167",293.398560768979,-0.194568258069391,0.119452091687425,0.000435262015565847,0.0513472241377666,"palladin-like","liver"
"onecut2",57.0579116630113,-0.195327088461152,0.110677128770529,0.00109291000267047,0.0652607246374232,"one cut homeobox 2","liver"
"LOC115109209",61.0034926693077,-0.195975426477857,0.0855479448359374,0.00157743852106951,0.0740104532971236,"scaffold attachment factor B2-like, transcript variant X1","liver"
"LOC115124980",72.9793713066706,-0.198207707865832,0.091437445363939,0.00158612554887566,0.0740104532971236,"far upstream element-binding protein 1-like, transcript variant X1","liver"
"LOC115128454",57.7789039903661,-0.199462191100828,0.0990774427332991,0.0014664370424426,0.0707649875353072,"chromatin target of PRMT1 protein-like, transcript variant X3","liver"
"LOC115112072",54.4380939799136,-0.202231374644229,0.0940564010641509,0.00131741425975928,0.0670100982937018,"activating molecule in BECN1-regulated autophagy protein 1-like, transcript variant X2","liver"
"LOC115147132",44.9777425930873,-0.202467808613818,0.116743204713099,0.00046381658360363,0.0513472241377666,"2-oxoglutarate dehydrogenase, mitochondrial-like, transcript variant X3","liver"
"LOC115136074",55.487423349115,-0.203469067406417,0.09155121113261,0.0012110764674125,0.0670100982937018,"14-3-3 protein epsilon, transcript variant X1","liver"
"LOC115136041",107.511172090771,-0.204334907488433,0.080472254944822,0.000799481386956081,0.0562441821509167,"serine/arginine-rich splicing factor 7-like, transcript variant X2","liver"
"LOC115132601",87.0907933359494,-0.205020534820751,0.0964417461063691,0.00114431663816948,0.0652607246374232,"nuclear receptor coactivator 3-like","liver"
"ipo11",54.9849212834772,-0.212977231026818,0.10286171425701,0.00070513109029917,0.054102164082023,"importin 11, transcript variant X2","liver"
"LOC115129419",68.4596069856955,-0.213329097356047,0.0960186483628029,0.000750418309466128,0.0562441821509167,"disks large homolog 3, transcript variant X1","liver"
"LOC115112561",44.1124044444977,-0.214953331257208,0.111444432987239,0.000439395343892249,0.0513472241377666,"uncharacterized LOC115112561","liver"
"LOC115145809",613.622575043974,-0.217555621502717,0.0791701061164991,0.000332655678154069,0.0513472241377666,"long-chain-fatty-acid--CoA ligase 1-like, transcript variant X1","liver"
"ddx31",109.432014231662,-0.222644355734111,0.101652484086261,0.000448786440274339,0.0513472241377666,"DEAD-box helicase 31, transcript variant X2","liver"
"LOC115107543",70.3369688879812,-0.232280873986442,0.121408444305987,8.53302707270037e-05,0.0290814747469895,"pleckstrin homology domain-containing family G member 3-like, transcript variant X4","liver"
"LOC115119914",74.829884789362,-0.245575314943421,0.126061056342907,2.83511316422886e-05,0.0266090237597237,"unconventional myosin-XVI-like","liver"
"LOC115102558",1927.85097847973,-0.252133829373501,0.0762934015556143,2.42967189468582e-05,0.0266090237597237,"low-density lipoprotein receptor-related protein 1-like","liver"
"LOC115118360",38.4238213979648,-0.262329630261832,0.12870602342599,1.11868692155423e-05,0.0266090237597237,"coagulation factor X-like","liver"
