"gene","baseMean","log2FoldChange","lfcSE","stat","pvalue","padj","description","treatment"
"LOC115139445",109.218678611193,1.78400259512747,0.518638137804455,3.43978289502516,0.00058218099472883,0.0466002202580085,"protein broad-minded-like, transcript variant X5","liver"
"LOC115107125",108.583073596139,1.24122923341734,0.433646289591738,2.86230797589876,0.00420568020434691,0.0963575161214815,"anoctamin-4-like, transcript variant X2","liver"
"LOC115122299",289.917971707057,1.10372856196278,0.281399871232163,3.92227813442093,8.77156522313642e-05,0.023835266566336,"mannose-binding protein C-like","liver"
"LOC115115566",4164.31005525425,1.08683097680652,0.49570275130425,2.19250543586241,0.0283430310216697,0.215132578108614,"metallothionein B","liver"
"LOC115132763",115.306453899614,1.07696457275166,0.352982460434244,3.05104273857336,0.00228048111253246,0.077505024494435,"protein S100-A1-like, transcript variant X1","liver"
"LOC115112827",73.9283352640066,1.07141915918936,0.327581065453184,3.27069929303495,0.00107281920463127,0.0575369878694351,"serum amyloid A-5 protein-like","liver"
"LOC115113136",124.882884168784,1.02745700424205,0.510489157030518,2.0126911416076,0.044147131883424,0.261166487020082,"echinoderm microtubule-associated protein-like 6, transcript variant X1","liver"
"LOC115103957",358.411584845549,0.982618387586036,0.345263159745241,2.84599836342539,0.0044272422413283,0.0970184912669579,"cathepsin S-like","liver"
"LOC115128224",85.0745774021184,0.905151118405507,0.283162288534931,3.19658074204979,0.00139066898915579,0.0609501806430001,"ATPase inhibitor A, mitochondrial-like","liver"
"LOC115101055",60.7065044758226,0.901687635896279,0.388075045800579,2.32348780385026,0.0201529620904045,0.181137621422423,"tubulin alpha chain, testis-specific-like","liver"
"LOC115123568",154.235709163636,0.894158711058686,0.307658829902127,2.90633202805568,0.00365693180237228,0.0941930515012181,"ferritin, middle subunit-like, transcript variant X2","liver"
"LOC115108050",229.733258146964,0.866720299053331,0.261727794208235,3.31153327324401,0.000927862050912837,0.0540280817074389,"kinesin-like protein KIF14, transcript variant X1","liver"
"LOC115134326",114.47635109517,0.855605623295118,0.287999031280743,2.97086285148323,0.00296964366106904,0.0870810616008445,"heat shock factor-binding protein 1-like","liver"
"LOC115141395",103.474588566078,0.852306210420615,0.295278042088373,2.88645306773447,0.00389610849837197,0.0960013657626239,"NADP-dependent malic enzyme-like","liver"
"LOC115133660",1044.79388012239,0.85191071214828,0.523516424659574,1.62728554830395,0.103676465775422,0.378785249478853,"phospholipase A2 inhibitor 31 kDa subunit-like","liver"
"LOC115123160",252.12253219629,0.8482618938987,0.263281954611639,3.22187631564021,0.00127354098616704,0.0594443493954234,"ferritin, middle subunit-like","liver"
"LOC115125749",80.1559409703033,0.840461615387542,0.288119572056961,2.91705839137295,0.00353349616685392,0.0935229245201076,"trypsinogen-like protein 3","liver"
"LOC115113035",293.773493709201,0.839360297124594,0.466932675323153,1.79760454019135,0.072239698359611,0.326440144693763,"transmembrane protein 14A-like, transcript variant X1","liver"
"LOC115103576",155.560057498132,0.82614565812746,0.237962597189762,3.47174584528783,0.000517085627282196,0.0466002202580085,"dispanin subfamily A member 2b-like","liver"
"LOC115117313",95.6016421759522,0.795535623190622,0.27191338119359,2.92569501250193,0.00343687693016915,0.0933498989961277,"HMG domain-containing protein 4-like, transcript variant X1","liver"
"LOC115119163",359.674069479448,0.793109602361677,0.363106511893496,2.18423403707589,0.0289450550207989,0.216477145439957,"copper transport protein ATOX1-like","liver"
"LOC115110057",3360.3129211003,0.779006648687123,0.239919025870264,3.24695653402814,0.00116646202680761,0.0586975212502201,"ferritin, middle subunit-like","liver"
"LOC115115591",159.659982995134,0.770575889917651,0.229457615702712,3.35824935493106,0.000784378204723866,0.0498324214574492,"dispanin subfamily A member 2b-like","liver"
"LOC115131673",100.828268389963,0.743371105271815,0.166698978911233,4.45936207964213,8.22039500787107e-06,0.0230517281285088,"NADH dehydrogenase [ubiquinone] iron-sulfur protein 5-like","liver"
"gys2",1303.72205052129,0.730349431444524,0.28759640640337,2.53949428846537,0.01110128579134,0.14739036119056,"glycogen synthase 2, transcript variant X1","liver"
"vti1b",146.906210630017,0.720448132536397,0.343550014309085,2.09706913849296,0.0359874554572908,0.236107404550282,"vesicle transport through interaction with t-SNAREs 1B, transcript variant X3","liver"
"LOC115114346",70.6228892409173,0.715965657439391,0.361447585099112,1.98082844361256,0.0476105158697414,0.271034165761265,"UDP-glucuronosyltransferase-like, transcript variant X2","liver"
"LOC115143107",70.0593520219347,0.711110347674001,0.541282575391863,1.31375067294415,0.188930122215003,0.484057717936062,"uncharacterized LOC115143107, transcript variant X1","liver"
"LOC115132128",363.373681509995,0.701939869023422,0.263195778218365,2.66698757014653,0.00765345024073002,0.121857278051623,"neurotensin receptor type 1-like","liver"
"slc5a12",147.811129250787,0.69109633811386,0.30984505276428,2.23045787547115,0.0257170610276854,0.203935293285692,"solute carrier family 5 member 12","liver"
"LOC115128076",97.9705654551206,0.690082396404781,0.27708629442235,2.49049631936295,0.0127564817064951,0.155344040113861,"protein CREG1-like, transcript variant X2","liver"
"LOC115111889",19397.1340741735,0.686116741701012,0.536686999805089,1.27842996374086,0.201097864573769,0.496718234681971,"apolipoprotein A-I-like","liver"
"gpnmb",170.404840218089,0.684842557914114,0.440459037405838,1.55483824772359,0.119984597429832,0.401425114689914,"glycoprotein nmb","liver"
"wdr45",103.888393846575,0.678535093818182,0.166806295368563,4.06780267087006,4.74585435863265e-05,0.0230517281285088,"WD repeat domain 45","liver"
"LOC115102635",163.755141995053,0.674760058658136,0.196956219012394,3.42593933840533,0.000612677198683964,0.0466002202580085,"keratin, type I cytoskeletal 18-like","liver"
"atp5mpl",683.925896584146,0.674601400543037,0.198473794020319,3.39894444943182,0.000676464543682208,0.0475391289663566,"ATP synthase membrane subunit 6.8PL","liver"
"LOC115110056",72.4125409997342,0.670913731152358,0.249398733877458,2.69012484835634,0.00714252920110433,0.120800618355607,"ferritin, middle subunit-like","liver"
"LOC115109488",11153.4340130168,0.669667213395961,0.721495195420861,0.928165866725324,0.353321537191721,0.633584947467424,"zona pellucida sperm-binding protein 4-like","liver"
"LOC115113988",94.0418729235451,0.6689399926034,0.292311603682466,2.28844830029416,0.0221114275963566,0.188884564125091,"microsomal glutathione S-transferase 3-like, transcript variant X1","liver"
"LOC115135321",86.4114954822583,0.668550811762871,0.305697234877975,2.18697042526321,0.0287446830648054,0.215770401790325,"cytochrome c oxidase subunit 5B, mitochondrial-like","liver"
"LOC115123569",173.917895044511,0.664883665467799,0.224613453359453,2.96012396195955,0.00307515279141305,0.0891065651599224,"ferritin, middle subunit-like, transcript variant X1","liver"
"LOC115123161",148.108566323141,0.656266072317713,0.161232437085991,4.07031044235659,4.69505305261578e-05,0.0230517281285088,"ferritin, middle subunit-like","liver"
"LOC115105984",82.9916507740992,0.65165146326348,0.190217692201139,3.42581941628445,0.000612947755392078,0.0466002202580085,"NADH dehydrogenase [ubiquinone] 1 alpha subcomplex subunit 8-like","liver"
"LOC115133295",217.205891168774,0.650081205163375,0.159246344845309,4.08223627232926,4.46044153184795e-05,0.0230517281285088,"oligosaccharyltransferase complex subunit ostc, transcript variant X2","liver"
"LOC115135536",522.407341118967,0.635355089233358,0.183644155853441,3.45970764101206,0.000540762169236155,0.0466002202580085,"V-type proton ATPase catalytic subunit A-like","liver"
"ski",103.760332519371,0.629183986379571,0.257769180578723,2.44088135349221,0.0146514674824905,0.162280927876715,"SKI proto-oncogene","liver"
"zmat2",94.898061111777,0.62155758115992,0.195540618279075,3.17866224741518,0.00147956386299672,0.0634810769007856,"zinc finger matrin-type 2","liver"
"LOC115147159",403.724922292986,0.617973573795206,0.209686804145131,2.94712667454021,0.00320741782066829,0.0895440755961914,"phosphatidylinositol 3-kinase regulatory subunit alpha-like, transcript variant X1","liver"
"grpel1",142.98283190015,0.611659792926167,0.186198863469047,3.28498134483967,0.00101989124202362,0.0561767121957876,"GrpE like 1, mitochondrial","liver"
"LOC115108385",410.555972650859,0.609376713515805,0.3696169234446,1.6486710290124,0.0992150484581106,0.371350355845049,"MAP kinase-interacting serine/threonine-protein kinase 2-like, transcript variant X1","liver"
"LOC115141794",131.385783502347,0.608739229541534,0.322039670830118,1.89026161892538,0.0587229792444951,0.295499831358719,"claudin-4-like","liver"
"LOC115134734",1637.34562776711,0.608077091004292,0.4730707793713,1.28538290150242,0.198658513228425,0.495034422284058,"zona pellucida sperm-binding protein 4-like","liver"
"LOC115118407",145.306938415996,0.604186303855114,0.231652636004518,2.60815639431502,0.00910313527987456,0.132990607171214,"c-Myc-binding protein-like","liver"
"LOC115141548",123.209165585089,0.601147117269291,0.198165525715817,3.03356053025781,0.00241686220696315,0.0775679555557622,"flavin reductase (NADPH)-like, transcript variant X2","liver"
"LOC115132769",173.438306990045,0.600974024410985,0.352288736270892,1.70591325391927,0.0880242316889755,0.353721798164171,"extracellular matrix protein 1-like","liver"
"LOC115107007",88.1820911438502,0.593793358096266,0.33050925585454,1.79660129808165,0.0723989381901991,0.326705500361584,"suppressor of cytokine signaling 2-like, transcript variant X1","liver"
"LOC115125161",136.916425934153,0.593532407016148,0.148490886210757,3.99709653677824,6.41241551709696e-05,0.0237609142251702,"60S ribosomal protein L32-like","liver"
"LOC115122032",146.835619309866,0.593282015576223,0.246957256608035,2.40236721011955,0.0162893474412405,0.166822563242453,"protein S100-A1-like","liver"
"LOC115130477",169.720784417405,0.59322781779574,0.182344770885982,3.25333057215377,0.00114060721427115,0.0583029327147352,"lysozyme g-like","liver"
"LOC115125976",519.08057814341,0.590626238416976,0.174429912533423,3.38603757714896,0.0007090967307952,0.0481713045786873,"60S ribosomal protein L3","liver"
"slc27a2",83.1892469073769,0.5895959539769,0.346573491695156,1.70121480178151,0.088902659384282,0.353987042566891,"solute carrier family 27 member 2","liver"
"LOC115122004",71.5196740524862,0.589161161580888,0.30739935382608,1.91659856876025,0.055288949989273,0.28892020532856,"transmembrane protein 53-like, transcript variant X1","liver"
"LOC115107535",2862.4172705146,0.588044041482721,0.241016302956593,2.4398517206889,0.0146932915505446,0.162303133766991,"complement C1q-like protein 4, transcript variant X2","liver"
"LOC115128922",102.274551539047,0.585982254232352,0.266868771002078,2.19576929901547,0.0281084601572718,0.214550718354007,"macrophage receptor MARCO-like","liver"
"LOC115111545",75.6561493131742,0.583940544082249,0.279296673812843,2.09075366387481,0.0365501517191246,0.236820785401086,"GTPase-activating protein and VPS9 domain-containing protein 1-like, transcript variant X3","liver"
"LOC115136651",156.614730291269,0.583393385107908,0.24125257526916,2.41818510934869,0.0155981395438878,0.1640570739487,"tsukushin-like, transcript variant X3","liver"
"ddx49",62.2699235784404,0.580874342789849,0.211528962097003,2.74607475511307,0.00603130189595409,0.113288417179304,"DEAD-box helicase 49","liver"
"LOC115109447",704.516091075761,0.579012978493946,0.183663428757789,3.15257633166336,0.00161836503347753,0.066013323006769,"ADP-ribosylation factor 4-like","liver"
"mtor",1169.24620163797,0.578356870385885,0.36289103656772,1.59374801829242,0.110992484492146,0.390341127515089,"mechanistic target of rapamycin kinase, transcript variant X2","liver"
"LOC115145095",311.162069601426,0.575717230565836,0.160760488446993,3.58121100605928,0.000342005297514066,0.0436490093122773,"proteasome subunit beta type-5-like","liver"
"LOC115145370",124.640454772879,0.573576626852081,0.229468114501052,2.49959184132945,0.0124336466095436,0.153620643406058,"cytochrome P450 2J2-like","liver"
"LOC115102232",387.579163910277,0.571027390444979,0.2948314713781,1.93679252684893,0.0527707098060324,0.284406663425907,"properdin-like","liver"
"LOC115112196",64.8614355220064,0.570126105483737,0.332112160961682,1.71666735669314,0.0860399677753706,0.350742551825077,"3 beta-hydroxysteroid dehydrogenase/Delta 5-->4-isomerase-like","liver"
"LOC115143532",66.6910012255828,0.567604404098273,0.325981650343231,1.74121581230304,0.0816457565827535,0.344681911946862,"glycerol-3-phosphate dehydrogenase [NAD(+)], cytoplasmic-like","liver"
"LOC115133055",121.575352511435,0.566344545379553,0.225454688461239,2.51201050306356,0.0120045515788025,0.153195161527194,"protein mono-ADP-ribosyltransferase PARP12-like","liver"
"LOC115107123",1552.03193193263,0.560537090327879,0.223147265629529,2.51196038072224,0.0120062567065972,0.153195161527194,"sodium-coupled neutral amino acid transporter 4-like, transcript variant X2","liver"
"commd9",79.4010147603519,0.559135138794631,0.213589938153516,2.61779718477543,0.00884993881035174,0.132438555289874,"COMM domain containing 9, transcript variant X1","liver"
"LOC115114956",643.122525833237,0.558959363986557,0.200685322522863,2.78525283742601,0.00534859990916707,0.105829578785267,"40S ribosomal protein S17-like","liver"
"LOC115128708",2492.29394525075,0.558849266836115,0.654209734093438,0.854235633791864,0.392974442962072,0.668515788611605,"BPTI/Kunitz domain-containing protein-like, transcript variant X1","liver"
"LOC115119255",150.654238242258,0.555557758215996,0.32298526103896,1.72007154886545,0.0854194366624391,0.350278629728037,"ferritin, middle subunit-like","liver"
"dhfr",121.315096438226,0.554156605659383,0.177746056034746,3.11768721074214,0.00182276140450988,0.0681612429796539,"dihydrofolate reductase","liver"
"LOC115113421",66.0490549477878,0.55163576309365,0.46466333770604,1.18717298811862,0.235159393233899,0.52927094799634,"C-X-C motif chemokine 9-like","liver"
"spata1",68.9687060755248,0.549037439870061,0.209795758731126,2.61700924361254,0.00887039391416476,0.132438555289874,"spermatogenesis associated 1, transcript variant X1","liver"
"LOC115133187",275.556666573045,0.542457711027424,0.181367547378459,2.99093039999863,0.00278128877027544,0.0838344370189421,"aldo-keto reductase family 1 member B1-like","liver"
"LOC115107282",70.4621530555187,0.542452376938586,0.217259009660459,2.49680037567304,0.0125319482300648,0.15432090932249,"small integral membrane protein 8-like","liver"
"smc5",119.328697531419,0.542004928130504,0.289674324372215,1.8710837741838,0.0613334702303382,0.303588391935342,"structural maintenance of chromosomes 5","liver"
"LOC115128702",153.550384216592,0.540218340854626,0.126434966303001,4.27269731349469,1.93122531444276e-05,0.0230517281285088,"26S proteasome complex subunit SEM1","liver"
"LOC115101429",1129.86188689661,0.539192904558801,0.201580385495361,2.67482822415382,0.00747675483290506,0.121408262559031,"ADP/ATP translocase 2-like","liver"
"LOC115102637",150.166976849513,0.538677606997463,0.201587917115962,2.67217209594756,0.00753619877278154,0.121408262559031,"keratin, type II cytoskeletal 8-like","liver"
"LOC115132527",170.353149271136,0.538612332783264,0.236345319994387,2.27892108376022,0.0226717568605653,0.191325219386468,"keratin, type II cytoskeletal 8-like","liver"
"LOC115147101",65.6823138431096,0.535731534775681,0.167186267967968,3.20439914884831,0.00135344697657352,0.0606225261155346,"dolichol phosphate-mannose biosynthesis regulatory protein-like, transcript variant X2","liver"
"LOC115143312",137.23732401798,0.535353237566829,0.526644536308675,1.01653620356378,0.309374116476837,0.600632855049755,"interferon-induced GTP-binding protein Mx3, transcript variant X2","liver"
"LOC115131360",2096.54251578148,0.533843135874091,0.286892061479929,1.86078043819082,0.0627751890660581,0.306468899731026,"fatty acid-binding protein, liver-like","liver"
"LOC115125541",65.7725142746764,0.532119874058378,0.414063879060523,1.28511541568348,0.198751955375888,0.495034422284058,"NLR family CARD domain-containing protein 3-like","liver"
"LOC115135463",133.373861103397,0.531046058094214,0.222881441293549,2.38263919603245,0.0171890321724131,0.171721801800872,"dnaJ homolog subfamily C member 16-like","liver"
"LOC115122029",79.7929891512178,0.530526278533186,0.214733627578694,2.47062504608768,0.0134877154680246,0.157883405011545,"keratinocyte-associated protein 2-like","liver"
"LOC115135049",94.6064474653255,0.530000258175228,0.137363797187091,3.85836930128949,0.000114146081588133,0.026773467477259,"bladder cancer-associated protein, transcript variant X2","liver"
"sugt1",106.345275197893,0.52645120405784,0.183814041517181,2.86404237517749,0.00418272051819562,0.0963575161214815,"SGT1 homolog, MIS12 kinetochore complex assembly cochaperone, transcript variant X2","liver"
"LOC115105069",181.193886984798,0.526141767449934,0.141639282015566,3.71465994435152,0.000203477137230581,0.0360596874500804,"eukaryotic translation initiation factor 1b","liver"
"ndufb5",193.309710071905,0.52440725155444,0.152380615968962,3.44143018598412,0.000578647771451679,0.0466002202580085,"NADH:ubiquinone oxidoreductase subunit B5","liver"
"LOC115121200",611.625340051307,0.522516898577756,0.185956556082028,2.80988694126637,0.0049558905889835,0.10202665760372,"transcription factor BTF3, transcript variant X2","liver"
"LOC115110214",169.6555699466,0.52246190253404,0.170050996873533,3.07238365043278,0.00212356600227321,0.0752665654370924,"nucleoside diphosphate kinase A-like","liver"
"LOC115142782",62.9232902367079,0.522112772696093,0.167451486442765,3.11799425485872,0.00182086352976739,0.0681612429796539,"myosin regulatory light polypeptide 9","liver"
"LOC115107579",84.4850618697085,0.521912088838378,0.217638558262805,2.39806812269063,0.016481799666806,0.167949538604753,"zinc transporter 1-like","liver"
"LOC115132762",81.720426715795,0.521777773428583,0.340596057636045,1.53195482369953,0.125533583243348,0.408851159107185,"ictacalcin-like","liver"
"LOC115106415",338.497566742022,0.52156041378993,0.182541933436252,2.85720877374223,0.00427384626589252,0.0963575161214815,"zinc transporter ZIP11-like, transcript variant X2","liver"
"socs3",283.287109204076,0.521515640810933,0.268181063525941,1.9446400650152,0.0518183136987014,0.283191413425413,"suppressor of cytokine signaling 3","liver"
"LOC115112959",335.047571698218,0.518339459694203,0.175751712517046,2.94927117506141,0.00318524352826183,0.0895382939392773,"cell cycle control protein 50C-like","liver"
"LOC115144825",57.3969165788124,0.51831409063714,0.315803697527748,1.64125402803936,0.100744694695627,0.37330488689034,"solute carrier family 41 member 2-like","liver"
"LOC115108996",134.622218687677,0.517161300236833,0.213637252314995,2.42074495263734,0.015488740103495,0.1640570739487,"cytochrome c oxidase subunit 8B, mitochondrial-like","liver"
"LOC115135539",310.750561531028,0.515817990787529,0.235122770805143,2.19382405634804,0.0282480606938519,0.215038736161457,"thiosulfate:glutathione sulfurtransferase-like","liver"
"hadh",65.2671928821802,0.514071519285689,0.183959484659668,2.79448227546811,0.00519828903052502,0.104916091989961,"hydroxyacyl-CoA dehydrogenase","liver"
"LOC115118427",246.299653437132,0.513102131764555,0.490578044087585,1.04591336271247,0.295601034262105,0.589799189789457,"docking protein 5-like","liver"
"slc8b1",136.206975655152,0.512635232431827,0.341938376468015,1.49920356330574,0.133820830928188,0.419579774510227,"solute carrier family 8 member B1, transcript variant X3","liver"
"LOC115130839",66.4204067926245,0.512421010834283,0.501752542922599,1.02126240925366,0.307130131067813,0.598746474685088,"glutathione S-transferase P-like","liver"
"selenop",1627.30121478001,0.507673453649893,0.241861059394116,2.09902931427515,0.0358143166985254,0.236098373869277,"selenoprotein P, transcript variant X1","liver"
"znhit2",158.25734298771,0.507112629720187,0.131725815606352,3.84975889035782,0.00011823415470821,0.026773467477259,"zinc finger HIT-type containing 2, transcript variant X2","liver"
"LOC115139187",143.999694322358,0.502158530091768,0.121847818681206,4.12119425301803,3.76913445260765e-05,0.0230517281285088,"splicing factor 3B subunit 6","liver"
"LOC115103834",502.018989742158,0.501097601753674,0.206761074405866,2.4235587051073,0.0153692689699595,0.1640570739487,"integral membrane protein GPR155-like, transcript variant X2","liver"
"LOC115109368",21560.2011986255,0.500928476908236,0.164698924308,3.04147995509346,0.00235418239653754,0.077505024494435,"metallothionein A","liver"
"plod1",114.852553451972,0.500326685718715,0.259714003863207,1.92645247570955,0.0540479004869477,0.286514561701916,"procollagen-lysine,2-oxoglutarate 5-dioxygenase 1, transcript variant X2","liver"
"LOC115124622",59.1622796914558,0.499215890776964,0.258304634466193,1.93266331364372,0.0532776873416162,0.284406663425907,"eukaryotic translation initiation factor 4E-binding protein 3-like","liver"
"LOC115136834",78.2945116827821,0.49729058917766,0.252633049470512,1.968430457614,0.0490185303210278,0.274827413464249,"complement C4-B-like","liver"
"msmb",8606.03818048327,0.497193499211042,0.216553405153869,2.29593941899813,0.0216793454713713,0.18761149074588,"microseminoprotein beta","liver"
"LOC115132091",143.281878399149,0.49709520714148,0.312891806072659,1.58871276746073,0.112125255133479,0.392631048044725,"small integral membrane protein 11A-like","liver"
"LOC115132815",158.184996508307,0.496814777495345,0.15794432481722,3.14550572216051,0.00165799951524628,0.0669109507340972,"NADH dehydrogenase [ubiquinone] 1 beta subcomplex subunit 11, mitochondrial-like","liver"
"LOC115145073",96.011369336583,0.494296278021098,0.180157653760039,2.74368736328835,0.00607533672750468,0.113592075694078,"peroxiredoxin-6-like","liver"
"LOC115138705",700.210109238123,0.491914876693566,0.124552000752404,3.94947390424855,7.8323148800462e-05,0.023835266566336,"proteasome subunit alpha type-3","liver"
"LOC115135968",118.176869419857,0.490806954860709,0.128079019750528,3.83206364177914,0.000127072854896958,0.0272604713978947,"malate dehydrogenase, mitochondrial-like","liver"
"LOC115111363",98.3469336555326,0.488124626238694,0.126130815458513,3.86998708019331,0.000108841121123559,0.026773467477259,"glutaredoxin-1-like, transcript variant X1","liver"
"LOC115124641",294.079854288374,0.4877982510511,0.243775285063005,2.00101602147661,0.0453906633464106,0.262535331534834,"eukaryotic translation initiation factor 4E-binding protein 3-like","liver"
"asah2",64.8486179578886,0.484488301257195,0.185442401028367,2.61260800426695,0.00898542963987555,0.13271750448221,"N-acylsphingosine amidohydrolase 2","liver"
"LOC115140097",81.1122763616699,0.484006733101292,0.131327099629108,3.68550538668879,0.000228249254223109,0.0372137584085357,"transcobalamin-2-like","liver"
"LOC115132717",76.6393436159539,0.480714093085176,0.134554011716332,3.57264779365048,0.000353389918377123,0.0436490093122773,"ras-related protein Rab-39B-like","liver"
"LOC115111365",91.1797224554729,0.480360404246276,0.149004078644711,3.22380708377561,0.00126498587420128,0.0594443493954234,"osteoclast-stimulating factor 1-like","liver"
"LOC115103192",66.905700812383,0.478211034841119,0.169752486152715,2.81710769414537,0.00484582740546488,0.101812332498324,"transmembrane protein 56-B-like, transcript variant X2","liver"
"LOC115105853",752.407153920372,0.47791019319478,0.223461639697336,2.13866770977818,0.0324625895241982,0.226571087158616,"lipocalin-like, transcript variant X1","liver"
"LOC115115363",1165.65984416294,0.477788613623418,0.262840189324472,1.81779131589955,0.0690960344366746,0.31855888787625,"ferritin, middle subunit-like","liver"
"LOC115110871",101.299772827179,0.475154528863422,0.191779330638475,2.47761073772408,0.0132265357688094,0.156834820486946,"uncharacterized LOC115110871","liver"
"LOC115119134",244.99491772892,0.474786306994212,0.444342815934512,1.06851352147029,0.285288934378137,0.582393425434116,"glutathione-specific gamma-glutamylcyclotransferase 1-like","liver"
"LOC115106922",1351.83896424648,0.474143846685148,0.605341588159871,0.783266598494346,0.43347057330683,0.700010323612773,"galactose-specific lectin nattectin-like, transcript variant X2","liver"
"LOC115116310",78.0417944528638,0.473743415479312,0.217955660375672,2.17357702324757,0.0297369155340666,0.218899134270954,"60S ribosomal protein L32","liver"
"LOC115107636",84.8333385619588,0.473236884982752,0.129490787204165,3.65459887301953,0.000257584384358609,0.0397966689818876,"COP9 signalosome complex subunit 8-like, transcript variant X1","liver"
"ndufa1",731.06682744857,0.4728827948027,0.157183957768674,3.00846728581957,0.00262569069167079,0.0829636841802336,"NADH:ubiquinone oxidoreductase subunit A1","liver"
"LOC115126710",1553.97029299949,0.472713402921692,0.265680651417233,1.77925415494156,0.0751981034311108,0.330036247274382,"complement factor H-related protein 1-like","liver"
"LOC115146256",83.8975168568156,0.47197465405593,0.199444386277526,2.36644742358995,0.0179597249868521,0.173623010793981,"GTP cyclohydrolase 1 feedback regulatory protein","liver"
"capn8",71.7061048928362,0.471495991943535,0.338165732631101,1.39427489673497,0.163234608467188,0.455221463268693,"calpain 8","liver"
"cited2",62.0224776560916,0.46971085062881,0.31896141819221,1.47262591598385,0.140851932765714,0.428662337026552,"Cbp/p300 interacting transactivator with Glu/Asp rich carboxy-terminal domain 2","liver"
"LOC115106206",648.983707817008,0.469475609185971,0.358973438345457,1.30782826537203,0.190931564836718,0.486229707126527,"C-reactive protein-like","liver"
"LOC115111478",57.7200190832153,0.467577458377844,0.178273787589424,2.62280543146761,0.0087209060308918,0.132142799189275,"small nuclear ribonucleoprotein Sm D3, transcript variant X1","liver"
"LOC115104196",106.875930269911,0.466256266395673,0.131710570899325,3.54000641871079,0.000400117300497082,0.0453021699118363,"SUMO-conjugating enzyme UBC9-B, transcript variant X2","liver"
"LOC115105520",72.370640434349,0.465558649732453,0.302198713932244,1.54057124755612,0.123421170171052,0.406024769666833,"GTPase Era, mitochondrial, transcript variant X1","liver"
"tubd1",61.9928494757998,0.465373436872607,0.654514671121285,0.711020634686997,0.477071448992586,0.733165339596777,"tubulin delta 1, transcript variant X2","liver"
"LOC115132965",1411.1986056771,0.464789358734294,0.241339662790308,1.92587224727389,0.0541203275366685,0.286514561701916,"sodium-coupled neutral amino acid transporter 4-like, transcript variant X2","liver"
"LOC115132995",1251.02889875504,0.463989652077983,0.177211933932523,2.61827542751526,0.00883754409648661,0.132438555289874,"ribose-phosphate pyrophosphokinase 2-like, transcript variant X1","liver"
"anapc16",283.993417182409,0.463853769635266,0.130177226469822,3.5632482133332,0.000366294025885155,0.0439121896914086,"anaphase promoting complex subunit 16","liver"
"LOC115121896",83.8215562505802,0.463623285879605,0.13231501525657,3.50393555093198,0.000458436292862373,0.0455752763343179,"vacuolar protein sorting-associated protein 29, transcript variant X2","liver"
"LOC115101839",107.729593374061,0.462667914875162,0.460754640210637,1.00415248051251,0.315305122738651,0.602661842208894,"RNA-binding Raly-like protein, transcript variant X1","liver"
"LOC115128493",159.376965607875,0.460760798711609,0.204075042086307,2.2578008266035,0.0239580796734934,0.196485176557664,"thioredoxin-interacting protein-like","liver"
"LOC115110978",1606.54115977384,0.459932530426646,0.148145663189531,3.10459665524078,0.00190538661518742,0.0697568551543798,"cytochrome c oxidase subunit 7C, mitochondrial-like","liver"
"LOC115110656",73.048111008013,0.457927820937298,0.135195639358931,3.38714934230642,0.000706229330442153,0.0481713045786873,"SEC14-like protein 1, transcript variant X2","liver"
"LOC115119183",101.811365475874,0.457855352663054,0.163940655412102,2.79281152995351,0.00522521262854813,0.104916091989961,"hydroxyacylglutathione hydrolase, mitochondrial-like","liver"
"LOC115130168",79.3505986534603,0.45741828880174,0.203019521271978,2.25307539854235,0.0242543953441125,0.19732717649222,"gamma-glutamyl hydrolase-like, transcript variant X1","liver"
"LOC115130904",2324.90113174701,0.456827406335476,0.23400128412292,1.9522431598944,0.0509093422459015,0.280793611629627,"ribonuclease-like 3","liver"
"LOC115122065",1827.40724230252,0.455389257324024,0.232738390093861,1.95665724567558,0.0503877797220577,0.279429374349806,"complement C1q-like protein 2","liver"
"LOC115102234",65.4824515960026,0.454773717998237,0.187513206313217,2.42528900731715,0.0152962042883285,0.1640570739487,"NADH dehydrogenase [ubiquinone] 1 beta subcomplex subunit 11, mitochondrial-like","liver"
"LOC115123117",128.074863955727,0.453434641044685,0.194472365858855,2.33161477232082,0.0197209659923267,0.179507590461535,"nucleus accumbens-associated protein 2-like, transcript variant X1","liver"
"LOC115114211",842.194092606941,0.452740757909438,0.156536229972625,2.89224263283083,0.00382502424326788,0.0960013657626239,"40S ribosomal protein S28","liver"
"LOC115102139",713.10469079888,0.452586856031741,0.157258980847311,2.87797144298663,0.00400241368912367,0.0963575161214815,"nascent polypeptide-associated complex subunit alpha-like, transcript variant X1","liver"
"LOC115143133",99.9748570895589,0.452194730655506,0.217215637459665,2.08177797852825,0.0373627541172673,0.238699977714704,"CD302 antigen-like","liver"
"LOC115131775",1336.90479125622,0.452035360821651,0.138960588429765,3.25297529270412,0.00114203426710012,0.0583029327147352,"40S ribosomal protein S27","liver"
"LOC115129029",66.222080311856,0.450882777827678,0.159385948691508,2.82887407283539,0.00467120751345394,0.101066948221879,"thioredoxin-like protein 4A","liver"
"rpl21",2497.11887369325,0.450171288497869,0.22010853795441,2.04522410934877,0.0408327686335786,0.251032224661337,"ribosomal protein L21, transcript variant X1","liver"
"LOC115144376",328.080197415305,0.447582185679248,0.161739817478603,2.76729745746411,0.0056523155801584,0.110199492030588,"cytochrome c oxidase assembly protein COX14 homolog","liver"
"LOC115130426",111.030801602674,0.446097955347507,0.177549641528757,2.51252523804873,0.0119870530649325,0.153195161527194,"cytochrome b5-like","liver"
"LOC115110573",625.768082777852,0.444341440152407,0.205212818949415,2.16527136280866,0.0303669100900228,0.219820045082932,"choline transporter-like protein 2, transcript variant X3","liver"
"ppib",695.686723511688,0.444129762982281,0.195841774398726,2.26779891239164,0.0233414657377399,0.193767442661971,"peptidylprolyl isomerase B","liver"
"LOC115145882",67.8220315411759,0.444004833448075,0.14160804905456,3.13544912462572,0.00171591188138856,0.0681612429796539,"MICOS complex subunit Mic10-like","liver"
"LOC115131685",550.960139459047,0.443428376905587,0.197616014494909,2.24388887732077,0.0248395519713201,0.19969627975365,"elongation factor 1-alpha-like","liver"
"LOC115135730",1117.09692256009,0.442618914737374,0.167629985747724,2.64045190222408,0.0082795544062757,0.128715122624365,"60S ribosomal protein L36a","liver"
"LOC115127027",76.2552127985313,0.441946825163672,0.179760884896274,2.45852608824598,0.0139508640119573,0.160631982239373,"ferritin, heavy subunit-like","liver"
"LOC115103393",1627.87356249413,0.44156678490025,0.257588984849123,1.71423007532286,0.0864864794219748,0.351114432394392,"pancreatic alpha-amylase-like","liver"
"ndufb3",301.818280216943,0.44003909224515,0.149049657150973,2.95229858730525,0.00315417767122186,0.0893500245510657,"NADH:ubiquinone oxidoreductase subunit B3","liver"
"LOC115126009",252.464003404165,0.439119866976775,0.127718519985761,3.43818474427774,0.000585628005459406,0.0466002202580085,"ATP synthase F(0) complex subunit B1, mitochondrial-like","liver"
"ten1",89.7092195592681,0.438899035548427,0.204281698596347,2.1484990508899,0.0316741317086992,0.223887153799012,"TEN1 subunit of CST complex","liver"
"LOC115140758",171.694610596652,0.438548801460632,0.135797708477127,3.22942711168429,0.00124038495043551,0.0594443493954234,"tumor necrosis factor receptor superfamily member 1A-like, transcript variant X3","liver"
"LOC115138170",325.028728089755,0.437880703855937,0.144193797317189,3.03675131665138,0.0023914266245787,0.0775679555557622,"ependymin-like","liver"
"LOC115106857",205.699491937676,0.437455558429843,0.236478716554431,1.84987285453722,0.0643318771901899,0.31007206519367,"cysteine-rich with EGF-like domain protein 2, transcript variant X1","liver"
"LOC115117228",12862.3128120475,0.437051818536981,0.168395851921987,2.59538351775705,0.00944854233624072,0.136568292774884,"gamma-aminobutyric acid type B receptor subunit 2-like, transcript variant X1","liver"
"LOC115122735",72.5743582095092,0.436961984507051,0.181697356251061,2.40488906125456,0.0161773759502451,0.166512586801008,"surfeit locus protein 4-like","liver"
"LOC115125102",117.704189547147,0.436853309494564,0.182834465123102,2.38933785925116,0.0168787723570817,0.169452896865677,"translation machinery-associated protein 7","liver"
"LOC115101889",433.897330527425,0.436582203923242,0.345203254862709,1.26471056623402,0.20597510085548,0.504236943595758,"apolipoprotein C-II-like","liver"
"LOC115142321",89.2864026483266,0.436085923390016,0.145500924514366,2.9971350686982,0.00272529935168698,0.0833243093755297,"MAP kinase-activated protein kinase 2-like","liver"
"LOC115102205",485.663604983162,0.435965511300003,0.143361518849703,3.04102185020138,0.00235776719900559,0.077505024494435,"60S ribosomal protein L22","liver"
"LOC115123317",75.3482378700743,0.434678600440657,0.131906008277775,3.29536619382256,0.000982935010706394,0.0553773240995705,"cytochrome c, transcript variant X1","liver"
"LOC115141923",120.258379745092,0.433735480057391,0.205356380548429,2.11211104762875,0.034676925642672,0.233239519669193,"tsukushin-like, transcript variant X4","liver"
"LOC115123309",139.920766314597,0.433309164401887,0.186790033219485,2.31976597965874,0.0203535403855421,0.181137621422423,"transcription factor jun-B-like, transcript variant X2","liver"
"LOC115134514",107.365890738346,0.431401853764681,0.122502583179883,3.52157352576975,0.000428993683539396,0.0455752763343179,"40S ribosomal protein S13","liver"
"LOC115103161",349.845892906869,0.430842735409452,0.158008798581901,2.7267009133427,0.00639709942904383,0.117067626262801,"T-complex protein 1 subunit gamma-like, transcript variant X1","liver"
"LOC115123566",143.833569123039,0.43022344167344,0.301913994798892,1.42498674816322,0.154161031781937,0.444006832320724,"ferritin, middle subunit-like","liver"
"LOC115135586",64.8317819903526,0.429288753258327,0.157342063785811,2.72837881319973,0.0063646471473388,0.117067626262801,"proteasome subunit beta type-6-like, transcript variant X3","liver"
"chchd10",222.331458509674,0.428586032013771,0.221032667837899,1.93901669018486,0.0524993058904768,0.284120957496913,"coiled-coil-helix-coiled-coil-helix domain containing 10","liver"
"LOC115131938",336.276789032743,0.428572825006123,0.176592900236872,2.4268972559557,0.0152285678885786,0.1640570739487,"ATP synthase subunit epsilon, mitochondrial-like","liver"
"LOC115138520",70.5594755691192,0.42845652658402,0.542692962275023,0.789500797629451,0.429819363767514,0.69773572252138,"C-type lectin domain family 4 member K-like","liver"
"LOC115103257",1340.01541601553,0.426693568960981,0.177171144704942,2.40836943099052,0.0160239569541835,0.166192489937028,"40S ribosomal protein S28","liver"
"LOC115110529",1423.85699368188,0.426008464481229,0.171074681130497,2.49019002500005,0.0127674812164238,0.155344040113861,"60S ribosomal protein L23","liver"
"LOC115131603",1075.79265338979,0.42555232041066,0.161148379308232,2.64074837263301,0.00827231331778919,0.128715122624365,"40S ribosomal protein S18","liver"
"LOC115125925",76.5594708916325,0.425045245224367,0.127366221836946,3.33718971242241,0.000846301598268271,0.0514854524558429,"peptidyl-prolyl cis-trans isomerase A-like","liver"
"LOC115132418",125.043507466417,0.424272288639082,0.126126997050239,3.36384991763568,0.000768633294854202,0.0497293541242179,"serine/threonine-protein kinase PINK1, mitochondrial-like","liver"
"LOC115116869",559.328758645918,0.422270849437234,0.11413035733998,3.69989947704573,0.000215684883173706,0.0366304826590012,"cytochrome c oxidase subunit NDUFA4-like","liver"
"LOC115119076",88.5615472324174,0.4199061640089,0.17680085112203,2.37502343084919,0.0175478362308256,0.171935049223186,"mid1-interacting protein 1-B-like","liver"
"LOC115114935",804.906624559947,0.419568449117069,0.205551828555074,2.0411808158868,0.0412328578288592,0.252624703929204,"40S ribosomal protein S12","liver"
"LOC115101480",137.094698707325,0.418767088901738,0.135077357595227,3.10020196098755,0.00193388729942221,0.0697568551543798,"NADH dehydrogenase [ubiquinone] 1 alpha subcomplex subunit 2-like","liver"
"as3mt",116.059689267372,0.418271116378648,0.202324390031947,2.06732918513978,0.0387031459876622,0.245268670563312,"arsenite methyltransferase, transcript variant X2","liver"
"LOC115145407",133.569484008629,0.417714411078414,0.667618865772143,0.625677961624558,0.531526191302247,0.769709401192402,"vitellogenin-like","liver"
"LOC115101234",262.800734807577,0.417445314653887,0.126439197243061,3.30154986551686,0.000961522417837038,0.0551995123254052,"BCL2/adenovirus E1B 19 kDa protein-interacting protein 3-like","liver"
"LOC115102966",941.166681436714,0.416877779752253,0.146446391370587,2.84662377714266,0.00441855479713515,0.0970184912669579,"CCAAT/enhancer-binding protein delta-like","liver"
"sesn1",256.716176764189,0.416536706795513,0.339088855304931,1.2283998730095,0.219296895535206,0.514938140303855,"sestrin 1, transcript variant X1","liver"
"LOC115120964",679.334056449519,0.416428088982499,0.125276929618149,3.32406046549667,0.00088716958379898,0.0531779885818329,"cytochrome c oxidase subunit 4 isoform 1, mitochondrial-like","liver"
"LOC115145216",204.780302746805,0.416275065219718,0.114234259524539,3.64404747710818,0.000268383879765443,0.0397966689818876,"V-type proton ATPase 16 kDa proteolipid subunit","liver"
"rpl37a",1567.77862792599,0.414495756553256,0.157100274349305,2.63841523046386,0.00832945221894141,0.128715122624365,"ribosomal protein L37a","liver"
"nenf",104.080672406611,0.414085650508824,0.12780145585411,3.24006990171942,0.00119500400514943,0.0594004429876718,"neudesin neurotrophic factor","liver"
"LOC115137167",1511.22303835299,0.413859358335948,0.165176419790252,2.50555956389831,0.0122257804232297,0.153330095400259,"60S ribosomal protein L35a, transcript variant X1","liver"
"LOC115119847",1875.73109729824,0.413755346250184,0.239135890523482,1.73021015517349,0.083592734626194,0.347664337007381,"complement factor H-like","liver"
"LOC115134191",410.976022975315,0.413443960539344,0.634105432388442,0.652011383946125,0.514393828593115,0.7612630148335,"zona pellucida sperm-binding protein 4-like","liver"
"LOC115121105",30661.0139628788,0.412170025611629,0.300825066916172,1.37013191698711,0.17064572623853,0.464553299944745,"metalloproteinase inhibitor 2-like","liver"
"npc2",398.110129019525,0.41176617543495,0.127970888839642,3.21765503989682,0.00129243155440105,0.0594443493954234,"NPC intracellular cholesterol transporter 2","liver"
"LOC115139699",778.561921895275,0.411511360042546,0.151985418448649,2.70757131995253,0.00677775061562734,0.119078066850418,"cysteine dioxygenase type 1-like","liver"
"srek1ip1",88.1192107128222,0.410380204861791,0.162326961012613,2.52810871528547,0.0114678835493696,0.15078417208784,"SREK1 interacting protein 1","liver"
"ngdn",149.31254006742,0.410364544696388,0.177523728491156,2.31160390886468,0.0207995210355571,0.182463925527007,"neuroguidin","liver"
"LOC115112294",267.897940351861,0.410235228256016,0.151355031396268,2.7104168554659,0.00671986940250814,0.119078066850418,"probable ribosome biogenesis protein RLP24","liver"
"LOC115140802",156.066029931021,0.408520462555697,0.167609836768075,2.43732987534004,0.0147961746731457,0.162997859372276,"gamma-aminobutyric acid receptor-associated protein-like 1","liver"
"LOC115110806",662.366194763291,0.408457147851047,0.12698503660799,3.21657699805983,0.00129729716842823,0.0594443493954234,"cytochrome c oxidase subunit NDUFA4-like","liver"
"gsto1",661.838340570976,0.408263765854369,0.193824323577515,2.1063598124262,0.0351731093716592,0.234579746777283,"glutathione S-transferase omega 1","liver"
"LOC115132550",120.331132873945,0.407746960499399,0.14427664231908,2.82614672718563,0.00471116785136337,0.101066948221879,"ATP synthase F(0) complex subunit B1, mitochondrial-like","liver"
"LOC115129427",1188.89348656547,0.407291170624367,0.140795739466982,2.89278050718204,0.00381848041648208,0.0960013657626239,"ADP/ATP translocase 2-like","liver"
"LOC115128732",359.507379603292,0.40722035282058,0.1934728832722,2.10479290913164,0.0353093386886015,0.234579746777283,"60S acidic ribosomal protein P1-like","liver"
"LOC115129598",831.169747066377,0.406850628203478,0.16622563919799,2.44758047053669,0.0143819005856023,0.161263432156067,"60S ribosomal protein L36a-like","liver"
"LOC115125554",1565.01379509135,0.406433673218589,0.174663174785391,2.32695686264706,0.0199675612838434,0.180302431495775,"60S ribosomal protein L30","liver"
"LOC115129279",169.869263430118,0.40580057847904,0.415693144719512,0.976202238679815,0.328964254078287,0.613285735480405,"lateral signaling target protein 2 homolog","liver"
"LOC115113712",765.507935780703,0.405692240033578,0.118898114529491,3.41209986078418,0.000644644927737875,0.0466002202580085,"ferritin, heavy subunit-like","liver"
"LOC115129589",1497.05758093397,0.405645605188742,0.17580926574013,2.30730504152347,0.0210378206713432,0.183415687522187,"60S ribosomal protein L39","liver"
"rps27a",1275.61579085629,0.405464762488258,0.160823074399712,2.52118524659286,0.0116960260349012,0.151824081054228,"ribosomal protein S27a","liver"
"LOC115143058",326.047219051415,0.404275888455375,0.213684830681437,1.89192600694278,0.0585008401321539,0.295476362303171,"cathepsin Z-like","liver"
"LOC115102020",114.230862607735,0.403928485977945,0.143303824376693,2.81868601717261,0.00482206615290216,0.101812332498324,"40S ribosomal protein S23","liver"
"gps1",67.9021499002825,0.402643417295108,0.106015731844985,3.79795913576154,0.000145892367852013,0.0297328645682402,"G protein pathway suppressor 1, transcript variant X3","liver"
"LOC115147075",1740.86812751107,0.402593087643895,0.169472314203518,2.37556847875709,0.0175219407889576,0.171935049223186,"40S ribosomal protein S14","liver"
"LOC115137610",60.5012822499813,0.40212592835545,0.139172694713161,2.88940247355449,0.00385974712952295,0.0960013657626239,"dehydrogenase/reductase SDR family member 11-like","liver"
"LOC115112920",65.1284244089857,0.402105692903225,0.0997537194405098,4.03098446011358,5.55437163816869e-05,0.0230517281285088,"renin receptor-like","liver"
"LOC115113623",192.360911133868,0.400730897470476,0.14623381391299,2.74034360964497,0.00613749826998222,0.113744391401361,"cytochrome c oxidase subunit 5A, mitochondrial-like","liver"
"LOC115140186",155.996380722397,0.400670402428007,0.114711177103928,3.49286279282968,0.000477871978136389,0.0463763376877124,"dynein light chain 1, cytoplasmic-like","liver"
"LOC115128602",882.266058299077,0.399687924813696,0.168778761297039,2.36811742035642,0.0178788606320502,0.173510085562468,"digestive cysteine proteinase 1-like, transcript variant X2","liver"
"anxa2",212.765666030118,0.399277989892888,0.21952031252357,1.81886580473057,0.0689319059292048,0.318235015948715,"annexin A2, transcript variant X1","liver"
"tpp1",98.0892749246012,0.39906188364374,0.160155339856726,2.4917176286519,0.0127127059244621,0.155344040113861,"tripeptidyl peptidase 1, transcript variant X1","liver"
"LOC115132528",183.917605024767,0.398661294501182,0.261204203992586,1.526243790902,0.126949161348627,0.410344791163365,"keratin, type I cytoskeletal 18","liver"
"LOC115101638",308.295938254413,0.398416439321791,0.152567707699419,2.61140738973893,0.00901704065702654,0.13271750448221,"ATP synthase subunit epsilon, mitochondrial-like","liver"
"mcts1",129.538979332416,0.394678430279053,0.159314939873977,2.47734726317103,0.0132363047712241,0.156834820486946,"MCTS1 re-initiation and release factor","liver"
"LOC115103239",275.552708701141,0.394602737810082,0.132715271979246,2.97330316191335,0.00294613303652298,0.0870176685280267,"ubiquitin-60S ribosomal protein L40-like","liver"
"LOC115132503",278.287297908528,0.394422376906873,0.136718785757417,2.88491720228342,0.00391516616238792,0.0960013657626239,"myosin light polypeptide 6-like","liver"
"LOC115115463",76.0460918008365,0.393951770466892,0.146703618939125,2.68535822984956,0.00724521046582822,0.120988282645554,"OCIA domain-containing protein 1-like","liver"
"LOC115122703",93.9453310222086,0.392598516041977,0.118389231381686,3.31616745425303,0.000912611277342447,0.0539101966151857,"pyridoxal phosphate homeostasis protein-like, transcript variant X1","liver"
"ydjc",203.634694383103,0.391681742191604,0.200941892727849,1.94922888838361,0.0512680965088552,0.281629058450261,"YdjC chitooligosaccharide deacetylase homolog","liver"
"LOC115132002",1697.48765900131,0.390741431805965,0.165781716382173,2.35696336322877,0.018425064573276,0.176292401879514,"60S ribosomal protein L22-like","liver"
"LOC115108282",448.938976710955,0.390260159210738,0.127402829821686,3.063198515739,0.00218984736898454,0.0769467058274221,"ATP synthase subunit delta, mitochondrial-like, transcript variant X1","liver"
"LOC115112235",2393.41559909146,0.390200139779159,0.198377169662752,1.96696091814654,0.0491877165557779,0.27515168014886,"60S ribosomal protein L13","liver"
"LOC115131347",3144.57926612264,0.38981669655899,0.214560240582841,1.81681701838176,0.0692451360790868,0.31855888787625,"60S acidic ribosomal protein P1-like","liver"
"LOC115123305",96.4941894974684,0.389113007150291,0.228052974248989,1.70623956311772,0.0879634854182348,0.353721798164171,"transcription factor jun-B-like, transcript variant X2","liver"
"LOC115112233",216.219266478795,0.388685164012998,0.141174459716676,2.75322579447481,0.00590111809575267,0.112516378984536,"26S proteasome non-ATPase regulatory subunit 7","liver"
"LOC115134283",77.3583721603308,0.387899340709511,0.384534874348589,1.00874944403059,0.313094812533974,0.602462265573734,"1-acyl-sn-glycerol-3-phosphate acyltransferase gamma-like, transcript variant X2","liver"
"LOC115116667",88.4393854548743,0.387885089624844,0.13425658221596,2.88913275775863,0.00386305943275821,0.0960013657626239,"proteasome subunit alpha type-1-like","liver"
"LOC115102499",61.053872350021,0.387819060586686,0.129292350700182,2.99955146987779,0.0027037743741346,0.0833243093755297,"transcription initiation factor TFIID subunit 8-like","liver"
"LOC115121643",246.74922223434,0.387129277726778,0.792002684097247,0.488797936547452,0.624984759027617,0.836322349900384,"vitellogenin-like","liver"
"LOC115134531",286.144509610876,0.387077658772663,0.206625138098007,1.87333284969935,0.06102243638849,0.303326159414006,"protein disulfide-isomerase A3-like","liver"
"LOC115135638",58.7710811222779,0.386445684219062,0.171822374052546,2.24909989953275,0.0245061409507667,0.198335606980573,"peroxiredoxin-5, mitochondrial-like","liver"
"LOC115116511",72.9666499585541,0.386435285239868,0.159901120379433,2.41671405630483,0.0156613147313776,0.1640570739487,"kelch-like protein 23","liver"
"LOC115142752",183.286990275161,0.385806155879479,0.432783822120269,0.891452351405745,0.372686543079657,0.653363591222659,"rho-related BTB domain-containing protein 3-like, transcript variant X2","liver"
"LOC115113313",708.776259178033,0.385468284835592,0.325052059342017,1.18586630589534,0.235675101272982,0.5298465045718,"nuclear receptor coactivator 4-like, transcript variant X1","liver"
"LOC115101131",77.8491618850594,0.385096394954971,0.205499372873069,1.87395411271076,0.0609367500620422,0.303270077231848,"complement component C6-like","liver"
"LOC115123937",790.762208653706,0.384960964959632,0.233331405013215,1.64984634167797,0.0989743677649637,0.371096080986512,"mesencephalic astrocyte-derived neurotrophic factor-like","liver"
"aldh7a1",611.437071727558,0.384669495848688,0.163614210194453,2.35107632394224,0.0187191937289275,0.177440543346764,"aldehyde dehydrogenase 7 family member A1","liver"
"thoc7",141.127740410038,0.384246771819123,0.130162289411173,2.95205910680717,0.00315662500867357,0.0893500245510657,"THO complex 7, transcript variant X2","liver"
"LOC115145049",232.601152761464,0.384077711780787,0.274682429437042,1.39826093925246,0.162034722991854,0.455191954661774,"polymeric immunoglobulin receptor-like, transcript variant X3","liver"
"LOC115104936",92.4194988837223,0.382176833657938,0.131329404491832,2.91006294543663,0.00361355971479765,0.094113651909415,"mitochondrial fission regulator 1-like","liver"
"LOC115101740",155.084673277335,0.382092873661992,0.129111831985143,2.95939471841712,0.00308244006073333,0.0891065651599224,"succinate dehydrogenase cytochrome b560 subunit, mitochondrial-like, transcript variant X1","liver"
"LOC115135885",1356.78160361933,0.381748980311191,0.15794739106067,2.41693754957025,0.0156517022109703,0.1640570739487,"60S acidic ribosomal protein P2-like","liver"
"LOC115128083",2608.60971601268,0.381735411145366,0.156105411808171,2.44536948926831,0.0144703810209396,0.161321322635157,"60S ribosomal protein L30","liver"
"LOC115110327",146.12802801956,0.381390601872495,0.130699481694405,2.91807279514881,0.00352202116657916,0.0935229245201076,"ubiquitin domain-containing protein UBFD1-like, transcript variant X3","liver"
"rpl39",1685.63512493942,0.381228109952244,0.129647160340174,2.94050489769278,0.00327677821243156,0.0905449372632708,"ribosomal protein L39","liver"
"LOC115138930",247.348124609799,0.380930463225651,0.110160670919821,3.45795336979117,0.000544295583480513,0.0466002202580085,"ATPase inhibitor B, mitochondrial-like, transcript variant X2","liver"
"cdkl1",112.012669501929,0.380853159419679,0.186626001698155,2.04072935150625,0.0412777362161065,0.252624703929204,"cyclin dependent kinase like 1, transcript variant X1","liver"
"LOC115140993",194.388316819064,0.380550769204728,0.176029496810962,2.16185796186989,0.030629126151575,0.220446979381587,"T-complex protein 1 subunit gamma-like","liver"
"LOC115146361",491.230865527366,0.380243882229531,0.12163889082996,3.12600583279798,0.00177198037177875,0.0681612429796539,"cytochrome c oxidase subunit 7A2, mitochondrial-like","liver"
"LOC115127407",240.133756834181,0.380108986289671,0.187981287499445,2.02205757469765,0.0431704042374457,0.257491084208268,"immediate early response gene 2 protein-like","liver"
"LOC115104691",60.6762971248561,0.379831703841947,0.405478290144903,0.936749791724259,0.34888727734385,0.628953800289045,"toll-like receptor 5","liver"
"LOC115135016",283.984900242854,0.379802701150607,0.116386990453565,3.26327452639252,0.00110132780093906,0.0582988586575015,"cytochrome c1, heme protein, mitochondrial-like","liver"
"LOC115140061",148.876558429552,0.379691074146265,0.156807076844294,2.4213899129265,0.0154612833072875,0.1640570739487,"transmembrane emp24 domain-containing protein 2-like, transcript variant X1","liver"
"LOC115142868",132.139874556434,0.37902720555576,0.111157771596132,3.40981291828044,0.000650074553832822,0.0466002202580085,"cytochrome c1, heme protein, mitochondrial-like","liver"
"LOC115101041",58.5478153259554,0.378845036262164,0.14904494845746,2.54181735230223,0.0110277783908661,0.147374507282526,"uncharacterized LOC115101041","liver"
"LOC115128406",2220.88803076246,0.378440335837658,0.146244666207101,2.58772060310041,0.00966133095775512,0.137211097504564,"40S ribosomal protein S18","liver"
"psmg1",78.7690508271324,0.37837030430677,0.181357134802659,2.08632709553163,0.0369490038926701,0.238297689662221,"proteasome assembly chaperone 1, transcript variant X2","liver"
"lg3h2orf76",77.9954874111851,0.37825414425833,0.154215113093125,2.45276961947248,0.0141761097346202,0.161263432156067,"linkage group 3 C2orf76 homolog","liver"
"LOC115130424",337.854820420229,0.378096345533896,0.238175873582324,1.58746702529972,0.112406909517532,0.39294216397381,"protein phosphatase 1 regulatory subunit 3G-like","liver"
"LOC115138191",1857.76248620162,0.378000915957942,0.223001802345843,1.69505767209773,0.0900644808372583,0.356756874531258,"acidic mammalian chitinase-like, transcript variant X2","liver"
"LOC115143167",66.2406955859994,0.377327942850288,0.107354120651284,3.51479701534655,0.000440090232766325,0.0455752763343179,"GTP-binding protein Rheb-like","liver"
"LOC115112206",58.1260815547113,0.377317657566844,0.180611931265144,2.08910704250723,0.0366980885551126,0.237054530825101,"cytochrome c oxidase copper chaperone-like","liver"
"LOC115139625",82.9731148521565,0.376992027023707,0.114488247070127,3.29284478251107,0.00099179211463902,0.0553773240995705,"5'-3' exoribonuclease 2-like","liver"
"LOC115129047",1248.20611560568,0.376976005276481,0.138497929513841,2.72188910404475,0.00649099203517984,0.117067626262801,"60S ribosomal protein L14-like","liver"
"LOC115145863",79.9568680641811,0.376196718101696,0.133860467495212,2.81036459188485,0.00494854070269249,0.10202665760372,"acid ceramidase-like","liver"
"LOC115108729",182.034175973585,0.37618716289815,0.285732868735865,1.31656943970945,0.187982988148328,0.483018160085525,"midnolin-like","liver"
"LOC115101900",100.121047264529,0.375877419543142,0.111666361431336,3.36607564467181,0.000762457964264388,0.0497293541242179,"gamma-secretase subunit PEN-2","liver"
"c8b",676.152829804591,0.375831010394333,0.207336022574467,1.81266624934579,0.06988331303211,0.319690666575624,"complement C8 beta chain","liver"
"LOC115128279",120.149573456315,0.375622236125302,0.251571087234821,1.49310574698391,0.135409508440926,0.422025930165722,"sialidase-1-like","liver"
"LOC115134231",331.31616901982,0.374957134944746,0.162078217840798,2.31343322958456,0.020698831873018,0.182221249923156,"pro-cathepsin H-like, transcript variant X1","liver"
"LOC115123736",4167.87281080873,0.374918780927659,0.15227702418503,2.46208371180211,0.0138132422217325,0.159951066181198,"40S ribosomal protein S8-like","liver"
"LOC115105128",133.605352275077,0.373950307098345,0.163630759111731,2.28533014897891,0.0222934763950995,0.189703987028028,"cytochrome b5-like","liver"
"LOC115125424",314.806983664301,0.372823229775227,0.186008546531115,2.00433386921209,0.0450343080919117,0.262535331534834,"neutral cholesterol ester hydrolase 1-like","liver"
"LOC115109117",362.229105607969,0.371275761112192,0.159327356243147,2.33027001681741,0.0197918844158247,0.179507590461535,"growth arrest and DNA damage-inducible protein GADD45 beta-like","liver"
"LOC115113739",77.4859074888473,0.371023830494428,0.147753448968953,2.51110097993307,0.0120355263530325,0.153195161527194,"importin-7-like","liver"
"mrps30",61.4409153947836,0.370762351350935,0.176057741947786,2.1059133625654,0.0352118787266003,0.234579746777283,"mitochondrial ribosomal protein S30","liver"
"derl1",741.667723792834,0.37041461629624,0.136464405075259,2.71436801480913,0.00664023543407901,0.11819039139435,"derlin 1","liver"
"LOC115102153",286.833553083318,0.370407775105854,0.154831152997262,2.39233363528854,0.0167416160485469,0.169125591054295,"poly(rC)-binding protein 2-like, transcript variant X3","liver"
"LOC115144962",206.847991768062,0.369987822957933,0.150436538440063,2.45942792086608,0.0139158638110581,0.160631982239373,"MAP kinase-interacting serine/threonine-protein kinase 2-like","liver"
"LOC115128625",187.638755670216,0.369863153479811,0.244700854927329,1.51149105543441,0.1306633858027,0.415408891686301,"hydroxyacid oxidase 2-like, transcript variant X6","liver"
"LOC115139232",147.858194577542,0.369825601909215,0.217047538868899,1.70389216959791,0.0884012341753996,0.353721798164171,"cell division control protein 42 homolog, transcript variant X1","liver"
"LOC115122937",231.907936802106,0.369519066016608,0.233939103147053,1.57955237515094,0.114209413118593,0.394843487388694,"ictacalcin-like","liver"
"LOC115110394",1764.86329997426,0.369197398286777,0.163208799475197,2.26211699046831,0.0236901761325289,0.195467931004429,"60S ribosomal protein L23","liver"
"LOC115126864",67.5329604610936,0.368942269425556,0.208301993473035,1.7711893356091,0.0765292220628414,0.333098555422724,"transgelin-2-like","liver"
"LOC115106253",116.392299178008,0.368864881293339,0.144645979332177,2.55012191141689,0.01076852559,0.14485976998297,"NADH dehydrogenase [ubiquinone] 1 alpha subcomplex subunit 5-like","liver"
"bpnt1",71.4893952333444,0.368753230983087,0.137258355731868,2.68656308038135,0.00721913154124122,0.120988282645554,"3'(2'), 5'-bisphosphate nucleotidase 1","liver"
"pxmp2",159.858707590533,0.368648750680704,0.144278286421246,2.55512287971296,0.0106150317125388,0.144392931906954,"peroxisomal membrane protein 2","liver"
"agxt",1867.9756505831,0.368447481248385,0.253955051345107,1.4508373796735,0.146825148310377,0.435493105470209,"alanine--glyoxylate and serine--pyruvate aminotransferase","liver"
"LOC115121194",145.259317834194,0.368035331364267,0.199685509315938,1.84307480610408,0.0653180891873245,0.311023985429363,"anaphase-promoting complex subunit CDC26-like, transcript variant X1","liver"
"LOC115137284",59.2153474599522,0.368028240975824,0.127988051132212,2.8754890610503,0.00403402123483415,0.0963575161214815,"LON peptidase N-terminal domain and RING finger protein 1-like, transcript variant X1","liver"
"LOC115110500",146.048266089194,0.367882893184047,0.13716971906265,2.68195412003449,0.0073193497215607,0.120988282645554,"NADH dehydrogenase [ubiquinone] 1 alpha subcomplex subunit 6-like","liver"
"LOC115139707",126.410761045247,0.36746520702254,0.211326246162445,1.73885266830544,0.0820606815716544,0.345018683779012,"tetraspanin-36-like","liver"
"LOC115144019",734.941297950166,0.367397454796202,0.160431606078041,2.29005657786336,0.022018037080949,0.188884564125091,"arginase-1-like","liver"
"LOC115115084",129.996283159779,0.366635676051117,0.11464453422985,3.19802141911147,0.00138374002167938,0.0609501806430001,"uncharacterized LOC115115084","liver"
"LOC115143985",149.714335201736,0.366087268427125,0.102353641215732,3.57669022888514,0.000347972117628604,0.0436490093122773,"ADP-ribosylation factor 1","liver"
"LOC115142589",99.382477783106,0.36549000652259,0.102975710609708,3.54928365493731,0.000386280733623982,0.0449851505786101,"phosphoribosyl pyrophosphate synthase-associated protein 1-like, transcript variant X2","liver"
"nfkb2",74.064859416402,0.365424132212162,0.327774819351109,1.11486334714664,0.264908985488879,0.562460659674312,"nuclear factor kappa B subunit 2","liver"
"LOC115130603",120.686463966486,0.365405057580276,0.17422305991914,2.09734037359846,0.0359634552910714,0.236107404550282,"tubulin beta-4B chain-like","liver"
"rps9",1000.16947615765,0.365341831466711,0.147941821378228,2.46949664444564,0.0135303287531752,0.157883405011545,"ribosomal protein S9, transcript variant X2","liver"
"katnal1",98.0369761347404,0.365021305267925,0.328489381693432,1.11121188571199,0.266477156364466,0.563006462705069,"katanin catalytic subunit A1 like 1, transcript variant X1","liver"
"LOC115143503",1302.97766429462,0.364868768616864,0.197566126486707,1.84681845570027,0.0647734561411608,0.310607773213378,"40S ribosomal protein S10-like","liver"
"LOC115104324",300.08546681155,0.364095640817321,0.169223740620313,2.15156360143487,0.0314317414880094,0.223513442448233,"eukaryotic translation initiation factor 3 subunit D, transcript variant X1","liver"
"LOC115115072",265.404688751201,0.363757884393778,0.137402035429858,2.64739807715202,0.00811138069655686,0.127652462236161,"signal peptidase complex subunit 3","liver"
"LOC115106793",1683.09308714272,0.363718649506134,0.149897654159669,2.42644657479901,0.0152474950975729,0.1640570739487,"60S ribosomal protein L35a","liver"
"LOC115129536",2035.18964158399,0.363234838926654,0.232894089294411,1.5596567522479,0.118841017360751,0.399022611235736,"sequestosome-1-like, transcript variant X1","liver"
"f9",2950.3494955666,0.362891450350169,0.163630923876705,2.21774369876201,0.0265723128886069,0.208286052565311,"coagulation factor IX","liver"
"psen2",95.8529032742697,0.362847701075166,0.108299309143278,3.35041565773171,0.000806903782186372,0.0498324214574492,"presenilin 2, transcript variant X1","liver"
"LOC115138249",593.119021585147,0.361862365675437,0.192203877957806,1.88270064850032,0.0597409475194725,0.299461536782739,"GTP cyclohydrolase 1","liver"
"echs1",89.2907237369423,0.361360033560391,0.194203516037259,1.86072858480617,0.0627825150332205,0.306468899731026,"enoyl-CoA hydratase, short chain 1","liver"
"LOC115111499",331.406302592937,0.360510525541417,0.126479948105018,2.85033739294454,0.00436728749292848,0.0970184912669579,"C-type lectin domain family 4 member E-like","liver"
"LOC115128209",440.815439397287,0.360353753899921,0.145418693820692,2.47804284601988,0.0132105280325174,0.156834820486946,"40S ribosomal protein S27","liver"
"sptssa",190.624500402747,0.360105831344362,0.104830088173514,3.43513811367131,0.000592251899888977,0.0466002202580085,"serine palmitoyltransferase small subunit A","liver"
"LOC115133149",192.120380426121,0.359857207247966,0.123701904604443,2.90906763641731,0.00362508423694263,0.094113651909415,"NADH dehydrogenase [ubiquinone] 1 alpha subcomplex subunit 5-like","liver"
"LOC115113672",258.928134659453,0.359369386756555,0.127966278356371,2.80831318510142,0.00498017678876281,0.10202665760372,"probable ribosome biogenesis protein RLP24","liver"
"bola2b",86.3672499865227,0.359243446429266,0.143726980095339,2.49948510843939,0.012437392621197,0.153620643406058,"bolA family member 2B","liver"
"LOC115101422",350.413226536381,0.358994983473785,0.158895600304158,2.25931355422427,0.0238638873752281,0.196107268027076,"cystatin-B-like","liver"
"LOC115110534",167.652561641131,0.358175405436071,0.113621331080022,3.15236058257242,0.00161956140840945,0.066013323006769,"transmembrane protein 106B-like, transcript variant X4","liver"
"LOC115122904",1451.66527029585,0.358073151174003,0.161388272154493,2.2187061450861,0.0265067226952032,0.208172257621673,"40S ribosomal protein S4-like","liver"
"ccs",63.3178451248825,0.357882957048773,0.145690707193262,2.45645699676668,0.0140314594539169,0.161104869673705,"copper chaperone for superoxide dismutase","liver"
"LOC115110055",971.694614274358,0.357048824610882,0.261446024308723,1.36566935968882,0.172042765632706,0.466254197286509,"ferritin, middle subunit-like","liver"
"haao",83.9214918107747,0.356855779677714,0.25373185930975,1.4064287419345,0.159596850495363,0.45112119460409,"3-hydroxyanthranilate 3,4-dioxygenase","liver"
"LOC115101316",3101.77392355213,0.356623231509771,0.151242389152992,2.35795819880247,0.0183757620313923,0.176234367152836,"pyruvate carboxylase, mitochondrial-like","liver"
"LOC115107122",318.020719417165,0.355856691278456,0.216450617393152,1.64405486833097,0.100164869228396,0.372921081016371,"sodium-coupled neutral amino acid transporter 2-like","liver"
"LOC115130693",58.2884838111164,0.355447532889089,0.145228903263827,2.44749856881706,0.0143851696498656,0.161263432156067,"uncharacterized LOC115130693","liver"
"LOC115106648",122.338210324329,0.355320386434945,0.110827075702096,3.20607923816423,0.00134556930141676,0.0606225261155346,"ras-related protein Rab-5C, transcript variant X4","liver"
"LOC115112425",2541.17016693705,0.355263508974252,0.175534953517436,2.02389040960417,0.0429814289277195,0.25725742189337,"ferritin, heavy subunit","liver"
"c8g",2183.90522234269,0.354995552960146,0.124243927711735,2.8572467041109,0.00427333553601953,0.0963575161214815,"complement C8 gamma chain, transcript variant X2","liver"
"spp2",2520.84482121041,0.354223069313966,0.221484807302059,1.59931091269335,0.109751535968101,0.388322274831581,"secreted phosphoprotein 2","liver"
"LOC115140185",1843.60103921301,0.35405176155833,0.166499212068968,2.12644706938116,0.0334660520769857,0.229611277293949,"60S ribosomal protein L6-like","liver"
"LOC115112919",109.79237279985,0.353599243164077,0.131086135024114,2.697457233742,0.00698712588976833,0.119738667964231,"thyrotroph embryonic factor-like, transcript variant X2","liver"
"LOC115113675",1433.04796335557,0.353447632464555,0.12562486092975,2.81351660689363,0.00490028549506758,0.10202665760372,"cytochrome c oxidase subunit 4 isoform 1, mitochondrial","liver"
"LOC115106689",379.878911351024,0.353335110210503,0.139972780724277,2.52431300130069,0.0115924661603913,0.15144516689024,"26S proteasome regulatory subunit 8","liver"
"LOC115139195",133.900088398587,0.353161830692715,0.197539568162415,1.78780299044872,0.0738077982476523,0.328709888003395,"ubiquitin-like protein FUBI","liver"
"nfatc2ip",207.187856221248,0.353150366368151,0.267388697560089,1.32073782321629,0.186588797878801,0.48172080451433,"nuclear factor of activated T cells 2 interacting protein, transcript variant X2","liver"
"LOC115116375",137.43483245697,0.352701947968504,0.147887372467651,2.38493619896894,0.0170820835810485,0.171072660138461,"NADH dehydrogenase [ubiquinone] 1 alpha subcomplex subunit 13-like","liver"
"ssh2",74.1663391832756,0.35267017261787,0.224823743653546,1.56865181091075,0.116729092886357,0.397673381316532,"slingshot protein phosphatase 2, transcript variant X2","liver"
"LOC115123159",294.921715162025,0.352450146374813,0.260479143542688,1.35308394208173,0.176028815031023,0.471414881778218,"ferritin, middle subunit-like","liver"
"LOC115108458",2502.33602330323,0.352273674165911,0.156342181201522,2.25322220438922,0.0242451420479085,0.19732717649222,"kininogen-1-like","liver"
"LOC115132820",24793.7875872474,0.351816496451592,0.165248550393668,2.12901411609038,0.0332530925241379,0.229611277293949,"cathepsin K-like","liver"
"LOC115119775",2625.0215449487,0.35176203582046,0.233429702330319,1.50692920527608,0.131828804505735,0.41653814508944,"endoplasmic reticulum chaperone BiP","liver"
"LOC115143646",228.346945069676,0.351405933203033,0.123270601388998,2.85068726235967,0.00436248536852591,0.0970184912669579,"cytochrome c oxidase subunit 6C-1","liver"
"LOC115110595",93.5969142548108,0.350878812609158,0.532431380070291,0.659012270394048,0.509887889246375,0.759891421048712,"mitochondrial glycine transporter B-like, transcript variant X3","liver"
"LOC115141465",237.140340345753,0.350759474912679,0.149990789722246,2.33854009010965,0.0193592485140844,0.178602417127417,"NADPH--cytochrome P450 reductase, transcript variant X2","liver"
"washc4",66.2036932223502,0.350452166473625,0.127610529584697,2.7462637104803,0.00602782897239151,0.113288417179304,"WASH complex subunit 4, transcript variant X2","liver"
"LOC115143940",400.663201636143,0.349903044748727,0.149536457049247,2.33991798156281,0.0192879751674703,0.178602417127417,"26S proteasome regulatory subunit 8-like","liver"
"LOC115138378",703.432819033702,0.349699600687677,0.130377227634678,2.68221381166004,0.00731366991976887,0.120988282645554,"cytochrome c oxidase subunit 7A2, mitochondrial-like","liver"
"LOC115129540",79765.8844068798,0.349304704834045,0.180481501201305,1.93540447363875,0.0529406807735014,0.284406663425907,"leukocyte cell-derived chemotaxin-2-like, transcript variant X2","liver"
"LOC115145480",388.317758752343,0.349242278876607,0.164229769521364,2.12654672715215,0.0334577628547427,0.229611277293949,"dolichyl-diphosphooligosaccharide--protein glycosyltransferase subunit DAD1-like","liver"
"LOC115144429",75.7192612011235,0.349217773977922,0.108461350927578,3.21974390869522,0.00128305159767287,0.0594443493954234,"vacuolar protein sorting-associated protein 26A-like","liver"
"LOC115126942",885.306737408539,0.349046322922546,0.144591615831484,2.41401495456933,0.0157778147664108,0.1640570739487,"alpha-aspartyl dipeptidase-like, transcript variant X1","liver"
"LOC115126802",1354.63330245244,0.348181276449531,0.142030468545197,2.45145481822256,0.0142280047443525,0.161263432156067,"40S ribosomal protein S27-like, transcript variant X3","liver"
"LOC115112424",1000.21596779796,0.34795287846043,0.148739616861309,2.33934230706588,0.0193177247915072,0.178602417127417,"60S acidic ribosomal protein P2-like","liver"
"LOC115107973",1692.37611843051,0.347614451898843,0.160160814034918,2.1704088730659,0.0299758852127179,0.218899134270954,"ubiquitin-like protein FUBI","liver"
"LOC115128695",120.786028850858,0.346817312539657,0.110752953161108,3.13144979561092,0.00173945523708325,0.0681612429796539,"cytochrome b-c1 complex subunit 7-like","liver"
"LOC115139684",74.2294812227071,0.346621217124962,0.162325333874298,2.13534886300236,0.0327325243978396,0.227675374480536,"rho-related GTP-binding protein RhoB","liver"
"hmces",70.5926980762126,0.345799098166218,0.147424966526206,2.34559387269556,0.0189967942268164,0.178002145444836,"5-hydroxymethylcytosine binding, ES cell specific, transcript variant X1","liver"
"LOC115140540",359.565298868985,0.345680089662032,0.135310747339088,2.55471273686605,0.010627546509344,0.144392931906954,"glutathione S-transferase theta-1-like, transcript variant X1","liver"
"proc",2951.19627057297,0.344852791582013,0.163072039179386,2.11472667734694,0.0344532492908946,0.233098244761383,"protein C, inactivator of coagulation factors Va and VIIIa","liver"
"ndufb1",428.45153591816,0.34480238040331,0.12582892258177,2.74024741950119,0.0061392949235278,0.113744391401361,"NADH:ubiquinone oxidoreductase subunit B1","liver"
"LOC115111133",92.8031376893536,0.343322306033089,0.144331912762069,2.37869989708413,0.017373814028854,0.171935049223186,"proteasome subunit alpha type-1-like","liver"
"LOC115112078",18167.2019650442,0.3433142280164,0.206236976967033,1.66465894266516,0.0959808186141985,0.365624127730349,"prothrombin-like","liver"
"LOC115114176",64.2713283030512,0.342800636999995,0.237466285236619,1.44357602873358,0.148858271892345,0.438083982839854,"volume-regulated anion channel subunit LRRC8D-like","liver"
"LOC115133286",1165.23663080331,0.342297372765843,0.168122144847829,2.03600407950817,0.0417499456264032,0.253610698022682,"40S ribosomal protein S4","liver"
"LOC115133988",177.733657672966,0.341816701830848,0.201729618420014,1.69442992312197,0.0901836174421208,0.356881965722412,"glucose-6-phosphate isomerase-like","liver"
"LOC115107068",1234.25882170323,0.341677212126295,0.327660127537263,1.04277934179659,0.297050501186513,0.590091121145315,"phenylalanine-4-hydroxylase-like","liver"
"LOC115145367",85.358156623265,0.341377389458003,0.150313985617982,2.27109532126706,0.0231412081745851,0.192890724988975,"protein mago nashi homolog","liver"
"spr",67.7449169099603,0.340881060716696,0.191649359192852,1.77867049570291,0.0752937990499904,0.330036247274382,"sepiapterin reductase, transcript variant X3","liver"
"LOC115135501",127.073379824732,0.340705520199672,0.121943145293795,2.79397025047056,0.00520652681937585,0.104916091989961,"ras-related protein Rab-1B-like","liver"
"lg27h9orf64",78.248513654013,0.340585631789638,0.163596208425042,2.08186751434213,0.0373545727901643,0.238699977714704,"linkage group 27 C9orf64 homolog","liver"
"LOC115137705",58.8079336990073,0.340280777406825,0.34047462012924,0.999430669098503,0.317586109116191,0.604704843863294,"DNA-binding protein inhibitor ID-1-like","liver"
"LOC115103739",1743.06021643696,0.34018698343761,0.179471170142025,1.89549654782103,0.0580266486599724,0.294660212954226,"fucolectin-6-like, transcript variant X2","liver"
"LOC115113710",1090.54027451744,0.339736248350768,0.154889588748571,2.19340919616137,0.0282779103490041,0.215038736161457,"60S acidic ribosomal protein P2-like, transcript variant X1","liver"
"LOC115146233",224.027667045909,0.338887996654628,0.168114338226356,2.01581852107305,0.0438189561190598,0.260297721072375,"dihydrolipoyllysine-residue succinyltransferase component of 2-oxoglutarate dehydrogenase complex, mitochondrial-like, transcript variant X1","liver"
"LOC115113723",756.362964793955,0.337506038901239,0.147192955763149,2.2929496669958,0.021850902900755,0.188695508948045,"40S ribosomal protein S13-like","liver"
"LOC115117576",637.691112906752,0.336533659303401,0.156194645448183,2.15457872027402,0.0311948157294526,0.222679630320926,"60S ribosomal protein L18","liver"
"LOC115104186",136.767314437991,0.336271279162481,0.146931139455758,2.28863180676371,0.0221007542377341,0.188884564125091,"ubiquitin domain-containing protein UBFD1-like, transcript variant X1","liver"
"LOC115129377",65.090850952086,0.335466471120285,0.212273879859569,1.5803473858499,0.114027333610982,0.394843487388694,"ancient ubiquitous protein 1-like","liver"
"tymp",350.554822159867,0.335442849248205,0.189143658355846,1.77348187173751,0.0761488931898674,0.332671906368595,"thymidine phosphorylase","liver"
"LOC115105641",283.272916533421,0.335432781770904,0.410756321923941,0.816622322937771,0.414144294060101,0.688158231793303,"RING finger protein 121, transcript variant X1","liver"
"LOC115109286",111.119972222703,0.335316359483431,0.229409930574181,1.46164709890361,0.143837940728766,0.43172566009606,"zinc finger protein 708-like, transcript variant X1","liver"
"pfdn6",120.254742612979,0.335128264659078,0.125266544696557,2.67532137547886,0.0074657645425093,0.121408262559031,"prefoldin subunit 6","liver"
"dpp7",153.091402870022,0.33500230976127,0.141273342801845,2.37130588911708,0.0177253545778358,0.172843409711146,"dipeptidyl peptidase 7","liver"
"LOC115108166",133.825655850166,0.334946083671668,0.113947618270246,2.93947419661976,0.00328769644626204,0.0905449372632708,"membralin-like, transcript variant X3","liver"
"LOC115105948",4299.34882878153,0.333778699296015,0.126610144034936,2.6362713812561,0.00838226631463116,0.128715122624365,"cathepsin L1-like","liver"
"LOC115123551",75.1338127022042,0.333403793734589,0.195145812726552,1.70848551181455,0.087546292426057,0.35295617005797,"SRA stem-loop-interacting RNA-binding protein, mitochondrial-like","liver"
"LOC115136404",113.235293593115,0.333362389823901,0.129111044048208,2.58198198520824,0.00982347125806293,0.138172094484576,"cytochrome c oxidase subunit 8B, mitochondrial-like","liver"
"nemf",108.521606843478,0.333261127083804,0.124300515826392,2.68109206842925,0.00733823232267909,0.120988282645554,"nuclear export mediator factor","liver"
"LOC115111574",62.1995203002675,0.333255456531715,0.160288215000446,2.07910142695636,0.037608028982477,0.239516134582151,"ectonucleoside triphosphate diphosphohydrolase 4-like, transcript variant X1","liver"
"LOC115133068",388.800765682528,0.333017576860329,0.255836323837087,1.3016821531269,0.193025062942145,0.488373778120535,"protein ADM2-like","liver"
"LOC115101601",129.382998328326,0.332840886644475,0.134163334005398,2.48086326351345,0.013106463956134,0.156834820486946,"probable ATP-dependent RNA helicase ddx6, transcript variant X1","liver"
"LOC115143486",2722.24794712035,0.332683031747521,0.248110553284916,1.34086610723683,0.179963928080161,0.476053612261546,"60S acidic ribosomal protein P2-like","liver"
"LOC115119420",387.170783577238,0.33248247199343,0.154626568370477,2.15022861528441,0.0315371357378217,0.223557156986715,"protein disulfide-isomerase A3-like","liver"
"LOC115135507",4403.13854769765,0.332136706220928,0.196524716018319,1.69005055928928,0.0910182823770758,0.358113368975136,"complement factor B-like, transcript variant X1","liver"
"LOC115126013",70.9386252007714,0.331845302016823,0.219521560066362,1.5116752173067,0.130616506232758,0.415408891686301,"transmembrane protein 14C-like, transcript variant X2","liver"
"LOC115109114",62.0571339285538,0.331810581985088,0.154924359480397,2.14175861754698,0.0322129110510386,0.225797917883631,"thimet oligopeptidase-like","liver"
"LOC115144273",2470.67819848893,0.331591718671578,0.161173833654918,2.05735454169027,0.0396521344584386,0.246919597587192,"60S ribosomal protein L38-like, transcript variant X2","liver"
"LOC115129910",59.4841438582472,0.331510101891462,0.202342798485004,1.6383587870365,0.101346871046863,0.373942391822352,"mitochondrial import receptor subunit TOM5 homolog","liver"
"LOC115110178",376.806571728151,0.331230695285284,0.123591846168007,2.68003679494373,0.00736140679492085,0.120988282645554,"ATP synthase F(0) complex subunit C3, mitochondrial-like","liver"
"LOC115120267",460.941061721967,0.33090174564261,0.11308237665705,2.92620084070351,0.00343129340581088,0.0933498989961277,"transitional endoplasmic reticulum ATPase-like","liver"
"dusp11",60.3395069185367,0.330643970052552,0.126679219186008,2.61008847526172,0.00905188082582298,0.13271750448221,"dual specificity phosphatase 11","liver"
"LOC115143146",615.891983573849,0.330334712083629,0.205958852612517,1.60388693126538,0.108738977998673,0.387833868138096,"protein transport protein Sec61 subunit alpha","liver"
"stx17",231.08637222846,0.329724798524441,0.155153722476341,2.12514913120902,0.0335741710665343,0.229611277293949,"syntaxin 17, transcript variant X4","liver"
"LOC115101340",71.968802791537,0.32957275592601,0.12791575736593,2.57648285647247,0.00998111548662609,0.139804215544632,"ubiquinol-cytochrome-c reductase complex assembly factor 3","liver"
"arpc3",103.33441563197,0.328940927277131,0.13847719947006,2.37541579795056,0.0175291913344944,0.171935049223186,"actin related protein 2/3 complex subunit 3","liver"
"LOC115111930",244.820098305034,0.328791559208316,0.119435561071395,2.75287825718651,0.00590738594276024,0.112516378984536,"histone H2A.V","liver"
"LOC115135239",110.486731010294,0.328078804262079,0.119395585772371,2.74783026641842,0.0059991056173285,0.113288417179304,"cytochrome c oxidase subunit 7A-related protein, mitochondrial","liver"
"LOC115122485",249.663635957951,0.32720866810892,0.165037740583185,1.9826293486125,0.0474088466297901,0.270815955325029,"eukaryotic translation initiation factor 3 subunit D-like, transcript variant X2","liver"
"LOC115140718",59.5981926867919,0.327201238216374,0.268613684667989,1.2181108293898,0.223181859127687,0.516643694750173,"probable isoprenylcysteine alpha-carbonyl methylesterase ICMEL1","liver"
"LOC115109260",348.511301951405,0.327085839969307,0.16502483104864,1.98204014444894,0.0474747477814429,0.270815955325029,"ATP synthase subunit delta, mitochondrial-like, transcript variant X1","liver"
"LOC115132221",71.5026139685098,0.326970344870054,0.143152239651563,2.2840742531581,0.0223671674374148,0.189934530156047,"lysosomal amino acid transporter 1 homolog, transcript variant X1","liver"
"LOC115121634",120.77877293033,0.326728504433765,0.172352745450831,1.89569654709663,0.0580001821737741,0.294660212954226,"stromal cell-derived factor 2-like","liver"
"LOC115107950",83.4910414808796,0.325976158286364,0.153178952142027,2.12807408412169,0.0333309416498843,0.229611277293949,"platelet-activating factor acetylhydrolase-like, transcript variant X1","liver"
"LOC115106562",687.498094276931,0.325941014646584,0.0953572794996999,3.41810312077548,0.00063059210200389,0.0466002202580085,"histone H3.3, transcript variant X3","liver"
"LOC115109873",58.1795327786791,0.32573625440121,0.14627056073952,2.22694336272686,0.0259510592777755,0.205391296342161,"proteasome assembly chaperone 3-like, transcript variant X1","liver"
"LOC115143262",1724.41890778826,0.325728913269594,0.148203078195353,2.19785524859501,0.0279594228405742,0.213911449816147,"60S ribosomal protein L22","liver"
"LOC115117925",79.5360811812178,0.325334969667489,0.177593093067579,1.83191228919973,0.0669644893362486,0.314455366975287,"lysozyme C II","liver"
"LOC115108251",127.658965985998,0.325161515489666,0.126951949646619,2.56129595799654,0.0104282477554525,0.144086568987201,"NADH dehydrogenase [ubiquinone] 1 alpha subcomplex subunit 11-like","liver"
"LOC115130323",210.384400225427,0.325141156670017,0.11669029383881,2.7863599102694,0.00533036523146557,0.105829578785267,"MOB-like protein phocein, transcript variant X5","liver"
"LOC115112381",119.968667004739,0.324778366181777,0.152015673197866,2.13647947839589,0.032640351925227,0.227422349482437,"transcription factor 25-like","liver"
"LOC115126080",680.894931611843,0.324268207444885,0.158659270984676,2.04380245435644,0.0409730666143548,0.251515390843539,"glutathione S-transferase A-like","liver"
"LOC115121010",877.491862131217,0.323160220375062,0.189455155637012,1.70573463302431,0.0880574983804858,0.353721798164171,"diamine acetyltransferase 1-like","liver"
"LOC115112893",351.850666663988,0.323044653367225,0.222191120450224,1.45390442567031,0.145972805654667,0.435493105470209,"cystathionine beta-synthase-like","liver"
"tmem18",72.0040274847694,0.322502369668787,0.153677332923802,2.09856823731249,0.0358549787598338,0.236098373869277,"transmembrane protein 18, transcript variant X1","liver"
"LOC115138085",290.375244129282,0.32200386509448,0.255954087741854,1.25805322327668,0.208372508597864,0.507083282246384,"inter-alpha-trypsin inhibitor heavy chain H3-like","liver"
"LOC115125694",258.7791966053,0.321795878894308,0.131258084135579,2.45162712082494,0.0142211944568423,0.161263432156067,"cytochrome b-c1 complex subunit 8-like, transcript variant X1","liver"
"LOC115103830",2671.48806013347,0.321529645605318,0.108029114298423,2.97632400018679,0.00291726475818836,0.0867939500319397,"beta-2-glycoprotein 1-like","liver"
"becn1",65.7938087984022,0.321490013791622,0.110113009798332,2.9196369655177,0.00350439361066837,0.0935229245201076,"beclin 1, transcript variant X2","liver"
"LOC115104729",486.108115545581,0.321152154558303,0.0855686314561807,3.75315286797316,0.000174624290902199,0.0338937433198744,"cytochrome b-c1 complex subunit 9-like","liver"
"LOC115111685",1026.24456162359,0.320743893610084,0.124660211806276,2.5729452000974,0.0100837172546654,0.140757642226083,"transitional endoplasmic reticulum ATPase-like","liver"
"lyplal1",60.9067137445455,0.320710749839304,0.118903145645497,2.69724361032033,0.00699161015100269,0.119738667964231,"lysophospholipase like 1, transcript variant X1","liver"
"LOC115103921",93.9088986526279,0.32067465970424,0.152363474772925,2.10466885309722,0.0353201435478425,0.234579746777283,"mitochondrial import receptor subunit TOM20 homolog","liver"
"LOC115138127",149.889211947776,0.32030097580676,0.281432285639948,1.13811027430072,0.255074438457504,0.552142013357827,"perilipin-2-like, transcript variant X2","liver"
"LOC115117859",68.5964228466853,0.319751184186429,0.106392822889407,3.0053830277518,0.00265246596423836,0.0831650097710428,"protein kish-A-like","liver"
"LOC115104582",127.587772136366,0.319738620659844,0.115385868370958,2.77103795442182,0.0055877913121695,0.109499218213475,"proteasome maturation protein-like","liver"
"LOC115123537",102.117086358306,0.319594513821803,0.173898940660449,1.83781748530507,0.0660893042010759,0.312813638540719,"NADH dehydrogenase [ubiquinone] 1 beta subcomplex subunit 4-like","liver"
"dcxr",268.394132504117,0.319371698108756,0.179854323529069,1.77572432979148,0.0757783652312377,0.331408386998417,"dicarbonyl and L-xylulose reductase, transcript variant X2","liver"
"LOC115103078",86.3489605608005,0.319311891528737,0.147814805031978,2.16021589623353,0.0307559601354796,0.22070650266235,"target of EGR1 protein 1-like","liver"
"LOC115135886",199.405296909903,0.319216889593619,0.1293011365202,2.46878641738581,0.0135572109308245,0.157883405011545,"etoposide-induced protein 2.4 homolog, transcript variant X1","liver"
"LOC115112201",113.816714792806,0.318976994926332,0.144437683366472,2.20840564243206,0.0272160088260643,0.211299908523882,"cytochrome c oxidase subunit 5A, mitochondrial-like","liver"
"LOC115141226",118.945181533935,0.318825846851633,0.201726204481639,1.58048800685511,0.113995151299578,0.394843487388694,"serine/threonine-protein kinase 40-like","liver"
"LOC115104581",142.732463533201,0.318782272706581,0.138260008196386,2.30567231164762,0.0211289493704235,0.183628139944235,"NADH dehydrogenase [ubiquinone] 1 beta subcomplex subunit 4-like","liver"
"LOC115105768",164.453789079297,0.318167963149075,0.25342887959645,1.25545266843981,0.209314480011075,0.507534693947139,"galectin-9-like, transcript variant X2","liver"
"LOC115109605",697.189768055998,0.318003132755139,0.119063862380123,2.67086189208177,0.00756567681305052,0.121408262559031,"cytochrome P450 2F2-like","liver"
"LOC115129697",220.571617002974,0.317841635392174,0.117933820760833,2.69508469531188,0.00703707413077118,0.120013029945704,"integral membrane protein 2B-like, transcript variant X2","liver"
"LOC115117545",71.289057605314,0.31746582123163,0.128344424810145,2.47354586458466,0.0133779631274511,0.157883405011545,"zinc finger CCHC-type and RNA-binding motif-containing protein 1-like","liver"
"LOC115122675",172.031275722152,0.316963020421205,0.204376584487501,1.55087737284595,0.120931073879655,0.402379638476305,"lysosome membrane protein 2-like","liver"
"LOC115112854",260.988621443685,0.316651313394314,0.101517179082686,3.1191894441472,0.00181349320731672,0.0681612429796539,"proteasome subunit beta type-1-B-like","liver"
"LOC115103088",96.7025393264705,0.316551183719686,0.131102643021695,2.41452938265556,0.0157555521379262,0.1640570739487,"V-type proton ATPase 21 kDa proteolipid subunit","liver"
"LOC115114350",73.5722727588327,0.315878612767119,0.362840175823218,0.870572317551241,0.383987716909837,0.661813300704151,"cAMP-responsive element modulator-like, transcript variant X1","liver"
"LOC115129749",224.614179341732,0.315803158253798,0.139954690043483,2.25646713343926,0.0240413913936265,0.19677251269161,"26S proteasome non-ATPase regulatory subunit 14","liver"
"LOC115105933",4278.77411633309,0.315785755855675,0.170626785728234,1.85073963919501,0.064207018491265,0.31007206519367,"serine protease inhibitor Kazal-type 1-like","liver"
"LOC115142640",109.095304773969,0.315566753154507,0.0848276749574415,3.72009197838828,0.000199150237345712,0.0360596874500804,"protein dpy-30 homolog, transcript variant X1","liver"
"ndufs2",87.1826076439365,0.315383788874251,0.118218690279865,2.66779972039638,0.00763497558659802,0.121857278051623,"NADH:ubiquinone oxidoreductase core subunit S2","liver"
"LOC115128329",66.6970509067042,0.315369826811705,0.168550299059676,1.87107248442227,0.0613350348428857,0.303588391935342,"NADH dehydrogenase [ubiquinone] iron-sulfur protein 5-like, transcript variant X1","liver"
"LOC115111380",576.362148409335,0.31468332570658,0.229580591973405,1.37068783995048,0.170472287096626,0.464553299944745,"Krueppel-like factor 9","liver"
"sdf4",157.550027406414,0.314659778438976,0.153739056231616,2.04671334761496,0.0406862379339508,0.250591556217198,"stromal cell derived factor 4","liver"
"LOC115138224",802.060828402074,0.314611257694206,0.141745391593747,2.21955193150763,0.0264491983190577,0.20812149102023,"60S ribosomal protein L34","liver"
"gsr",85.5724593544543,0.314353301913011,0.256231602948955,1.22683267128308,0.219885488457834,0.515088075260995,"glutathione-disulfide reductase","liver"
"ociad1",68.9749325343994,0.314147587703599,0.161709623490885,1.94266476491615,0.0520566761353858,0.283288400437694,"OCIA domain containing 1, transcript variant X2","liver"
"LOC115133282",131.694481382638,0.312951341207968,0.224103970219214,1.39645603289333,0.162577211769149,0.455221463268693,"insulin receptor substrate 2-B-like","liver"
"LOC115112011",89.0809190368425,0.312771330894279,0.109295879022308,2.86169372250933,0.00421383896159518,0.0963575161214815,"serine/threonine-protein phosphatase 2A catalytic subunit beta isoform-like","liver"
"LOC115108147",95.8002104956528,0.312647157721844,0.145897852069454,2.14291816697213,0.0321196699393449,0.22572374943581,"thimet oligopeptidase-like","liver"
"LOC115112862",1110.91136673418,0.312216352129428,0.152492221853134,2.04742476918019,0.0406163964595408,0.250591556217198,"60S ribosomal protein L38","liver"
"tmem129",74.9363856536875,0.311881324191924,0.163813905408835,1.90387576325437,0.0569263663185053,0.292965976675529,"transmembrane protein 129","liver"
"LOC115142754",772.729884985728,0.31040042774485,0.201327296946689,1.54177020430093,0.123129444988105,0.405392259912371,"RNA polymerase II elongation factor ELL2-like, transcript variant X2","liver"
"LOC115112864",112.809569092862,0.309401302992222,0.0901442437371829,3.43229129409845,0.000598504339141622,0.0466002202580085,"casein kinase I, transcript variant X3","liver"
"atf3",91.2642526028173,0.309288937894,0.294426392192813,1.05047966519066,0.293497635364773,0.589308552584639,"activating transcription factor 3","liver"
"LOC115142616",591.204674384731,0.309068674480954,0.215570786774229,1.43372244034461,0.151651485761104,0.442471925779052,"N-acetylmuramoyl-L-alanine amidase-like, transcript variant X2","liver"
"LOC115138700",274.376762179229,0.309002232545112,0.101245681904369,3.05200406311627,0.00227319023801429,0.077505024494435,"signal recognition particle 54 kDa protein-like, transcript variant X1","liver"
"LOC115127083",64.9285114096292,0.308278259787506,0.228647780084637,1.3482670143283,0.177572517373843,0.473681662837556,"aminoacyl tRNA synthase complex-interacting multifunctional protein 1-like","liver"
"LOC115108243",169.181204089234,0.307944239020239,0.195780621552678,1.57290459381539,0.115740911251953,0.396770356823349,"40S ribosomal protein S27-like, transcript variant X1","liver"
"LOC115130744",209.377829938091,0.307233625179168,0.220120161664407,1.39575413199802,0.162788547114331,0.455221463268693,"protein NipSnap homolog 3A-like, transcript variant X2","liver"
"LOC115131737",70.8722335657168,0.30723068004655,0.18253621953872,1.68312174330629,0.0923515260955443,0.359285719078339,"N(G),N(G)-dimethylarginine dimethylaminohydrolase 2-like, transcript variant X1","liver"
"LOC115131912",265.216046377339,0.307193642815611,0.167148149337036,1.8378524921397,0.0660841442182963,0.312813638540719,"prostaglandin E synthase 3-like, transcript variant X1","liver"
"LOC115141890",428.429403652077,0.307085982513156,0.130523417583253,2.35272710597916,0.0186363055266064,0.177115674978026,"glucose-6-phosphate exchanger SLC37A4-like","liver"
"LOC115139545",338.186730919956,0.307016721690776,0.161007228934973,1.90685054156651,0.0565399443155305,0.291717484848231,"uricase-like","liver"
"LOC115130871",1118.23390017497,0.306899841855346,0.140046806832027,2.19140906385279,0.0284222037879873,0.215332532787799,"60S ribosomal protein L36a-like, transcript variant X2","liver"
"LOC115123393",64.7158361251913,0.306547730249966,0.17726965978867,1.72927352946586,0.083760151850159,0.347664337007381,"COP9 signalosome complex subunit 1-like","liver"
"manbal",126.547769197364,0.30641668556772,0.116410951096868,2.63219811092124,0.00848343789411872,0.129466550717634,"mannosidase beta like, transcript variant X1","liver"
"LOC115114573",125.983495468966,0.306144833974862,0.25420078381969,1.20434260419912,0.228457186146688,0.523719817470201,"HIG1 domain family member 1A, mitochondrial-like","liver"
"LOC115131616",125.797308048914,0.305832574682476,0.136519842083995,2.24020603901893,0.0250775497956708,0.20081747144824,"proteasome subunit beta type-8-like","liver"
"LOC115145826",504.96191759815,0.305824776276484,0.166530058844355,1.83645390146843,0.066290553964376,0.312813638540719,"succinate--CoA ligase [ADP/GDP-forming] subunit alpha, mitochondrial-like","liver"
"LOC115146375",123.988803671308,0.305734288199235,0.28068414012362,1.08924675282537,0.276045086818511,0.573475929598496,"saccharopine dehydrogenase-like oxidoreductase","liver"
"rpe",58.6823410954787,0.305538155009626,0.152299527980482,2.00616613236505,0.044838525960905,0.261970873002029,"ribulose-5-phosphate-3-epimerase","liver"
"LOC115108503",1232.17306432197,0.305442834829538,0.167558231739272,1.82290557532751,0.0683176933672873,0.317602663333021,"proteasome subunit beta type-5-like","liver"
"LOC115106326",265.161668700201,0.304873289530202,0.111981042769748,2.72254376267126,0.00647814527664167,0.117067626262801,"eukaryotic translation initiation factor 3 subunit E","liver"
"gcat",81.2324986042886,0.304627239865859,0.220531578922807,1.38133160499652,0.167177024812611,0.459483178109374,"glycine C-acetyltransferase","liver"
"LOC115115514",124.541874450287,0.304621018813444,0.120795383842009,2.52179354148056,0.0116758213576459,0.151824081054228,"long-chain specific acyl-CoA dehydrogenase, mitochondrial-like","liver"
"LOC115128589",108.101344462052,0.304080349451205,0.119229436615116,2.55037982300298,0.010760561555196,0.14485976998297,"mediator of RNA polymerase II transcription subunit 10","liver"
"LOC115133021",139.401576452339,0.303545910390059,0.141507369442393,2.14508906204797,0.03194572680304,0.22527817032732,"methionine aminopeptidase 2-like, transcript variant X1","liver"
"LOC115131962",83.7985672194511,0.303522389108892,0.170356789928539,1.78168647833886,0.0748003731387493,0.329988400978382,"interferon-related developmental regulator 2-like, transcript variant X1","liver"
"LOC115141572",230.895594140988,0.303077019261553,0.187964999099895,1.61241199538687,0.106872316301182,0.384419042669789,"cytochrome c oxidase subunit 7A2, mitochondrial-like","liver"
"LOC115108130",124.347330615372,0.303033590014997,0.171051651567498,1.77159113775302,0.0764624518700948,0.333098555422724,"polypyrimidine tract-binding protein 1-like, transcript variant X1","liver"
"LOC115101134",580.969045944649,0.303032569060943,0.211185103180562,1.43491451100058,0.151311460100834,0.442428630825682,"growth hormone receptor-like, transcript variant X1","liver"
"atp5pf",106.54123117697,0.302965910630116,0.125413383189881,2.41573828027119,0.0157033440516937,0.1640570739487,"ATP synthase peripheral stalk subunit F6, transcript variant X2","liver"
"LOC115108511",109.62139808212,0.302407756155,0.10697765663309,2.82683100072187,0.00470111308407428,0.101066948221879,"F-box/LRR-repeat protein 5","liver"
"LOC115112120",107.858784016251,0.302385870054567,0.11189798163144,2.70233533836687,0.00688542796143985,0.119738667964231,"cytochrome b-c1 complex subunit Rieske, mitochondrial-like","liver"
"LOC115135956",65.0132106205118,0.302243270160281,0.247100842676105,1.22315758573294,0.221270181947419,0.515959531817895,"monocarboxylate transporter 1-like","liver"
"LOC115109183",79.1224808729648,0.302218802796931,0.291701975797406,1.03605332795836,0.300177264270632,0.593366890963675,"cystathionine gamma-lyase-like","liver"
"LOC115103781",541.326277246719,0.302130685340171,0.229291592326725,1.3176701433939,0.187614093396044,0.482967478150345,"group XIIB secretory phospholipase A2-like protein, transcript variant X2","liver"
"LOC115129442",197.273455322519,0.301902809222122,0.193138295202931,1.56314318144369,0.118018920859933,0.399022611235736,"cationic amino acid transporter 3-like","liver"
"LOC115103897",75.5024549363481,0.301366596966937,0.46004907779527,0.655074885512651,0.512419540896431,0.76014468441765,"UTP--glucose-1-phosphate uridylyltransferase-like, transcript variant X2","liver"
"LOC115102700",236.313238687944,0.301046506881707,0.190692126697078,1.57870443890917,0.114403866193829,0.394843487388694,"intelectin-like","liver"
"LOC115109312",200.968961036424,0.300545860587569,0.0959750834450636,3.13149882031207,0.00173916484775535,0.0681612429796539,"anamorsin, transcript variant X3","liver"
"LOC115141504",160.460505467492,0.300436314336792,0.106637997995585,2.81734766203347,0.00484220793446077,0.101812332498324,"coatomer subunit delta-like","liver"
"selenbp1",457.976486183033,0.300298129759989,0.17625862120332,1.70373583833715,0.0884304495410426,0.353721798164171,"selenium binding protein 1","liver"
"erg28",126.012927983289,0.300202360000773,0.321917380914594,0.93254473911248,0.351055076857159,0.631465354487988,"ergosterol biosynthesis 28 homolog","liver"
"LOC115141382",78.5246150503356,0.29979756943825,0.127691365391658,2.34782961650307,0.0188831570365981,0.177754614506176,"ER membrane protein complex subunit 2-like","liver"
"LOC115133930",70.0544679960374,0.299680858245554,0.131437359332326,2.28002799027514,0.0226060284500981,0.191166331872614,"rab GDP dissociation inhibitor beta-like","liver"
"LOC115112856",65.5984338844688,0.298739937818834,0.160184742808762,1.86497123621496,0.0621854361182567,0.305705050375174,"protein phosphatase 1G-like","liver"
"LOC115129572",76.8395471269883,0.298583325941593,0.124960341507908,2.38942469537584,0.0168747828809673,0.169452896865677,"protein farnesyltransferase/geranylgeranyltransferase type-1 subunit alpha-like","liver"
"LOC115133189",137.933537149447,0.298451381602669,0.0981143879263661,3.04187171637512,0.00235112071148792,0.077505024494435,"short transmembrane mitochondrial protein 1","liver"
"LOC115101374",377.546795238457,0.29844684978451,0.134647124221044,2.21651113242169,0.0266565163169451,0.208382835814851,"proteasome subunit beta type-6-like, transcript variant X1","liver"
"LOC115139006",78.4517079430132,0.298314452823911,0.227135266622862,1.31337795869118,0.189055620876591,0.484057717936062,"delta-1-pyrroline-5-carboxylate dehydrogenase, mitochondrial-like, transcript variant X2","liver"
"LOC115138519",103.938021957167,0.298294491430542,0.386096526590832,0.772590455719537,0.43976479474532,0.706257408739923,"C-type lectin domain family 10 member A-like, transcript variant X2","liver"
"LOC115142960",109.600471397614,0.298227062950555,0.165390270362033,1.80317174823977,0.0713612459215611,0.324268047242233,"double-stranded RNA-binding protein Staufen homolog 1-like, transcript variant X1","liver"
"LOC115102776",166.245179856961,0.29821914096672,0.106194015601079,2.80824808515565,0.00498118372500986,0.10202665760372,"NEDD8-like","liver"
"LOC115127207",105.393501482469,0.298166129920485,0.182835611563056,1.63078804709582,0.102935050434885,0.37730509493938,"ATP-binding cassette sub-family D member 3-like","liver"
"LOC115142169",73.7089043020292,0.297774575286959,0.176121037891279,1.69073824940084,0.0908868055810397,0.358113368975136,"serine/arginine-rich splicing factor 3-like, transcript variant X1","liver"
"atp5f1a",130.498824204286,0.297280512210053,0.114674868518994,2.59237717949345,0.00953152081370263,0.136797460692436,"ATP synthase F1 subunit alpha, transcript variant X1","liver"
"LOC115145843",74.4028918175499,0.296954802555907,0.170308003720847,1.74363386375339,0.0812229544517048,0.344142164599947,"LON peptidase N-terminal domain and RING finger protein 1-like, transcript variant X1","liver"
"LOC115144743",394.228749801123,0.296760858016653,0.151443238874312,1.95955171206385,0.0500482100611217,0.277924392655493,"60S ribosomal protein L27a-like","liver"
"LOC115101029",228.797914176912,0.296281410444703,0.126749526292526,2.33753465682321,0.0194114010764097,0.178602417127417,"ras-related protein rab7-like, transcript variant X1","liver"
"LOC115134509",410.677237448584,0.296180524216707,0.181698528841547,1.63006561530829,0.103087629948552,0.377524869425245,"ethanolamine kinase 1-like, transcript variant X1","liver"
"LOC115123753",384.157415664015,0.296167721258866,0.201742528876785,1.46804802590608,0.142091177945309,0.429510379412682,"transmembrane protein 258","liver"
"LOC115134246",206.84155048531,0.296143627109685,0.118189902873461,2.50565928145951,0.0122223333995337,0.153330095400259,"electron transfer flavoprotein subunit alpha, mitochondrial-like","liver"
"LOC115108691",336.972396175682,0.295707270605873,0.172335009881628,1.71588623117837,0.0861828672669968,0.350923424024039,"transmembrane 4 L6 family member 4-like","liver"
"aldh6a1",81.708416062198,0.295461809444941,0.285832801840366,1.03368755280212,0.301282253932977,0.594139323259338,"aldehyde dehydrogenase 6 family member A1, transcript variant X2","liver"
"LOC115115330",597.413561816775,0.295236190280824,0.113959594163194,2.59070938650444,0.009577833572167,0.136979823298781,"eukaryotic translation initiation factor 3 subunit F-like","liver"
"cdipt",100.864483033387,0.295027051614735,0.121928775670639,2.41966713757284,0.0155347198687788,0.1640570739487,"CDP-diacylglycerol--inositol 3-phosphatidyltransferase","liver"
"LOC115147170",65.1237479423349,0.294889849641724,0.129534420191465,2.27653660861606,0.0228139120870635,0.19159063889616,"V-type proton ATPase subunit G 1-like","liver"
"LOC115141566",232.831358466141,0.294795374045874,0.338653182233748,0.870493441406372,0.384030801859307,0.661813300704151,"tribbles homolog 2-like, transcript variant X2","liver"
"LOC115110483",230.400742276966,0.294727160791162,0.0916318497233249,3.21642705763408,0.00129797524440449,0.0594443493954234,"NADH dehydrogenase [ubiquinone] 1 alpha subcomplex subunit 6-like","liver"
"LOC115113692",89.8567198689221,0.293972888600468,0.24448999938368,1.20239228328981,0.229211577540251,0.524279680165018,"CD81 antigen-like","liver"
"LOC115106324",337.874628784568,0.293814409717193,0.112121580573789,2.62049828599972,0.00878013714778053,0.132438555289874,"nucleoside diphosphate kinase A-like","liver"
"tmem106c",73.84561126966,0.293682934923753,0.17867354897417,1.64368445474943,0.100241398637093,0.372921081016371,"transmembrane protein 106C, transcript variant X1","liver"
"LOC115113496",28218.4076179466,0.29341791045165,0.160641875348066,1.82653439407313,0.0677698053740533,0.316414349031662,"prothrombin-like","liver"
"LOC115129376",364.576273177167,0.293399943418621,0.183895714860744,1.59546916925606,0.110607359065381,0.389715104987096,"tubulin beta-4B chain-like","liver"
"aifm2",63.1338061945869,0.292929350709323,0.205590762888755,1.42481766492509,0.154209914632292,0.444006832320724,"apoptosis inducing factor mitochondria associated 2","liver"
"LOC115130688",132.918039338148,0.292703491970896,0.194659296228212,1.50367076036143,0.132666161527431,0.417888156403252,"nocturnin-like, transcript variant X1","liver"
"LOC115109228",174.701163388029,0.29235282463088,0.12209040754745,2.39456015016788,0.0166403138192894,0.168880051262244,"NADH dehydrogenase [ubiquinone] 1 alpha subcomplex subunit 11-like","liver"
"LOC115129393",644.718658573397,0.292342569154475,0.127764642673583,2.28813357934528,0.0221297432726617,0.188884564125091,"60S ribosomal protein L31","liver"
"LOC115123534",272.233265152407,0.292284538230685,0.133787033616688,2.18470004401254,0.0289108469680995,0.216477145439957,"proteasome maturation protein-like","liver"
"pgls",58.7147301080608,0.292172107674271,0.159445750756245,1.832423293117,0.0668883803363804,0.314455366975287,"6-phosphogluconolactonase, transcript variant X2","liver"
"LOC115104993",63.8985372487902,0.292064111580893,0.113040145199657,2.58372024438782,0.00977410392948271,0.138172094484576,"eukaryotic translation initiation factor 5A-1-like","liver"
"LOC115137281",147.673427738365,0.290941206531281,0.128492861669119,2.26425968533941,0.0235581475661915,0.195168718454871,"ribosomal protein S6 kinase beta-2-like, transcript variant X2","liver"
"LOC115109168",270.252491422839,0.290655809593474,0.108823644676195,2.67088839432203,0.00756507952100709,0.121408262559031,"NADH-quinone oxidoreductase subunit B-like, transcript variant X1","liver"
"LOC115118649",244.746408662412,0.290580589365649,0.165663242242024,1.7540438387722,0.0794229956785788,0.340766453037776,"inosine-uridine preferring nucleoside hydrolase-like, transcript variant X1","liver"
"LOC115129611",217.071619727795,0.290215593091441,0.108133430651747,2.68386558478945,0.00727763591913817,0.120988282645554,"ATP synthase-coupling factor 6, mitochondrial-like","liver"
"LOC115142780",91.2365882020643,0.290187872175942,0.112910872815692,2.57006136733727,0.0101680501099116,0.141450417228668,"MICOS complex subunit mic25a-like, transcript variant X1","liver"
"LOC115142802",606.252002281741,0.290032327798407,0.138500651607083,2.09408637745047,0.0362522863574201,0.236541417772169,"thioredoxin reductase 1, cytoplasmic-like","liver"
"LOC115111717",122.149748445696,0.290027481257849,0.0935115643662146,3.10151459045246,0.00192533383948298,0.0697568551543798,"ubiquitin recognition factor in ER-associated degradation protein 1","liver"
"LOC115121769",419.283158747323,0.289760741404359,0.128664459445304,2.2520651208078,0.0243181570628174,0.197451809139529,"proteasomal ubiquitin receptor ADRM1-like","liver"
"LOC115126510",1630.07722337662,0.28928613188222,0.161320263658384,1.79324112992289,0.0729343760861862,0.326705500361584,"40S ribosomal protein S9-like","liver"
"LOC115113310",1024.9593763596,0.288820476442994,0.143969951235918,2.00611637333762,0.0448438333455892,0.261970873002029,"60S ribosomal protein L24","liver"
"LOC115101455",230.896022574008,0.288654525234977,0.0925695490286336,3.11824491167922,0.00181931553784511,0.0681612429796539,"ras-related protein Rab-1A-like","liver"
"LOC115135671",67.5088520327555,0.288197220173304,0.193205341445978,1.49166279781083,0.135787566462714,0.42252050611624,"H/ACA ribonucleoprotein complex subunit DKC1-like","liver"
"LOC115132748",186.092997663318,0.288046165023403,0.123500379688908,2.33235044093775,0.0196822629938432,0.179507590461535,"cytochrome c oxidase subunit 6B1-like, transcript variant X2","liver"
"LOC115131257",1304.81287889331,0.2878173580426,0.16887497762545,1.70432210911053,0.0883209267071258,0.353721798164171,"60S ribosomal protein L14-like","liver"
"LOC115107347",371.175123412961,0.287191294141607,0.147745621719058,1.94382270553984,0.0519168347138717,0.283191413425413,"40S ribosomal protein S29","liver"
"afg3l2",110.765863046358,0.286720366844241,0.151259280554897,1.89555553743481,0.0580188413493866,0.294660212954226,"AFG3 like matrix AAA peptidase subunit 2","liver"
"LOC115138660",101.727643698212,0.286382797109214,0.187138972723566,1.53032151957063,0.125937164182979,0.409345997774979,"NF-kappa-B inhibitor alpha-like","liver"
"lamtor1",91.0158059934668,0.286342541248132,0.166190726944891,1.72297544220433,0.0848929661039596,0.34951891903004,"late endosomal/lysosomal adaptor, MAPK and MTOR activator 1","liver"
"znf593",127.68496176667,0.286330701582911,0.149458673014793,1.91578511843586,0.0553924527194646,0.288994549031482,"zinc finger protein 593","liver"
"LOC115132993",90.1696874162623,0.285572795687686,0.181922168634989,1.56975259161879,0.116472680793339,0.397673381316532,"NADH dehydrogenase [ubiquinone] 1 beta subcomplex subunit 2, mitochondrial-like, transcript variant X2","liver"
"LOC115101483",62.8492284765919,0.285547005457894,0.293345614454087,0.973414946016133,0.330347113622392,0.613285735480405,"uncharacterized LOC115101483","liver"
"LOC115116268",123179.859227099,0.285401205795868,0.16460960345371,1.73380653259471,0.0829524161834535,0.346783639347443,"transmembrane protein 116-like, transcript variant X2","liver"
"LOC115131311",529.424924376496,0.28534480250452,0.0986885010334734,2.89136829029084,0.00383568331877089,0.0960013657626239,"26S proteasome complex subunit SEM1-like","liver"
"LOC115102048",63.9381837935589,0.284682028245718,0.125272435012859,2.27250335013043,0.0230561258836928,0.192575346520352,"MAP kinase-activated protein kinase 2-like, transcript variant X2","liver"
"gnmt",1220.47627713896,0.28467456939621,0.131264698581234,2.16870622850695,0.0301049942188432,0.218899134270954,"glycine N-methyltransferase","liver"
"LOC115140026",157.491793646678,0.28462759338469,0.133980322152026,2.12439848488889,0.0336368365916519,0.229654515825081,"ras-related protein rab7-like","liver"
"LOC115102029",703.97272614252,0.28462703840301,0.115107571290723,2.47270475096845,0.013409487505461,0.157883405011545,"60S ribosomal protein L32-like","liver"
"LOC115110576",70.1173032704066,0.284564619309197,0.162819004367161,1.74773590107145,0.080509769158729,0.342229155757336,"phenylalanine--tRNA ligase alpha subunit-like","liver"
"LOC115119000",370.058749408274,0.283978977691899,0.0780312541206821,3.63929787995846,0.000273382416951142,0.0397966689818876,"transmembrane emp24 domain-containing protein 10-like","liver"
"LOC115134506",100.353299163596,0.283835349745842,0.127100817117999,2.23315125883362,0.0255389713063907,0.203712029441973,"proteasome subunit alpha type-1","liver"
"LOC115110121",105.896804508234,0.283770095291634,0.119661010324608,2.37144993613075,0.0177184469120438,0.172843409711146,"SUMO-conjugating enzyme UBC9-like, transcript variant X1","liver"
"LOC115115949",1050.38389480569,0.283750205819192,0.175203947440412,1.6195423103449,0.105330630662064,0.381400060528365,"elongation factor 1-beta-like","liver"
"LOC115105863",30016.1328527614,0.283734197976293,0.252045495351397,1.12572612170956,0.260281463478542,0.55837223428344,"protein AMBP-like","liver"
"LOC115132136",105.6981052137,0.283489204898869,0.156548300753323,1.81087372737165,0.0701604003099218,0.319881198728458,"bcl-2-like protein 1, transcript variant X2","liver"
"LOC115129784",57.9982386084052,0.282450426972427,0.138011123827473,2.04657725507341,0.0406996099646185,0.250591556217198,"small ubiquitin-related modifier 3","liver"
"LOC115104164",124.925503953164,0.282190075725558,0.13909862824054,2.02870495054468,0.0424883513682138,0.255531607275995,"beta-1,3-N-acetylglucosaminyltransferase lunatic fringe-like","liver"
"LOC115124728",67.1797899783411,0.282005604341295,0.177318350840556,1.59039153592667,0.111746577014952,0.391641485737699,"single-stranded DNA-binding protein 3-like, transcript variant X2","liver"
"LOC115135455",1495.25607892271,0.281877526009303,0.144977807760356,1.94428050998839,0.0518616336365664,0.283191413425413,"cytidine deaminase-like","liver"
"LOC115143221",252.338163825975,0.281799103485204,0.120928181543779,2.33030133991709,0.0197902299986105,0.179507590461535,"succinate dehydrogenase [ubiquinone] iron-sulfur subunit, mitochondrial-like","liver"
"LOC115117293",158.669221810922,0.281621076530294,0.116267697466036,2.4221781515245,0.0154277851424186,0.1640570739487,"ATP synthase membrane subunit DAPIT, mitochondrial-like","liver"
"LOC115111768",73.9127190201166,0.280931305949377,0.162674843693912,1.72694990553042,0.0841766605407803,0.347975728564118,"histone acetyltransferase KAT6A-like","liver"
"LOC115130793",2865.79497947232,0.280749650722617,0.276097172026433,1.01685087413985,0.309224376234849,0.600632855049755,"sequestosome-1-like","liver"
"LOC115146517",1471.54330376048,0.280255291692639,0.146021402938976,1.91927543532616,0.0549494851169449,0.288254956675248,"60S ribosomal protein L13a","liver"
"LOC115129686",151.911631260517,0.279871514890861,0.135822590397851,2.06056675896891,0.0393443907629864,0.246919597587192,"ras-related protein M-Ras-like","liver"
"LOC115109712",198.667896808026,0.279740498648553,0.0694706605315927,4.02674303811085,5.65547795105711e-05,0.0230517281285088,"rab GDP dissociation inhibitor beta-like","liver"
"LOC115107605",177.802964858687,0.279662285957067,0.26890927341699,1.03998751104207,0.298345702994683,0.591734956591865,"NF-kappa-B inhibitor alpha-like","liver"
"LOC115111711",80.424733059091,0.279549855790759,0.162037281214545,1.72521936739128,0.0844879466673807,0.348555537060975,"endoplasmic reticulum-Golgi intermediate compartment protein 2-like, transcript variant X3","liver"
"LOC115129765",871.645838859351,0.279223655537644,0.141774177157314,1.96949586403041,0.0488961770608226,0.274637591490966,"ATP synthase subunit beta, mitochondrial","liver"
"LOC115106315",106.356841354029,0.279201472722251,0.127997789628382,2.18129917346902,0.0291612955245978,0.216900438974928,"histone H3.3","liver"
"LOC115123887",1082.99974278123,0.279104968995695,0.158372092976945,1.76233680915188,0.0780124082326124,0.336878197323418,"40S ribosomal protein S12","liver"
"LOC115138062",190.64492836976,0.278537974694768,0.153753563235835,1.81158711923659,0.070050016691144,0.319881198728458,"ras-related protein rab7-like","liver"
"LOC115105321",109.309995295942,0.278393466702448,0.131670237640011,2.11432341653079,0.0344876536791879,0.233098244761383,"glucose-6-phosphate exchanger SLC37A2-like, transcript variant X2","liver"
"LOC115101346",86.0463340158353,0.278180006933906,0.15204450547334,1.82959592040426,0.067310384225671,0.315170651201574,"neutral alpha-glucosidase AB-like, transcript variant X1","liver"
"LOC115121087",674.011735296301,0.277958466369228,0.15316199138995,1.81480055101626,0.0695545657078948,0.319261722776328,"60S ribosomal protein L18","liver"
"LOC115123078",63.1006776813269,0.277693222256602,0.116716474784257,2.37921187021713,0.0173497006868094,0.171935049223186,"protein unc-50 homolog","liver"
"cmc1",177.793907802626,0.277655043472735,0.105530720302052,2.63103523483991,0.00851252099909861,0.129466550717634,"C-X9-C motif containing 1","liver"
"LOC115129293",81.4672720974213,0.277118998065315,0.189268725866958,1.46415630366799,0.143151246296516,0.430615852328118,"COMM domain-containing protein 5-like","liver"
"LOC115123807",538.86064387133,0.27651604114123,0.161002137977623,1.71746813188072,0.0858936723376461,0.350742551825077,"40S ribosomal protein S19","liver"
"LOC115134984",1404.71590995898,0.276340039913809,0.137290117607388,2.01281814546962,0.0441337642613829,0.261166487020082,"40S ribosomal protein S24, transcript variant X3","liver"
"LOC115117885",94.0062271152542,0.276236707859294,0.29840970150764,0.925696136766591,0.354603916114976,0.635325521795447,"myosin light chain kinase, smooth muscle-like","liver"
"LOC115113147",1273.93805594744,0.275929377407863,0.128279529603405,2.15100085150717,0.0314761324743096,0.223513442448233,"ubiquitin-40S ribosomal protein S27a-like","liver"
"LOC115131259",75.5072123027188,0.275670458615911,0.274861405234785,1.00294349576084,0.315888124730989,0.602661842208894,"E3 ubiquitin-protein ligase znrf2-like","liver"
"LOC115111413",443.066510793548,0.274998361120137,0.205796582323223,1.33626301280468,0.1814633214192,0.476599777266393,"glycine dehydrogenase (decarboxylating), mitochondrial-like","liver"
"LOC115121374",94.1713062806575,0.274749721921881,0.14265040857363,1.92603529614195,0.0540999667741075,0.286514561701916,"oxidation resistance protein 1-like, transcript variant X1","liver"
"LOC115113961",494.677881694326,0.27468834205032,0.183855584289266,1.49404405154288,0.135164105801287,0.422025930165722,"protein transport protein Sec61 subunit gamma-like, transcript variant X1","liver"
"LOC115107873",162.0069017067,0.274451789713427,0.149728985892092,1.83299037309463,0.0668040027452248,0.314455366975287,"protein Z-dependent protease inhibitor-like","liver"
"LOC115144414",68.6139885311723,0.274064513043584,0.185222027287039,1.47965399719368,0.138965608290522,0.426203024373339,"glutathione S-transferase 3-like","liver"
"LOC115118318",686.308138429235,0.273594205218688,0.153331505411721,1.78433130545508,0.0743698461954957,0.329172675117906,"40S ribosomal protein S3","liver"
"LOC115113375",252.693791721102,0.273556605758635,0.194472788001868,1.40665749984521,0.159528973908314,0.45112119460409,"lysophosphatidylserine lipase ABHD12-like","liver"
"LOC115133003",510.953725252817,0.273452540944287,0.152492242899005,1.7932226305137,0.072937332884864,0.326705500361584,"40S ribosomal protein S16","liver"
"LOC115110052",79.7014923709771,0.273231483230502,0.148437575119029,1.84071642918852,0.0656631250572573,0.311938109246365,"ferritin, middle subunit-like","liver"
"LOC115103691",71.5905443250552,0.27306871545257,0.114165790551588,2.39186111823208,0.0167631841967457,0.169125591054295,"dynactin subunit 3-like","liver"
"LOC115114283",105.822639757226,0.272857271741521,0.13584823915417,2.00854478085552,0.0445854324215454,0.261970873002029,"cyclic AMP-dependent transcription factor ATF-6 alpha-like, transcript variant X4","liver"
"LOC115135692",1340.3135788912,0.272820536880171,0.14712762637897,1.85431209348435,0.0636945229492936,0.309636405298016,"40S ribosomal protein S10-like","liver"
"LOC115142016",281.706300195779,0.272816364407088,0.109638809129649,2.48831929654107,0.0128348443713919,0.15569888588629,"cytochrome c oxidase subunit 6B1-like","liver"
"LOC115126314",90.192834093641,0.272472690514612,0.176641111367912,1.54252137797696,0.122946947073905,0.405246159640517,"cytochrome c oxidase subunit 7A-related protein, mitochondrial-like","liver"
"LOC115138755",65.632624898369,0.272164513873368,0.202177634224656,1.34616529131479,0.178249215914086,0.47479934150341,"aspartate--tRNA ligase, cytoplasmic-like","liver"
"phykpl",67.8871471995815,0.272110615255964,0.170283291446775,1.5979877587756,0.110045701431237,0.38868828339144,"5-phosphohydroxy-L-lysine phospho-lyase, transcript variant X1","liver"
"LOC115119248",3446.87580707764,0.272075280961101,0.151082795117945,1.80083563286409,0.0717287907307473,0.325413538259508,"40S ribosomal protein S29-like","liver"
"LOC115128684",454.938970630976,0.271597190734319,0.117232373673113,2.31674222934044,0.020517777702171,0.181536707638661,"mitogen-activated protein kinase 15-like, transcript variant X1","liver"
"LOC115138665",142.847000798923,0.271512921731897,0.117281939318857,2.31504461222906,0.020610490716132,0.181836277400333,"gem-associated protein 2-like","liver"
"LOC115132388",484.74422216198,0.271293442823105,0.157060695495018,1.72731593966302,0.0841109380508242,0.347975728564118,"CD63 antigen-like","liver"
"LOC115113733",73.4215803260361,0.270957244838912,0.104345117313103,2.59674100538759,0.00941128568838237,0.136532534842,"transmembrane protein 9B-like","liver"
"LOC115120579",28540.6279483836,0.270864073869864,0.231537028797191,1.16985207626172,0.242060502512307,0.536838563243849,"beta-microseminoprotein-like","liver"
"ndufa7",148.263812440142,0.270729906187112,0.121656659873519,2.22536034170737,0.0260570576103849,0.205432430986323,"NADH:ubiquinone oxidoreductase subunit A7","liver"
"LOC115114264",511.126013078322,0.270679573136077,0.104240070664621,2.59669406793625,0.00941257171015752,0.136532534842,"stress-associated endoplasmic reticulum protein 1-like","liver"
"LOC115135980",137.795367962359,0.270474621372358,0.12803787504929,2.11245790566451,0.0346471928256228,0.233239519669193,"rho-related GTP-binding protein RhoA-D","liver"
"LOC115142412",1297.54075381506,0.270151650099189,0.148291800747543,1.82175716214482,0.068491840301699,0.317602663333021,"40S ribosomal protein S15a","liver"
"LOC115103199",112.547637485203,0.269830177221767,0.138621100727373,1.9465303320051,0.0515910680597656,0.283021794632038,"uncharacterized LOC115103199","liver"
"LOC115104268",128.508751713256,0.269823065534465,0.124691905622512,2.16391805215744,0.0304706392227322,0.219820045082932,"RING-box protein 1","liver"
"LOC115140857",1156.19884177022,0.269742607387056,0.212140295585526,1.27152932752612,0.203540400839357,0.50038038228059,"apolipoprotein A-IV-like","liver"
"LOC115104314",106.327089392114,0.269329682763094,0.202726185008371,1.32853919562474,0.184000043982545,0.47998072783418,"hepatic leukemia factor-like","liver"
"LOC115103226",73.274031778072,0.269313080493359,0.161780786233895,1.66467901882983,0.0959768110624675,0.365624127730349,"choline-phosphate cytidylyltransferase A-like, transcript variant X1","liver"
"LOC115131509",453.459493605014,0.269237982494963,0.20699959711063,1.30066911362668,0.193371738780302,0.488817721822073,"translocon-associated protein subunit beta","liver"
"ndufb10",383.752792844991,0.269237569565943,0.110023408484281,2.44709351650751,0.0144013467381768,0.161263432156067,"NADH:ubiquinone oxidoreductase subunit B10","liver"
"tmem120a",110.090580201521,0.26921292851965,0.13600032533264,1.97950209208094,0.0477595043307255,0.271503123643009,"transmembrane protein 120A","liver"
"LOC115139186",97.6222705596765,0.269031733651527,0.148880380081641,1.80703282396243,0.070757161459021,0.322241553192145,"platelet-activating factor acetylhydrolase-like, transcript variant X1","liver"
"LOC115131913",1762.85279979362,0.268908801048228,0.153866212721337,1.74767933968221,0.0805195682952124,0.342229155757336,"nascent polypeptide-associated complex subunit alpha, transcript variant X2","liver"
"LOC115112296",111.41989917082,0.268804494450849,0.128986861180619,2.08396802581656,0.0371630757799642,0.238699977714704,"tumor necrosis factor receptor type 1-associated DEATH domain protein-like","liver"
"tmem254",388.561011740125,0.2688017401914,0.244006304933005,1.10161801050675,0.270627774965845,0.567719408523306,"transmembrane protein 254","liver"
"LOC115109031",376.609349533514,0.268243198342159,0.161639218255376,1.6595180379947,0.0970114489415081,0.366247237042819,"uncharacterized LOC115109031, transcript variant X1","liver"
"LOC115138938",552.094621128643,0.268204271122137,0.12022735210454,2.23080909982055,0.0256937769217046,0.203935293285692,"60S ribosomal protein L22-like","liver"
"LOC115122295",70.8663462206216,0.267959116706124,0.18904915668112,1.4174044540072,0.15636471121943,0.44663108824835,"Krueppel-like factor 15","liver"
"kctd10",70.1442856690546,0.267700410015743,0.0921565505315168,2.90484407751559,0.00367436093932622,0.0941930515012181,"potassium channel tetramerization domain containing 10","liver"
"abhd18",113.962383445311,0.267358077593901,0.10330496541715,2.58804672664374,0.00965218863925972,0.137211097504564,"abhydrolase domain containing 18","liver"
"LOC115125303",119.192681076749,0.267202293006328,0.18908067354534,1.41316554461213,0.157607054826722,0.44736917407662,"tubulin alpha chain","liver"
"LOC115108468",77.9868330998022,0.266719308884315,0.273585248265486,0.974903839206605,0.329607961551357,0.613285735480405,"dolichyl-diphosphooligosaccharide--protein glycosyltransferase subunit DAD1-like","liver"
"LOC115137319",179.814275421959,0.266530123368428,0.0876452507816416,3.04101044827241,0.00235785648609174,0.077505024494435,"acid ceramidase-like","liver"
"LOC115119455",2085.57667564131,0.266435193693452,0.153901901656888,1.73120143952119,0.0834158427151792,0.347399207957796,"sodium/potassium-transporting ATPase subunit alpha-1","liver"
"LOC115123318",123.524239109764,0.266312369256924,0.159808728079731,1.66644445805273,0.0956249220869511,0.365292579593639,"RNA-binding protein 45-like","liver"
"LOC115133349",187.487319482589,0.266223417337575,0.0780909927185375,3.40914371900894,0.000651671382410816,0.0466002202580085,"ER membrane protein complex subunit 4, transcript variant X2","liver"
"LOC115126441",113.962028791537,0.266148373824891,0.160096931794832,1.66242020281792,0.096428550901024,0.366111140860678,"enolase-phosphatase E1, transcript variant X2","liver"
"srprb",123.071704799794,0.265756032298066,0.0981126738561348,2.70868198626154,0.00675510538229498,0.119078066850418,"SRP receptor subunit beta","liver"
"LOC115141328",122.476181645535,0.265579999110786,0.128949829651182,2.0595606820823,0.0394405582467221,0.246919597587192,"peroxisomal targeting signal 1 receptor-like, transcript variant X1","liver"
"cryl1",69.1002207426961,0.265417465284134,0.223943030598753,1.1852008279717,0.235938052666708,0.529853169514876,"crystallin lambda 1","liver"
"LOC115103785",113.079746865209,0.265251865396534,0.164397651113278,1.61347722184767,0.106640868061317,0.384321996655992,"nicotinate-nucleotide pyrophosphorylase [carboxylating]-like, transcript variant X2","liver"
"LOC115131188",58.2645804760878,0.265146190055078,0.145517815381991,1.82208748364629,0.068441712558583,0.317602663333021,"C1GALT1-specific chaperone 1-like, transcript variant X1","liver"
"LOC115114914",1133.87376873569,0.265100018656711,0.15042955742047,1.76228676865493,0.0780208582613609,0.336878197323418,"60S ribosomal protein L24-like","liver"
"LOC115113080",2366.22945206013,0.264749505236788,0.143490911659823,1.84506114132466,0.065028645049255,0.310833883961787,"S-adenosylmethionine synthase-like","liver"
"tpmt",66.956124146622,0.264228858104898,0.156701599217538,1.68619120305268,0.091758977729979,0.359279148153117,"thiopurine S-methyltransferase, transcript variant X2","liver"
"LOC115136381",113.689344743229,0.264209050874759,0.184012916024647,1.43581796638324,0.151054146059442,0.441993323286638,"mitochondrial fission 1 protein-like","liver"
"LOC115136650",91.426304699771,0.263988328464388,0.31605453614241,0.835261950948361,0.403570235539869,0.677474617813646,"serine/threonine-protein kinase ULK2-like, transcript variant X3","liver"
"LOC115103228",78.0852716064719,0.263982270745727,0.123809180245515,2.13217041112983,0.0329928399541536,0.229095086291533,"tropomyosin alpha-3 chain-like, transcript variant X2","liver"
"LOC115109963",3522.68185733282,0.26381312560582,0.150878310715606,1.7485159023492,0.0803747344059662,0.342229155757336,"nucleoside diphosphate kinase-like, transcript variant X2","liver"
"LOC115130378",60.7058704274262,0.263750919512925,0.139159080741403,1.89531950130547,0.0580500861143874,0.294660212954226,"tyrosine-protein kinase yes","liver"
"LOC115105496",141.408379655113,0.263094104021874,0.142513558341849,1.84609876479813,0.0648778661788125,0.310742870205452,"ras-related protein Rab-24-like, transcript variant X1","liver"
"LOC115135292",154.559007851168,0.263024535392688,0.261244464000392,1.00681381478879,0.31402425460795,0.602661842208894,"lysophosphatidylserine lipase ABHD12-like, transcript variant X2","liver"
"LOC115133390",2113.7381769045,0.262732128320454,0.250873243834557,1.04727042352,0.294974873073087,0.589635548520613,"purine nucleoside phosphorylase-like","liver"
"sec13",71.6952074807342,0.262668170066231,0.164139411613012,1.6002748364026,0.109537626637022,0.387902142634666,"SEC13 homolog, nuclear pore and COPII coat complex component, transcript variant X2","liver"
"hmgb1",102.877914962328,0.262469921202464,0.154339461577156,1.7006015086508,0.0890178406847555,0.353987042566891,"high mobility group box 1, transcript variant X2","liver"
"LOC115129818",196.706439140086,0.262223701067669,0.274105242718027,0.956653358642321,0.338742247082597,0.620225883494899,"transcription factor CP2-like protein 1, transcript variant X3","liver"
"lrrc47",60.5501534780796,0.261510914447188,0.199982106025297,1.30767156944586,0.190984730399796,0.486229707126527,"leucine rich repeat containing 47","liver"
"LOC115140916",136.535574630642,0.261362161505325,0.0857888336916974,3.04657553038419,0.00231464318040068,0.077505024494435,"RWD domain-containing protein 1-like, transcript variant X1","liver"
"LOC115122307",1178.74608412532,0.260846664289503,0.149951640144622,1.73953858749346,0.0819400708973864,0.345018683779012,"40S ribosomal protein S15a","liver"
"LOC115125620",191.996723897816,0.260486189330923,0.141231265125715,1.8443946466036,0.0651256469340937,0.310833883961787,"ER membrane protein complex subunit 7-like","liver"
"LOC115114507",83.1715544327755,0.260364634818482,0.0981731171013876,2.65209705575094,0.00799935440960796,0.126377397571946,"proteasome subunit alpha type-7-like","liver"
"nipsnap2",151.641215028271,0.259817002470855,0.148206198291176,1.75307784334633,0.079588646156764,0.341118109079884,"nipsnap homolog 2","liver"
"LOC115140112",62.1752399616688,0.259782408421844,0.362196186465415,0.71724225193257,0.473224632665602,0.731323585074515,"phosphoinositide-3-kinase-interacting protein 1-like","liver"
"LOC115101330",1347.45989142158,0.259525521309112,0.177154104326888,1.46497041259756,0.142928990280852,0.430582826596268,"peroxiredoxin-5, mitochondrial-like","liver"
"cnp",155.160597005154,0.259458880616588,0.238529831157868,1.08774185332345,0.276709085484026,0.574269975780494,"2',3'-cyclic nucleotide 3' phosphodiesterase, transcript variant X2","liver"
"LOC115105375",9797.18486256252,0.259389081379234,0.19334699882934,1.34157283510869,0.17973453901982,0.476022079951128,"heat shock cognate 70 kDa protein","liver"
"midn",109.770909342401,0.259310599913593,0.319317528200415,0.81207756234052,0.416747127133213,0.690864604089798,"midnolin","liver"
"LOC115134202",69.8219524344388,0.258010436190632,0.131015531969656,1.96931182365759,0.0489172942645833,0.274637591490966,"calumenin-B-like, transcript variant X2","liver"
"LOC115104015",122.63831855071,0.257920690604727,0.242638315013879,1.06298418116683,0.287789125124781,0.583886746644405,"cathepsin D-like","liver"
"LOC115134253",518.277144818283,0.257734140824332,0.154495718937591,1.66822836643418,0.095270401831042,0.364621744472608,"chromodomain-helicase-DNA-binding protein 2-like, transcript variant X1","liver"
"LOC115118779",172.382657034697,0.257264783053657,0.202073758679084,1.27312316421166,0.202974340276923,0.499893299678997,"carnitine O-acetyltransferase-like","liver"
"LOC115135604",1601.455584138,0.25722648404976,0.148594552044236,1.73106268373274,0.0834405850320614,0.347399207957796,"40S ribosomal protein S23","liver"
"LOC115113028",245.038601483018,0.257193151374677,0.0943486363356583,2.72598694971782,0.006410953306899,0.117067626262801,"ribonuclease T2-like, transcript variant X4","liver"
"LOC115115997",252.862949030707,0.257097187935157,0.206653875664192,1.2440956508018,0.213464361550952,0.512113441837363,"kelch-like ECH-associated protein 1, transcript variant X3","liver"
"LOC115136949",278.504266684864,0.257026478092822,0.108094339572299,2.37779775619896,0.017416375344802,0.171935049223186,"histone H3.3, transcript variant X1","liver"
"LOC115112457",81.2420186916644,0.256646073645344,0.133506916953426,1.92234289804531,0.0545626255320763,0.287001509588284,"importin-7","liver"
"LOC115109223",118.361664522266,0.256583520220202,0.118275150495726,2.16937809121176,0.0300539908960837,0.218899134270954,"cystinosin-like","liver"
"vps26c",109.248810235377,0.256469580977223,0.155765100364542,1.64651504333768,0.0996577655116374,0.372665185527921,"VPS26 endosomal protein sorting factor C, transcript variant X1","liver"
"LOC115141048",175.49599964002,0.256459304166286,0.188382899216971,1.3613725302683,0.173395992525594,0.467435228527991,"tubulin alpha-1C chain","liver"
"LOC115103662",79.6363482039039,0.256390082258515,0.126184663306673,2.03186405970271,0.0421674198650582,0.254628745733299,"putative RNA-binding protein Luc7-like 2","liver"
"LOC115106260",58.6346251389869,0.256357208032789,0.149166566930593,1.7185969571323,0.0856877861334047,0.350742551825077,"phytanoyl-CoA dioxygenase, peroxisomal-like","liver"
"LOC115115620",66.5633888911584,0.256333234346302,0.152308540028551,1.68298661584079,0.092377682432311,0.359285719078339,"E3 ubiquitin-protein ligase synoviolin-like, transcript variant X2","liver"
"LOC115137212",1078.20384049173,0.256168092450437,0.154769627449795,1.65515738889747,0.0978925762181589,0.369112063520088,"40S ribosomal protein S6","liver"
"rbp4",7173.30062078948,0.256148768903213,0.17276812280986,1.48261591743471,0.138176485631689,0.425370860964598,"retinol binding protein 4","liver"
"LOC115139890",1203.45168515924,0.255982220759838,0.153770200287317,1.664706297329,0.0959713660140946,0.365624127730349,"60S ribosomal protein L35-like","liver"
"LOC115134348",65.7932323317372,0.255958156241247,0.118274529516405,2.16410208764132,0.0304565153361564,0.219820045082932,"reticulophagy regulator 2-like, transcript variant X2","liver"
"LOC115130653",1455.34345233884,0.25571190499479,0.16698537667454,1.53134310373286,0.125684617851154,0.408851159107185,"ADP/ATP translocase 2-like","liver"
"LOC115113529",177.024077061559,0.255639297769592,0.0889978910236853,2.87241972623326,0.0040734155182088,0.0963575161214815,"dnaJ homolog subfamily A member 2","liver"
"LOC115129842",67.5876743547515,0.255497743945636,0.158913059409086,1.6077831796562,0.107882673572186,0.386745626631688,"histone deacetylase complex subunit SAP18-like","liver"
"LOC115139428",3514.58609033824,0.255021931413202,0.108398928460835,2.35262409909655,0.0186414682447432,0.177115674978026,"plasminogen-like","liver"
"LOC115106928",85.3154997623951,0.254579522321381,0.143895566558226,1.76919642773266,0.0768611001442688,0.333915406165112,"aldo-keto reductase family 1 member B1-like","liver"
"LOC115103371",163.708786429659,0.254552549717915,0.173933000074927,1.4635092225642,0.143328091912941,0.430685362769838,"nuclear receptor-binding protein 2-like, transcript variant X2","liver"
"LOC115113120",1083.29712149644,0.254068164417044,0.145688726708085,1.74391094052264,0.0811746206003321,0.344142164599947,"40S ribosomal protein S24, transcript variant X1","liver"
"LOC115126363",469.449381795945,0.253912425716311,0.155652902371826,1.63127331291106,0.10283266188001,0.37730509493938,"tumor necrosis factor receptor superfamily member 14-like, transcript variant X1","liver"
"LOC115143933",161.419981179642,0.253757747975778,0.117631551255266,2.15722521099048,0.0309881210238058,0.221592247882513,"V-type proton ATPase 16 kDa proteolipid subunit-like","liver"
"btf3",357.806417440062,0.253569260435471,0.101947174503648,2.4872612867402,0.0128730813662115,0.155699346138511,"basic transcription factor 3, transcript variant X1","liver"
"LOC115141892",2413.83892703264,0.253312115453504,0.157689643979674,1.60639664762104,0.108186786999727,0.387154823363379,"40S ribosomal protein S25-like","liver"
"LOC115145997",332.2129250835,0.253219439967802,0.110949233465138,2.28230003993104,0.0224716321962115,0.190424891542116,"proteasome subunit alpha type-3-like","liver"
"LOC115125163",288.285072908948,0.253171249970624,0.109574402664588,2.31049628210698,0.0208606941353251,0.182463925527007,"NADH dehydrogenase [ubiquinone] 1 subunit C2-like","liver"
"LOC115138261",164.986227559034,0.253090380480131,0.130231568211476,1.94338733654156,0.0519693761634467,0.283191413425413,"26S proteasome non-ATPase regulatory subunit 6","liver"
"LOC115109070",164.813509696957,0.252858251898039,0.110526015056941,2.28777136104809,0.0221508394631485,0.188884564125091,"cytochrome b-c1 complex subunit 6, mitochondrial-like","liver"
"LOC115113500",690.88484921646,0.252754958427771,0.146330625247145,1.72728680685182,0.0841161674097907,0.347975728564118,"synaptotagmin-13-like, transcript variant X2","liver"
"LOC115144188",83.8408176462414,0.252559994390434,0.19780143974751,1.27683597608198,0.201660161376082,0.497325662961533,"transcription factor MafF-like, transcript variant X1","liver"
"LOC115122329",65.9598119407592,0.252045631518007,0.158025276285949,1.59497035817186,0.110718864468856,0.389715104987096,"protein jagunal homolog 1-B","liver"
"LOC115143303",369.543879828963,0.252001032188194,0.116215127929018,2.16840128027146,0.0301281683822388,0.218899134270954,"signal peptidase complex subunit 1-like","liver"
"LOC115140246",58.9817356138505,0.251773625211587,0.119537065283121,2.10623896960551,0.0351835996691948,0.234579746777283,"erlin-2, transcript variant X2","liver"
"LOC115115624",2648.0414457226,0.251640453167012,0.0962247116721545,2.61513335601745,0.00891926237383094,0.13268216582385,"glutathione peroxidase 3-like","liver"
"LOC115115418",4152.13681236309,0.251637598926835,0.692415195140149,0.363420099230928,0.716291089670025,0.888419544471244,"heme oxygenase-like","liver"
"LOC115126561",69.8540266858752,0.251444725345489,0.168979962236061,1.48801504047105,0.136746927187848,0.422717936194888,"heat shock factor-binding protein 1-like","liver"
"LOC115108195",138.193891781901,0.251315531718942,0.0816131943282238,3.07934928644291,0.00207453304429094,0.0741736551625426,"NADH-quinone oxidoreductase subunit B-like","liver"
"LOC115108220",220.147605474463,0.250816639604527,0.17255290891311,1.45356367032229,0.146067315317067,0.435493105470209,"myeloid-derived growth factor-like","liver"
"LOC115112491",60.7230279230583,0.250384534381229,0.135347910374224,1.8499327672584,0.0643232404320339,0.31007206519367,"AKT-interacting protein-like, transcript variant X1","liver"
"LOC115128587",212.291977820822,0.250350618452656,0.113562955286533,2.20450954117028,0.0274885296958437,0.211651140154676,"NADH dehydrogenase [ubiquinone] iron-sulfur protein 6, mitochondrial-like","liver"
"rpl27a",1314.7015899205,0.250339665760147,0.15691512032183,1.59538268362351,0.110626685909314,0.389715104987096,"ribosomal protein L27a","liver"
"LOC115146358",96.8004610970163,0.250286241153191,0.116735785935603,2.14404039984157,0.0320296498617488,0.225479884000843,"cell cycle control protein 50A-like","liver"
"LOC115112536",2521.33503614597,0.250261973762124,0.159665139233223,1.56741775295462,0.11701707701527,0.397673381316532,"polyamine-modulated factor 1-binding protein 1-like","liver"
"LOC115105002",624.150903269267,0.249992620952841,0.243609660506535,1.02620159000687,0.304796572066272,0.597110690742958,"protein disulfide-isomerase A4-like","liver"
"LOC115114316",366.70886805808,0.249856269519352,0.0899992262691626,2.77620463949436,0.00549975801507695,0.108294752026346,"ras-related protein Rab-2A-like","liver"
"znf414",85.2965055574675,0.24965238637741,0.168670228970837,1.48012122768017,0.138840897464127,0.42614118830104,"zinc finger protein 414, transcript variant X1","liver"
"LOC115136811",61.1540122963309,0.249628412789939,0.239398407605422,1.04273213546758,0.297072370115355,0.590091121145315,"prothymosin alpha-like","liver"
"LOC115146682",214.209443445955,0.249453775485469,0.148747396501335,1.6770295235603,0.0935367087536979,0.361722604250543,"ATPase inhibitor B, mitochondrial-like","liver"
"LOC115133233",3765.4709271905,0.249261989979658,0.169741749249068,1.46847779690256,0.141974483006602,0.429510379412682,"L-lactate dehydrogenase B chain-like, transcript variant X2","liver"
"LOC115118410",207.011959015391,0.249198793282279,0.101203802518512,2.46234614788012,0.0138031378818636,0.159951066181198,"succinate dehydrogenase [ubiquinone] flavoprotein subunit, mitochondrial-like","liver"
"LOC115141340",112.819993849666,0.248947106764461,0.136270710799749,1.82685703555396,0.0677212676272165,0.316414349031662,"peroxisomal targeting signal 1 receptor-like, transcript variant X1","liver"
"LOC115119315",757.154158288587,0.24887814269816,0.167274416661868,1.48784343514554,0.136792187890348,0.422717936194888,"60S ribosomal protein L31-like","liver"
"fabp1",108.576747450215,0.248629254286521,0.377996846159199,0.657754837938004,0.510695678617694,0.76014468441765,"fatty acid binding protein 1","liver"
"LOC115109966",231.817797516141,0.24856046091167,0.0875289837308371,2.83975033545489,0.00451488544346854,0.0984100164041593,"V-type proton ATPase 16 kDa proteolipid subunit-like","liver"
"LOC115101435",77.8411429386081,0.248340606959988,0.12058761169144,2.05942056133794,0.0394539677324973,0.246919597587192,"ubiquitin-conjugating enzyme E2 D2","liver"
"LOC115110905",63.5377867683306,0.248337762012448,0.147753960346589,1.6807519841087,0.0928110986799128,0.360627300495066,"nucleosome-remodeling factor subunit BPTF-like","liver"
"cops9",157.788192976912,0.248317160401376,0.155138016608271,1.60062095565129,0.109460897978245,0.387902142634666,"COP9 signalosome subunit 9","liver"
"LOC115108107",100.325086186689,0.248168472774539,0.16239336600946,1.52819341622664,0.126464522961774,0.410052665416534,"cytochrome b-c1 complex subunit 6, mitochondrial-like","liver"
"LOC115105834",103.661138451277,0.248162153127144,0.10897275900961,2.27728613446649,0.0227691443889298,0.19159063889616,"prostaglandin reductase 3-like","liver"
"LOC115111647",80.509102993515,0.248110803044974,0.178617152311055,1.38906482291744,0.164813039334432,0.45792634514461,"transcobalamin-2-like","liver"
"LOC115114642",4469.10304169294,0.247946405612659,0.143429243402017,1.72870190019542,0.0838624610979966,0.347734884471449,"peroxiredoxin","liver"
"polr2c",118.193985390716,0.247746142809358,0.106193638776996,2.33296594468919,0.019649932766109,0.179507590461535,"RNA polymerase II subunit C","liver"
"LOC115105710",112.715645587665,0.247372799094128,0.118140732056722,2.0938823959154,0.0362704578281662,0.236541417772169,"succinate dehydrogenase assembly factor 1, mitochondrial-like, transcript variant X1","liver"
"LOC115128439",503.384844594091,0.247359169861097,0.132807066171173,1.86254524696961,0.0625262738550353,0.305950891036163,"proteasome subunit beta type-4-like","liver"
"LOC115122632",86.8574471917594,0.246813681841428,0.117207304943651,2.10578753568378,0.0352228120202753,0.234579746777283,"transmembrane 9 superfamily member 4-like","liver"
"LOC115108391",67.0449532612246,0.246629116998208,0.121549627709681,2.02904049683539,0.0424541657061012,0.255531607275995,"oxysterol-binding protein-related protein 1-like, transcript variant X1","liver"
"LOC115139681",370.712223863557,0.24628578104352,0.171477034665034,1.43626102191829,0.150928080880658,0.441993323286638,"lysosomal-associated transmembrane protein 4A-like, transcript variant X3","liver"
"LOC115144425",1680.66707080069,0.246098453095722,0.181541800255297,1.35560214093747,0.175225790296665,0.470730067741753,"nucleolar RNA helicase 2-like","liver"
"LOC115141359",70.8081553276491,0.245876840085546,0.163671448909088,1.50225859014739,0.133030338633123,0.41838862675047,"platelet-activating factor acetylhydrolase IB subunit alpha-like","liver"
"LOC115104203",99.9913367643125,0.245852575557599,0.445624606094213,0.551703322023517,0.581151633569973,0.804064514063547,"insulin-like growth factor-binding protein complex acid labile subunit","liver"
"LOC115125854",488.309313694026,0.245293168122499,0.193530644666283,1.26746422276159,0.2049893485156,0.502427290769443,"ras-related protein Rab-9B-like","liver"
"LOC115109348",70.017494822881,0.244920439240212,0.150968494699686,1.62232815348275,0.104733103639023,0.379797269068201,"heat shock factor-binding protein 1-like","liver"
"LOC115136676",2086.08790453393,0.244735406724808,0.172812241065349,1.41619254062137,0.156719139288849,0.446659174060549,"40S ribosomal protein S25-like","liver"
"LOC115143241",77.0054192778495,0.244707706659574,0.112225088749894,2.18050802530379,0.0292198246063363,0.21693989999167,"small nuclear ribonucleoprotein E","liver"
"LOC115134943",72.7042264991511,0.244688841259695,0.241724901230703,1.01226162473912,0.311412978189037,0.601817480450307,"charged multivesicular body protein 4b","liver"
"mrps21",74.8194570734356,0.244651447376324,0.108473600036721,2.25540082834444,0.0241081808044294,0.196923737392494,"mitochondrial ribosomal protein S21","liver"
"LOC115130925",86.9383112920092,0.244358220192128,0.100974002857179,2.42001122346073,0.0155200280742615,0.1640570739487,"ADP-ribose glycohydrolase MACROD1-like, transcript variant X2","liver"
"nudt12",141.613405956942,0.244027566598414,0.121962244881288,2.0008451536452,0.0454090796692979,0.262535331534834,"nudix hydrolase 12, transcript variant X2","liver"
"abcc2",2248.66802473973,0.243796361820635,0.085176367560682,2.86225356636567,0.00420640231450443,0.0963575161214815,"ATP binding cassette subfamily C member 2","liver"
"ndufs4",302.89205890551,0.243622862412991,0.121230831436623,2.00957841768455,0.0444758273888864,0.261970873002029,"NADH:ubiquinone oxidoreductase subunit S4","liver"
"LOC115116342",159.897598194438,0.24360862886153,0.128653849133375,1.8935199413193,0.0582887588766809,0.29477044811582,"high mobility group-T protein-like","liver"
"lmf2",5614.65437015303,0.243446562784806,0.245249235675878,0.99264962891279,0.32088073016338,0.605794282605807,"lipase maturation factor 2","liver"
"LOC115110743",105.113203818963,0.243406975838179,0.0871019143944688,2.79450776174485,0.00519787929869916,0.104916091989961,"ER membrane protein complex subunit 10-like, transcript variant X1","liver"
"LOC115114313",510.402181216687,0.242798786230472,0.131221117808396,1.85030268211095,0.0642699363073426,0.31007206519367,"alpha-tocopherol transfer protein-like","liver"
"adipor1",88.3733549462088,0.242341803870587,0.0891048406196599,2.71973780756774,0.00653336976157548,0.117312842062474,"adiponectin receptor 1, transcript variant X2","liver"
"adamts1",72.1309071835747,0.241876164437173,0.564149495853803,0.428744802955304,0.66810895187431,0.859180422952437,"ADAM metallopeptidase with thrombospondin type 1 motif 1","liver"
"LOC115136793",254.061140035594,0.241693175369798,0.151969008625114,1.59041094994586,0.111742203722992,0.391641485737699,"T-complex protein 1 subunit zeta","liver"
"LOC115145582",57.5440639839466,0.241474152730976,0.207192961312564,1.16545538613494,0.243834709110405,0.536838563243849,"ATP-binding cassette sub-family E member 1-like","liver"
"LOC115141610",89.9016168364642,0.241298996470455,0.386134542352366,0.624909118465392,0.53203070733621,0.769709401192402,"putative uncharacterized protein DDB_G0292636, transcript variant X2","liver"
"LOC115113592",39891.2143299596,0.241195287866576,0.164695235150241,1.46449463244367,0.143058848581745,0.430615852328118,"haptoglobin-like, transcript variant X1","liver"
"LOC115137968",116.940722846393,0.241152215370186,0.12645924610999,1.90695597821642,0.0565262883163556,0.291717484848231,"protein transport protein Sec61 subunit alpha","liver"
"LOC115107006",96.0204699012882,0.240952261767732,0.134939689583568,1.78562928750855,0.0741593015881014,0.329172675117906,"calphotin-like","liver"
"LOC115138099",59.7308396866843,0.240951159398693,0.152049681738973,1.58468703546739,0.113037458922988,0.394213625770343,"phospholipase A-2-activating protein-like","liver"
"LOC115102750",80.2219845783808,0.240920279061795,0.401230609149586,0.600453389068269,0.548204115821231,0.779584923708794,"C-C motif chemokine 2-like, transcript variant X1","liver"
"LOC115139920",60.8055225999045,0.240787207819538,0.108691786812114,2.21532109170094,0.0267380331528869,0.208382835814851,"serine/threonine-protein phosphatase PP1-gamma catalytic subunit-like","liver"
"hgd",1203.26756714114,0.240511964132834,0.129367140450099,1.85914261763873,0.063006925852164,0.307196447097393,"homogentisate 1,2-dioxygenase","liver"
"LOC115101415",267.180273372221,0.239799716055169,0.0811265162813193,2.95587345601806,0.00311784983153862,0.0893500245510657,"pyruvate dehydrogenase E1 component subunit alpha, mitochondrial-like, transcript variant X1","liver"
"LOC115103339",862.264413723568,0.239798554868875,0.122339392671999,1.96010908368486,0.0499830417522509,0.277924392655493,"translocation protein SEC62-like, transcript variant X2","liver"
"LOC115139474",74.3840454833526,0.239614384700723,0.130927067458333,1.83013634500735,0.0672295533694369,0.315170651201574,"NUAK family SNF1-like kinase 2","liver"
"LOC115129236",58.687377884551,0.239577722417398,0.121540066991442,1.97118307030608,0.0487029396520904,0.274568716489517,"calcium-binding protein 39-like, transcript variant X1","liver"
"LOC115102385",66.0562323082699,0.239348750882818,0.108595009328551,2.20404926858724,0.027520879362605,0.211651140154676,"YTH domain-containing family protein 1-like, transcript variant X1","liver"
"LOC115143888",251.262759210741,0.239312569864048,0.120583925832686,1.98461418643892,0.0471874127661162,0.270134683194789,"26S proteasome non-ATPase regulatory subunit 11B-like","liver"
"LOC115131407",276.650635214674,0.239158653124673,0.172412445016419,1.38713103396856,0.165401810388672,0.458057256769942,"ATP-binding cassette sub-family F member 1-like, transcript variant X1","liver"
"LOC115109216",70.4124732438967,0.23890221020833,0.10244907962969,2.33191172699512,0.0197053354279429,0.179507590461535,"ras-related protein Rab-8A-like","liver"
"LOC115104972",462.615002180171,0.238857316615087,0.130030358210831,1.8369350042688,0.0662194909945383,0.312813638540719,"eukaryotic translation initiation factor 2 subunit 3","liver"
"LOC115143718",70.029039110651,0.238606335313864,0.101575372017939,2.34905696699515,0.0188210270320662,0.177754614506176,"elongation factor Ts, mitochondrial","liver"
"LOC115141350",5725.26724050577,0.23851634715817,0.171176076420314,1.39339767651003,0.163499567958985,0.455221463268693,"CD209 antigen-like protein E","liver"
"LOC115130600",57.3246507210754,0.238481275819655,0.101615096552296,2.34690792914732,0.0189299318462017,0.177784336878152,"ubiquitin-conjugating enzyme E2 D2-like, transcript variant X1","liver"
"LOC115109380",129.284063753302,0.238272479636831,0.166908710936097,1.42756167907891,0.153418060159521,0.44391958311037,"cytochrome c","liver"
"LOC115112665",367.469194183048,0.238245451510997,0.121310061016738,1.96393810632182,0.0495372700431921,0.275838678546518,"uncharacterized LOC115112665, transcript variant X2","liver"
"LOC115136936",107.765649699203,0.238211413443087,0.195624109671381,1.21769966822212,0.223338123196713,0.516643694750173,"eukaryotic translation initiation factor 3 subunit K-like, transcript variant X1","liver"
"LOC115113788",132.973166321519,0.238021309704633,0.0948613968445152,2.50914826918233,0.0121022674219226,0.153195161527194,"tetraspanin-3-like, transcript variant X1","liver"
"habp2",545.671773244569,0.23739302519177,0.202625585803392,1.17158464589024,0.241363855479652,0.536715261830366,"hyaluronan binding protein 2","liver"
"LOC115132427",170.875345059545,0.237380741715331,0.13873211506115,1.71107275060788,0.0870676837381445,0.352304759982797,"polypyrimidine tract-binding protein 1-like, transcript variant X1","liver"
"LOC115135451",1091.91899876957,0.237171191620976,0.134939859505393,1.75760662928138,0.0788144645967992,0.338868942717883,"40S ribosomal protein S14","liver"
"LOC115113683",190.346031905498,0.237146972609932,0.239499763641021,0.990176228171083,0.322087989606507,0.607229715835395,"COX assembly mitochondrial protein 2 homolog, transcript variant X1","liver"
"LOC115109330",1243.64247904743,0.237035516201191,0.108342040261803,2.18784430889806,0.0286809450923487,0.21568917379412,"aldose reductase-related protein 2-like, transcript variant X2","liver"
"acadm",297.909756512928,0.236863348183702,0.0840081845300562,2.81952704380794,0.00480944781219234,0.101812332498324,"acyl-CoA dehydrogenase medium chain","liver"
"LOC115137972",377.972464116687,0.236718832028085,0.108907674868991,2.17357346314521,0.0297371831461696,0.218899134270954,"dehydrogenase/reductase SDR family member 4-like, transcript variant X2","liver"
"LOC115144749",155.652018103622,0.236675936855374,0.115148655114302,2.05539471234327,0.0398408958126962,0.247171219684246,"proteasome subunit alpha type-1-like","liver"
"LOC115142915",1565.89190801898,0.236213167265865,0.155173369682253,1.52225325614541,0.127945635569638,0.411700045087826,"60S ribosomal protein L10a-like","liver"
"LOC115105431",63.5969198498291,0.236197647147421,0.139759323831112,1.69003141023241,0.0910219455981945,0.358113368975136,"ras-related GTP-binding protein C","liver"
"LOC115124171",187.963244743707,0.236172838575964,0.152040348761108,1.55335633271303,0.120338029053355,0.40153039642452,"sodium-dependent phosphate transporter 1-B-like","liver"
"LOC115137274",545.537793469347,0.236052704354065,0.235489053802833,1.00239353185267,0.316153564837497,0.602661842208894,"ecto-ADP-ribosyltransferase 4-like, transcript variant X1","liver"
"LOC115128031",207.471892747524,0.23588764493875,0.135887598112175,1.73590267409117,0.0825810449027005,0.346143755999338,"60S ribosomal protein L28-like","liver"
"gnptg",148.526674748847,0.235839779689953,0.10137301871407,2.3264551325551,0.0199942833748995,0.180302431495775,"N-acetylglucosamine-1-phosphate transferase subunit gamma","liver"
"LOC115137017",63.3994356209994,0.235782516238127,0.170230039458279,1.38508172228859,0.166027480099082,0.45823941573248,"mitochondrial import inner membrane translocase subunit TIM50-like, transcript variant X2","liver"
"LOC115120519",79.9140684315119,0.235766255157997,0.100799787013503,2.33895588615097,0.0193377166807931,0.178602417127417,"tetraspanin-3-like","liver"
"LOC115140813",204.527409979748,0.235695629809703,0.108531459043656,2.1716802840999,0.0298797866625208,0.218899134270954,"platelet-activating factor acetylhydrolase IB subunit gamma-like, transcript variant X4","liver"
"LOC115143728",125.065329928987,0.23549520777095,0.116853302352144,2.01530639725757,0.0438725550482634,0.260297721072375,"28S ribosomal protein S16, mitochondrial-like","liver"
"LOC115112085",925.968771973068,0.235467216717061,0.124120312812045,1.89708848924372,0.0578162601572572,0.294660212954226,"26S proteasome regulatory subunit 6A-B, transcript variant X1","liver"
"LOC115144409",145.443113502585,0.235465470196424,0.162219485129215,1.45152396463881,0.146634014075629,0.435493105470209,"glutamate--cysteine ligase catalytic subunit-like, transcript variant X1","liver"
"LOC115137287",2094.9454247571,0.23545050280841,0.173721380017484,1.3553340572399,0.175311148879289,0.470730067741753,"plasma protease C1 inhibitor-like, transcript variant X2","liver"
"LOC115141493",699.09693021315,0.235446183639575,0.145027591651713,1.62345786038429,0.104491564536029,0.379596806638908,"translocon-associated protein subunit alpha","liver"
"LOC115144542",80.4961864342168,0.235414742224084,0.243160568598324,0.96814522017739,0.332971848610525,0.616121761806246,"glucose-6-phosphatase-like","liver"
"LOC115106841",198.947579161991,0.235290440377575,0.143702645277,1.63734244365531,0.10155893713134,0.373942391822352,"cyclin-dependent kinase inhibitor 1B-like","liver"
"LOC115136789",121.898477144521,0.235084258320694,0.238773007792289,0.984551229195873,0.324844555914208,0.609607002719297,"claudin-3-like","liver"
"LOC115114242",92.8782361970596,0.234549680958322,0.125694859731734,1.86602444570058,0.0620379454218282,0.305394523598275,"coatomer subunit beta'-like","liver"
"srp9",71.3978955710647,0.234430037577862,0.149822874852493,1.56471458586459,0.117649846901379,0.399022611235736,"signal recognition particle 9","liver"
"taf7",61.5857731613813,0.234361822330199,0.164885264492538,1.42136304933911,0.155211242776285,0.444270383115265,"TATA-box binding protein associated factor 7","liver"
"ubxn8",76.2815551190262,0.234300618808896,0.206773964398467,1.13312437322807,0.257162027304375,0.554305882227728,"UBX domain protein 8","liver"
"LOC115128364",183.172519285309,0.234272256453858,0.225749176947459,1.03775464265981,0.299384298303584,0.592373980526898,"C-type lectin domain family 4 member M-like","liver"
"LOC115120883",333.573743069546,0.234210405007845,0.140758669828756,1.66391459433924,0.0961294980528059,0.365848584559511,"FAD synthase-like","liver"
"LOC115145368",141.048718448472,0.234138173491434,0.111879102826268,2.09277843293949,0.0363689379182946,0.236804777883337,"non-specific lipid-transfer protein-like, transcript variant X2","liver"
"LOC115135651",306.599930943144,0.233844105420372,0.154663636335274,1.51195271856568,0.130545891176395,0.415408891686301,"peptidyl-prolyl cis-trans isomerase FKBP2-like","liver"
"LOC115112440",597.100087985284,0.233553647511519,0.139003676503311,1.6801976277653,0.0929188707552073,0.360702206855452,"40S ribosomal protein S13-like","liver"
"LOC115129300",72.1028959004244,0.233494684996398,0.10121508006982,2.30691597373958,0.0210595048479842,0.183415687522187,"stress-70 protein, mitochondrial-like","liver"
"LOC115125292",118.424790610711,0.23332759726121,0.0954309562163791,2.44498857092205,0.0144856732297516,0.161321322635157,"membrane magnesium transporter 1-like","liver"
"LOC115110813",59.7286634469468,0.233307132198855,0.181695846293102,1.28405319636475,0.199123342861648,0.495196305981744,"nucleolar transcription factor 1-like, transcript variant X4","liver"
"uprt",59.3864761048615,0.232462910959955,0.153197854052856,1.51740318033274,0.129164921471506,0.413266182521304,"uracil phosphoribosyltransferase homolog, transcript variant X1","liver"
"fem1c",58.6575637379766,0.232407872505828,0.138430118068809,1.67888228189119,0.0931749882954945,0.361008794954787,"fem-1 homolog C","liver"
"LOC115106855",69.9636365989627,0.232402412768055,0.212958322051523,1.09130467656402,0.275138840654553,0.572176486993856,"serine/threonine-protein kinase pim-3-like","liver"
"LOC115108757",1392.67791496027,0.232147056501052,0.164831611719588,1.40838916806797,0.159015864899404,0.450103239812481,"60S ribosomal protein L5-like","liver"
"LOC115138299",861.101615772544,0.232065418114079,0.140505257449095,1.65164935695134,0.0986060521042197,0.370449604895488,"60S ribosomal protein L13a-like","liver"
"LOC115111465",65.7857326125467,0.232038524402494,0.344374203895703,0.673797635762429,0.500439978158352,0.753247175396397,"calcium-binding mitochondrial carrier protein SCaMC-2-A-like, transcript variant X1","liver"
"LOC115141754",78.8400985693669,0.231772029506091,0.219186166992724,1.05742087963875,0.290319546490568,0.585326021350859,"complement C4-like","liver"
"LOC115103321",104.175978581044,0.231762120562351,0.153529116604096,1.50956460695331,0.131154558161586,0.415408891686301,"TSC22 domain family protein 2-like, transcript variant X2","liver"
"LOC115132943",191.850992747902,0.231527873965356,0.159210327238891,1.4542264812882,0.145883525454764,0.435493105470209,"ADP-ribosylation factor GTPase-activating protein 3-like","liver"
"LOC115102726",60.8287043243658,0.231367442252188,0.135893133563075,1.70256904220109,0.0886487476419814,0.353757565047247,"ubiquitin-conjugating enzyme E2 R1","liver"
"LOC115106816",550.484228582179,0.231253235082774,0.180752557922827,1.27939121714398,0.200759325139126,0.496718234681971,"vitronectin-like","liver"
"LOC115145401",94.9985280003394,0.231214672602079,0.0992433604257758,2.32977472356959,0.0198180607722499,0.179507590461535,"GDP-L-fucose synthase-like","liver"
"LOC115136485",804.84490438989,0.231183721085886,0.0961145431093218,2.40529386716155,0.0161594655078883,0.166512586801008,"cytochrome c oxidase subunit 7B, mitochondrial-like","liver"
"pptc7",99.1242848476879,0.231139293307973,0.254970176736269,0.906534624035871,0.364652947147261,0.645415736933689,"PTC7 protein phosphatase homolog","liver"
"LOC115135688",91.4573068422672,0.230921953075047,0.152558754043431,1.51365914413084,0.130112312157972,0.41497479214076,"nucleophosmin-like","liver"
"LOC115119004",665.857808387166,0.230688635607982,0.150627042887205,1.53152203738561,0.125640424211823,0.408851159107185,"60S ribosomal protein L35","liver"
"LOC115102089",60.2336076525644,0.230681288676811,0.184902920200039,1.24758055971883,0.212184701391011,0.510847514985092,"androgen-dependent TFPI-regulating protein-like","liver"
"LOC115126751",75.634576022782,0.230475706424038,0.197305353684178,1.16811684082812,0.242759638130567,0.536838563243849,"profilin-1-like","liver"
"LOC115134219",193.596973053019,0.230456218231393,0.151877825047518,1.51737897325887,0.129171029571183,0.413266182521304,"ADP-ribosylation factor 4-like","liver"
"LOC115137482",169.761156034686,0.230446770473064,0.156405951211399,1.47338875975117,0.14064623938511,0.428662337026552,"signal peptidase complex subunit 3","liver"
"LOC115116444",625.539889147832,0.23032697851713,0.118889255590588,1.93732375035045,0.0527057808035743,0.284406663425907,"proteasome subunit alpha type-4-like","liver"
"LOC115131739",766.989959692479,0.2303024251827,0.140733245048708,1.63644649210634,0.101746175647339,0.374293693085338,"40S ribosomal protein S5","liver"
"LOC115113577",60.1644153341014,0.230024219069764,0.109713640164083,2.09658724955027,0.0360301289573787,0.236107404550282,"trafficking protein particle complex subunit 2-like protein","liver"
"LOC115105494",601.982487374942,0.230007492729955,0.0957031594611637,2.40334273209958,0.0162459532529223,0.16679724296955,"cytochrome c oxidase subunit 7B, mitochondrial-like","liver"
"LOC115135251",97.4904595283907,0.229880467388599,0.128816754561181,1.7845540991286,0.07433367233091,0.329172675117906,"calmodulin","liver"
"LOC115111993",59.259831425829,0.229774181484764,0.136265882720094,1.68621944758357,0.091753539442062,0.359279148153117,"protein FAM160B2-like, transcript variant X1","liver"
"LOC115142807",419.48267649127,0.229556755956549,0.178652564685355,1.28493400786519,0.198815345750492,0.495034422284058,"60S ribosomal protein L10a","liver"
"LOC115109095",4652.99968967017,0.229541362077873,0.178519342915062,1.28580667130893,0.198510541375393,0.495034422284058,"antithrombin-III-like","liver"
"LOC115136185",163.19622003013,0.229526159072616,0.0833481645462294,2.75382379830702,0.00589034710471189,0.112516378984536,"S-phase kinase-associated protein 1","liver"
"LOC115106595",1053.65536466817,0.229477950207052,0.125443071118933,1.829339382081,0.0673487824329172,0.315170651201574,"V-type proton ATPase 16 kDa proteolipid subunit-like","liver"
"LOC115112212",109.19095383648,0.229263137573617,0.0963876372041839,2.3785533521063,0.0173807215354947,0.171935049223186,"BTB/POZ domain-containing protein 10-like","liver"
"LOC115120174",691.613313250895,0.229024387410737,0.176832770718806,1.29514674502796,0.195269611965408,0.491137928347065,"60S ribosomal protein L37","liver"
"LOC115105004",116.280786841945,0.228799665256126,0.140689256863622,1.62627673467573,0.103890798708885,0.378875711618017,"cullin-1-like","liver"
"LOC115137305",338.565679507465,0.228557900754625,0.177519687517853,1.28750734045563,0.197917512750437,0.494866556574891,"N-acyl-aromatic-L-amino acid amidohydrolase (carboxylate-forming) B-like","liver"
"LOC115135361",178.492791825815,0.22834798230387,0.112130709369675,2.03644464203866,0.0417057265522533,0.253610698022682,"erlin-1-like","liver"
"LOC115128497",556.926519165706,0.227908087327968,0.148674707256557,1.53293113222469,0.125292824201048,0.408851159107185,"translocon-associated protein subunit beta-like","liver"
"LOC115128063",662.299766062866,0.227896847630202,0.176911973607412,1.28819346131953,0.197678627543369,0.494866556574891,"pyruvate kinase PKM-like","liver"
"LOC115101315",97.4486010638372,0.227744385985604,0.110573313052481,2.05966864606391,0.0394302287864359,0.246919597587192,"calmodulin","liver"
"LOC115109479",113.930977463326,0.227688479557613,0.166166760881285,1.3702408252411,0.170611738184074,0.464553299944745,"MOB kinase activator 2-like, transcript variant X1","liver"
"LOC115129573",122.337253667434,0.227415964427932,0.174931445914156,1.30002906704111,0.193591007003624,0.488817721822073,"glutathione S-transferase P-like","liver"
"LOC115136059",85.7266553076383,0.227014899111364,0.146003986751051,1.55485411161028,0.119980818349904,0.401425114689914,"ras-related protein Rap-1A-like, transcript variant X1","liver"
"LOC115140062",669.388011694777,0.226813839738061,0.207400971737714,1.09360066077655,0.274130159312829,0.571050078284785,"protein transport protein Sec61 subunit alpha-like, transcript variant X2","liver"
"LOC115133589",82.173435629971,0.226806586619565,0.22103062566973,1.02613194860366,0.304829392745876,0.597110690742958,"extensin-like, transcript variant X1","liver"
"LOC115109805",99.1304798278701,0.226648909693067,0.0996151594318892,2.27524516334319,0.0228912269731182,0.19159063889616,"NADH dehydrogenase [ubiquinone] 1 alpha subcomplex subunit 10, mitochondrial-like","liver"
"LOC115143997",65.3393621687454,0.226641013457759,0.105964274040323,2.13884363867312,0.0324483339123612,0.226571087158616,"COP9 signalosome complex subunit 3-like","liver"
"odc1",1526.85264414928,0.226484474045688,0.270330208351196,0.837806752811931,0.402139245558846,0.677322134255313,"ornithine decarboxylase 1","liver"
"LOC115117867",2428.11969080628,0.226136600446032,0.156371026704475,1.446154093964,0.148133986204005,0.436898789990973,"40S ribosomal protein S8","liver"
"itm2b",157.034203494152,0.226124983107929,0.118913934126595,1.90158524960747,0.0572253978132616,0.293028544581475,"integral membrane protein 2B","liver"
"rps21",1127.76346629332,0.225976655567764,0.127506916882099,1.77226978028742,0.076349785109258,0.333098555422724,"ribosomal protein S21","liver"
"LOC115119189",65.2101358426456,0.225780903629384,0.100399984640089,2.24881412520884,0.0245243243175193,0.198335606980573,"ras-related protein Rab-18-B-like","liver"
"dpagt1",74.5302607487274,0.225507925667979,0.152628773986636,1.47749287226617,0.139543567527617,0.427222712346835,"dolichyl-phosphate N-acetylglucosaminephosphotransferase 1","liver"
"LOC115121566",1540.14620149682,0.22534098017938,0.146489530613992,1.53827361747213,0.123981727606028,0.407006451630977,"60S ribosomal protein L26","liver"
"LOC115137195",314.082027659711,0.224874645611228,0.147862597843463,1.52083521384694,0.128301195161794,0.411700045087826,"probable signal peptidase complex subunit 2","liver"
"kiaa1143",67.4765570664368,0.224854229278614,0.112744084130118,1.99437718629308,0.0461108497569444,0.265225701792483,"KIAA1143 ortholog","liver"
"LOC115107013",86.582830567859,0.224708380855008,0.109214658491237,2.05749286734287,0.0396388403201668,0.246919597587192,"optineurin-like, transcript variant X1","liver"
"LOC115138886",70.8011585131562,0.22470610812724,0.174516658605245,1.28759116707318,0.197888315699874,0.494866556574891,"transmembrane protein 256-like","liver"
"LOC115139282",327.655435433626,0.224282766286143,0.172502908247013,1.30016802942814,0.193543385527909,0.488817721822073,"solute carrier family 22 member 16-like","liver"
"LOC115141947",72.1435440820172,0.223924359339766,0.242572953251453,0.923121709730121,0.35594378220713,0.636040318359382,"heat shock 70 kDa protein 13-like","liver"
"rgn",78.995963802633,0.22391704160695,0.228450696193181,0.98015477885698,0.32700972266815,0.611979627913396,"regucalcin, transcript variant X2","liver"
"LOC115118723",127.220982394907,0.223827413327044,0.114448112923753,1.95571082483606,0.0504992288343979,0.27966692490354,"eukaryotic translation initiation factor 3 subunit J-A-like","liver"
"LOC115128614",67.2774194693632,0.223735324862322,0.173902917275364,1.28655302836612,0.198250124562443,0.494866556574891,"WD repeat-containing protein 3-like","liver"
"LOC115145610",388.180718862427,0.223353903462382,0.291253621713337,0.766870819145438,0.443158324930597,0.70777859444127,"40S ribosomal protein S3a","liver"
"LOC115102501",99.4895868309557,0.223257689550918,0.110644578391964,2.0177914977453,0.0436129807478614,0.259513152596034,"V-type proton ATPase subunit S1-like","liver"
"mpdu1",80.4450563953042,0.222947535663671,0.0973950328472532,2.28910581110768,0.0220732052728967,0.188884564125091,"mannose-P-dolichol utilization defect 1","liver"
"LOC115130488",121.226544616016,0.222785009815982,0.192340088565278,1.15828692540282,0.246746965158784,0.540720768810326,"stress-70 protein, mitochondrial","liver"
"LOC115103230",71.1911425140714,0.22276947546647,0.170252786215162,1.30846302382939,0.190716308261446,0.486229707126527,"coatomer subunit beta'-like, transcript variant X2","liver"
"dhrs7b",86.4702837826547,0.222682289993731,0.146435798637234,1.52068204678135,0.128339646153989,0.411700045087826,"dehydrogenase/reductase 7B, transcript variant X1","liver"
"LOC115114749",64.6072200770246,0.222614750578823,0.124948506415889,1.78165195378849,0.0748060065024595,0.329988400978382,"cytochrome b-c1 complex subunit 10","liver"
"LOC115134791",64.9654910359669,0.222519408513047,0.142364842601167,1.56302219317189,0.118047374853388,0.399022611235736,"RNA-binding protein 45-like, transcript variant X3","liver"
"LOC115106918",125.242819766575,0.222484131998339,0.173452078171764,1.2826835766016,0.199602956051889,0.496086371260671,"ras-related and estrogen-regulated growth inhibitor","liver"
"LOC115113001",74.1981563362118,0.222342012265107,0.156307221797879,1.4224679429887,0.154890451325866,0.444270383115265,"leucine-rich repeat-containing protein 59-like","liver"
"LOC115114198",65.3870744292082,0.222238188490896,0.146012294725978,1.52205120060589,0.127996252066806,0.411700045087826,"DET1- and DDB1-associated protein 1-like","liver"
"LOC115145819",1738.0107655272,0.22145733125388,0.181602162749569,1.21946417322833,0.222668065889554,0.516643694750173,"40S ribosomal protein S6","liver"
"LOC115109398",91.9834765285556,0.221358796123511,0.177588273574541,1.24647191882632,0.212591192305433,0.511481511615241,"choline kinase alpha-like, transcript variant X2","liver"
"LOC115130150",59.9896641271308,0.221200337967428,0.156571070904314,1.41277910848941,0.157720682813568,0.44736917407662,"ER membrane protein complex subunit 9-like, transcript variant X1","liver"
"LOC115104235",120.962499659442,0.220995028103677,0.124790845625536,1.77092339583004,0.0765734412245076,0.333098555422724,"glucosidase 2 subunit beta-like, transcript variant X4","liver"
"LOC115110308",877.733941204828,0.220876020739362,0.148923430701735,1.48315157459496,0.138034143876948,0.425266190810611,"40S ribosomal protein S11","liver"
"snap23",58.9345360016721,0.220812114072205,0.131779240557367,1.67562138875797,0.09381237656314,0.362302933202999,"synaptosome associated protein 23, transcript variant X3","liver"
"LOC115140780",87.5717418790296,0.220776132861444,0.104907687843621,2.10448001857157,0.0353365958099244,0.234579746777283,"cell division control protein 42 homolog","liver"
"LOC115119588",94.1717148272135,0.220362119711833,0.128507571734082,1.71477926738686,0.0863857040740629,0.351054964911147,"ribonuclease H1-like, transcript variant X3","liver"
"LOC115109217",93.6324469674266,0.220283110064415,0.147718615967868,1.49123459234367,0.135899914574901,0.42252050611624,"tax1-binding protein 3","liver"
"LOC115142570",105.768859039987,0.220254544499399,0.175638874347804,1.25401933551024,0.209834977576422,0.508494273841556,"group XIIB secretory phospholipase A2-like protein","liver"
"LOC115126919",69.6909229586924,0.22000304132008,0.101374991213523,2.17019048471919,0.0299924186228723,0.218899134270954,"ubiquitin-conjugating enzyme E2 A-like, transcript variant X2","liver"
"LOC115147094",116.93294332928,0.219947250626618,0.0932248712454933,2.35931943576967,0.0183084883184913,0.176003298080591,"protein SET-like","liver"
"LOC115121065",1353.12745824996,0.21989821710612,0.113736403197586,1.93340224346736,0.0531866651078914,0.284406663425907,"60S ribosomal protein L27","liver"
"LOC115140133",89.0572890014977,0.21987573730499,0.175061992845304,1.25598785739453,0.209120372568042,0.507365856301988,"acyl-CoA dehydrogenase family member 11-like, transcript variant X3","liver"
"LOC115109529",591.534555168631,0.219581024457644,0.142996367309344,1.53557064832721,0.124643717554207,0.40839854722745,"40S ribosomal protein S17","liver"
"LOC115139701",131.502322699922,0.219563933960186,0.196636777286568,1.1165964830689,0.264166896049105,0.561930173304127,"transmembrane emp24 domain-containing protein 7-like, transcript variant X3","liver"
"LOC115107021",158.531066972436,0.219076252086317,0.131322086735855,1.66823614771652,0.0952688577477988,0.364621744472608,"ATP synthase subunit gamma, mitochondrial-like, transcript variant X1","liver"
"LOC115110168",76.1606433988814,0.21868944586261,0.275187336364219,0.794692985338424,0.42679211376241,0.69703371852978,"cyclin-T2-like, transcript variant X1","liver"
"LOC115145012",224.219533420041,0.218539347730485,0.177510294611104,1.23113618964618,0.218271932217243,0.514503686800326,"calreticulin-like","liver"
"oser1",98.5605610748005,0.218462499172154,0.0932069704814055,2.34384293410477,0.01908620706601,0.178429770644625,"oxidative stress responsive serine rich 1, transcript variant X2","liver"
"srp19",125.814026096992,0.21832677170247,0.128433080592661,1.69992630165834,0.0891447889075821,0.354146354373591,"signal recognition particle 19","liver"
"LOC115112408",91.8850064188923,0.218288600571854,0.186277346432984,1.1718472737123,0.241258379061015,0.536715261830366,"CD81 antigen-like","liver"
"LOC115138515",135.271743221054,0.21819522120084,0.103229409459974,2.11369242875929,0.0345415455927074,0.233098244761383,"transmembrane emp24 domain-containing protein 10-like","liver"
"fmc1",132.975264552842,0.217843487900877,0.104613595762148,2.08236306489428,0.0373093194712817,0.238699977714704,"formation of mitochondrial complex V assembly factor 1 homolog","liver"
"lg9ah11orf74",64.6789016426735,0.217672456422353,0.150987735680257,1.44165653880202,0.149399289979615,0.439358950906862,"linkage group 9a C11orf74 homolog, transcript variant X1","liver"
"LOC115131594",77.0901750012578,0.217282304712371,0.185925318006339,1.16865366719428,0.242543196414232,0.536838563243849,"proteasome subunit beta type-7-like","liver"
"rcl1",5076.98871141191,0.216749758195336,0.120872615184885,1.79320814614458,0.0729396480198826,0.326705500361584,"RNA terminal phosphate cyclase like 1","liver"
"LOC115131835",251.43052530504,0.216354929689736,0.0794605015148782,2.72279844155307,0.00647315374320693,0.117067626262801,"14-3-3 protein beta/alpha-2-like","liver"
"LOC115108501",139.959822662387,0.216274862670151,0.146718300104545,1.47408239133116,0.1404594089666,0.428527358493907,"CD302 antigen-like","liver"
"LOC115112317",66.9309603716384,0.21612398292551,0.23782743190691,0.908742869536198,0.363485869515962,0.644440367180105,"lysosomal protective protein-like","liver"
"LOC115107550",2511.28756650074,0.215976602968282,0.112327648422758,1.92273768747859,0.0545130012327929,0.287001509588284,"leucine-rich alpha-2-glycoprotein-like","liver"
"LOC115143979",720.559842232744,0.215949466885809,0.224790881026763,0.960668270436198,0.336718989873901,0.617950638777268,"glucose-6-phosphatase-like","liver"
"llph",176.940655245849,0.215814349269653,0.206796685285777,1.0436064242104,0.296667519451686,0.590091121145315,"LLP homolog, long-term synaptic facilitation factor","liver"
"LOC115107538",14751.6491414108,0.215491262654456,0.270730382708295,0.795962612318406,0.426053766773601,0.696588509173365,"complement C1q-like protein 2","liver"
"LOC115119022",242.103376297865,0.215184608497872,0.128792901531682,1.67078003475943,0.0947651334863676,0.364055310170061,"transmembrane emp24 domain-containing protein 9-like","liver"
"LOC115129426",129.294688995245,0.215077249537081,0.205223517803755,1.04801463223503,0.294631865425553,0.589635548520613,"LON peptidase N-terminal domain and RING finger protein 2-like","liver"
"LOC115111973",63.9874841024485,0.215040586145114,0.160843717502304,1.33695359373943,0.181237785155065,0.476599777266393,"PR domain zinc finger protein 12-like","liver"
"LOC115119306",133.957766896685,0.214967046203841,0.12430157186175,1.72939925846578,0.0837376626485988,0.347664337007381,"protein SET-like","liver"
"LOC115110379",8003.21244385279,0.214965913639523,0.207780800057031,1.03458025756239,0.300864977841181,0.593862300087484,"microfibril-associated glycoprotein 4-like","liver"
"LOC115107019",1557.50587840587,0.214948187137411,0.160578055367482,1.33859004983903,0.180704167127048,0.476599777266393,"inter-alpha-trypsin inhibitor heavy chain H2-like","liver"
"LOC115141356",7178.25224182292,0.214903463784087,0.169922120138246,1.26471741059519,0.20597264645375,0.504236943595758,"C-type lectin domain family 4 member E-like","liver"
"LOC115125732",191.01303253316,0.214859540779686,0.104065277208981,2.06466120633312,0.0389550676072563,0.245790798091605,"actin-related protein 2/3 complex subunit 3-B-like","liver"
"LOC115113514",69.9727339158069,0.214611422074948,0.103836985709091,2.06681097885681,0.0387519685580895,0.245268670563312,"cytoplasmic dynein 1 light intermediate chain 2-like, transcript variant X2","liver"
"LOC115136183",336.852045677145,0.214593249466294,0.117889675236119,1.82028874909096,0.0687150438425558,0.318235015948715,"serine/threonine-protein phosphatase 2A catalytic subunit alpha isoform-like, transcript variant X2","liver"
"LOC115126306",102.125854279341,0.214573247129132,0.279393582540715,0.767996333981162,0.442489362888564,0.707566356662921,"keratinocyte-associated protein 2-like","liver"
"LOC115102094",216.099175458322,0.21431138360878,0.110518194157601,1.93915024799597,0.0524830456852514,0.284120957496913,"phospholemman-like, transcript variant X2","liver"
"abhd4",127.080753591141,0.214226636588962,0.149499301510357,1.43296078593464,0.151869044201397,0.442471925779052,"abhydrolase domain containing 4","liver"
"LOC115108626",78.2793067935793,0.213950053285797,0.110877294208996,1.92961106069666,0.0536550473107013,0.285879703056756,"protein mago nashi homolog","liver"
"LOC115106356",61.525724631821,0.213930441940664,0.144522725209634,1.48025469095156,0.138805289947023,0.42614118830104,"phosphatidylinositol 3,4,5-trisphosphate 3-phosphatase and dual-specificity protein phosphatase PTEN-like, transcript variant X1","liver"
"LOC115145864",78.5959067074284,0.2138685177256,0.154069487845,1.38813025678881,0.165097384680109,0.457977404363841,"protein FRG1-like","liver"
"LOC115121668",984.170557192459,0.213708325365531,0.117113030517184,1.82480398997252,0.0680306135511512,0.317268627957085,"60S ribosomal protein L27-like","liver"
"LOC115131562",149.481691372512,0.213702177302954,0.137129297405813,1.55839912655963,0.119138663560382,0.399678347878285,"proteasome subunit beta type-4-like","liver"
"LOC115131258",103.47040829425,0.213647722588257,0.117771265033494,1.81409041099708,0.0696638076040813,0.319403464335473,"small nuclear ribonucleoprotein Sm D1, transcript variant X3","liver"
"LOC115134140",743.1569612402,0.213542625507382,0.130403962145438,1.63754706524346,0.101516213236995,0.373942391822352,"40S ribosomal protein S17, transcript variant X1","liver"
"LOC115131981",81.7458106537503,0.213503715052109,0.119719178303732,1.78337103609618,0.0745259248473507,0.32946601917332,"rho-related GTP-binding protein RhoA-B","liver"
"LOC115143444",69.1578860857392,0.213347432701443,0.129174191656031,1.65162583923537,0.0986108491932297,0.370449604895488,"tumor suppressor candidate 2-like, transcript variant X1","liver"
"LOC115139206",151.705843278879,0.213165774469834,0.118121933061163,1.80462483931292,0.0711334084206589,0.323593496342194,"methylmalonate-semialdehyde dehydrogenase [acylating], mitochondrial-like, transcript variant X1","liver"
"LOC115132410",99.2906584590323,0.21309622176432,0.109835471964775,1.94014026573002,0.0523626456584992,0.284120957496913,"C4b-binding protein alpha chain-like, transcript variant X2","liver"
"LOC115103775",213.16083133671,0.213044665169053,0.111400274229691,1.91242496162788,0.0558217088446974,0.289477462151382,"proteasome subunit beta type-3","liver"
"LOC115133588",214.684890410715,0.213012410660722,0.172446795227073,1.23523554253492,0.216742854963928,0.514503686800326,"ceramide-1-phosphate transfer protein-like, transcript variant X2","liver"
"LOC115113392",168.095911950705,0.212877046380758,0.0906592879630964,2.34809969462159,0.0188694699761426,0.177754614506176,"ATP-dependent RNA helicase DDX3X-like, transcript variant X1","liver"
"LOC115120229",60.4830757641864,0.212846403717701,0.146656504060952,1.45132604299117,0.1466890927503,0.435493105470209,"calcium-binding protein 39-like","liver"
"lman1",236.028395443921,0.212783128255454,0.142863810031643,1.48941238658219,0.136378808809182,0.42252050611624,"lectin, mannose binding 1, transcript variant X2","liver"
"rpl7a",1971.93142944058,0.212767549655932,0.139212265924653,1.52836783628743,0.126421235875801,0.410052665416534,"ribosomal protein L7a","liver"
"LOC115143168",168.681748099668,0.212714255205265,0.107335855468152,1.98176326333358,0.0475057428992629,0.270815955325029,"5'-AMP-activated protein kinase subunit gamma-1-like","liver"
"LOC115132041",907.656943939627,0.212641263251356,0.172285861172161,1.23423513574842,0.21711529832414,0.514503686800326,"nuclease-sensitive element-binding protein 1-like, transcript variant X1","liver"
"LOC115118543",106.794334858087,0.212504927644291,0.0976265126982191,2.17671328997669,0.0295019660846388,0.218636388656342,"ER membrane protein complex subunit 10-like, transcript variant X1","liver"
"LOC115142509",63.7261638700703,0.212380629723035,0.243858480823031,0.87091754613677,0.383799175617126,0.661813300704151,"lysozyme G-like","liver"
"LOC115112485",111.118170479957,0.211967345951988,0.127612277882437,1.66102627011535,0.0967081707633811,0.36623214190559,"terminal nucleotidyltransferase 4A-like","liver"
"wdr83os",126.336062371794,0.211893518387918,0.191035723226973,1.1091826953023,0.267351376184925,0.563456157874744,"WD repeat domain 83 opposite strand","liver"
"sec61b",59.6800266093022,0.211850300151846,0.601406045218163,0.352258348309412,0.724644521927977,0.89172023206045,"SEC61 translocon beta subunit","liver"
"LOC115108489",92.487492505446,0.211647113109085,0.228501733538315,0.926238544591152,0.354322025515671,0.635099637643744,"dimethylaniline monooxygenase [N-oxide-forming] 5-like, transcript variant X5","liver"
"LOC115135546",501.039845685624,0.211613482000439,0.231841144268185,0.912752059900346,0.361372956909967,0.642370768584835,"diamine acetyltransferase 1-like","liver"
"psmd10",86.2428358312811,0.211337888763265,0.143647387801896,1.4712268144738,0.141229787817506,0.428662337026552,"proteasome 26S subunit, non-ATPase 10","liver"
"LOC115103788",107.574522952065,0.211215586500346,0.139841759216822,1.51038994133977,0.13094395373454,0.415408891686301,"rho GDP-dissociation inhibitor 1-like, transcript variant X1","liver"
"LOC115144311",72.8834311395548,0.211174807649674,0.171807693266557,1.22913475895424,0.219021284822088,0.514938140303855,"rho-related GTP-binding protein RhoU-like","liver"
"LOC115112549",187.241733857446,0.211155988902569,0.101292404188715,2.08461819614007,0.0371039714501195,0.238699977714704,"ATP synthase subunit O, mitochondrial-like","liver"
"LOC115134567",140.911997341219,0.211149425390067,0.0870201540098027,2.42644279124444,0.0152476540827475,0.1640570739487,"sorting nexin-1-like, transcript variant X2","liver"
"LOC115111458",607.374756436806,0.211025305755811,0.136819569070721,1.54236201143664,0.122985647565093,0.405246159640517,"60S ribosomal protein L35","liver"
"LOC115106933",180.249492004698,0.211021840313604,0.118754393100171,1.7769602858869,0.0755747742671223,0.330873018166263,"short transmembrane mitochondrial protein 1-like","liver"
"LOC115146872",1522.90725624064,0.210825545055239,0.131000176529548,1.60935313707525,0.107539146188985,0.385853485797803,"60S ribosomal protein L7a","liver"
"LOC115123776",58.858785399725,0.21070553243349,0.195323356198151,1.07875236497439,0.280698135116054,0.57813319794494,"BCL2/adenovirus E1B 19 kDa protein-interacting protein 3-like","liver"
"LOC115138300",65.4625909916782,0.210226837637229,0.126691391831161,1.65936165511066,0.0970429381762131,0.366247237042819,"CAAX prenyl protease 1 homolog","liver"
"LOC115129808",166.595149510357,0.210191896197528,0.153580299637163,1.36861235909886,0.171120478642753,0.464681592903306,"programmed cell death protein 10-B-like","liver"
"LOC115144689",76.8892778779423,0.209959013993793,0.101386804787059,2.07087119901614,0.0383708343168228,0.243612960553536,"cytochrome c oxidase subunit 5A, mitochondrial-like","liver"
"LOC115105717",70.9248113841685,0.20989781485062,0.105247526383785,1.99432539711411,0.0461165054990873,0.265225701792483,"ras-related GTP-binding protein A, transcript variant X1","liver"
"LOC115104665",129.495218956378,0.209857181590919,0.194506611453024,1.07892055711228,0.280623143854318,0.57813319794494,"nucleolar protein 16-like","liver"
"LOC115105477",599.007776070306,0.209689917556345,0.134765940800147,1.55595632183733,0.119718479033857,0.401293191235198,"malate dehydrogenase, mitochondrial-like","liver"
"LOC115111634",90.1089188117105,0.20968751074321,0.125752509558043,1.66746183817847,0.0954226065742504,0.364861673918053,"cyclin-dependent kinase 2-associated protein 1-like","liver"
"LOC115108593",248.566677837402,0.209402640471298,0.128951102308168,1.62389182196262,0.10439889825474,0.379596806638908,"proteasome subunit alpha type-7-like","liver"
"LOC115107100",995.329212622924,0.209379500365865,0.147971485096107,1.41499897922815,0.157068795323558,0.446763719287386,"40S ribosomal protein S16, transcript variant X2","liver"
"atg3",79.0803218732041,0.209354215301547,0.0946969859204892,2.21078013483268,0.0270510661228693,0.21042012503209,"autophagy related 3, transcript variant X1","liver"
"LOC115110453",286.31018662452,0.209349169011556,0.184307283322549,1.13587029897881,0.256010850298142,0.552994290310136,"transmembrane protein 56-B-like, transcript variant X4","liver"
"LOC115131967",234.138223213321,0.209287493679533,0.196537601414297,1.06487253417914,0.286933615624756,0.583021643712116,"monoglyceride lipase-like","liver"
"LOC115112121",66.9088711625896,0.209200636385293,0.116876148915024,1.78993437349988,0.0734644621476114,0.327974970113542,"vacuolar protein sorting-associated protein 35-like, transcript variant X1","liver"
"LOC115102263",285.516596761398,0.209117307007397,0.174792994601256,1.19637121318531,0.231551729863133,0.52656215415895,"dolichyl-diphosphooligosaccharide--protein glycosyltransferase 48 kDa subunit","liver"
"LOC115131983",57.5762432554277,0.209015207371644,0.178094524582625,1.17361950268535,0.240547465935013,0.536020194846103,"helicase ARIP4-like, transcript variant X2","liver"
"LOC115129554",278.053694681478,0.208992515654604,0.09617283001209,2.1730931244129,0.0297733090955875,0.218899134270954,"electron transfer flavoprotein-ubiquinone oxidoreductase, mitochondrial-like","liver"
"LOC115104181",116.429400761166,0.208908031980191,0.106996305552988,1.95247892813208,0.0508813703270279,0.280793611629627,"lipopolysaccharide-induced tumor necrosis factor-alpha factor homolog, transcript variant X1","liver"
"ufsp2",72.8522768431329,0.208868598670321,0.112850228750308,1.85084780937807,0.0641914508310463,0.31007206519367,"UFM1 specific peptidase 2","liver"
"LOC115112169",90.4222819987005,0.208780196179195,0.125750405817992,1.66027453208682,0.0968592367453941,0.36623214190559,"IST1 homolog, transcript variant X2","liver"
"LOC115133938",693.4532148161,0.208705340044663,0.137698653277785,1.51566725655358,0.12960351113314,0.413829624158077,"phosphate carrier protein, mitochondrial-like, transcript variant X1","liver"
"rab13",74.672977665242,0.208622860770172,0.110161414745111,1.89379249760797,0.0582525578719549,0.29477044811582,"RAB13, member RAS oncogene family","liver"
"dpm3",58.9603101296718,0.208587746656897,0.126795411243582,1.64507330834069,0.0999546942248252,0.372921081016371,"dolichyl-phosphate mannosyltransferase subunit 3, regulatory","liver"
"LOC115136988",91.6307069192465,0.208341148493025,0.139855762043382,1.48968584096235,0.136306859259268,0.42252050611624,"bleomycin hydrolase-like, transcript variant X2","liver"
"LOC115107721",312.780397813226,0.207870578662252,0.110046341175624,1.88893675556655,0.0589003036578591,0.295850055427012,"serine incorporator 1-like","liver"
"LOC115102873",153.767315081527,0.207813828642253,0.16645443003663,1.24847280181442,0.211857962657563,0.510664137074055,"NADH dehydrogenase [ubiquinone] 1 alpha subcomplex subunit 13-like","liver"
"LOC115138225",971.23763022466,0.207699042804203,0.119597372289587,1.73665222594766,0.0824485751277191,0.346097211349725,"oligosaccharyltransferase complex subunit ostc-like","liver"
"LOC115131683",762.726558073902,0.207653568223254,0.145398617710324,1.42816741653596,0.153243676688139,0.44391958311037,"60S ribosomal protein L11-like","liver"
"LOC115105068",61.0796051077092,0.20758043180883,0.178792530985335,1.16101288272415,0.245636660459949,0.538577207119286,"putative ferric-chelate reductase 1, transcript variant X4","liver"
"LOC115142061",91.1303671266933,0.207437742494159,0.168423601752951,1.23164295464026,0.218082487758604,0.514503686800326,"apoptosis-associated speck-like protein containing a CARD","liver"
"LOC115107559",86.916832339842,0.207262305747181,0.121185317840401,1.71029221559779,0.0872118505452999,0.352304759982797,"rho-related GTP-binding protein RhoB-like","liver"
"LOC115107552",206.372321948231,0.207112688609981,0.186795536610763,1.10876679586597,0.267530798018813,0.563542910968829,"protein disulfide-isomerase A6-like","liver"
"LOC115129845",512.62590896812,0.206936563478524,0.278502627755103,0.743032714436326,0.457461874361321,0.718606378374489,"uncharacterized LOC115129845","liver"
"LOC115111528",471.302738527762,0.20680741722646,0.228137462376072,0.90650353989451,0.364669392089864,0.645415736933689,"interleukin-1 receptor type 2-like","liver"
"LOC115144421",447.546754665778,0.206731805351878,0.110941223604345,1.86343541774117,0.0624010308911053,0.305705050375174,"mitochondrial pyruvate carrier 1-like","liver"
"LOC115120937",555.191166230875,0.206598625441712,0.162566226202482,1.27085822355491,0.203779090907898,0.500665204665818,"40S ribosomal protein S19","liver"
"LOC115121109",64.8700368976822,0.206498038538878,0.134253480371907,1.53812056094814,0.124019139579409,0.407006451630977,"torsin-1A-interacting protein 2-like, transcript variant X1","liver"
"LOC115120410",191.884212731117,0.206375968111832,0.153475632164513,1.34468231341516,0.17872784864268,0.475208552555488,"protein Tob1-like, transcript variant X2","liver"
"bnip3",107.430551896785,0.206375431045479,0.115024919208021,1.79418018692324,0.0727844134836819,0.326705500361584,"BCL2 interacting protein 3, transcript variant X1","liver"
"pcnp",165.355581302858,0.206340527863988,0.139674196307189,1.4772988377193,0.13959554942927,0.427222712346835,"PEST proteolytic signal containing nuclear protein, transcript variant X1","liver"
"LOC115129791",62.004603887385,0.206218268322087,0.144414611679153,1.42795985755405,0.153303413074585,0.44391958311037,"obg-like ATPase 1","liver"
"LOC115112194",358.337360412104,0.206191500677722,0.152234947703205,1.35442947751859,0.175599398491418,0.47112161936944,"UDP-glucuronosyltransferase 2C1-like, transcript variant X1","liver"
"pold4",59.9957431204787,0.206179377144998,0.221852595660621,0.929353008158626,0.352706172471906,0.633038467193082,"DNA polymerase delta 4, accessory subunit","liver"
"LOC115114539",93.0510078770924,0.206089290243842,0.115332625694888,1.7869123242633,0.0739516602794684,0.328709888003395,"EF-hand calcium-binding domain-containing protein 14-like","liver"
"LOC115125763",1358.7961891904,0.206041404648684,0.144635531871654,1.42455593022274,0.154285606734056,0.444006832320724,"60S ribosomal protein L17-like","liver"
"LOC115116664",140.32036487725,0.206011260590909,0.109550362345307,1.88051646914277,0.0600377239882136,0.300262285860072,"coatomer subunit beta, transcript variant X2","liver"
"LOC115122746",58.2660206834732,0.205966990260348,0.108766858372901,1.89365578211518,0.0582707141275452,0.29477044811582,"golgin subfamily A member 2-like, transcript variant X1","liver"
"LOC115130819",57.5972573525681,0.205859860954162,0.158381909965879,1.2997687740886,0.193680230800453,0.488817721822073,"electron transfer flavoprotein-ubiquinone oxidoreductase, mitochondrial-like, transcript variant X2","liver"
"aco1",722.542964760854,0.205633528802178,0.083199729060605,2.47156488517395,0.0134523136793466,0.157883405011545,"aconitase 1, transcript variant X1","liver"
"rnf103",173.45427458726,0.205541311207837,0.149384275406507,1.37592334031487,0.168845368234098,0.463131709907257,"ring finger protein 103","liver"
"wdr33",105.093073043427,0.20530304350994,0.143967919149994,1.42603327687222,0.153858736809256,0.444006832320724,"WD repeat domain 33, transcript variant X1","liver"
"LOC115143250",180.660400930254,0.205105302881676,0.135851052315585,1.50978074431998,0.131099380012867,0.415408891686301,"aflatoxin B1 aldehyde reductase member 4-like","liver"
"ece1",236.522764231762,0.20485002575266,0.171401077612247,1.19515016245162,0.232028366239731,0.526878897377795,"endothelin converting enzyme 1, transcript variant X2","liver"
"LOC115132243",226.524844241969,0.204661567988007,0.128895855619976,1.58780565134236,0.112330293170426,0.39294216397381,"dolichyl-diphosphooligosaccharide--protein glycosyltransferase 48 kDa subunit-like","liver"
"LOC115102708",150.527065802286,0.204538421844874,0.105511947659737,1.93853327875707,0.0525581947872111,0.284120957496913,"TAR DNA-binding protein 43-like","liver"
"LOC115106462",218.953189472456,0.204494290766628,0.169372080706945,1.20736717594237,0.227290770704387,0.522525201010199,"26S proteasome non-ATPase regulatory subunit 11B-like","liver"
"LOC115134589",1628.31020714737,0.204121655481106,0.13358962055305,1.52797541183259,0.126518642911837,0.410052665416534,"60S ribosomal protein L28-like, transcript variant X2","liver"
"LOC115142560",91.8911551222051,0.203590151722549,0.12342932951157,1.64944711705223,0.0990560687226017,0.371096080986512,"proteasome subunit beta type-3-like","liver"
"sparc",92.3601647622417,0.203141338587148,0.196234793503565,1.03519531353372,0.300577706974192,0.593641960776794,"secreted protein acidic and cysteine rich","liver"
"LOC115143067",662.370249766949,0.203119413485581,0.116830002445334,1.73858948244585,0.082106997857125,0.345018683779012,"probable Bax inhibitor 1, transcript variant X1","liver"
"LOC115118419",276.557272748153,0.202997317140583,0.105565658193907,1.9229484343072,0.0544865261641932,0.287001509588284,"serine/threonine-protein phosphatase 2A catalytic subunit beta isoform","liver"
"LOC115144141",64.9905542286669,0.202940764346916,0.13081101438117,1.55140425526835,0.120804836112791,0.402287999996517,"dual specificity mitogen-activated protein kinase kinase 4-like, transcript variant X3","liver"
"LOC115139990",87.4938978414538,0.202869609277798,0.0959044209428799,2.1153311524463,0.0344017331320777,0.233098244761383,"transmembrane protein 127-like, transcript variant X1","liver"
"LOC115139915",232.908430259201,0.202718940776199,0.126498382096452,1.60254176706885,0.109035859182662,0.387902142634666,"sarcoplasmic/endoplasmic reticulum calcium ATPase 2-like, transcript variant X1","liver"
"LOC115107684",93.8100935912072,0.202709683345114,0.0987229742180578,2.05331823671937,0.0400417233040671,0.248039611227018,"m-AAA protease-interacting protein 1, mitochondrial-like","liver"
"LOC115138144",559.411261548364,0.202398808988635,0.11563880814544,1.75026716579503,0.0800722238065116,0.342229155757336,"gamma-aminobutyric acid receptor-associated protein-like","liver"
"LOC115128392",177.07678798933,0.202235200917958,0.0983851614822303,2.0555457537617,0.0398263211614401,0.247171219684246,"ATP synthase subunit O, mitochondrial-like","liver"
"suox",198.566019680473,0.202138421430612,0.157712933717611,1.28168576074139,0.19995290198379,0.496181792665946,"sulfite oxidase","liver"
"faxdc2",412.97532404862,0.201845352914621,0.295178954094535,0.683806721701362,0.494097221539178,0.749105848998082,"fatty acid hydroxylase domain containing 2, transcript variant X1","liver"
"LOC115105184",238.078760787325,0.201842102131414,0.116354592176704,1.73471539331153,0.0827912284022439,0.346465140623764,"electron transfer flavoprotein subunit beta-like, transcript variant X1","liver"
"LOC115103982",73.4470229202121,0.201732444586537,0.12315523771874,1.63803382075596,0.101414638803396,0.373942391822352,"eukaryotic initiation factor 4A-III","liver"
"LOC115103254",1194.87656282054,0.201720458002066,0.141627369203989,1.42430420854266,0.154358429758266,0.444006832320724,"40S ribosomal protein S15","liver"
"LOC115101778",1635.65707622561,0.201551564036494,0.179881011783191,1.12047159418595,0.26251285081514,0.559917519582685,"protein transport protein Sec61 subunit gamma-like","liver"
"LOC115112217",69.177456598009,0.201359704079719,0.110661957702707,1.81959282358506,0.0688210353618221,0.318235015948715,"ubiquitin carboxyl-terminal hydrolase 47-like, transcript variant X4","liver"
"rtn4ip1",433.941968639432,0.201201351011021,0.196937310013291,1.02165176825784,0.306945746583984,0.598746474685088,"reticulon 4 interacting protein 1, transcript variant X2","liver"
"LOC115142866",388.891011861758,0.200922397518618,0.209577701818504,0.958701215707661,0.337709285858642,0.61920964874486,"eukaryotic translation initiation factor 2 subunit 2-like","liver"
"LOC115113332",188.284463396645,0.200853250916203,0.12984190885232,1.54690617760903,0.121885871208258,0.403579862749684,"calmodulin","liver"
"LOC115106702",97.6924156199937,0.200791760282896,0.113623252356181,1.76717138542613,0.0771995302938897,0.334750303699888,"mitochondrial amidoxime-reducing component 1-like","liver"
"LOC115121671",92.475158153515,0.200680349812845,0.15975840251129,1.25614895153113,0.209061970948396,0.507365856301988,"interferon-induced 35 kDa protein homolog, transcript variant X1","liver"
"eif3i",298.836252222028,0.200648244394308,0.118687226829298,1.69056308546909,0.0909202799854177,0.358113368975136,"eukaryotic translation initiation factor 3 subunit I","liver"
"LOC115135887",441.836929810066,0.20053712789766,0.233218552753016,0.859867817248799,0.389861910601425,0.666279726461807,"dolichyl-diphosphooligosaccharide--protein glycosyltransferase subunit STT3A","liver"
"LOC115145288",363.205016098705,0.200255527586737,0.125106588411126,1.60067930977908,0.109447966062791,0.387902142634666,"cytochrome c oxidase subunit 6C-1-like","liver"
"LOC115132130",324.765913462177,0.20021785265834,0.102905011138825,1.94565697474376,0.0516959581653169,0.283191413425413,"syntenin-1-like","liver"
"LOC115133681",129.079183465206,0.200172588505153,0.139733348646354,1.43253268059697,0.151991432202602,0.442512198327005,"glucosidase 2 subunit beta-like","liver"
"LOC115144177",334.909966111003,0.20008471124518,0.233493431141981,0.856917945256943,0.391490234429618,0.667530449462651,"thyrotroph embryonic factor-like, transcript variant X1","liver"
"LOC115119285",103.75275007385,0.199914371114861,0.15177093592655,1.31721116361574,0.187767852923021,0.482967478150345,"GRIP and coiled-coil domain-containing protein 2-like, transcript variant X1","liver"
"LOC115103832",10262.8586966935,0.199799617397666,0.163108262841721,1.22495092472139,0.220593711459399,0.515384077401817,"beta-2-glycoprotein 1-like","liver"
"LOC115121186",57.7418268677904,0.199752337199231,0.12773625155224,1.56378737258889,0.11786751071784,0.399022611235736,"V-type proton ATPase subunit G 1-like","liver"
"LOC115141784",108.359819037974,0.199442433828261,0.152379212818047,1.30885591374206,0.190583162656755,0.486229707126527,"T-complex protein 1 subunit zeta-like","liver"
"LOC115113954",1599.87965800433,0.199011440274664,0.144525098582589,1.37700262602442,0.168511435946718,0.462527012066549,"60S ribosomal protein L8","liver"
"LOC115109240",110.958660825124,0.19900794032402,0.156446414092099,1.27205178513625,0.203354720443034,0.50038038228059,"DNA-directed RNA polymerases I, II, and III subunit RPABC1","liver"
"LOC115118566",65.4111706461169,0.198735370752802,0.211243835857992,0.940786603053361,0.346814227644245,0.627158292758625,"zinc finger protein 665-like, transcript variant X2","liver"
"LOC115116228",101.839687596592,0.198724604972651,0.117667020785937,1.68887257997444,0.0912438509851738,0.358640247459564,"HMG box-containing protein 1-like","liver"
"eci2",817.628599312659,0.198564003006132,0.113610949402624,1.74775410336942,0.0805066158565969,0.342229155757336,"enoyl-CoA delta isomerase 2, transcript variant X4","liver"
"LOC115111861",66.9560619592475,0.198509110344184,0.269910969494973,0.735461440176408,0.462058515396434,0.720210519600713,"UDP-N-acetylglucosamine/UDP-glucose/GDP-mannose transporter-like, transcript variant X2","liver"
"LOC115113562",96.7916455380578,0.198339353699146,0.166301367868929,1.19265016422155,0.233006410828726,0.527687459895912,"two pore calcium channel protein 2-like","liver"
"LOC115104315",93.2294109252895,0.198319799889948,0.210607701131374,0.941655024125823,0.346369288713992,0.626631700309912,"forkhead box protein K2-like, transcript variant X2","liver"
"LOC115146294",85.2068706950803,0.197970288556621,0.103393782973004,1.91472139682046,0.0555280433461976,0.289057860381994,"BSD domain-containing protein 1-like","liver"
"LOC115113119",97.111083253915,0.197904602963008,0.122208951286368,1.61939531335365,0.105362234581683,0.381400060528365,"eukaryotic translation initiation factor 4E-binding protein 2-like","liver"
"hint1",169.946792222237,0.197751978034908,0.159326083901245,1.2411776728127,0.214540120929337,0.512883010503214,"histidine triad nucleotide binding protein 1","liver"
"LOC115129586",101.124697127954,0.19774573502753,0.105462561877433,1.8750325376824,0.0607882473750732,0.303270077231848,"NF-kappa-B-activating protein-like, transcript variant X1","liver"
"LOC115108625",70.5241669554302,0.197734287794564,0.123222065845383,1.60469869124478,0.108560130105991,0.387833868138096,"non-specific lipid-transfer protein-like","liver"
"gars",61.8879023294272,0.197683358572607,0.240279471734723,0.822722628551709,0.410665744111975,0.684051317123175,"glycyl-tRNA synthetase","liver"
"LOC115101086",60.2345162259562,0.197587594823523,0.161843326663272,1.22085722591837,0.222140082186173,0.516428701995884,"protein phosphatase 1 regulatory subunit 26-like, transcript variant X1","liver"
"psme1",363.452901095056,0.197525543959131,0.127838572922158,1.5451169349286,0.122317981427347,0.404346024096032,"proteasome activator subunit 1","liver"
"LOC115117204",276.618313559365,0.19732620071634,0.0959257041653985,2.05707325719604,0.0396791796907778,0.246919597587192,"protein SREK1IP1-like","liver"
"LOC115127823",134.597636934111,0.197322221414248,0.102896166022181,1.91768293263436,0.0551512271503018,0.288570477361528,"protein strawberry notch homolog 1-like, transcript variant X3","liver"
"LOC115126636",284.753713688771,0.197238511605216,0.165387315412677,1.19258548403827,0.233031753634112,0.527687459895912,"calponin-3-like, transcript variant X2","liver"
"c9",4690.58351396752,0.197232899196279,0.199973989809521,0.986292764294732,0.323989469415543,0.608562708450577,"complement C9","liver"
"LOC115109651",66.237168608648,0.197031640441785,0.20811206050848,0.946757434241812,0.343762396399159,0.62452235367431,"TBC1 domain family member 15-like","liver"
"LOC115107584",95.396415438412,0.196605961202368,0.0905272237790515,2.17178825324658,0.0298716381182872,0.218899134270954,"serine/threonine-protein phosphatase 2A 56 kDa regulatory subunit alpha isoform-like","liver"
"LOC115117380",410.807201811852,0.196577328096497,0.135056235173187,1.45552204860753,0.1455247907524,0.435493105470209,"cathepsin B-like","liver"
"LOC115114233",192.938041089437,0.196554873138129,0.115573716393341,1.70068835088057,0.0890015237243793,0.353987042566891,"ubiquitin-60S ribosomal protein L40-like","liver"
"med31",74.9591066723055,0.196501643740631,0.119515994448556,1.64414515937625,0.100146221683261,0.372921081016371,"mediator complex subunit 31","liver"
"LOC115118164",392.379827589214,0.196290257392766,0.140724204106884,1.39485782590519,0.163058717081155,0.455221463268693,"eukaryotic initiation factor 4A-I","liver"
"LOC115119573",902.827629804592,0.19625445392669,0.127947977431533,1.53386132290922,0.12506377283072,0.408851159107185,"60S ribosomal protein L26","liver"
"pgd",358.591620455499,0.196248226021915,0.301926583133829,0.64998657615692,0.51570089271011,0.762093304550851,"phosphogluconate dehydrogenase","liver"
"ube2j1",64.3556354795468,0.19618507578647,0.124659670235126,1.57376539996004,0.11554169587925,0.396770356823349,"ubiquitin conjugating enzyme E2 J1","liver"
"LOC115110104",57.3387502760164,0.195985328116733,0.187571431469402,1.04485702636813,0.296089053814117,0.590091121145315,"nuclear body protein SP140-like, transcript variant X2","liver"
"LOC115131669",80.995625173804,0.195972479350942,0.203295029712283,0.963980671973613,0.335055616179565,0.616841324095711,"adenylate kinase 2, mitochondrial-like, transcript variant X2","liver"
"LOC115111720",2386.07487541868,0.195952989960774,0.158504573917793,1.23626079120217,0.216361640402937,0.514221601330828,"60S ribosomal protein L6-like","liver"
"LOC115110783",117.950277702572,0.19593330618147,0.145118852994086,1.35015748911311,0.176965470988916,0.472681035223344,"coiled-coil domain-containing protein 47-like","liver"
"LOC115102419",151.843749522136,0.195845469385213,0.161811645940147,1.21032987611816,0.226152337983,0.521083623300571,"CD63 antigen-like","liver"
"LOC115101930",696.744381272404,0.195644297900142,0.155133150321019,1.26113791601145,0.207259161999405,0.505814444934135,"ragulator complex protein LAMTOR5-like","liver"
"LOC115132132",215.008575335286,0.195529469638082,0.129565041657891,1.50912211454665,0.131267579119714,0.415408891686301,"NSFL1 cofactor p47-like, transcript variant X2","liver"
"LOC115143579",58.7844507628044,0.195379581723674,0.294189697501318,0.664127885453224,0.506608463963054,0.757363748897196,"3-oxo-5-alpha-steroid 4-dehydrogenase 2-like","liver"
"pfdn4",85.6013319163541,0.195352407996481,0.144300491036482,1.35378893441944,0.175803724990412,0.47112161936944,"prefoldin subunit 4","liver"
"edem1",76.0513743134613,0.195225516352645,0.136205903215338,1.43331171222438,0.151768776351998,0.442471925779052,"ER degradation enhancing alpha-mannosidase like protein 1","liver"
"LOC115106777",147.388572427413,0.194801882436196,0.255830663326167,0.761448529677762,0.446389210503821,0.709735498672753,"discoidin, CUB and LCCL domain-containing protein 1-like, transcript variant X3","liver"
"LOC115116167",253.855136902324,0.194733327458249,0.144719271392043,1.34559361434814,0.178433612167989,0.47479934150341,"exocyst complex component 7-like","liver"
"picalm",114.85810192332,0.194649749158118,0.125212926667495,1.55454995213883,0.12005329116953,0.401425114689914,"phosphatidylinositol binding clathrin assembly protein, transcript variant X5","liver"
"LOC115109288",185.114530806603,0.19459978135184,0.195202570972311,0.996911979091934,0.318807236574285,0.604704843863294,"carbonic anhydrase 5B, mitochondrial-like, transcript variant X2","liver"
"LOC115130279",142.852684666448,0.194205225151668,0.118268515671838,1.64207036884214,0.100575421622915,0.37330488689034,"proteasome activator complex subunit 2-like","liver"
"LOC115110120",278.790369373769,0.194175528392665,0.19329955291269,1.00453169946219,0.315122399824977,0.602661842208894,"interleukin-2 receptor subunit beta-like, transcript variant X3","liver"
"cope",132.441661246404,0.19327640083086,0.123877482786434,1.56022221701154,0.118707377169028,0.399022611235736,"coatomer protein complex subunit epsilon","liver"
"LOC115121319",258.580467330657,0.19304723921689,0.139075068648957,1.38807940986292,0.165112865638835,0.457977404363841,"cysteine and histidine-rich protein 1-like, transcript variant X1","liver"
"LOC115105724",69.6846388477904,0.192326417343573,0.153443842644853,1.25339938070186,0.2100603967505,0.5087380731759,"MICOS complex subunit MIC27-like, transcript variant X2","liver"
"LOC115122847",140.736329114118,0.192246791686572,0.0975997457524312,1.96974684928196,0.0488673907864503,0.274637591490966,"rab GDP dissociation inhibitor beta-like","liver"
"LOC115146490",111.257200364064,0.192142974008712,0.1096639989068,1.75210621465672,0.079755545858518,0.341474374915251,"uncharacterized LOC115146490, transcript variant X1","liver"
"LOC115127642",126.239346903355,0.192085965408292,0.200319700885561,0.958897025899748,0.337610623199059,0.61920964874486,"lysozyme C II","liver"
"LOC115124645",80.0257955586456,0.192036237771179,0.117956463972087,1.62802640317042,0.103519287379224,0.378765363875866,"cyclin-L1-like, transcript variant X1","liver"
"LOC115137581",150.173252520436,0.19182722447271,0.121558864257511,1.57806035491038,0.114551744891623,0.395019384245563,"DNA topoisomerase 1-like","liver"
"LOC115131937",73.666266145217,0.191781783601645,0.09875773844215,1.94194183288215,0.0521441423733864,0.283386032418564,"PRELI domain containing protein 3B-like, transcript variant X2","liver"
"LOC115105290",83.5615681170755,0.191376573892816,0.145436548264761,1.3158767598391,0.188215410217555,0.483102022699467,"protein transport protein Sec24A-like, transcript variant X1","liver"
"LOC115140301",247.746852141844,0.191329003990348,0.144200964520607,1.32682194343441,0.184567589879797,0.47998072783418,"ATP synthase subunit alpha, mitochondrial-like","liver"
"LOC115146268",62.0427809232408,0.191109166038069,0.19796719118432,0.965357769106976,0.334365646036714,0.616247300594826,"signal recognition particle 14 kDa protein-like","liver"
"LOC115112651",502.052966224033,0.191100048020351,0.119154200201283,1.60380454652487,0.108757142120178,0.387833868138096,"cystatin","liver"
"LOC115101941",176.01699093752,0.191086760310888,0.107329041136304,1.78038262792468,0.075013362833768,0.330036247274382,"small nuclear ribonucleoprotein G-like","liver"
"LOC115133296",845.656422254371,0.190772093131317,0.14263859963671,1.33745068738195,0.181075568584626,0.476599777266393,"60S ribosomal protein L34, transcript variant X1","liver"
"LOC115124752",671.062088563362,0.190582864138142,0.131699582663386,1.44710302253013,0.14786807162688,0.436430311333211,"rho-related GTP-binding protein RhoF-like, transcript variant X1","liver"
"LOC115103835",136.554169334649,0.190516681143764,0.129465150425944,1.47156729449554,0.141137762801098,0.428662337026552,"26S proteasome non-ATPase regulatory subunit 12","liver"
"mospd1",136.804833665281,0.190144941921951,0.108049880338271,1.75978854698094,0.0784436656819857,0.338136897066557,"motile sperm domain containing 1, transcript variant X1","liver"
"LOC115131350",134.260478548645,0.189940661521981,0.124917624998656,1.52052731969588,0.12837849786718,0.411700045087826,"proteasome subunit alpha type-2-like","liver"
"LOC115105912",447.95606355013,0.189803063135234,0.123828798348369,1.53278611814724,0.125328562098882,0.408851159107185,"tricarboxylate transport protein B, mitochondrial-like","liver"
"LOC115114718",85.6466100627716,0.189697583906451,0.115565352673516,1.64147453815475,0.100698948260658,0.37330488689034,"apoptosis-associated speck-like protein containing a CARD","liver"
"LOC115136230",85.5466684930353,0.189695811580713,0.113629357006346,1.66942607595781,0.0950329694459815,0.364621744472608,"NEDD4 family-interacting protein 1-like, transcript variant X2","liver"
"LOC115106483",98.3326050098434,0.189628260249533,0.122576725354717,1.54701685577568,0.12185918117335,0.403579862749684,"charged multivesicular body protein 2a-like","liver"
"LOC115109068",741.021745923657,0.189519857282757,0.166844522154016,1.13590697995952,0.255995496766365,0.552994290310136,"MAP kinase-interacting serine/threonine-protein kinase 1-like","liver"
"psmb7",586.221139701576,0.189512578929415,0.134516141896586,1.40884637529308,0.158880598876792,0.450032884657266,"proteasome subunit beta 7, transcript variant X1","liver"
"LOC115118673",20816.6467212652,0.189254372031089,0.190929244634543,0.991227783849142,0.321574366696052,0.606576390909378,"pentraxin fusion protein-like","liver"
"slc31a1",3455.10899944978,0.189126434228876,0.144990514750514,1.30440556442128,0.192095338968144,0.487231239349194,"solute carrier family 31 member 1","liver"
"LOC115134105",133.778972731953,0.188599093348201,0.189523143019006,0.995124343887058,0.319675792057927,0.604704843863294,"poly(U)-specific endoribonuclease-C-like","liver"
"gpcpd1",85.9829249892196,0.188575941274012,0.137222482152443,1.37423502560258,0.169368730279587,0.463320097060133,"glycerophosphocholine phosphodiesterase 1, transcript variant X2","liver"
"LOC115104162",638.835262564489,0.188107207586356,0.16082219678177,1.16965948327153,0.242138029294925,0.536838563243849,"40S ribosomal protein S11, transcript variant X2","liver"
"LOC115146494",135.987944432506,0.188066838111501,0.269244065616502,0.698499473631386,0.484864886933173,0.740307397818692,"L-threonine 3-dehydrogenase, mitochondrial-like","liver"
"rpl29",2335.95236247375,0.187810246298256,0.134917214209094,1.39204064803168,0.163910089348218,0.456039265654154,"ribosomal protein L29","liver"
"LOC115143144",158.1358237176,0.18746727632553,0.176760091083838,1.06057467596921,0.288883236292791,0.583993995264998,"inositol hexakisphosphate kinase 2-like","liver"
"LOC115107821",137.173496777515,0.187403680066942,0.136919890437544,1.36871041503225,0.171089813404267,0.464681592903306,"alpha-1,6-mannosyl-glycoprotein 2-beta-N-acetylglucosaminyltransferase-like","liver"
"LOC115111419",1488.34636471504,0.187382529769005,0.0941811553122155,1.98959684819985,0.0466353636358467,0.267726397436213,"lipocalin-like, transcript variant X2","liver"
"LOC115130130",1233.61360632621,0.187292627415087,0.131047608773551,1.42919530671275,0.152948106277406,0.44391958311037,"60S ribosomal protein L21","liver"
"LOC115101312",952.976781727732,0.187025557869523,0.0951173405851925,1.9662614273999,0.0492684200213999,0.27515168014886,"cofilin-2-like","liver"
"LOC115135313",61.0673822937033,0.186927602859647,0.108555186795295,1.72195920230086,0.0850769092313589,0.34979996318459,"dynactin subunit 2-like, transcript variant X3","liver"
"LOC115107967",60.2060963012432,0.186884004283791,0.112551643403175,1.66042892518546,0.0968281951945648,0.36623214190559,"serine/threonine-protein phosphatase 2A 56 kDa regulatory subunit gamma isoform-like, transcript variant X4","liver"
"LOC115131941",64.4620049307464,0.186840817720471,0.122811220267295,1.52136602269578,0.128168010434657,0.411700045087826,"charged multivesicular body protein 4c-like","liver"
"LOC115140965",169.26018997117,0.186840191970486,0.088979987222423,2.099800166339,0.0357464236205286,0.236098373869277,"tetraspanin-31-like","liver"
"LOC115111724",150.049753389498,0.186426294381784,0.194050907128784,0.960708182920579,0.336698915644368,0.617950638777268,"voltage-dependent anion-selective channel protein 2-like, transcript variant X3","liver"
"LOC115117358",414.628361171417,0.186313250690931,0.133568268798217,1.39489155895549,0.16304854294304,0.455221463268693,"cathepsin B-like","liver"
"LOC115137352",126.964610662466,0.186151021835506,0.10214111102961,1.8224887115389,0.0683808650251009,0.317602663333021,"NADH dehydrogenase [ubiquinone] iron-sulfur protein 8, mitochondrial-like","liver"
"LOC115105576",75.1483576649592,0.186019104772829,0.181177124198429,1.02672512104286,0.304549916855917,0.597110690742958,"serine/threonine-protein kinase 40, transcript variant X1","liver"
"LOC115109102",58.8981948022092,0.185828283692686,0.110170891054536,1.68672760938911,0.0916557406625293,0.359279148153117,"RNA 3'-terminal phosphate cyclase-like","liver"
"LOC115137356",59.2164229840092,0.18579358872297,0.118962218118325,1.56178652064281,0.118338288277307,0.399022611235736,"uncharacterized LOC115137356, transcript variant X3","liver"
"LOC115122994",63.1005566831812,0.185362654084904,0.125055886970181,1.48223853011497,0.138276837776765,0.425370860964598,"E3 ubiquitin-protein ligase KCMF1-like, transcript variant X1","liver"
"pno1",113.514503255675,0.185172176090268,0.223257768270676,0.829409778322997,0.406872570210985,0.680234863076281,"partner of NOB1 homolog","liver"
"txndc16",61.5493308447909,0.18495634632187,0.132646152589352,1.39435892192411,0.163209246125824,0.455221463268693,"thioredoxin domain containing 16, transcript variant X1","liver"
"lg15h1orf50",92.6738181049424,0.184875441205329,0.141949493917152,1.30240296110694,0.192778670876639,0.488356657857789,"linkage group 15 C1orf50 homolog","liver"
"rpl7l1",120.019822792904,0.184694626244327,0.178099804203107,1.03702880006369,0.299722435269777,0.592755286831446,"ribosomal protein L7 like 1","liver"
"LOC115131490",58.5534150331918,0.184577843767825,0.186914337201755,0.987499656425995,0.323397751262565,0.608430541219561,"heat shock factor-binding protein 1-like","liver"
"LOC115126147",127.824707852714,0.184497649666025,0.112138086221476,1.64527196675745,0.0999137381970595,0.372921081016371,"stromal cell-derived factor 2-like","liver"
"LOC115130914",142.814862853489,0.184452803738163,0.138649061586308,1.33035739029032,0.183400546534879,0.479807848315897,"thiosulfate:glutathione sulfurtransferase-like","liver"
"commd10",66.9205199331002,0.184370150400527,0.116685790990839,1.58005656759872,0.11409391253123,0.394843487388694,"COMM domain containing 10","liver"
"ogfod3",94.0052808365268,0.184205874963264,0.204588747210999,0.900371489020783,0.367922588245291,0.647463107253736,"2-oxoglutarate and iron dependent oxygenase domain containing 3","liver"
"LOC115107931",79.0320374157429,0.184147427338915,0.0811640536082438,2.26882984711118,0.0232786751658774,0.193640571379829,"AN1-type zinc finger protein 3-like, transcript variant X1","liver"
"LOC115124725",269.011736330683,0.183976658910648,0.119069085868143,1.54512531585556,0.122315954608435,0.404346024096032,"transmembrane protein 120B-like","liver"
"LOC115141084",125.752085660819,0.18363624480699,0.12767820830923,1.43827397986533,0.150356331684221,0.441218436245418,"ras-related protein Rab-11A-like","liver"
"LOC115123532",65.9885724092747,0.183574872515916,0.17574512778446,1.04455170296987,0.29623021135529,0.590091121145315,"ATP-binding cassette sub-family E member 1","liver"
"LOC115102189",298.812421897881,0.183519471247415,0.105916687400761,1.73267759548621,0.0831529888453588,0.34691052459947,"rho-related GTP-binding protein RhoA-B-like","liver"
"ost4",326.358013233858,0.183190205629899,0.155589015369219,1.17739806499309,0.239036661844339,0.533981438694021,"oligosaccharyltransferase complex subunit 4, non-catalytic","liver"
"atrx",70.8729743057057,0.18314740408694,0.225893381713206,0.810769234131275,0.417498205564738,0.691195242031629,"ATRX chromatin remodeler, transcript variant X1","liver"
"LOC115108696",1475.51140690528,0.183036449847809,0.136329141008499,1.3426069327056,0.179399284336014,0.475752428727125,"60S ribosomal protein L36","liver"
"rfk",99.1694946300444,0.183019517493832,0.0878751552405164,2.08272198203125,0.037276572563791,0.238699977714704,"riboflavin kinase, transcript variant X1","liver"
"LOC115139333",163.290087440547,0.182961438639247,0.130131947268159,1.40596865320262,0.159733433242042,0.451194368603301,"WD repeat-containing protein 26-like, transcript variant X1","liver"
"LOC115132929",87.2307662245519,0.182834874097589,0.178188004208366,1.02607846644822,0.304854599469111,0.597110690742958,"UHRF1-binding protein 1-like","liver"
"LOC115141381",239.809374333948,0.182483718243214,0.0715363053759718,2.55092455899335,0.0107437578960053,0.14485976998297,"eukaryotic translation initiation factor 3 subunit E","liver"
"LOC115102203",75.1168947660982,0.182220705618369,0.094297078485289,1.9324109351574,0.0533088054115292,0.284406663425907,"protein RCC2 homolog, transcript variant X1","liver"
"LOC115143332",9939.13930372918,0.181941807305773,0.198221045574683,0.917873310466538,0.358685195991434,0.638986389362363,"inter-alpha-trypsin inhibitor heavy chain H3-like","liver"
"LOC115118532",96.74159181423,0.181940678208056,0.102860316571427,1.76881312708886,0.0769250653555054,0.333915406165112,"RNA polymerase-associated protein RTF1 homolog","liver"
"LOC115135224",207.957249556606,0.181888321052332,0.119325640241373,1.5243020752657,0.127433269001558,0.410979978740106,"nuclear receptor coactivator 4-like, transcript variant X3","liver"
"LOC115131440",75.7047026680452,0.181769563742378,0.110804707508977,1.64044983131832,0.100911671529347,0.373583990148609,"splicing factor 3A subunit 3-like","liver"
"LOC115105090",282.602634174124,0.181736622727997,0.145528188602583,1.2488070144561,0.211735667764786,0.510664137074055,"Krueppel-like factor 6","liver"
"LOC115108042",58.5884227198979,0.181695241212791,0.120685132877733,1.50553126868466,0.132187544025121,0.416702574977876,"sialomucin core protein 24-like, transcript variant X1","liver"
"LOC115139898",245.785209763016,0.181665194694148,0.186984375585665,0.971552805549362,0.331273070892351,0.614313839159725,"calcium-binding mitochondrial carrier protein SCaMC-2-A-like","liver"
"LOC115140949",132.484409023418,0.181511933417613,0.132070316418548,1.37435828382797,0.169330480241788,0.463320097060133,"nectin-2-like, transcript variant X1","liver"
"LOC115105876",1014.87566294209,0.181497520933752,0.15551415921914,1.16708036004617,0.243177918441526,0.536838563243849,"60S ribosomal protein L17","liver"
"LOC115111733",64.3319367617917,0.181286002482948,0.183455799200419,0.988172645798454,0.323068102393643,0.608233526723552,"prisilkin-39-like","liver"
"LOC115130284",64.696711789009,0.181106142054996,0.17666621812631,1.02513170868644,0.305301045720995,0.597697916598836,"N-myc-interactor-like, transcript variant X1","liver"
"LOC115118210",1018.37054128121,0.180961304152716,0.150807095014635,1.19995219147451,0.230157908473949,0.525265193135395,"40S ribosomal protein S23","liver"
"LOC115141291",87.1143828302601,0.180826072759664,0.189766732499271,0.952886053198806,0.340647807235442,0.621522140685613,"pre-rRNA-processing protein TSR1 homolog","liver"
"LOC115131400",70.1260269555268,0.180654392827718,0.155068174373051,1.16499980449318,0.244019071976169,0.536838563243849,"NADH dehydrogenase [ubiquinone] iron-sulfur protein 6, mitochondrial-like","liver"
"LOC115137271",67.4088937105614,0.180538877917877,0.129805719183406,1.39083916374123,0.16427420413927,0.456740556665529,"protein PAT1 homolog 1-like, transcript variant X2","liver"
"LOC115141348",75.9724545797608,0.180435191580285,0.147692061344989,1.22169864742297,0.221821607978375,0.516428701995884,"citrate synthase, mitochondrial-like, transcript variant X2","liver"
"LOC115108228",117.556952889052,0.180416581159958,0.118932999075619,1.51695982243958,0.129276828243646,0.413280276016548,"myosin light chain kinase, smooth muscle-like","liver"
"LOC115103870",6056.52899654362,0.180101946706197,0.171500157199763,1.05015616106063,0.293646321360211,0.589316792646096,"beta-2-glycoprotein 1-like","liver"
"acmsd",72.7710346889201,0.180010748913055,0.249549757468149,0.721342111246215,0.470699053655243,0.729530363810259,"aminocarboxymuconate semialdehyde decarboxylase, transcript variant X2","liver"
"LOC115103751",90.293268846249,0.179973363856275,0.168756895570488,1.06646524426673,0.28621338183101,0.583021643712116,"fucolectin-1-like","liver"
"fbxo34",58.4292816452318,0.179699782820291,0.163240282418871,1.10082989417517,0.270970698422604,0.567854275974568,"F-box protein 34, transcript variant X1","liver"
"LOC115112058",59.1818005795527,0.17966575317163,0.0997835260770199,1.80055526433242,0.0717730056170995,0.325413538259508,"oxysterols receptor LXR-alpha-like, transcript variant X2","liver"
"LOC115124133",74.1117232291078,0.179640984802821,0.186162294374658,0.964969761499001,0.334559957635065,0.616247300594826,"double-stranded RNA-specific adenosine deaminase-like","liver"
"atp6v0b",118.918817844219,0.179549706763159,0.106555125148738,1.68504055072461,0.0919807481292273,0.359285719078339,"ATPase H+ transporting V0 subunit b, transcript variant X1","liver"
"LOC115105397",59.3424381517911,0.179366890338037,0.17373459683337,1.03241895170752,0.301875897576676,0.594714532960023,"complement component 1 Q subcomponent-binding protein, mitochondrial-like, transcript variant X2","liver"
"LOC115133528",92.9186772012827,0.179035582688447,0.136877816053341,1.30799561134638,0.190874797835012,0.486229707126527,"mitochondrial fission 1 protein-like","liver"
"LOC115145942",127.351933517957,0.178879641055512,0.159431923915639,1.12198132382924,0.261870380794506,0.559917519582685,"trifunctional enzyme subunit alpha, mitochondrial-like","liver"
"LOC115101113",89.7489118949329,0.178862303387003,0.15171034473175,1.17897236146462,0.238409181557057,0.533638563441277,"hepatic leukemia factor-like, transcript variant X2","liver"
"LOC115101669",205.323548205014,0.178696464468546,0.316760884391647,0.564136777215217,0.57266105063714,0.798670925711656,"pancreatic progenitor cell differentiation and proliferation factor","liver"
"LOC115132401",134.552726141412,0.178590265966361,0.0916118397200773,1.94942342072868,0.0512448798315183,0.281629058450261,"DAZ-associated protein 2-like","liver"
"LOC115135390",133.659392339585,0.178546515158604,0.102397284321734,1.74366455459509,0.0812175995269137,0.344142164599947,"ATP synthase subunit g, mitochondrial-like","liver"
"LOC115146438",279.869882992035,0.178333034867459,0.170381320398143,1.04667010709117,0.29525175528228,0.589635548520613,"heme-binding protein 1-like","liver"
"pacsin3",109.438805169697,0.177516586730548,0.114570212193326,1.54941309204356,0.121282448564708,0.40256291559426,"protein kinase C and casein kinase substrate in neurons 3, transcript variant X6","liver"
"LOC115127632",73.3583048952313,0.177448734006357,0.130048255103417,1.36448377462078,0.172415357391885,0.46669945221695,"DEP domain-containing protein 7-like","liver"
"rps7",753.710282813617,0.1773270634653,0.146754394333107,1.2083254083881,0.226922118849068,0.52226683028165,"ribosomal protein S7","liver"
"LOC115124839",100.068691401744,0.177277633718504,0.106679645030596,1.66177562427828,0.0965577714487804,0.366111140860678,"ubiquitin-conjugating enzyme E2 D2","liver"
"LOC115139938",285.246258292285,0.177034066287274,0.109571250387962,1.61569814764771,0.106159591682744,0.383223370677825,"cytochrome c oxidase subunit 6A, mitochondrial-like","liver"
"LOC115146050",283.562602790567,0.176799595451172,0.168015955038388,1.05227860896173,0.292671742885702,0.58860408600043,"NF-kappa-B inhibitor alpha-like","liver"
"LOC115111015",737.130815354998,0.176719730649544,0.139837744711202,1.26374843225992,0.20632033548251,0.504504744938856,"cytochrome c oxidase subunit 6A, mitochondrial-like","liver"
"LOC115130259",92.7681678609324,0.176639306438989,0.147711706547736,1.19583823494656,0.231759691992433,0.52656215415895,"zinc finger CCHC domain-containing protein 2-like, transcript variant X1","liver"
"LOC115123973",312.469523909586,0.176590480946218,0.146095589606508,1.2087324567555,0.226765648023064,0.522201571379665,"26S proteasome regulatory subunit 10B-like","liver"
"LOC115101926",105.182785003698,0.176490058655805,0.137980257835881,1.2790964549851,0.200863091832245,0.496718234681971,"para-nitrobenzyl esterase-like, transcript variant X2","liver"
"LOC115121748",3125.13868777334,0.176482369544019,0.286848729824436,0.615245427971858,0.538392651100076,0.773215962597494,"microfibril-associated glycoprotein 4-like","liver"
"LOC115133659",419.857237209637,0.176233064625558,0.183391176633826,0.960968067604693,0.336568223867098,0.617950638777268,"calcium/calmodulin-dependent protein kinase type II delta chain, transcript variant X15","liver"
"LOC115139194",96.0692193310788,0.176192224031573,0.157232237463473,1.12058587268088,0.262464181208894,0.559917519582685,"peptidyl-prolyl cis-trans isomerase FKBP3-like, transcript variant X1","liver"
"LOC115104041",102.480386948556,0.176179896683938,0.131877176703508,1.33593925111115,0.181569130174018,0.476599777266393,"26S proteasome non-ATPase regulatory subunit 3-like, transcript variant X1","liver"
"LOC115102474",63.9781654511305,0.176171492878217,0.107581358387949,1.63756523916462,0.101512419311496,0.373942391822352,"pituitary tumor-transforming gene 1 protein-interacting protein-like","liver"
"mrps18c",155.647497690722,0.176157781277743,0.106652940942396,1.65169173696661,0.0985974079976883,0.370449604895488,"mitochondrial ribosomal protein S18C, transcript variant X3","liver"
"LOC115102446",72.7912801213227,0.176152381524821,0.110719595593508,1.59097746501479,0.11161464736159,0.391641485737699,"C4b-binding protein alpha chain-like, transcript variant X3","liver"
"LOC115128431",72.1315667540793,0.17608357780101,0.146419720308324,1.20259468758868,0.229133204457708,0.524279680165018,"CDC42 small effector protein 1-like","liver"
"LOC115114488",83.1850142840918,0.176015634992519,0.214248985606174,0.821547110220934,0.411334701403521,0.684326629763572,"rho GTPase-activating protein 21-like, transcript variant X4","liver"
"LOC115136854",944.441544154039,0.175927691346098,0.150364675231477,1.17000679232186,0.24199823543861,0.536838563243849,"40S ribosomal protein S3-like","liver"
"LOC115115291",205.66722992179,0.1758600963743,0.317049085803455,0.554677821980282,0.579115048479058,0.803012128207898,"pancreatic progenitor cell differentiation and proliferation factor","liver"
"LOC115146299",115.202808925559,0.175715176917449,0.147490941926008,1.19136249740407,0.233511308774459,0.52818651196709,"transmembrane protein 50A","liver"
"LOC115113384",1435.75801847511,0.175705363130954,0.122216484702712,1.43765682312294,0.150531449581799,0.441414524097418,"60S ribosomal protein L8-like","liver"
"atp5me",451.306420351935,0.175370154582829,0.168819573336395,1.03880226159191,0.298896709339998,0.591752816572164,"ATP synthase membrane subunit e","liver"
"acot13",71.5093534820937,0.175280346849456,0.150422320633405,1.165254904401,0.243915827158749,0.536838563243849,"acyl-CoA thioesterase 13, transcript variant X2","liver"
"LOC115141644",227.495125391962,0.175260884580159,0.102097161261213,1.71660879122543,0.0860506751288217,0.350742551825077,"histone H3.3","liver"
"LOC115114641",107.449559796831,0.175166877926937,0.1721833007475,1.01732791255879,0.308997462423168,0.600632855049755,"HORMA domain-containing protein 1-like","liver"
"cgnl1",61.1753160834621,0.17508822546349,0.196741754547297,0.889939331212982,0.373498463350444,0.65394318583179,"cingulin like 1","liver"
"LOC115108401",201.68875756257,0.174906189852415,0.145020385329094,1.20608002423591,0.227786636259642,0.523369971473677,"inhibitor of growth protein 5-like, transcript variant X2","liver"
"cir1",164.894136292065,0.174895551179688,0.146043358713746,1.19755908601428,0.231088712138273,0.52656215415895,"corepressor interacting with RBPJ, 1","liver"
"LOC115139488",71.5653326408753,0.174895269854603,0.109028751384779,1.60412063454135,0.108687464347573,0.387833868138096,"glycoprotein integral membrane protein 1-like","liver"
"LOC115133279",65.8384641482317,0.17470925549666,0.0974095067707056,1.79355446186492,0.0728843104946978,0.326705500361584,"ankyrin repeat domain-containing protein 46","liver"
"tomm7",119.838746575184,0.174607194488929,0.102571540016067,1.7022967039549,0.0886997623842706,0.353757565047247,"translocase of outer mitochondrial membrane 7","liver"
"LOC115131831",1303.97172415527,0.174422249198827,0.107284425432731,1.62579282589524,0.103993735027272,0.378875711618017,"60S ribosomal protein L32, transcript variant X1","liver"
"gch1",88.4814406332735,0.174357173531229,0.172427823460894,1.01118931986503,0.311925826510354,0.601817480450307,"GTP cyclohydrolase 1","liver"
"LOC115129560",2085.44336073951,0.173873621838612,0.170013596227295,1.02270421717423,0.306447716864006,0.598735748568735,"dihydropteridine reductase-like","liver"
"LOC115124714",100.688295352555,0.173839254117917,0.111319317003731,1.56162702751841,0.11837587855477,0.399022611235736,"glycogen synthase kinase-3 beta-like","liver"
"LOC115103871",7113.8905399124,0.173802010942958,0.110262604956005,1.57625525909083,0.1149669881155,0.395961986628146,"beta-2-glycoprotein 1-like","liver"
"LOC115105347",72.1209272937253,0.173726634539516,0.164149103835838,1.05834653056198,0.28989748674733,0.584961463357483,"40S ribosomal protein S3-like","liver"
"LOC115136138",208.559964651439,0.173250213667228,0.0896390139954119,1.93275456684626,0.0532664396286895,0.284406663425907,"GTP-binding protein SAR1a","liver"
"LOC115132781",506.421848344024,0.173170579946205,0.125954750447588,1.37486342778524,0.169173789415122,0.463320097060133,"ATP synthase subunit beta, mitochondrial-like","liver"
"LOC115134057",196.672572514072,0.172705182259567,0.0907656545844408,1.90275917746945,0.0570719761983036,0.292965976675529,"V-type proton ATPase subunit E 1-like","liver"
"pex14",130.388402709787,0.172470072407053,0.121734089030793,1.41677712282734,0.156548100316896,0.446659174060549,"peroxisomal biogenesis factor 14","liver"
"LOC115137056",301.838320354845,0.172434081415797,0.234910906968519,0.734040337424201,0.462924154090931,0.720526116845953,"mRNA decay activator protein ZFP36-like","liver"
"rbis",190.725565765341,0.172309947176397,0.167042398846168,1.03153419950033,0.302290379116307,0.594714532960023,"ribosomal biogenesis factor","liver"
"LOC115117682",136.777817296781,0.17227126766212,0.147884430618561,1.16490469579222,0.244057572514857,0.536838563243849,"nuclear protein localization protein 4 homolog, transcript variant X1","liver"
"LOC115101331",76.3798955279565,0.172058082184373,0.174414944137666,0.98648704120541,0.323894171242189,0.608562708450577,"mannose-P-dolichol utilization defect 1 protein-like","liver"
"LOC115144463",208.929001108143,0.171951508295311,0.130629758413067,1.31632723189749,0.188064234557343,0.483018160085525,"voltage-dependent anion-selective channel protein 2","liver"
"lg4h9orf78",65.9183408262206,0.171903517442312,0.108867876054519,1.57901048199219,0.114333652799223,0.394843487388694,"linkage group 4 C9orf78 homolog","liver"
"LOC115103338",414.881583327194,0.17184341644842,0.280600669995085,0.612412708962636,0.540264735396875,0.773215962597494,"angiopoietin-related protein 3-like, transcript variant X2","liver"
"LOC115105255",157.749436118434,0.171767437098634,0.159344846946974,1.07796041346598,0.281051422754071,0.578568484416966,"heat shock 70 kDa protein 4-like","liver"
"LOC115117957",150.20472274128,0.171672930007544,0.139519485039186,1.23045845502746,0.218525475215336,0.514503686800326,"2-hydroxyacyl-CoA lyase 1-like","liver"
"LOC115142386",315.750734314141,0.171646847128854,0.107124841830545,1.60230665638109,0.109087814464751,0.387902142634666,"ATP synthase membrane subunit DAPIT, mitochondrial-like","liver"
"cavin1",125.214382648241,0.171639355389841,0.212164728978236,0.80899099589474,0.418520325482326,0.691461250848962,"caveolae associated protein 1","liver"
"LOC115136526",290.926559272432,0.171502800248092,0.267668706264391,0.640727870813144,0.52169950296008,0.766287269933437,"nuclear factor NF-kappa-B p100 subunit-like","liver"
"LOC115109143",124.606588815513,0.171347097707225,0.116389245232729,1.47219012688504,0.14096954280193,0.428662337026552,"U6 snRNA-associated Sm-like protein LSm4","liver"
"tlk1",75.1753358595317,0.171285938281037,0.120504226834692,1.42141020925355,0.155197540212759,0.444270383115265,"tousled like kinase 1, transcript variant X3","liver"
"LOC115122471",64.2184289552682,0.171250425080988,0.413562657856808,0.414085802544295,0.678811269991895,0.865342900230391,"DNA damage-inducible transcript 4-like protein","liver"
"LOC115143343",395.822736331232,0.171111343750353,0.115876708619654,1.47666727670007,0.139764847984333,0.427367982283678,"protein transport protein Sec61 subunit alpha","liver"
"LOC115130375",106.173338622326,0.170988463043084,0.1103457173148,1.54957045188513,0.121244649610326,0.40256291559426,"charged multivesicular body protein 5","liver"
"LOC115104043",77.6773393083605,0.170978448439392,0.247076124712998,0.692007164342567,0.488932829831528,0.74444909017307,"collagen alpha-1(I) chain-like","liver"
"fuom",372.191135284583,0.170650161347978,0.116321920262196,1.46705075847546,0.142362247935852,0.429510379412682,"fucose mutarotase, transcript variant X1","liver"
"aurkaip1",60.6948575572032,0.170611073741797,0.151613518694257,1.12530251399185,0.260460864786872,0.55839021556496,"aurora kinase A interacting protein 1","liver"
"LOC115109284",309.038483599886,0.170445709792688,0.10783306291523,1.58064424013142,0.113959404374102,0.394843487388694,"microtubule-associated proteins 1A/1B light chain 3B","liver"
"LOC115122135",440.882461201312,0.170362032149669,0.12773617524841,1.33370231117665,0.182301437054454,0.477648591041562,"cathepsin B-like","liver"
"LOC115115645",2289.24467946826,0.169815708422079,0.181226773092281,0.937034332866529,0.348740897760412,0.628953800289045,"complement C3-like","liver"
"LOC115114568",198.46513504001,0.169614806815273,0.111488587544602,1.52136474728786,0.128168330317136,0.411700045087826,"ADP-ribosylation factor 1-like","liver"
"LOC115140191",160.224069066197,0.169599677686709,0.124539102579073,1.3618186912743,0.173255111289579,0.467364549051175,"ubiquitin recognition factor in ER-associated degradation protein 1-like, transcript variant X1","liver"
"LOC115101024",59.7440858194676,0.16940089676498,0.113457247372743,1.49308132082955,0.135415901410963,0.422025930165722,"beta-centractin-like","liver"
"cops3",123.429122017675,0.169315980933576,0.142498669728022,1.1881934144139,0.234757217666783,0.529170367849427,"COP9 signalosome subunit 3","liver"
"LOC115113789",185.691298345476,0.169238059195102,0.152144459559723,1.11235111475531,0.265987214547677,0.562909598388542,"signal peptidase complex catalytic subunit SEC11A-like","liver"
"ppp4c",59.907365745905,0.169065590608193,0.10114571022413,1.67150529897471,0.0946219129286853,0.363848034997473,"protein phosphatase 4 catalytic subunit","liver"
"LOC115133081",662.342568806142,0.168544051734371,0.191559875836188,0.879850495823566,0.378940305471125,0.658661272963883,"inter-alpha-trypsin inhibitor heavy chain H2-like","liver"
"LOC115103209",59.9668806326273,0.1685140793802,0.138056629184736,1.22061562979861,0.222231585696953,0.516428701995884,"actin-related protein 2/3 complex subunit 5-like","liver"
"LOC115104990",90.7240156413749,0.168277530699972,0.201424521684296,0.835437161736059,0.403471613579703,0.677474617813646,"neutral cholesterol ester hydrolase 1-like, transcript variant X1","liver"
"LOC115107629",76.8031568113372,0.168258510039199,0.151633119714407,1.10964220980288,0.2671532347382,0.563456157874744,"N-alpha-acetyltransferase 20","liver"
"LOC115131881",473.311985095003,0.168143292702732,0.0893317314133554,1.88223478983856,0.0598041439993006,0.299461536782739,"cellular nucleic acid-binding protein-like","liver"
"LOC115104927",93.3099218208959,0.167987132312236,0.103332399583854,1.62569661586069,0.104014210328891,0.378875711618017,"brefeldin A-inhibited guanine nucleotide-exchange protein 1-like","liver"
"lg22h18orf32",171.342402772214,0.167907768564836,0.089832914647745,1.86911188647546,0.0616072496364507,0.304008655591009,"linkage group 22 C18orf32 homolog","liver"
"LOC115105880",80.5815119584439,0.167850030465805,0.114118869539665,1.47083502616948,0.141335737503865,0.428662337026552,"BRCA1-A complex subunit Abraxas 1","liver"
"LOC115135911",207.095072613575,0.167671003491085,0.0983372095956355,1.70506163618584,0.0881829296451457,0.353721798164171,"clathrin heavy chain 1-like, transcript variant X5","liver"
"acp1",91.693690118323,0.167388612413517,0.142629143199806,1.17359333904871,0.240557950489407,0.536020194846103,"acid phosphatase 1, transcript variant X1","liver"
"rbp2",4599.3080009075,0.167102287235639,0.138060476872734,1.21035571526872,0.226142427088453,0.521083623300571,"retinol binding protein 2","liver"
"mrpl48",59.420743263309,0.167075660300912,0.120380470010236,1.38789672682542,0.165168494704329,0.457977404363841,"mitochondrial ribosomal protein L48","liver"
"LOC115108068",61.3781747814097,0.167020532677498,0.135286776206275,1.23456658042348,0.216991853188256,0.514503686800326,"GRAM domain-containing protein 2B-like, transcript variant X1","liver"
"LOC115105060",353.107467139929,0.166713565208815,0.165602848803871,1.00670710928566,0.314075544724107,0.602661842208894,"dihydropyrimidine dehydrogenase [NADP(+)]-like","liver"
"glb1",66.8806136486972,0.166668152119032,0.171109056217946,0.974046352676636,0.330033524662758,0.613285735480405,"galactosidase beta 1","liver"
"arl6ip4",71.5119700647839,0.166136204819939,0.137163855972681,1.21122436841546,0.22580942581832,0.521083623300571,"ADP ribosylation factor like GTPase 6 interacting protein 4","liver"
"LOC115103926",85.9782182060581,0.165961031887503,0.10876986074356,1.5257998010936,0.127059730265144,0.410376751632905,"protein dpy-30 homolog, transcript variant X2","liver"
"LOC115115736",87.7288658681846,0.165822950414831,0.144179657163568,1.15011336326531,0.250097183102047,0.545539345742788,"heme oxygenase 2-like","liver"
"LOC115112816",57.4914865918095,0.16578131861861,0.198024722484223,0.837174856446613,0.40249428845636,0.677474617813646,"ADM-like","liver"
"LOC115134382",113.10664764603,0.165736494608057,0.14245834339,1.16340321433003,0.244665946017151,0.53731594610232,"group XV phospholipase A2-like, transcript variant X1","liver"
"LOC115110241",1318.83392395297,0.165646433823031,0.119721866278636,1.38359381599943,0.166482862923728,0.458812812222524,"60S ribosomal protein L19-like","liver"
"LOC115146891",10647.5815567107,0.165572803176949,0.0979295255213741,1.69073425297881,0.0908875691999526,0.358113368975136,"extracellular matrix protein 1-like, transcript variant X2","liver"
"LOC115114215",1084.59007860201,0.16553886406398,0.130173003812582,1.27168352281642,0.203485587306381,0.50038038228059,"40S ribosomal protein S15-like","liver"
"LOC115106378",113.547089090523,0.165524357203046,0.195074280465442,0.848519634716117,0.39614864233039,0.672512230794947,"solute carrier family 35 member G1-like","liver"
"LOC115110748",313.283136124567,0.165484744522875,0.120472012839166,1.37363642079926,0.169554584126308,0.463517427832885,"serine/threonine-protein phosphatase alpha-2 isoform-like, transcript variant X1","liver"
"LOC115103328",8846.58699617082,0.165445103755089,0.205529839837522,0.804968776727886,0.420837697808284,0.692213642489072,"complement factor H-related protein 5-like, transcript variant X3","liver"
"LOC115135866",164.954201607663,0.165402662571962,0.160355460276276,1.03147508845031,0.302318084468393,0.594714532960023,"non-histone chromosomal protein HMG-14-like","liver"
"LOC115109573",88.1839485193937,0.165159362246226,0.184075791457414,0.897235649177884,0.369593186287436,0.64961700185752,"protein C19orf12 homolog","liver"
"LOC115130665",401.631972056451,0.165095098466455,0.140216650130499,1.17742863142717,0.239024467649176,0.533981438694021,"cofilin-2-like","liver"
"LOC115140856",9022.29014492203,0.16502242131735,0.16582595116483,0.995154378178837,0.319661186571196,0.604704843863294,"apolipoprotein Eb-like","liver"
"LOC115130838",62.4787311371187,0.16500074006784,0.104468196082674,1.57943514155506,0.114236282217107,0.394843487388694,"protein farnesyltransferase/geranylgeranyltransferase type-1 subunit alpha-like, transcript variant X4","liver"
"paip2b",162.558926775031,0.164963612579346,0.131891899531623,1.25074862948497,0.211026202294095,0.509772381527706,"poly(A) binding protein interacting protein 2B, transcript variant X2","liver"
"LOC115130213",67.8443600086678,0.16493437178277,0.164578226169982,1.00216398986109,0.316264396586071,0.602661842208894,"transmembrane protein 14C-like","liver"
"LOC115129832",310.85762061188,0.164874796561895,0.129135529477594,1.27675781583025,0.20168776272704,0.497325662961533,"receptor expression-enhancing protein 6-like","liver"
"LOC115103223",632.422642751122,0.164782328110159,0.128549260697212,1.281861344176,0.199891290315734,0.496181792665946,"stress-associated endoplasmic reticulum protein 1","liver"
"LOC115134516",732.363756944591,0.164465567730754,0.104925214755394,1.56745514521141,0.117008342837735,0.397673381316532,"nucleobindin-2-like","liver"
"LOC115141460",209.450037988619,0.164289065399585,0.125278189392274,1.31139399600644,0.189724686246772,0.485142924179325,"probable signal peptidase complex subunit 2","liver"
"LOC115131303",349.582924270333,0.163565874855056,0.0962473921843753,1.69943175750386,0.0892378625192193,0.354170912977934,"cytochrome b-c1 complex subunit 7-like","liver"
"shmt2",873.423917459378,0.163528795011415,0.178034354656855,0.918523817083517,0.358344695757243,0.638658933059259,"serine hydroxymethyltransferase 2, transcript variant X1","liver"
"LOC115110513",58.1889445142298,0.163451383611702,0.117289180808356,1.39357596740975,0.16344568995143,0.455221463268693,"DNA-directed RNA polymerases I, II, and III subunit RPABC2","liver"
"LOC115120316",81.6162384903578,0.163432606709418,0.276400006046311,0.591290170529283,0.554326014486938,0.782250760109542,"mitoguardin 1-like","liver"
"LOC115102725",60.4321520946487,0.163236047650989,0.116940939265312,1.39588452663822,0.162749270927825,0.455221463268693,"cactin-like","liver"
"LOC115135293",131.701707508389,0.163109039576267,0.0906963278250641,1.79840841947728,0.0721123095155914,0.326226163801943,"transmembrane 9 superfamily member 3","liver"
"LOC115137929",149.97763219817,0.163065718847344,0.11865338307327,1.37430315616579,0.169347586900902,0.463320097060133,"cytochrome b-c1 complex subunit 1, mitochondrial-like","liver"
"LOC115101141",211.829002797788,0.163033338866333,0.11449501026122,1.42393400807924,0.154465576111577,0.444006832320724,"cytochrome c oxidase subunit 6B1-like, transcript variant X1","liver"
"LOC115107699",1816.62052875668,0.162855296332917,0.229497492711079,0.709616886917103,0.477941744791902,0.733165339596777,"protein THEMIS-like","liver"
"LOC115101635",98.8710477644754,0.162513205964301,0.128013129579521,1.26950420240565,0.204261292665398,0.500944060712491,"mitochondrial import receptor subunit TOM40 homolog, transcript variant X4","liver"
"LOC115105170",217.888067132129,0.162467927823281,0.0751684795788053,2.16138371739916,0.0306657108217271,0.220446979381587,"myosin regulatory light polypeptide 9-like","liver"
"LOC115136031",562.997999390177,0.162408632238344,0.185657136098504,0.87477721380004,0.381695137718531,0.66136676326576,"hypoxia up-regulated protein 1-like","liver"
"ndufc1",248.737496607524,0.162397934760354,0.0973303862843492,1.66852245182621,0.0952120587616549,0.364621744472608,"NADH:ubiquinone oxidoreductase subunit C1","liver"
"LOC115114130",95.7961042107288,0.16203301628781,0.27612941704578,0.586800993611436,0.557337369417659,0.784429253365463,"beta-1,3-galactosyltransferase 2-like, transcript variant X1","liver"
"LOC115104219",104.94187657336,0.161788960199136,0.352600251447603,0.458845277435029,0.646345277917997,0.847664930006401,"hemoglobin subunit alpha-like","liver"
"LOC115135161",81.0265630985999,0.161628377039129,0.116698496923147,1.38500821604901,0.166049955112088,0.45823941573248,"protein YIPF4-like","liver"
"LOC115103365",1785.59718004582,0.161581138384859,0.138144857289049,1.16965004384327,0.242141829510997,0.536838563243849,"ATP-binding cassette sub-family F member 2-like, transcript variant X2","liver"
"LOC115137198",101.638653717532,0.16134703581415,0.131510964784042,1.22687135691767,0.219870945686611,0.515088075260995,"eukaryotic translation initiation factor 4H-like, transcript variant X1","liver"
"LOC115143345",217.543852355702,0.160966698748196,0.096860756139725,1.66183607441589,0.096545646949243,0.366111140860678,"cytochrome b-c1 complex subunit 1, mitochondrial-like","liver"
"LOC115143533",58.9240741873142,0.160858199226503,0.124693511111188,1.29002862934116,0.197040718047138,0.493934788905371,"SWI/SNF-related matrix-associated actin-dependent regulator of chromatin subfamily D member 1-like","liver"
"LOC115130183",117.130546490493,0.160613382143669,0.167189373384684,0.960667409011192,0.336719423141392,0.617950638777268,"regulator of MON1-CCZ1 complex-like, transcript variant X1","liver"
"syap1",240.315569998317,0.160554564072516,0.102204499404898,1.57091483258928,0.116202432798262,0.397349929602112,"synapse associated protein 1","liver"
"LOC115135279",115.845177142815,0.160550210902429,0.0801981340368403,2.00191953130328,0.0452933866842624,0.262535331534834,"insulin-degrading enzyme","liver"
"LOC115140749",5335.85775901998,0.160299023743534,0.130637510426524,1.22705204056757,0.219803031913742,0.515088075260995,"complement C1r subcomponent-like","liver"
"LOC115141717",111.812206361454,0.160264154139324,0.102264134317476,1.56715895762426,0.117077541113797,0.397673381316532,"succinate dehydrogenase [ubiquinone] cytochrome b small subunit B, mitochondrial-like","liver"
"lgmn",951.423759026128,0.160017590315813,0.165396347091883,0.967479591474397,0.333304338759267,0.616121761806246,"legumain, transcript variant X2","liver"
"cct7",225.475743299128,0.159902646206476,0.108972682584399,1.4673645028664,0.142276925439733,0.429510379412682,"chaperonin containing TCP1 subunit 7","liver"
"LOC115110030",94.0664732977238,0.159826053585432,0.142618506837399,1.12065437459425,0.262435010193465,0.559917519582685,"protein spinster homolog 1-like, transcript variant X1","liver"
"LOC115109596",71.6575299899874,0.159728648101541,0.13349743040308,1.19649230415341,0.231504500007052,0.52656215415895,"NADH dehydrogenase [ubiquinone] 1 alpha subcomplex subunit 9, mitochondrial-like","liver"
"LOC115139221",133.399615445555,0.159726030404421,0.201978969059253,0.790805256351039,0.429057642133939,0.69773572252138,"glycerophosphocholine phosphodiesterase GPCPD1-like, transcript variant X2","liver"
"LOC115108036",103.408686600624,0.15964306213665,0.310549248586091,0.514066811829343,0.607205279949679,0.82542531676271,"SAM and SH3 domain-containing protein 1-like, transcript variant X2","liver"
"LOC115116509",10113.3754491782,0.159510221240006,0.239173631555652,0.666922269827604,0.504821785168559,0.757363748897196,"uncharacterized LOC115116509","liver"
"cideb",1682.6918403661,0.159449904692152,0.106764209740737,1.49347712196207,0.135312338513471,0.422025930165722,"cell death inducing DFFA like effector b","liver"
"LOC115116301",217.781791660162,0.158964470988078,0.20029443851234,0.793653943508195,0.427396919393399,0.69753127340027,"protein disulfide-isomerase A4-like","liver"
"LOC115114758",128.402533298821,0.158847795523919,0.307254676340836,0.516990652235705,0.605162684233632,0.824688432275588,"purine nucleoside phosphorylase-like","liver"
"hax1",62.3305831253732,0.158734386543903,0.119629411272857,1.32688429086936,0.184546961628017,0.47998072783418,"HCLS1 associated protein X-1, transcript variant X1","liver"
"LOC115109448",560.47090259246,0.158689216420719,0.109425437236522,1.45020408808341,0.147001615405666,0.435493105470209,"small EDRK-rich factor 2-like","liver"
"LOC115133083",197.332089637021,0.158606231779593,0.106054767182988,1.49551251671632,0.134780735742541,0.422025930165722,"ATP synthase subunit gamma, mitochondrial-like, transcript variant X1","liver"
"LOC115140859",191.002995140331,0.158480123643977,0.232090219227365,0.682838441755805,0.494708935627007,0.749105848998082,"apolipoprotein A-IV-like","liver"
"LOC115146386",79.4152427420382,0.158401300772152,0.0975664453101022,1.62352231106396,0.104477797887505,0.379596806638908,"14-3-3 protein zeta-like","liver"
"LOC115119899",77.2363018663648,0.158262407684607,0.132900159257092,1.19083685504434,0.233717637466547,0.52836000572027,"solute carrier family 35 member F6-like","liver"
"LOC115122609",302.327170892081,0.158218660813171,0.135857868727262,1.16458959864003,0.244185156097668,0.536838563243849,"myosin-9-like, transcript variant X3","liver"
"LOC115115068",69.9820961936385,0.158050719636161,0.135620869202752,1.16538642293965,0.2438626105606,0.536838563243849,"transcription and mRNA export factor ENY2-2, transcript variant X2","liver"
"LOC115137336",214746.43808828,0.157955570294176,0.0887307610230348,1.78016697335855,0.0750486386404317,0.330036247274382,"lecithin retinol acyltransferase-like, transcript variant X2","liver"
"LOC115114550",611.278255927076,0.157952406247097,0.197166758430848,0.801110732377815,0.423067543559994,0.694212281622599,"CCAAT/enhancer-binding protein delta-like","liver"
"LOC115109138",620.971015241119,0.157886995029055,0.145340825616862,1.08632240362571,0.277336378509752,0.574986306615336,"ubiquitin-60S ribosomal protein L40","liver"
"LOC115125838",123.040141712013,0.157623353865576,0.147864134517159,1.06600126109205,0.286423071834055,0.583021643712116,"polypyrimidine tract-binding protein 1-like, transcript variant X1","liver"
"LOC115105735",67.5166338257209,0.157395410365766,0.191528174809851,0.821787241078383,0.41119799655835,0.684326629763572,"moesin-like, transcript variant X1","liver"
"LOC115129309",295.553298771209,0.157393895601294,0.0830079950680914,1.89612934841016,0.0579429426590144,0.294660212954226,"heterogeneous nuclear ribonucleoprotein A0-like","liver"
"mrpl3",61.0631089064383,0.157373360375351,0.125197981942915,1.25699598294728,0.208755090188772,0.507083282246384,"mitochondrial ribosomal protein L3","liver"
"med19",95.9296324333061,0.157359418628311,0.112307890495375,1.4011430357584,0.161171304574438,0.453683865639094,"mediator complex subunit 19","liver"
"LOC115118659",95.0299168278367,0.156962950239894,0.121076318394739,1.29639678775295,0.194838818203042,0.490830051295179,"ubiquitin-conjugating enzyme E2 D2","liver"
"LOC115112679",10098.9702173323,0.156909301624517,0.240127357202214,0.653442004495898,0.513471366660366,0.761057923820965,"uncharacterized LOC115112679","liver"
"rabggta",75.0343131822081,0.156888360555839,0.112595413114097,1.39338145504078,0.163504470614663,0.455221463268693,"Rab geranylgeranyltransferase subunit alpha","liver"
"LOC115104018",71.0854975008484,0.156771422048408,0.0931372228887953,1.68323058371185,0.0923304624142935,0.359285719078339,"SUMO-conjugating enzyme UBC9-like","liver"
"LOC115126082",220.542365878619,0.156560963831131,0.109618504868667,1.42823480413919,0.153224286047383,0.44391958311037,"high mobility group protein B2-like","liver"
"LOC115124959",652.681799247561,0.15649846973465,0.142872636385852,1.09537049006361,0.273354357021342,0.571050078284785,"eukaryotic translation initiation factor 5A-1-like, transcript variant X1","liver"
"LOC115105947",116.906424686489,0.156067063425895,0.487689882761121,0.320012919977549,0.74895853644183,0.904252071841499,"fructose-1,6-bisphosphatase 1-like","liver"
"LOC115113503",104.638611609727,0.156053444403058,0.107832358624425,1.44718567222094,0.147844928303086,0.436430311333211,"mitochondrial carrier homolog 2-like","liver"
"LOC115102811",171.189971231724,0.155899440972382,0.122753042236059,1.27002506929793,0.204075700415384,0.500944060712491,"lactoylglutathione lyase-like","liver"
"LOC115134345",10115.0353517504,0.155638557361279,0.186146163410784,0.83610940193174,0.403093359604121,0.677474617813646,"tyrosine aminotransferase-like, transcript variant X1","liver"
"LOC115108137",4165.00275640946,0.155474801691826,0.125061535041985,1.24318641730753,0.213799146735492,0.51243215449923,"antithrombin-III-like, transcript variant X1","liver"
"LOC115103882",182.365773126659,0.155117233756087,0.137978315110172,1.12421458134367,0.260922005064419,0.55860856592808,"T-complex protein 1 subunit delta","liver"
"LOC115134883",487.263941627929,0.155048333864892,0.158654941447669,0.977267600051608,0.328436688893563,0.613285735480405,"cyclin-I-like","liver"
"LOC115104156",165.892717621742,0.155033599871572,0.110910671578186,1.39782401157207,0.162165921953702,0.455221463268693,"ADP-ribosylation factor 2","liver"
"LOC115129232",353.639506780517,0.154416824244151,0.130046138826117,1.1874002999091,0.235069761766041,0.52927094799634,"neutral alpha-glucosidase AB-like, transcript variant X3","liver"
"dkc1",161.758072942933,0.154275934196329,0.161308584231209,0.956402505989391,0.338868919141207,0.620225883494899,"dyskerin pseudouridine synthase 1","liver"
"LOC115104995",242.159630843749,0.15415851023085,0.318358629607579,0.484229092268902,0.628223292396632,0.838453876820129,"lipocalin-like","liver"
"LOC115101924",28390.5719714283,0.154149947931858,0.106234813839412,1.45103043306384,0.146771386098803,0.435493105470209,"apolipoprotein C-I-like","liver"
"LOC115122139",195.008245645031,0.154073626244616,0.364543671632258,0.422647924608719,0.672552155154692,0.861687651672345,"arginase-2, mitochondrial-like","liver"
"psma5",584.372945576866,0.153831402462486,0.134257565228768,1.14579317895692,0.251880738173233,0.546695676147192,"proteasome subunit alpha 5","liver"
"LOC115135488",77.0251041756134,0.153658044913278,0.0953171304191634,1.61207166264402,0.106946346314172,0.384419042669789,"sorting nexin-12-like, transcript variant X2","liver"
"LOC115143900",373.721952177788,0.153395508503476,0.272250424474451,0.56343533274407,0.573138483244994,0.798670925711656,"calcium-binding and coiled-coil domain-containing protein 2-like, transcript variant X1","liver"
"ankrd28",62.8168354532501,0.153378440959378,0.154035262207329,0.995735903334477,0.319378480606351,0.604704843863294,"ankyrin repeat domain 28","liver"
"LOC115130934",107.903233047979,0.153353610871547,0.16461371882553,0.931596782854303,0.351544946367753,0.632067578912643,"neutral alpha-glucosidase AB-like, transcript variant X1","liver"
"LOC115136739",1966.0134746781,0.153115752330716,0.105929423620246,1.44545063210795,0.148331350272813,0.437164557998545,"alpha-2-antiplasmin-like","liver"
"dcaf11",67.3589276902527,0.152947044583925,0.106215541224224,1.43996860366271,0.149876281919012,0.440443925812469,"DDB1 and CUL4 associated factor 11, transcript variant X3","liver"
"LOC115112912",234.970414877057,0.152382280510037,0.0943358204018453,1.61531727673464,0.106242004137866,0.383223370677825,"28 kDa heat- and acid-stable phosphoprotein-like, transcript variant X1","liver"
"LOC115109270",472.88167149605,0.152331960773781,0.126677682582551,1.20251616281749,0.229163607813909,0.524279680165018,"ATP synthase F(0) complex subunit C3, mitochondrial-like, transcript variant X1","liver"
"LOC115144396",473.924952688542,0.15226275225263,0.0975296262796019,1.56119487032706,0.118477778965789,0.399022611235736,"CD209 antigen-like, transcript variant X2","liver"
"LOC115107685",111.857373958913,0.152177316390579,0.0966991251142281,1.57371968164982,0.11555226963157,0.396770356823349,"glycoprotein integral membrane protein 1-like, transcript variant X1","liver"
"LOC115119824",177.50789578984,0.152079063260524,0.104662400904341,1.45304390064127,0.14621156540367,0.435493105470209,"dynactin subunit 2-like","liver"
"LOC115108105",232.816115803675,0.151958235782941,0.19002025237423,0.799694947692579,0.423887560885267,0.694998269576971,"aspartate--tRNA ligase, cytoplasmic-like","liver"
"LOC115136213",132.564936380694,0.151673562985061,0.177775366008234,0.853175366141768,0.393562061944997,0.668957032730528,"heat shock 70 kDa protein 4-like","liver"
"slc2a8",132.804205644042,0.151218537238642,0.172722660646806,0.875499119063845,0.381302389337962,0.661075516351141,"solute carrier family 2 member 8, transcript variant X1","liver"
"mmp2",82.5141464029004,0.150705913095021,0.306312267525067,0.492000905849088,0.622718703169434,0.83493468227586,"matrix metallopeptidase 2","liver"
"rabl3",66.0729366579784,0.150701600019955,0.113690091214768,1.32554735781915,0.184989672987388,0.47998072783418,"RAB, member of RAS oncogene family like 3, transcript variant X2","liver"
"LOC115104132",86.6357856373507,0.150575657197587,0.131117999056618,1.14839807105787,0.250804269642381,0.545797225340279,"ras-related protein Rab-11A-like","liver"
"LOC115104250",153.795034457569,0.150535492772451,0.125340632443556,1.20101111537187,0.229746889635887,0.524914978786927,"eukaryotic translation initiation factor 3 subunit G","liver"
"LOC115114670",59.3489013874991,0.150460776840943,0.0931429446792635,1.61537492033404,0.106229528018657,0.383223370677825,"TOX high mobility group box family member 4-A-like, transcript variant X6","liver"
"LOC115121009",239.292228736467,0.150168040779,0.113329772099173,1.32505376122693,0.185153320767687,0.47998072783418,"eukaryotic translation initiation factor 2 subunit 3-like","liver"
"LOC115103252",197.181891238061,0.150152063115657,0.130595850109995,1.14974605233773,0.250248480615514,0.545539345742788,"calponin-2-like","liver"
"LOC115116223",1290.48618659585,0.150102590671503,0.190201145918539,0.789178161606818,0.430007883948407,0.69773572252138,"endoplasmin-like, transcript variant X1","liver"
"LOC115117657",204.197266413358,0.149786303370342,0.250725855862065,0.597410677312617,0.550233226793583,0.780469839198195,"minor histocompatibility antigen H13-like, transcript variant X1","liver"
"LOC115119947",510.209593656016,0.149588005948789,0.144008947979318,1.03874105080104,0.298925183837607,0.591752816572164,"methionine synthase reductase-like, transcript variant X5","liver"
"LOC115108158",972.743376099593,0.149581190564575,0.144902689289773,1.03228719423865,0.301937598265155,0.594714532960023,"growth arrest and DNA damage-inducible protein GADD45 beta-like","liver"
"LOC115131409",61.2151316608508,0.149490975614497,0.185598498257608,0.805453584042507,0.420557981013543,0.692058651904628,"serine/threonine-protein phosphatase 1 regulatory subunit 10-like, transcript variant X1","liver"
"LOC115112318",106.548529927109,0.149480543425175,0.18145772543832,0.823776133334073,0.410066771045128,0.683763649742418,"lysosomal protective protein-like","liver"
"LOC115114223",418.082447683502,0.149393237384224,0.138849464513021,1.07593671972868,0.281955558282941,0.579503527523566,"gamma-interferon-inducible lysosomal thiol reductase-like","liver"
"LOC115136068",97.4130583524375,0.149218873360158,0.109756107373567,1.35954961351057,0.173972492164004,0.468679364217105,"histone H3.3","liver"
"LOC115126025",1401.93725938128,0.149216785827943,0.15201659717454,0.981582199584549,0.326305720416019,0.611510030992465,"60S ribosomal protein L23a-like","liver"
"LOC115104052",127.822763281709,0.14916690245029,0.135485956203972,1.10097685863265,0.270906728993618,0.567854275974568,"endoplasmic reticulum membrane sensor NFE2L1-like","liver"
"LOC115102427",101.112026807506,0.149095611451429,0.13252242700869,1.12505946968246,0.260563834642923,0.55839021556496,"citrate synthase, mitochondrial-like","liver"
"timm9",66.2613879207302,0.149028834884587,0.119114886790939,1.25113526024795,0.210885133042914,0.509772381527706,"translocase of inner mitochondrial membrane 9","liver"
"LOC115129181",153.539423901853,0.148974378253219,0.0906434189776239,1.64352117267327,0.100275148379279,0.372921081016371,"matrin-3-like","liver"
"LOC115137969",65.2378628734932,0.148930011593579,0.119820281752485,1.24294492898312,0.213888127804615,0.51243215449923,"NEDD8","liver"
"dnajc22",211.599257734641,0.148776413857021,0.067471088870808,2.20503946722861,0.0274513251531379,0.211651140154676,"DnaJ heat shock protein family (Hsp40) member C22, transcript variant X1","liver"
"LOC115120339",66.256848809543,0.148737448243156,0.208621394102152,0.712953956056525,0.475874249519506,0.732576569249348,"nicotinamide riboside kinase 2-like","liver"
"LOC115117629",180.200992942569,0.148710165927285,0.121447423870284,1.22448184727343,0.220770510094105,0.515384077401817,"probable C-mannosyltransferase DPY19L1","liver"
"LOC115129470",74.9583005007292,0.148611943708654,0.115711584804235,1.28433072591721,0.199026260318611,0.495196305981744,"GTP-binding nuclear protein Ran-like","liver"
"LOC115141662",264.618708145643,0.148586623698154,0.117699131155935,1.26242753229246,0.206794987358152,0.505333554239704,"eukaryotic translation initiation factor 3 subunit K","liver"
"LOC115130705",165.232960321636,0.148566615033951,0.119639362949786,1.24178707885887,0.214315131324819,0.512822279438682,"GTP-binding nuclear protein Ran, transcript variant X1","liver"
"echdc2",62.107071187872,0.148465215865703,0.10984272417325,1.35161629487207,0.176498094822163,0.472361283319198,"enoyl-CoA hydratase domain containing 2, transcript variant X2","liver"
"ccz1",73.5397627088447,0.148376326346423,0.0943095713676984,1.57329022064926,0.115651632717762,0.396770356823349,"CCZ1 homolog, vacuolar protein trafficking and biogenesis associated, transcript variant X1","liver"
"ccdc25",85.7411041842586,0.1482602970864,0.138180316954787,1.07294801715436,0.283294440199287,0.580547078055452,"coiled-coil domain containing 25, transcript variant X1","liver"
"LOC115130637",206.707903992746,0.148150153120404,0.251872768533023,0.588194404592732,0.556401812688211,0.78369505014228,"phospholipid-transporting ATPase 11C-like, transcript variant X3","liver"
"LOC115122257",217.774597673191,0.147919388091536,0.167625509387367,0.882439603805816,0.377539126935733,0.657627983500021,"intracellular hyaluronan-binding protein 4-like","liver"
"LOC115107081",280.790957471693,0.147903382131882,0.19064399118224,0.775809304110186,0.437861589568035,0.70514572859712,"methionine aminopeptidase 2-like","liver"
"LOC115123727",94.5747592285473,0.147518766476279,0.136653974427732,1.07950586211668,0.280362281951272,0.57813319794494,"probable protein BRICK1-A","liver"
"mrpl24",92.2510722363217,0.14733916499919,0.108812125163441,1.35406936293065,0.175714249439773,0.47112161936944,"mitochondrial ribosomal protein L24, transcript variant X1","liver"
"LOC115122343",58.576205230847,0.14726038271222,0.107362074264885,1.37162385992001,0.170180562175217,0.464294492253136,"cell division control protein 42 homolog","liver"
"LOC115111469",93.7646971796098,0.146794165886764,0.124062221495253,1.18323018979941,0.236717931247036,0.530990322990968,"protein SET-like","liver"
"cacybp",70.1535060928331,0.146469199662816,0.121863473339618,1.20191223546226,0.229397533405871,0.524410738172929,"calcyclin binding protein","liver"
"LOC115132193",108.413323355184,0.146028061963408,0.15402431903546,0.948084451065087,0.343086463283051,0.62401625361076,"dTDP-D-glucose 4,6-dehydratase-like","liver"
"LOC115119596",101.157155049927,0.145965259600242,0.215122916186712,0.678520271980481,0.497441874898719,0.751459900729902,"tropomyosin beta chain, transcript variant X4","liver"
"lg9bh14orf119",61.0029885554393,0.145951607144466,0.116055133038125,1.25760578893584,0.208534358750193,0.507083282246384,"linkage group 9b C14orf119 homolog","liver"
"LOC115104711",71.0967900872415,0.145923535096007,0.13636538746196,1.07009218256879,0.284577817552286,0.581820978127646,"vacuolar ATPase assembly integral membrane protein vma21-like","liver"
"fuca2",153.460915096003,0.145861311261713,0.173704782541613,0.839708090517143,0.401072076620174,0.67692330612995,"alpha-L-fucosidase 2","liver"
"LOC115112256",99.8600323144842,0.145780703367456,0.131354719483418,1.10982463318236,0.267074602264881,0.563456157874744,"AP-1 complex subunit gamma-1-like, transcript variant X1","liver"
"hadhb",288.945856157005,0.145762313098367,0.0737567159448748,1.97625817840518,0.0481255436707021,0.272444050002475,"hydroxyacyl-CoA dehydrogenase trifunctional multienzyme complex subunit beta","liver"
"LOC115135202",1045.31033199917,0.145759019349061,0.0910382753166313,1.60107404102408,0.109360521000776,0.387902142634666,"glutamate dehydrogenase, mitochondrial-like, transcript variant X1","liver"
"LOC115106825",85.7652485908404,0.145707085656562,0.142507097591869,1.02245493816636,0.306565629848614,0.598735748568735,"CD166 antigen homolog","liver"
"LOC115128327",59.7583627665935,0.145653286254768,0.195102169423271,0.746548778444263,0.455335977056358,0.717524370666108,"adenylate kinase 2, mitochondrial, transcript variant X3","liver"
"slc25a20",76.0753237871195,0.145525534935908,0.11091727610146,1.31201865075366,0.189513841722024,0.484907984217809,"solute carrier family 25 member 20","liver"
"LOC115133066",86.2762648455403,0.145203861874961,0.0873246565272071,1.66280484401013,0.0963515066929312,0.366111140860678,"serine/threonine-protein phosphatase 6 regulatory subunit 2-like, transcript variant X3","liver"
"hsd17b4",146.003908314941,0.145122721660633,0.112276468332996,1.29254797390152,0.196167443375028,0.492654651384235,"hydroxysteroid 17-beta dehydrogenase 4, transcript variant X2","liver"
"LOC115123629",65.7268562412101,0.145059165511392,0.106084766314195,1.36738921667381,0.171503340488573,0.465411195626781,"ATP-dependent RNA helicase DDX3X-like, transcript variant X1","liver"
"LOC115129234",145.859363333353,0.144649903175116,0.108609842831441,1.33183051742013,0.182915887375549,0.47884724273779,"N-terminal kinase-like protein, transcript variant X2","liver"
"snrnp27",116.607358597516,0.144641192569083,0.115934615480449,1.24761005994344,0.212173892603129,0.510847514985092,"small nuclear ribonucleoprotein U4/U6.U5 subunit 27","liver"
"LOC115122693",78.3936212897561,0.14444502082671,0.113771316487949,1.26960841524595,0.204224150331809,0.500944060712491,"SNW domain-containing protein 1","liver"
"LOC115110516",122.84882546619,0.144415179887769,0.109000051993195,1.32490927524314,0.185201244131177,0.47998072783418,"trinucleotide repeat-containing gene 6B protein-like","liver"
"LOC115128659",193.691687669147,0.144205930439694,0.378536181218079,0.380956795135564,0.703235307906379,0.879799605594352,"phospholipase A1 member A-like, transcript variant X1","liver"
"LOC115121021",196.148426418184,0.144065063007411,0.136945623502727,1.05198734594495,0.292805355335423,0.58860408600043,"cytochrome c oxidase subunit 5B, mitochondrial-like","liver"
"LOC115132954",142.357893211912,0.143985547983873,0.148919387392271,0.966869059195082,0.333609495858754,0.61612700730416,"26S proteasome non-ATPase regulatory subunit 14","liver"
"LOC115110711",206.751924481466,0.14396451756609,0.165037343326458,0.872314802603893,0.383036664432527,0.66160673912433,"hepatic leukemia factor-like","liver"
"LOC115133504",234.10705133963,0.143764174605086,0.159714562153233,0.900131914503553,0.36805005385351,0.647463107253736,"dedicator of cytokinesis protein 11-like","liver"
"aven",120.720596469146,0.143699566052952,0.092023395974992,1.56155469519951,0.118392929347192,0.399022611235736,"apoptosis and caspase activation inhibitor, transcript variant X1","liver"
"LOC115102565",473.127294308716,0.143605619071229,0.13365725427082,1.07443191059612,0.282629146757935,0.57990374554606,"40S ribosomal protein S26-like","liver"
"LOC115135550",131.307075341509,0.143557875071856,0.14431574863503,0.994748504093683,0.319858597490006,0.604704843863294,"eukaryotic translation initiation factor 1A, X-chromosomal-like","liver"
"LOC115121614",337.299924556701,0.143469135837017,0.10713118849093,1.33919111565875,0.180508463949999,0.476599777266393,"ATP synthase F(0) complex subunit C2, mitochondrial-like","liver"
"LOC115132498",91.8124242672036,0.143350782545245,0.129442630735952,1.10744645508375,0.268100950404158,0.564351190030695,"proliferation-associated protein 2G4-like","liver"
"ccdc90b",77.8948770305331,0.143190727100954,0.10502219707085,1.36343297983334,0.172746093088506,0.467193843714824,"coiled-coil domain containing 90B, transcript variant X1","liver"
"LOC115109711",111.310528685277,0.143158509411925,0.123145417375549,1.16251593005157,0.245025957742352,0.537816803316009,"transcription initiation factor TFIID subunit 3-like","liver"
"LOC115126145",72.0701318654752,0.143156282905436,0.177182585019628,0.807959105515797,0.419114124196333,0.691461250848962,"transcription elongation factor SPT6-like","liver"
"LOC115110776",164.263586389426,0.143111715845084,0.0913131359769457,1.56726317975998,0.11705318804372,0.397673381316532,"elongin-B","liver"
"LOC115136083",102.856755322254,0.143105666496502,0.143846220845292,0.994851763609516,0.31980836608721,0.604704843863294,"tubulin-specific chaperone cofactor E-like protein, transcript variant X2","liver"
"LOC115112302",991.010115436341,0.143048211953816,0.149681362873259,0.955684857539285,0.339231475056007,0.620225883494899,"transcriptional repressor CTCF-like, transcript variant X3","liver"
"glyctk",412.189781967231,0.142960848672686,0.100571269971004,1.42148795291045,0.155174953385607,0.444270383115265,"glycerate kinase, transcript variant X3","liver"
"LOC115133393",910.836296170591,0.142909229936696,0.188911056994024,0.756489494107361,0.449355768962503,0.711843806564774,"complement C1q-like protein 2","liver"
"LOC115111594",1087.76580990324,0.142762678464078,0.134672925234357,1.06006963326625,0.289112921589985,0.583993995264998,"60S ribosomal protein L31","liver"
"LOC115144942",123.016051364088,0.142756021868803,0.169246991473258,0.843477456385745,0.398961468616903,0.675038167738687,"uncharacterized protein C1orf21 homolog","liver"
"LOC115113321",36172.75141835,0.142712493787329,0.121386716546525,1.17568460411094,0.23972093312644,0.534812547029759,"serum amyloid P-component-like","liver"
"LOC115108213",224.331631207422,0.14249654064353,0.303102558303636,0.470126486035077,0.638264652221385,0.843720700939838,"cystathionine gamma-lyase-like, transcript variant X2","liver"
"mppe1",61.525859358477,0.142349582882814,0.133588522749524,1.06558243143175,0.286612444493565,0.583021643712116,"metallophosphoesterase 1, transcript variant X1","liver"
"LOC115133610",202.215653486075,0.142150081186394,0.226116671036796,0.628658119432785,0.529572901943222,0.769709401192402,"Y-box-binding protein 2-A-like, transcript variant X1","liver"
"LOC115142973",225.919147857766,0.142027785559559,0.113506274919707,1.25127695063579,0.210833451816067,0.509772381527706,"serine/arginine-rich splicing factor 3-like","liver"
"LOC115112359",167.333179634346,0.14196226271743,0.117140574312538,1.21189659134389,0.225551967127764,0.520878083859925,"transcription factor 25-like, transcript variant X1","liver"
"LOC115121786",892.883836396232,0.141579931623082,0.126067091904106,1.12305225324604,0.261415302784978,0.559332689843344,"60S ribosomal protein L23a","liver"
"LOC115135710",62.3064412633641,0.141458885375019,0.188251001179827,0.751437625768003,0.452389325805545,0.7152594615917,"T-box transcription factor TBX2b-like, transcript variant X1","liver"
"LOC115109231",75.2855362359894,0.14128552358654,0.163089327617877,0.866307597500038,0.386321500995519,0.662773438064016,"mitochondrial import inner membrane translocase subunit Tim13","liver"
"lztr1",70.1878008953392,0.141207011854291,0.114186067559347,1.23663959073553,0.216220914894748,0.514186959808047,"leucine zipper like transcription regulator 1","liver"
"LOC115101099",268.893994086477,0.140826171994336,0.165012864982113,0.85342541025272,0.393423435174629,0.668957032730528,"ribosome biogenesis protein NSA2 homolog","liver"
"LOC115110190",703.530424763063,0.140796174921132,0.107658711570983,1.30780103966134,0.190940801501232,0.486229707126527,"eukaryotic translation initiation factor 1","liver"
"LOC115125594",1098.08427356619,0.140778428219406,0.134351105833871,1.04783974307947,0.294712448233719,0.589635548520613,"40S ribosomal protein S5","liver"
"LOC115139231",71.0159537519882,0.140748203483464,0.202078574840718,0.696502356048405,0.486114282304595,0.740682716463517,"peptidyl-prolyl cis-trans isomerase FKBP1B-like, transcript variant X2","liver"
"LOC115144182",187.20256059676,0.140644323697287,0.094438680962187,1.48926607470937,0.136417317480121,0.42252050611624,"28 kDa heat- and acid-stable phosphoprotein-like","liver"
"LOC115110341",119.867843169265,0.14038446373321,0.228113581570496,0.615414754205792,0.538280850120945,0.773215962597494,"probable G-protein coupled receptor 146","liver"
"LOC115116214",650.444228850341,0.140222020473113,0.213646698234527,0.656326644089703,0.511613977771533,0.76014468441765,"complement C3 alpha chain-like","liver"
"LOC115107932",109.901525450102,0.140146135926083,0.123567051388908,1.13417075466983,0.256722928916574,0.553910749200098,"protein yippee-like 5, transcript variant X2","liver"
"upb1",184.75425377842,0.139819224821712,0.263985469502942,0.529647427507951,0.596356404630435,0.815687484991158,"beta-ureidopropionase 1","liver"
"LOC115134968",340.742713309236,0.139814057233388,0.171399595180827,0.815719880119228,0.41466036608134,0.688454440793297,"eukaryotic translation initiation factor 2 subunit 2-like","liver"
"snx3",141.68163644428,0.139601938963203,0.109031568997457,1.28038090478601,0.200411206308393,0.496581201770825,"sorting nexin 3","liver"
"LOC115133433",1020.46428281843,0.139597808066201,0.160042553104565,0.872254318356154,0.383069652682389,0.66160673912433,"thioredoxin-like","liver"
"LOC115144256",63.3018710345031,0.139344311848085,0.175855320175868,0.792380416519277,0.42813889471646,0.69773572252138,"vesicle-associated membrane protein-associated protein B-like","liver"
"LOC115129439",271.280723391881,0.139334462009596,0.112636906032383,1.23702316512084,0.216078482667519,0.514186959808047,"cofilin-2-like","liver"
"LOC115141336",115.357973311161,0.138998790166587,0.129220519859377,1.07567118842929,0.282074337244052,0.579503527523566,"ubiquitin carboxyl-terminal hydrolase 5-like, transcript variant X2","liver"
"LOC115110071",125.970876158397,0.138984443407215,0.125924515581002,1.1037123531185,0.269717935266716,0.566393768236545,"26S proteasome non-ATPase regulatory subunit 11","liver"
"LOC115108258",150.523571883954,0.138740041415567,0.112668960222653,1.23139541841331,0.218175009701615,0.514503686800326,"ras-related protein Rab-11B-like","liver"
"aldh16a1",188.32805935262,0.138523814755659,0.136962574219676,1.01139903031816,0.311825485099692,0.601817480450307,"aldehyde dehydrogenase 16 family member A1","liver"
"LOC115134466",65.8629069825335,0.1383462759587,0.101020083859379,1.36949278473457,0.170845288669571,0.464553299944745,"dihydrolipoyl dehydrogenase, mitochondrial-like","liver"
"acad11",152.252726176351,0.138101929643721,0.12624249516253,1.09394169899701,0.273980548774593,0.571050078284785,"acyl-CoA dehydrogenase family member 11","liver"
"LOC115125947",68.66947877036,0.137892064794625,0.129781820540594,1.06249137375519,0.288012672041181,0.583993995264998,"regulator of G-protein signaling 5-like, transcript variant X2","liver"
"LOC115104149",288.578987480601,0.137527233417027,0.0855992830913521,1.60664001438256,0.108133359387806,0.387154823363379,"ubiquilin-4-like","liver"
"LOC115133558",76.758008630793,0.137392629760883,0.111052441597559,1.2371869342484,0.216017691052221,0.514186959808047,"alkaline ceramidase 2-like","liver"
"LOC115125575",79.5550672071313,0.137376664008241,0.0942285182172753,1.45790962871212,0.144865454256568,0.434170287904245,"SPRY domain-containing protein 7","liver"
"LOC115125585",318.127010838764,0.137314939045145,0.221810756460998,0.619063481122429,0.535874539873644,0.773111844948289,"translocon-associated protein subunit delta-like","liver"
"gspt1",218.53204346286,0.137270768298876,0.138490822092839,0.991190363552434,0.321592635121483,0.606576390909378,"G1 to S phase transition 1, transcript variant X1","liver"
"LOC115122625",541.617549475938,0.13717483992228,0.186639850598222,0.734970797943764,0.462357278954141,0.72040071445607,"transmembrane protein 258","liver"
"LOC115129303",214.59056753191,0.136948104036842,0.0892233584622996,1.5348907102024,0.124810675816587,0.408617120183462,"casein kinase I-like, transcript variant X2","liver"
"LOC115107922",245.362888466808,0.136783802768643,0.140338887028183,0.974667860528022,0.329725040253511,0.613285735480405,"26S proteasome regulatory subunit 10B-like","liver"
"LOC115143249",61.3085210553093,0.136677630863317,0.118952533962375,1.14900983031222,0.250551927190996,0.545539345742788,"protein/nucleic acid deglycase DJ-1-like","liver"
"LOC115145847",65.7386970510395,0.136633073276573,0.124664556561651,1.09600576976346,0.2730762495057,0.571050078284785,"AH receptor-interacting protein-like, transcript variant X2","liver"
"LOC115102959",145.88742089247,0.136593736077076,0.147707089981759,0.924760863503195,0.3550903123063,0.635347056145081,"RB1-inducible coiled-coil protein 1-like, transcript variant X2","liver"
"LOC115125726",115.093102329903,0.136530847243359,0.0910392262294486,1.49969252703507,0.133694067224401,0.419557222961753,"vacuolar protein sorting-associated protein 29, transcript variant X2","liver"
"LOC115140043",58.9305124354894,0.136428853121958,0.21609249623151,0.631344704240889,0.527815162852904,0.769709401192402,"glycerol-3-phosphate acyltransferase 4, transcript variant X1","liver"
"LOC115103268",139.426872640922,0.136000625258649,0.119063171985691,1.14225602250034,0.253347615403876,0.548987177238809,"CMP-N-acetylneuraminate-beta-1,4-galactoside alpha-2,3-sialyltransferase-like, transcript variant X2","liver"
"LOC115111831",145.616988830967,0.135905046603438,0.143096605227909,0.949743331695274,0.342242686331679,0.623873519448982,"small integral membrane protein 15, transcript variant X1","liver"
"LOC115145280",223.288670764394,0.135872004756196,0.152918612125845,0.888524966760619,0.374258432075675,0.6544304457917,"60S ribosomal protein L36","liver"
"LOC115122412",78.5924119840677,0.135777843298227,0.0995133803002472,1.36441795956046,0.172436058645419,0.46669945221695,"acyl-CoA dehydrogenase family member 9, mitochondrial-like","liver"
"LOC115129441",278.863027983821,0.135471774886515,0.203727348374341,0.664966073369739,0.506072192975835,0.757363748897196,"ubiquitin-like protein 3","liver"
"LOC115139553",96.0431435837502,0.135451417104018,0.146730372420398,0.923131420371069,0.355938722292513,0.636040318359382,"protein disulfide-isomerase A6-like, transcript variant X2","liver"
"LOC115129291",90.7116833384546,0.135406099489493,0.129752494649004,1.04357222460949,0.296683349078246,0.590091121145315,"protein FAM199X-like, transcript variant X3","liver"
"LOC115142878",73.9732581870121,0.135221810718252,0.14066378407829,0.961312192788662,0.336395219131053,0.617950638777268,"synaptophysin-like protein 1, transcript variant X2","liver"
"LOC115105363",69.0616910643044,0.135086531394303,0.115129319808701,1.17334603920846,0.240657066860084,0.536020194846103,"calcium uptake protein 2, mitochondrial-like","liver"
"LOC115130936",70.4037964982497,0.134903265029509,0.0974325973519436,1.38458040425849,0.166180806779357,0.458290235746049,"UBX domain-containing protein 1-like, transcript variant X1","liver"
"mpc2",200.152371770298,0.134895141556968,0.137625262688522,0.980162645445894,0.327005840174516,0.611979627913396,"mitochondrial pyruvate carrier 2","liver"
"ap1m1",90.5219267584282,0.134493440481356,0.094520783831355,1.42289806569231,0.154765707066678,0.444242973242098,"adaptor related protein complex 1 subunit mu 1","liver"
"LOC115131437",723.6308112656,0.134326416589544,0.159505919461165,0.842140636807207,0.399709237315943,0.675742368851009,"60S ribosomal protein L15-like","liver"
"LOC115106552",88.867782688428,0.134316523729861,0.100592616134175,1.33525231663827,0.181793779249458,0.476828471184549,"3-phosphoinositide-dependent protein kinase 1-like","liver"
"gnpnat1",74.964141288687,0.133807680962362,0.141236558644063,0.947401170397938,0.34343439496204,0.624370470055876,"glucosamine-phosphate N-acetyltransferase 1","liver"
"LOC115133435",283.768985199626,0.13360669754493,0.0844566901430977,1.58195516919448,0.113659805123568,0.394843487388694,"cell death activator CIDE-B-like","liver"
"LOC115141973",65.2611543697944,0.133582294104867,0.122468859251612,1.0907449854695,0.275385110058203,0.572396587759938,"integral membrane protein 2C-like, transcript variant X1","liver"
"LOC115102631",78.0374255717273,0.133550606489435,0.108848292158316,1.22694259911024,0.219844166003254,0.515088075260995,"tensin-2-like, transcript variant X1","liver"
"LOC115105176",78.6669321378898,0.133267539577283,0.116310332909292,1.14579277905786,0.251880903678004,0.546695676147192,"vacuolar protein sorting-associated protein 41 homolog","liver"
"LOC115113540",140.715641116778,0.133147923299672,0.107958885727261,1.23332065167888,0.217456155914971,0.514503686800326,"cytochrome b-c1 complex subunit Rieske, mitochondrial-like","liver"
"LOC115101168",184.868955376364,0.133070508800522,0.14452922290676,0.92071697421614,0.357198211721182,0.637451799901724,"ATP-dependent RNA helicase DDX54-like","liver"
"LOC115124230",67.2329166071066,0.132963875132889,0.164815989140912,0.806741359415127,0.419815510210422,0.691660476805853,"serine-rich adhesin for platelets-like, transcript variant X5","liver"
"LOC115145042",9243.21853000263,0.132905872834127,0.184471178516009,0.72046958177043,0.471235921759802,0.729568582742692,"kininogen-1-like","liver"
"LOC115109482",84.7134491053738,0.132884793554947,0.117316686816138,1.13270155475161,0.257339604551757,0.554395469425455,"dnaJ homolog subfamily A member 2-like","liver"
"LOC115140869",31466.1479209623,0.132795128326453,0.111043282809273,1.19588618930278,0.231740975312924,0.52656215415895,"apolipoprotein C-I-like","liver"
"LOC115110416",249.018619341792,0.132786932509647,0.132072416827785,1.00541002958092,0.314699452374483,0.602661842208894,"MOB-like protein phocein, transcript variant X4","liver"
"LOC115102402",362.0205007974,0.132003745887749,0.167102247565838,0.789957931809024,0.429552336877045,0.69773572252138,"CCAAT/enhancer-binding protein beta-like","liver"
"LOC115134119",204.036610499136,0.131982434706313,0.124098628202445,1.06352855481212,0.287542322863108,0.583886746644405,"GTPase KRas, transcript variant X2","liver"
"LOC115140048",88.229244003449,0.131711278540706,0.122071925344406,1.07896453807133,0.280603536456628,0.57813319794494,"drebrin-like protein B, transcript variant X1","liver"
"LOC115143991",57.5971577443556,0.131653547269574,0.107896213361769,1.22018691080612,0.222394027645135,0.516511713208871,"vesicle transport through interaction with t-SNAREs homolog 1A-like, transcript variant X2","liver"
"LOC115117269",468.848306190734,0.131650841640529,0.126080654211966,1.0441795568351,0.2964023233636,0.590091121145315,"retinoic acid receptor RXR-beta-like","liver"
"LOC115110447",528.629665841514,0.131533444398743,0.110400054318377,1.19142554060183,0.233486571307798,0.52818651196709,"glutaryl-CoA dehydrogenase, mitochondrial-like","liver"
"bsdc1",114.632256273596,0.131529637446072,0.115712793334355,1.13669053918709,0.255667675719122,0.552838963517847,"BSD domain containing 1","liver"
"LOC115102722",88.3824089134319,0.13146853132486,0.261387638015704,0.502963844514182,0.614989692302487,0.831133284424714,"elongation factor 2-like","liver"
"imp4",60.6053245073539,0.131013811899901,0.131327369765376,0.997612395146298,0.318467348206323,0.604704843863294,"IMP U3 small nucleolar ribonucleoprotein 4, transcript variant X2","liver"
"LOC115118184",132.734652360638,0.130947265370595,0.111260706628282,1.17694080272278,0.239219134774592,0.533985319463986,"interleukin-6 receptor subunit beta-like","liver"
"LOC115110316",84.5830363407169,0.130872666058964,0.113872034208422,1.14929593529018,0.250433973597258,0.545539345742788,"transmembrane protein 184B-like, transcript variant X1","liver"
"LOC115124347",87.3967495712937,0.130676604141984,0.127953230404228,1.02128413428213,0.307119841052055,0.598746474685088,"caprin-1-like","liver"
"LOC115129186",358.966331011248,0.130594847996394,0.110556117942809,1.18125392268161,0.237501865865884,0.531899783115024,"transmembrane emp24 domain-containing protein 9","liver"
"LOC115133216",229.38802346786,0.130557525182001,0.113214373592465,1.15318860175799,0.248832980916293,0.544413972203334,"ADP-ribosylation factor 4","liver"
"LOC115141500",138.294389899343,0.130064510247935,0.12413097096462,1.04780063538701,0.294730469711538,0.589635548520613,"NLR family member X1-like, transcript variant X3","liver"
"plek2",251.379611426046,0.129968738277996,0.234299092446177,0.554712939435957,0.579091024235129,0.803012128207898,"pleckstrin 2","liver"
"LOC115146154",68.1918462391488,0.129914322093425,0.0911370597008057,1.42548292121691,0.154017653530166,0.444006832320724,"serine/threonine-protein phosphatase 2A 56 kDa regulatory subunit epsilon isoform, transcript variant X1","liver"
"LOC115142404",82.6819429072291,0.1297770432893,0.143253154719949,0.905927995393933,0.364973965361139,0.645674428303821,"stromal membrane-associated protein 1-like","liver"
"LOC115114170",6859.30438259797,0.129590221122929,0.170969111173384,0.757974468215539,0.448466267557163,0.711086038235466,"serine--pyruvate aminotransferase-like","liver"
"saraf",222.575591339847,0.129297984709474,0.0853183583132251,1.51547670707386,0.129651724742361,0.413829624158077,"store-operated calcium entry associated regulatory factor","liver"
"LOC115146573",87.9570299778043,0.129240479167611,0.210603539349989,0.61366717561586,0.539435283261707,0.773215962597494,"transmembrane protein 134-like","liver"
"LOC115104330",66.116089175392,0.129208575810122,0.124823396608761,1.03513106773649,0.300607705359005,0.593641960776794,"nucleolar transcription factor 1-like, transcript variant X6","liver"
"LOC115110115",162.279407606601,0.128738709854603,0.167528414294031,0.768458953050509,0.442214567780433,0.707440917137451,"cyclic AMP-dependent transcription factor ATF-4-like, transcript variant X3","liver"
"apof",790.426836498376,0.128669666007135,0.149836430634039,0.858734190761649,0.390487182491479,0.666789172951515,"apolipoprotein F","liver"
"LOC115119687",112.227549076591,0.128312702546043,0.185889800695843,0.690262198709823,0.490029315115461,0.745283391197993,"surfeit locus protein 1","liver"
"LOC115128685",71.3988038265009,0.128259207308622,0.11832147074673,1.08398929204627,0.278369546601753,0.576541804852004,"protein lifeguard 1-like, transcript variant X1","liver"
"LOC115135860",849.180405424162,0.128256601410156,0.102631148654703,1.24968494547078,0.211414658840038,0.51019902275429,"solute carrier family 13 member 5-like, transcript variant X2","liver"
"pfdn5",93.9796628763497,0.128193914819421,0.121640385791124,1.05387625981021,0.291939573251979,0.587627506456824,"prefoldin subunit 5","liver"
"LOC115136081",76.08274847344,0.128138330158671,0.291705815698352,0.439272456230961,0.660464129579686,0.854759755833864,"ubiquitin carboxyl-terminal hydrolase 2-like","liver"
"LOC115133600",153.995908744609,0.127959611368087,0.0970648587344831,1.31828978104337,0.18740666049071,0.482850536131564,"DNA-directed RNA polymerase II subunit RPB1-like","liver"
"amacr",134.775460977685,0.127846830920056,0.0931613279121264,1.3723165371864,0.169964919719668,0.464016753367291,"alpha-methylacyl-CoA racemase, transcript variant X2","liver"
"LOC115141347",119.551068542353,0.127809282560242,0.0955373409939482,1.33779401049415,0.180963594898446,0.476599777266393,"COP9 signalosome complex subunit 7a-like","liver"
"LOC115111382",155.452503679807,0.127417084194568,0.211174754496345,0.603372711375747,0.54626077169836,0.777429785419872,"beta,beta-carotene 9',10'-oxygenase-like, transcript variant X2","liver"
"LOC115110285",121.185227742065,0.1273878025949,0.0977849807136881,1.30273383156753,0.19266564764605,0.488356657857789,"V-type proton ATPase 116 kDa subunit a-like, transcript variant X2","liver"
"LOC115106814",253.537298469847,0.127291012636444,0.146745023269606,0.867429843958523,0.385706535804182,0.662773438064016,"fatty aldehyde dehydrogenase-like, transcript variant X2","liver"
"LOC115105469",99.3640711762075,0.127174251395067,0.146791982522159,0.866356930467024,0.386294455095844,0.662773438064016,"derlin-2","liver"
"LOC115107064",57.5091534690622,0.126919813244628,0.40898140145573,0.310331503566836,0.756308876527821,0.908746723189808,"insulin-like growth factor I, transcript variant X1","liver"
"LOC115113567",141.709528444894,0.126723817122583,0.0956453756086989,1.32493407356181,0.185193018329328,0.47998072783418,"cytosolic iron-sulfur assembly component 2B-like","liver"
"LOC115132306",64.4026318745514,0.126462729637598,0.155741734295813,0.812002834111231,0.416790005264184,0.690864604089798,"forkhead box protein P1-B-like, transcript variant X3","liver"
"LOC115129381",115.877638944506,0.126302214902496,0.106092719423366,1.19048899480542,0.233854252956328,0.528375795482257,"tetraspanin-7-like","liver"
"LOC115135101",357.072360285151,0.126203219870098,0.113085174465415,1.11600146055127,0.264421509420342,0.561930173304127,"multiple inositol polyphosphate phosphatase 1-like, transcript variant X2","liver"
"LOC115129593",79.054003547975,0.126176700238225,0.101938910653586,1.23776779081939,0.215802174567024,0.514186959808047,"ubiquitin-conjugating enzyme E2 A","liver"
"LOC115107698",729.611553410705,0.126025256438387,0.205600987177712,0.612960366427894,0.53990254636214,0.773215962597494,"protein LEG1 homolog","liver"
"LOC115132516",80.0278811179255,0.125981001662713,0.271019780733429,0.464840615403737,0.642045599740112,0.844861624160795,"glucose-6-phosphate 1-dehydrogenase-like, transcript variant X3","liver"
"LOC115145085",80.4493280400165,0.125977048369515,0.173530927643222,0.725963089579759,0.467861398323723,0.726754214774198,"histone H2A deubiquitinase MYSM1-like","liver"
"LOC115101228",57.4248886330319,0.125907811533806,0.0942510901070102,1.33587644865278,0.181589659983981,0.476599777266393,"bromodomain-containing protein 3-like, transcript variant X3","liver"
"LOC115106333",64.6923425276081,0.125875823850847,0.116440727870968,1.08102917383285,0.27968413655568,0.577796523365915,"ER membrane protein complex subunit 2, transcript variant X1","liver"
"LOC115105757",81.7369930544269,0.125704092490309,0.117625523430782,1.06868040901242,0.28521370219583,0.582393425434116,"non-POU domain-containing octamer-binding protein-like, transcript variant X1","liver"
"LOC115129650",239.607511289562,0.125569589778203,0.128684060729673,0.975797539075077,0.329164804527213,0.613285735480405,"kynureninase-like","liver"
"LOC115146196",118.947245365646,0.125541923327684,0.144677450106426,0.86773663231785,0.385538526991345,0.662773438064016,"60 kDa lysophospholipase-like, transcript variant X3","liver"
"LOC115139612",93.7681877096368,0.125449290447139,0.281161630042325,0.446182113925911,0.655465701782571,0.853670707268369,"pepsin A-like","liver"
"LOC115122039",65.027145758303,0.125438846238936,0.112523977394405,1.11477437203685,0.264947121338243,0.562460659674312,"telomerase RNA component interacting RNase-like","liver"
"LOC115107740",3435.43515505223,0.125317649798026,0.0936891072619798,1.33759039295363,0.181029997874019,0.476599777266393,"plasminogen-like","liver"
"LOC115137942",7634.90013679998,0.125185796264377,0.149628141378458,0.836646068788238,0.402791542170942,0.677474617813646,"purine nucleoside phosphorylase-like","liver"
"LOC115134394",241.98893001026,0.124911941149489,0.14165504717325,0.881803674786935,0.377882984083133,0.657921029334696,"microtubule-associated proteins 1A/1B light chain 3B-like","liver"
"LOC115119515",141.382926805524,0.124576977849264,0.100117438404651,1.2443084824619,0.213386050339223,0.512113441837363,"transmembrane 9 superfamily member 4","liver"
"LOC115114563",59.2111923152307,0.124478916286516,0.114378763308688,1.08830444293727,0.276460729807264,0.574046833771987,"ATP-binding cassette sub-family B member 8, mitochondrial-like, transcript variant X2","liver"
"LOC115110162",149.785154948955,0.124464614399803,0.282632754186338,0.440375761677446,0.659664977002809,0.854670834794485,"proline-rich protein 15-like protein A","liver"
"LOC115118793",124.414704089861,0.124410158295333,0.147880492419305,0.841288504386208,0.400186329088565,0.675988179595936,"transmembrane emp24 domain-containing protein 2-like","liver"
"erp44",165.212430063575,0.124288619614033,0.135296820535542,0.91863666213341,0.358285649009974,0.638658933059259,"endoplasmic reticulum protein 44","liver"
"LOC115141406",83.4238118079515,0.123911084561701,0.117800459620293,1.05187267486989,0.292857970169007,0.58860408600043,"putative RNA-binding protein Luc7-like 2","liver"
"LOC115128548",83.5703578605842,0.123766408098496,0.163841194971271,0.755404696115636,0.45000619636359,0.712320487913783,"CTP synthase 1-like, transcript variant X2","liver"
"LOC115107612",66.3914893826095,0.123642686854092,0.108234766329283,1.14235648163117,0.253305872567737,0.548987177238809,"14-3-3 protein zeta-like, transcript variant X1","liver"
"tpra1",112.879595673935,0.123604154208046,0.109650932938294,1.1272512772655,0.259636255981356,0.557868940105433,"transmembrane protein adipocyte associated 1","liver"
"LOC115102162",120.503581896368,0.123591510389934,0.101439442244329,1.21837726682536,0.22308063989136,0.516643694750173,"charged multivesicular body protein 4b-like","liver"
"mrps34",94.6843625583684,0.12334424957479,0.142573256968624,0.865128932292921,0.386968026386876,0.663069184035693,"mitochondrial ribosomal protein S34","liver"
"LOC115102288",78.1200649038758,0.123287254898928,0.110915841013642,1.11153874660486,0.266336521660292,0.563006462705069,"E3 ubiquitin-protein ligase Itchy-like, transcript variant X1","liver"
"LOC115136845",91.8205323787285,0.123153661202869,0.141660235194323,0.869359429157602,0.384650566577069,0.661813300704151,"DCN1-like protein 5, transcript variant X5","liver"
"LOC115119181",307.388478546153,0.122905324908637,0.16429006746858,0.748099546140505,0.454400115761222,0.71725436392334,"D-dopachrome decarboxylase-A-like","liver"
"LOC115115533",61.1822043216739,0.12280604288417,0.121283397852712,1.01255443909402,0.311273031376066,0.601817480450307,"myomegalin-like, transcript variant X4","liver"
"LOC115127300",7110.42337776125,0.122782262953071,0.165420778958372,0.742242079418384,0.457940677690469,0.718606378374489,"uncharacterized LOC115127300","liver"
"LOC115139683",86.8582221311588,0.122568147782467,0.0865901082823642,1.41549826202758,0.156922457618917,0.446659174060549,"pumilio homolog 2-like, transcript variant X11","liver"
"LOC115119394",206.519970197664,0.122435937752268,0.199066506479958,0.615050416653565,0.538521425593625,0.773215962597494,"uncharacterized LOC115119394, transcript variant X1","liver"
"LOC115140304",681.877750772856,0.122413489763988,0.140189367942399,0.873200953543678,0.38255355520129,0.66160673912433,"60S ribosomal protein L37-like","liver"
"LOC115111637",69.1375746109194,0.121944353313925,0.118735306713899,1.02702689443299,0.304407800255286,0.597110690742958,"MOB kinase activator 1A","liver"
"gns",68.7866287490621,0.12157791473365,0.152728181748587,0.796041132302518,0.426008128243233,0.696588509173365,"glucosamine (N-acetyl)-6-sulfatase","liver"
"LOC115128437",72.401242903752,0.12156303855568,0.224093089495183,0.542466699127255,0.587497042089328,0.808596260799709,"phosphatidylinositol 4-kinase beta-like","liver"
"LOC115106835",108.153044916008,0.121393294052823,0.0878698967306183,1.38151174144402,0.167121670180995,0.459483178109374,"transcription initiation factor TFIID subunit 12-like, transcript variant X1","liver"
"LOC115141057",135.415140135947,0.121183604633766,0.105426432195324,1.1494613078554,0.250365812502814,0.545539345742788,"induced myeloid leukemia cell differentiation protein Mcl-1 homolog","liver"
"LOC115103811",332.407146553331,0.121172908972537,0.162702241895983,0.744752546495358,0.456421326758823,0.718290860181067,"probable ATP-dependent RNA helicase DDX5","liver"
"LOC115101414",204.678693242277,0.121163372564594,0.133011272171422,0.910925597406822,0.362334577437302,0.643518839927863,"eukaryotic translation initiation factor 1A, X-chromosomal-like, transcript variant X1","liver"
"LOC115131613",1203.59194101517,0.121151881504229,0.145493388496906,0.832696817057121,0.405015740095381,0.679080278333514,"BOLA class I histocompatibility antigen, alpha chain BL3-7-like, transcript variant X2","liver"
"LOC115140086",60.3129272067519,0.120829393525755,0.136618854235812,0.884426927759151,0.376465792143226,0.656319319407951,"MOB kinase activator 1A","liver"
"LOC115111497",91.2340752810977,0.120818357571795,0.101273994929893,1.19298500721169,0.232875244855987,0.527687459895912,"RING finger protein 10-like","liver"
"keap1",380.619923981671,0.120818272122775,0.161860939718209,0.746432538530376,0.45540616950766,0.717524370666108,"kelch like ECH associated protein 1","liver"
"LOC115106795",59.5153784292255,0.120681515085817,0.170107382290685,0.709443137979708,0.478049526029618,0.733165339596777,"CTP synthase 1-like, transcript variant X1","liver"
"tmem59",227.343213804228,0.120635392572847,0.101430434313955,1.1893411813603,0.234305436294274,0.528808947029601,"transmembrane protein 59","liver"
"LOC115104093",2009.00229147521,0.120537541298859,0.132798935912056,0.907669481468462,0.3640528726061,0.644884619184034,"60S ribosomal protein L19-like","liver"
"LOC115143174",80.8883605309104,0.120456910124944,0.119122169895655,1.01120480117562,0.311918418347892,0.601817480450307,"signal transducer and activator of transcription 1-alpha/beta-like, transcript variant X1","liver"
"LOC115103004",125.787302637122,0.120163413698274,0.131223585395539,0.91571506247199,0.359816362722199,0.64044170063567,"proteasome subunit alpha type-7","liver"
"LOC115120412",271.441814719146,0.120055198334723,0.138815714876661,0.864853078352067,0.387119433973985,0.663069184035693,"RPE-retinal G protein-coupled receptor-like, transcript variant X3","liver"
"LOC115143065",144.964756467777,0.119894466481101,0.0974508191618507,1.23030742596401,0.218582004558375,0.514503686800326,"carboxy-terminal domain RNA polymerase II polypeptide A small phosphatase 2-like","liver"
"LOC115129178",68.8316997821497,0.119825948777222,0.122909505591673,0.974911974467663,0.329603925794872,0.613285735480405,"polyadenylate-binding protein-interacting protein 2-like","liver"
"LOC115146300",282.436034075417,0.119592291059924,0.148619662236158,0.804686871578881,0.421000397382338,0.692213642489072,"microsomal glutathione S-transferase 3-like","liver"
"LOC115143072",133.096964008715,0.119454562906149,0.141782607586611,0.84251915618901,0.399497421713411,0.675664519047246,"SAP domain-containing ribonucleoprotein-like, transcript variant X2","liver"
"LOC115110751",222.089727561077,0.119204984131855,0.149234594781292,0.798775808696057,0.424420420178033,0.695405793425233,"serine/threonine-protein phosphatase alpha-2 isoform-like, transcript variant X1","liver"
"LOC115112951",353.575323816203,0.119122034111058,0.069891193307867,1.70439262048842,0.0883077616554313,0.353721798164171,"glycine N-acyltransferase-like, transcript variant X4","liver"
"LOC115132210",837.856532368402,0.119096095285076,0.105258313395855,1.13146497832603,0.257859435831634,0.555221901980846,"properdin-like","liver"
"virma",70.1167463721452,0.118852220052361,0.106483229750588,1.1161590452388,0.26435406161163,0.561930173304127,"vir like m6A methyltransferase associated","liver"
"LOC115114676",264.534565516682,0.118836159297878,0.293547229804979,0.404828072732377,0.685603892113266,0.869229610243584,"putative leucine-rich repeat-containing protein DDB_G0290503","liver"
"LOC115117582",93.0437707605463,0.118739025909157,0.11487282802733,1.03365633064162,0.301296855048345,0.594139323259338,"NADH dehydrogenase [ubiquinone] 1 alpha subcomplex subunit 3-like","liver"
"LOC115103809",135.965101916558,0.118717943253665,0.162281312397832,0.731556465125378,0.464439328468638,0.722264289522384,"signal recognition particle subunit SRP68-like","liver"
"LOC115141324",142.336809483234,0.118619789128,0.1555820607195,0.762425877247252,0.445805866645916,0.709252424843385,"triosephosphate isomerase B-like","liver"
"LOC115106417",259.735967901763,0.11852602469822,0.15601134313837,0.759726968013452,0.447417805260399,0.710707316539901,"somatostatin receptor type 2-like","liver"
"LOC115120078",121.573835351881,0.118220883241026,0.171123118761516,0.690852785390051,0.489658059717139,0.745274925842816,"biorientation of chromosomes in cell division protein 1-like, transcript variant X2","liver"
"LOC115101021",267.963628278492,0.117676221310016,0.115802068427985,1.0161841054091,0.309541723928986,0.600632855049755,"cytochrome c oxidase subunit 5B, mitochondrial-like","liver"
"LOC115120624",84.5553741451178,0.117541853123829,0.0899595218053114,1.30660824740944,0.191345794170772,0.486844854581813,"RNA exonuclease 4-like","liver"
"LOC115128583",106.317699107614,0.117493659476515,0.116209100844714,1.01105385570031,0.311990654169636,0.601817480450307,"28S ribosomal protein S18b, mitochondrial-like","liver"
"tfb2m",83.649132847139,0.117474189903948,0.116223324683813,1.01076260056694,0.312130067142284,0.601817480450307,"transcription factor B2, mitochondrial, transcript variant X1","liver"
"tardbp",107.31957633321,0.117398711864405,0.0909668211467884,1.29056627883001,0.196854115351298,0.493770691798087,"TAR DNA binding protein, transcript variant X2","liver"
"LOC115104066",331.985282609944,0.117262354959937,0.0873057258266813,1.34312330433774,0.179232050672599,0.475752428727125,"ATP synthase F(0) complex subunit C3, mitochondrial-like","liver"
"LOC115142669",2371.42399772196,0.117261885338253,0.433562370762056,0.270461398972763,0.786805309812452,0.923982559861042,"uncharacterized LOC115142669","liver"
"LOC115102695",316.257014574149,0.117216922214136,0.117707855907696,0.995829218961008,0.319333130851375,0.604704843863294,"myosin light polypeptide 6, transcript variant X3","liver"
"LOC115105110",93.9381020870915,0.117139690947687,0.11658142346448,1.00478864871106,0.314998630914108,0.602661842208894,"rho GTPase-activating protein 12-like, transcript variant X1","liver"
"fahd1",222.011165407918,0.116912510421646,0.135696028776179,0.861576506520209,0.38892060378175,0.665228863203699,"fumarylacetoacetate hydrolase domain containing 1","liver"
"LOC115130449",278.663608930459,0.11686828601762,0.093854632599976,1.2452053007946,0.213056294625118,0.512038594865555,"zinc finger CCCH domain-containing protein 15-like","liver"
"LOC115130242",151.6363044447,0.116857391366267,0.14790426008655,0.790088069795182,0.429476336690432,0.69773572252138,"isocitrate dehydrogenase [NADP] cytoplasmic-like, transcript variant X2","liver"
"ddx24",205.040905465892,0.116471959349619,0.113485143580588,1.0263190024244,0.304741243119437,0.597110690742958,"DEAD-box helicase 24","liver"
"LOC115110996",69.2622174920472,0.116352142956169,0.197003144826225,0.590610586743687,0.554781369785685,0.782250760109542,"immediate early response 3-interacting protein 1","liver"
"LOC115114132",358.544180576282,0.116127156436475,0.0939723330133153,1.2357590017481,0.216548158643383,0.514364973560857,"profilin-2-like, transcript variant X1","liver"
"adamts13",263.653715679155,0.115883262702537,0.0894856032826105,1.29499336710687,0.195322517627721,0.491137928347065,"ADAM metallopeptidase with thrombospondin type 1 motif 13","liver"
"LOC115120150",155.317984740523,0.115665357230368,0.11837298014188,0.977126343289943,0.328506607438845,0.613285735480405,"vesicle-associated membrane protein-associated protein A-like","liver"
"LOC115144155",355.33947093047,0.115631488827374,0.262284729140144,0.440862452062885,0.659312577951215,0.854596863619591,"sulfotransferase family cytosolic 2B member 1-like","liver"
"LOC115130480",110.235240681381,0.115617500340206,0.096646157824748,1.19629691383965,0.231580712681855,0.52656215415895,"protein FAM199X, transcript variant X1","liver"
"LOC115135924",1479.38690387632,0.115583101227701,0.247298221665982,0.46738347105389,0.640225546161832,0.843720700939838,"polyubiquitin-B","liver"
"LOC115106911",1693.94527394678,0.11505081864872,0.27603889403496,0.416792057695133,0.676830512271412,0.8641371463475,"peroxisomal succinyl-coenzyme A thioesterase-like, transcript variant X1","liver"
"dao",136.61945884646,0.114941129082313,0.182738078334614,0.628993859023968,0.529353076582683,0.769709401192402,"D-amino acid oxidase, transcript variant X4","liver"
"slc17a5",79.0362077988805,0.114679486180408,0.185844788471263,0.617071305166788,0.537187694534474,0.773155735495238,"solute carrier family 17 member 5, transcript variant X1","liver"
"LOC115118672",248.413540135068,0.114402864623322,0.16904840235397,0.676746204224837,0.498566995522011,0.751593236245136,"dolichyl-diphosphooligosaccharide--protein glycosyltransferase subunit 2-like, transcript variant X1","liver"
"LOC115118818",107.771245205016,0.113869540360376,0.154199746146385,0.73845478482356,0.460238133667441,0.718606378374489,"zinc finger protein 706-like, transcript variant X2","liver"
"nfil3",95.8858015299731,0.113840831712271,0.125267806586518,0.908779636319768,0.363466457738702,0.644440367180105,"nuclear factor, interleukin 3 regulated, transcript variant X1","liver"
"LOC115109980",77.398936924789,0.113830684783759,0.129365039104754,0.879918450699688,0.378903488673338,0.658661272963883,"protein arginine N-methyltransferase 1, transcript variant X2","liver"
"LOC115137149",190.070280741728,0.113762504794327,0.136023558539269,0.836344130502106,0.402961333340282,0.677474617813646,"RNA-binding protein FUS-like, transcript variant X3","liver"
"aifm1",62.1514600687595,0.113741371938549,0.129618394409843,0.877509495904632,0.380209963355279,0.659608891015467,"apoptosis inducing factor mitochondria associated 1, transcript variant X1","liver"
"LOC115109887",81.2147102399517,0.11349777935898,0.103479428335453,1.09681490499783,0.272722313223061,0.570644840193633,"RING-box protein 1","liver"
"LOC115101325",92.0602686945074,0.113477747351256,0.0951403263651858,1.19274078286934,0.232970908175991,0.527687459895912,"U4/U6.U5 tri-snRNP-associated protein 1-like","liver"
"id2",146.409174040627,0.113405959031199,0.16621641561604,0.682278935031101,0.495062590324277,0.749303794341535,"inhibitor of DNA binding 2, transcript variant X2","liver"
"LOC115102194",84.5624573610561,0.113069626146295,0.138254031941764,0.817839628676598,0.413448766471594,0.687282696630595,"acetyl-coenzyme A synthetase, cytoplasmic-like, transcript variant X2","liver"
"LOC115124764",61.8707599584017,0.113031251249816,0.137178229213111,0.823973686627913,0.409954509418038,0.683763649742418,"integral membrane protein DGCR2/IDD-like, transcript variant X6","liver"
"LOC115111267",86.0850208372252,0.112979347500887,0.13983419311351,0.807952225312848,0.419118085054135,0.691461250848962,"transmembrane emp24 domain-containing protein 7-like","liver"
"LOC115106897",69.9197232808541,0.112860104658128,0.167580416396216,0.673468338873733,0.500649384730841,0.753284197919125,"V-type proton ATPase subunit F-like","liver"
"LOC115113079",118.288853254313,0.112692158401925,0.11703003895605,0.962933614370974,0.335580839233456,0.617529345695515,"peroxiredoxin-like 2A, transcript variant X2","liver"
"LOC115112450",81.2808609463421,0.112414282836806,0.0975328872033176,1.15257823345747,0.249083541592474,0.544547702597358,"transmembrane protein 9B-like","liver"
"LOC115119774",102.314389728995,0.112357935481495,0.130942168363128,0.858072971343389,0.390852171055741,0.667132935185595,"golgin subfamily A member 2-like, transcript variant X2","liver"
"idi1",241.909025261209,0.112182157582238,0.447675321302032,0.250588210348439,0.802132497729274,0.930948764448895,"isopentenyl-diphosphate delta isomerase 1, transcript variant X1","liver"
"LOC115133484",72.9254622088704,0.111910730512773,0.112381193514234,0.995813685664397,0.319340679468267,0.604704843863294,"RNA-binding protein 4B-like, transcript variant X1","liver"
"immt",225.371589890739,0.111894695873495,0.118592844657318,0.943519789889701,0.345415097724839,0.62546065674209,"inner membrane mitochondrial protein, transcript variant X2","liver"
"LOC115138064",61.6297304659962,0.111749465082815,0.123576934012466,0.904290642714455,0.365841307206324,0.645866505192671,"insulin receptor substrate 1-B-like, transcript variant X1","liver"
"LOC115114709",197.87106778307,0.111507972137488,0.288787457452815,0.38612470611092,0.699404313196844,0.878359688643963,"phospholipid hydroperoxide glutathione peroxidase-like, transcript variant X1","liver"
"LOC115103821",230.496136614936,0.111441460170056,0.163970580903156,0.679643016181519,0.496730525429895,0.75099169942591,"E3 ubiquitin/ISG15 ligase TRIM25-like, transcript variant X1","liver"
"LOC115120140",383.202624803862,0.111400025443128,0.132792173575747,0.838905053237822,0.401522591910175,0.677062232707574,"transmembrane 6 superfamily member 2-like","liver"
"agt",6424.07048521879,0.111065008006076,0.111398106708619,0.997009835154426,0.318759736048928,0.604704843863294,"angiotensinogen","liver"
"LOC115119450",62.2487924673591,0.110734226770657,0.0994856667215839,1.11306714243121,0.265679594112489,0.562909598388542,"leukocyte receptor cluster member 9-like, transcript variant X2","liver"
"LOC115144627",101.095167925045,0.110407991609843,0.149930359446787,0.736395163842908,0.461490246945457,0.719599941296741,"cystatin-like","liver"
"LOC115116690",82.8996257318968,0.11029988792051,0.179517310373308,0.614424802216236,0.538934650387309,0.773215962597494,"lysosome-associated membrane glycoprotein 1-like","liver"
"LOC115136070",129.225311459263,0.110283235168099,0.0911082117717066,1.21046427126064,0.226100792612784,0.521083623300571,"mitochondrial import inner membrane translocase subunit Tim17-A","liver"
"LOC115111722",145.346096119792,0.110203006432497,0.11346470980595,0.971253587313342,0.331422014796917,0.614313839159725,"dynein light chain 1, cytoplasmic","liver"
"htatsf1",86.4770483413275,0.110163308838983,0.130226891734285,0.845933642213932,0.397589763587283,0.673836123235662,"HIV-1 Tat specific factor 1, transcript variant X2","liver"
"LOC115143523",100.223848660521,0.110153737216569,0.281294958387248,0.391595135043,0.695357383076099,0.875858063479042,"PRELI domain containing protein 3B-like","liver"
"LOC115110448",175.651196380959,0.110146188730367,0.125939805692143,0.874593923065249,0.38179489547702,0.66136676326576,"choline transporter-like protein 2, transcript variant X1","liver"
"LOC115120914",147.980936103419,0.109766296883606,0.10803113345271,1.01606169791466,0.309600006982222,0.600632855049755,"ras-related protein rab7-like, transcript variant X2","liver"
"LOC115123229",83.2351355774517,0.10939629312291,0.132538150681867,0.825394745287303,0.40914751722028,0.683477573848304,"endothelial differentiation-related factor 1 homolog, transcript variant X2","liver"
"LOC115132307",58.0155156657924,0.108946328420329,0.106448241532754,1.02346762005276,0.306086801976797,0.598503180422157,"eukaryotic translation initiation factor 4E type 3-like","liver"
"rbks",259.455414849616,0.108919933933826,0.0918286682925853,1.18612124033841,0.235574423559465,0.5298465045718,"ribokinase, transcript variant X1","liver"
"LOC115102044",141.961759153878,0.108565019531211,0.0912703348812537,1.18948856353445,0.234247468718514,0.528808947029601,"14-3-3 protein beta/alpha-2","liver"
"LOC115109492",207.226579688306,0.108426909987246,0.11149235129754,0.972505366739347,0.330799196297197,0.613717580385697,"26S proteasome non-ATPase regulatory subunit 7-like","liver"
"atic",185.333131511871,0.108405452261823,0.154603884358443,0.701181944500755,0.48318947624649,0.738739799392609,"5-aminoimidazole-4-carboxamide ribonucleotide formyltransferase/IMP cyclohydrolase","liver"
"LOC115129532",233.681051856222,0.108097777393013,0.137823355958976,0.784321181565111,0.432851673762385,0.699899417378414,"calnexin-like, transcript variant X3","liver"
"LOC115141342",268.466398989275,0.107852651419079,0.211190637485442,0.510688602029118,0.609569123136899,0.82682320995208,"uncharacterized LOC115141342, transcript variant X1","liver"
"LOC115146282",314.392240572954,0.107672612930003,0.088207025695467,1.22068068933353,0.222206942017521,0.516428701995884,"KH domain-containing, RNA-binding, signal transduction-associated protein 1-like, transcript variant X5","liver"
"LOC115118439",94.3075794498797,0.107540734121185,0.115286515886891,0.932812769072618,0.350916647161578,0.631465354487988,"Golgi phosphoprotein 3, transcript variant X2","liver"
"LOC115144746",621.569072975023,0.107336159323753,0.140699784661764,0.762873657424452,0.445538747781035,0.709104231142327,"40S ribosomal protein S13-like","liver"
"LOC115105558",119.103638202039,0.107152058472498,0.160180973815485,0.668943732330707,0.503531371852674,0.756224713217207,"protein eva-1 homolog B-like, transcript variant X2","liver"
"LOC115111366",13589.4154861919,0.106681643208232,0.259106305760466,0.411729243312413,0.680537888276596,0.86656433383799,"alpha-1-antitrypsin-like protein CM55-ST","liver"
"LOC115123596",111.102953966735,0.106496758372995,0.127051284509604,0.838218667241772,0.401907904833012,0.677212327449094,"bromodomain-containing protein 3-like, transcript variant X1","liver"
"LOC115135742",173.161468037541,0.106428782915932,0.0993424034367081,1.07133287734214,0.284019781930527,0.581156943347805,"protein YIPF6","liver"
"LOC115113103",200.36738698551,0.105977536757251,0.105062131556677,1.0087129890381,0.31311230058293,0.602462265573734,"voltage-dependent anion-selective channel protein 2-like","liver"
"LOC115134338",883.053516007348,0.105930550649108,0.241690187995287,0.438290654361087,0.661175599766269,0.854759755833864,"carboxylesterase 5A-like, transcript variant X1","liver"
"LOC115125022",283.532528550915,0.105828555541337,0.151534942397098,0.698377244662244,0.484941303281626,0.740307397818692,"uncharacterized LOC115125022","liver"
"LOC115143450",283.004001428219,0.105753038438719,0.115964880136876,0.911940221159167,0.361800186960643,0.642849852681596,"TAR DNA-binding protein 43-like, transcript variant X1","liver"
"LOC115141129",100.308074049544,0.105735821803543,0.0906487373533087,1.16643457913188,0.243438784597,0.536838563243849,"septin-7, transcript variant X1","liver"
"LOC115142750",62.9220886344302,0.105484018990784,0.103970202268342,1.01456010173506,0.310315566285791,0.601734656603655,"ubiquitin-conjugating enzyme E2 R2-like","liver"
"LOC115134122",88.3591088023657,0.105424732803729,0.247556186763053,0.425861838406145,0.670208523681106,0.860671059396405,"fatty acyl-CoA hydrolase precursor, medium chain-like, transcript variant X1","liver"
"comtd1",73.4867044813726,0.105242078754681,0.170370613963005,0.617724361652732,0.536757050336788,0.773111844948289,"catechol-O-methyltransferase domain containing 1, transcript variant X3","liver"
"LOC115132366",197.977165647914,0.105214881864907,0.127619059654943,0.824444892082638,0.409686815996405,0.683763649742418,"ras-related protein Rap-1A-like, transcript variant X2","liver"
"LOC115143334",63.5112401263357,0.104955895226425,0.223707438190891,0.469165871618738,0.638951077892763,0.843720700939838,"dolichyl-diphosphooligosaccharide--protein glycosyltransferase subunit 1-like","liver"
"LOC115118137",60.7027353820465,0.104908848493763,0.230636328377451,0.454866972743656,0.649204944784015,0.84929429465076,"dual specificity protein phosphatase 7-like","liver"
"LOC115133351",69.8732232295095,0.104790478588336,0.14005673728632,0.748200198139069,0.454339411521667,0.71725436392334,"H/ACA ribonucleoprotein complex subunit 3-like","liver"
"LOC115102666",187.51856842684,0.104634797190125,0.132307194002073,0.790847375906749,0.429033060055586,0.69773572252138,"signal transducer and activator of transcription 6-like, transcript variant X1","liver"
"LOC115132635",24226.6206561922,0.104628537662303,0.159421960927072,0.656299402252153,0.511631502083849,0.76014468441765,"hemopexin-like","liver"
"LOC115121568",89.5877502659447,0.104313565665529,0.146141409564896,0.713785134385246,0.475360053298077,0.73234439351182,"V-type proton ATPase subunit e 1-like","liver"
"LOC115141195",96.9609713750277,0.104281138533493,0.179361957263003,0.581400538468604,0.560970534638598,0.787367733879796,"probable aminopeptidase NPEPL1","liver"
"LOC115142607",206.274107848292,0.104267582995648,0.132597522500275,0.786346388903543,0.431664582390988,0.69903251403483,"testis-expressed protein 2-like, transcript variant X2","liver"
"LOC115112086",59.8301593793007,0.104206345999136,0.117510404748836,0.886783993484355,0.375195206932536,0.655029417315753,"mitochondrial carrier homolog 2-like","liver"
"LOC115141522",216.184267030422,0.104194139002268,0.0841856951644861,1.23767035241187,0.215838316539342,0.514186959808047,"cleft lip and palate transmembrane protein 1 homolog","liver"
"mphosph8",70.5857209422245,0.103986130713521,0.13317296434963,0.780835143389292,0.434899461502192,0.701463229136552,"M-phase phosphoprotein 8, transcript variant X1","liver"
"LOC115114723",2878.46326221188,0.103841490674965,0.132775003923638,0.782086142770415,0.434163949933167,0.700852380169342,"elongation factor 2-like","liver"
"LOC115118965",179.427380633216,0.10362007104959,0.152598917697163,0.679035425763812,0.497115415880674,0.751294933307241,"profilin-2-like","liver"
"c8a",789.957807261447,0.103335169049034,0.127245831356602,0.812090800518571,0.416739531502163,0.690864604089798,"complement C8 alpha chain","liver"
"LOC115124220",117.39096235396,0.103286459563254,0.126819593632881,0.814436134074432,0.415395145413471,0.689393571948416,"HBS1-like protein","liver"
"LOC115134965",155.811344031008,0.103172829954517,0.129447633480183,0.797023685800422,0.425437275384267,0.696418608219386,"annexin A11-like, transcript variant X1","liver"
"ncstn",208.867304090184,0.10285305201494,0.105299182532292,0.976769710281448,0.328683174753396,0.613285735480405,"nicastrin","liver"
"LOC115129184",179.646298858984,0.102604645208437,0.208228891940954,0.492749321441578,0.622189723270965,0.83493468227586,"solute carrier family 25 member 48-like","liver"
"LOC115130629",81.2510806467127,0.102450777455198,0.117703009099436,0.870417657450433,0.384072200532122,0.661813300704151,"transmembrane 9 superfamily member 2-like, transcript variant X1","liver"
"LOC115118403",193.585625480442,0.102447467438183,0.0875246455619356,1.17049851250968,0.241800412407924,0.536838563243849,"proteasome subunit alpha type-2","liver"
"LOC115102834",60.9818211070143,0.102393984744063,0.256393142197544,0.399363196169931,0.689625608160641,0.87117093840346,"eukaryotic translation initiation factor 3 subunit F-like, transcript variant X1","liver"
"fam133b",502.620259698261,0.102314069184339,0.0905575483721799,1.12982375322089,0.258550497175236,0.556415959074055,"family with sequence similarity 133 member B","liver"
"LOC115133619",182.536344482325,0.102307371420306,0.31322981116077,0.326620799729037,0.743954709735838,0.902888945336445,"zinc finger and BTB domain-containing protein 38-like","liver"
"LOC115128317",5174.44442998997,0.102205918366915,0.138208012848305,0.739507907396764,0.459598639934783,0.718606378374489,"elongation factor 1-alpha, oocyte form","liver"
"LOC115138652",179.147790401505,0.102192821494173,0.108116425890721,0.945210874779232,0.344551228633705,0.62452235367431,"26S proteasome regulatory subunit 4-like","liver"
"LOC115128742",558.545035587418,0.102149327689489,0.100297776086847,1.0184605449381,0.308459141948534,0.600133395027315,"alpha-1,3-mannosyl-glycoprotein 2-beta-N-acetylglucosaminyltransferase-like, transcript variant X1","liver"
"rab5if",143.983781780033,0.102144008568845,0.120916760418604,0.844746486882641,0.398252398358004,0.674609000398847,"RAB5 interacting factor","liver"
"LOC115145573",241.842960771769,0.101357459279956,0.125716609745128,0.806237612400172,0.420105855301805,0.691859178266731,"ELMO domain-containing protein 2-like, transcript variant X1","liver"
"LOC115136656",126.85856276669,0.101177337851677,0.120639764259298,0.838673205910868,0.401652718029174,0.677062232707574,"sialate O-acetylesterase-like","liver"
"LOC115139940",85.8747242057332,0.101091549050027,0.125967575207375,0.802520401647841,0.422251991782607,0.693432360397223,"proliferation-associated protein 2G4-like","liver"
"ttr",4042.36864779211,0.101037808533506,0.140898598770654,0.717095907376403,0.473314920860297,0.731323585074515,"transthyretin","liver"
"LOC115130343",91.1572845944788,0.100941005107647,0.180710761782677,0.558577718957542,0.57644994973461,0.801094440885875,"collagen alpha-3(VI) chain-like, transcript variant X1","liver"
"LOC115119577",191.975414248812,0.10051736453557,0.110481317975996,0.909813227946912,0.362921017268078,0.64399915819969,"V-type proton ATPase subunit e 1-like","liver"
"LOC115120972",63.5888047932609,0.100381753083378,0.100829278457937,0.995561553336464,0.319463222934085,0.604704843863294,"beta-centractin-like","liver"
"LOC115143335",79.8210304510818,0.100339362658255,0.210996737835016,0.475549355349339,0.634395463255586,0.841672062765213,"calpastatin-like","liver"
"LOC115142959",76.4740518296307,0.100258439226781,0.148092130682765,0.677000450763647,0.49840566836785,0.751593236245136,"protein polybromo-1-like, transcript variant X1","liver"
"LOC115133971",71.0154971249526,0.100247866377913,0.152189217452975,0.658705446125897,0.510084935071164,0.759907235142568,"signal transducer and activator of transcription 1-alpha/beta-like, transcript variant X1","liver"
"LOC115132078",111.03833707174,0.100175635096791,0.1514693716863,0.661359019196695,0.508382100481579,0.758637327093147,"DENN domain-containing protein 2D-like, transcript variant X1","liver"
"LOC115136367",87.5911599231164,0.100148399328179,0.113198653885973,0.88471369482061,0.376311067571066,0.656319319407951,"guanine nucleotide-binding protein G(I)/G(S)/G(T) subunit beta-1-like","liver"
"LOC115106479",1009.84265962266,0.099967814587246,0.0752345420939658,1.32874889385768,0.183930828078656,0.47998072783418,"calcium-binding and coiled-coil domain-containing protein 2-like","liver"
"LOC115142705",137.084721088716,0.0999347631266397,0.180919261786303,0.552372158386761,0.580693401741267,0.803997477513357,"equilibrative nucleoside transporter 1-like","liver"
"LOC115113376",128.295661100029,0.0998467393518854,0.1203422616348,0.829689736552303,0.406714225771456,0.680234863076281,"transmembrane 9 superfamily member 3-like","liver"
"LOC115145599",778.372185057547,0.0994036958228803,0.137674395794596,0.722020207527812,0.470282053715882,0.729402454697845,"40S ribosomal protein S3a","liver"
"LOC115113377",88.5833325262994,0.0993765153953072,0.151584797035965,0.6555836557391,0.512092044547127,0.76014468441765,"thioredoxin-dependent peroxide reductase, mitochondrial-like","liver"
"LOC115137871",89.4860661461606,0.0990654711895969,0.192719672425364,0.514039225694319,0.607224566282221,0.82542531676271,"opioid growth factor receptor-like protein 1","liver"
"LOC115118896",66.594433475779,0.0990478893297747,0.60364153975282,0.164083951827326,0.869665055168285,0.953916782794922,"Usher syndrome type-1G protein homolog","liver"
"LOC115134396",59.1534073890571,0.099040021311645,0.105633623354303,0.93758046128416,0.348460056327954,0.628739791763055,"muscleblind-like protein 2a, transcript variant X2","liver"
"LOC115129187",87.4035527861249,0.098925523060228,0.113752471114295,0.869656035523226,0.384488405087222,0.661813300704151,"vesicular integral-membrane protein VIP36-like, transcript variant X2","liver"
"LOC115110301",133.166090215785,0.0987044577139144,0.100241209597911,0.984669459894183,0.324786458702685,0.609607002719297,"ADP-ribosylation factor 2","liver"
"LOC115120715",1430.11256176381,0.0984278132114317,0.153532882565775,0.641086206202533,0.521466675627279,0.766221402255512,"fibronectin-like","liver"
"dapl1",158.447442913354,0.0984147033486935,0.155450623513318,0.633093011301188,0.526672905824648,0.76896696463595,"death associated protein like 1","liver"
"LOC115109846",141.778720623136,0.0983492014880943,0.132743061005777,0.740899002500884,0.458754680361772,0.718606378374489,"3-mercaptopyruvate sulfurtransferase-like","liver"
"pdzd7",802.683509515388,0.097839272634621,0.143296173231483,0.68277659080658,0.494748023921206,0.749105848998082,"PDZ domain containing 7, transcript variant X1","liver"
"LOC115138265",102.77996335826,0.0976617098401069,0.231363939764383,0.42211292710335,0.67294259273444,0.861687651672345,"bifunctional glutamate/proline--tRNA ligase-like","liver"
"LOC115123136",88.981017035215,0.097574225480731,0.0986427098529702,0.989168136461054,0.322580885291292,0.607859583525195,"RNA-binding protein 39-like, transcript variant X2","liver"
"LOC115133030",2022.57119044918,0.0974622173492792,0.120079689542274,0.811646146994475,0.416994703754525,0.69092293191197,"phenylalanine-4-hydroxylase-like","liver"
"LOC115134575",231.694301832483,0.0974305945493647,0.103778488557906,0.938832275390102,0.347816865081956,0.628135375309726,"proteasome subunit alpha type-4, transcript variant X2","liver"
"LOC115102123",76.9513278535293,0.0974057079133727,0.220745533853976,0.441257887363678,0.65902630984933,0.854596863619591,"annexin A7-like","liver"
"LOC115129409",1906.61342156159,0.0973436563369731,0.0957520535799996,1.01662212660164,0.309333224084683,0.600632855049755,"coagulation factor IX-like","liver"
"LOC115143188",217.47754217729,0.0972446458351633,0.441392907497454,0.220313113743732,0.825627307768849,0.940278543298639,"AMP deaminase 2-like, transcript variant X1","liver"
"txndc17",85.2868292580594,0.097019804436447,0.125301973896776,0.774287917574004,0.438760547129665,0.705756902170685,"thioredoxin domain containing 17","liver"
"LOC115116688",117.78910080252,0.0969116953001193,0.138702937432928,0.698699660538787,0.484739746141597,0.740307397818692,"glycogen synthase kinase-3 beta-like","liver"
"LOC115138397",441.050549501339,0.0967857026120065,0.269072548715926,0.359701140357459,0.719070639163628,0.889788021284401,"glutaminyl-peptide cyclotransferase-like","liver"
"LOC115109329",6167.18836867197,0.0966969185420638,0.180513154239809,0.535677961804398,0.592181137239281,0.812590224908254,"tyrosine aminotransferase-like","liver"
"LOC115130741",74.1660554125944,0.096590427042954,0.113912815739893,0.847932924979285,0.396475326853519,0.672786607932949,"beta-1,4-galactosyltransferase 1-like","liver"
"LOC115139156",74.6578383088274,0.0965066949916694,0.163982158169529,0.588519483271458,0.556183660279912,0.78369505014228,"V-type proton ATPase subunit D-like","liver"
"LOC115110494",230.912601452883,0.0963943984486142,0.114660339076845,0.840695215317746,0.40051870172454,0.676269357178634,"WW domain-binding protein 2-like","liver"
"LOC115113037",67.9458269652527,0.0963309884705781,0.166510106070199,0.578529380252546,0.562906767478815,0.78928818097715,"F-box only protein 9-like","liver"
"LOC115143384",58.4532779230158,0.096210808976843,0.0907894133780409,1.05971396220204,0.289274748881264,0.583993995264998,"CXXC-type zinc finger protein 1-like, transcript variant X1","liver"
"LOC115134083",93.4691611421229,0.0961252074277531,0.105294570632382,0.91291703694161,0.361286176447363,0.642370768584835,"cytochrome b-c1 complex subunit Rieske, mitochondrial-like","liver"
"LOC115132214",125.28580935054,0.0960364353993026,0.100831334704691,0.952446337049578,0.340870668982375,0.621650490725798,"rho-related GTP-binding protein RhoA-C-like","liver"
"LOC115111507",1204.79253562792,0.0959916382622017,0.175876884403115,0.545788826018693,0.585211105056236,0.806843889797394,"interleukin-1 receptor type 1-like, transcript variant X1","liver"
"LOC115134178",115.549471303122,0.0959702386948591,0.124377041961016,0.771607341529634,0.440347024742932,0.706666998645233,"26S proteasome non-ATPase regulatory subunit 7-like","liver"
"LOC115137016",305.934312595838,0.095953999502806,0.107505244250465,0.892551802210256,0.372097239863137,0.652611165956174,"delta-like protein C","liver"
"LOC115107606",92.4558105707406,0.0959381255058641,0.111614803081483,0.859546609026635,0.390039016877128,0.66630303134584,"proteasome subunit alpha type-6-like","liver"
"rnf115",123.158195582103,0.0959211100900732,0.145219146009643,0.660526609099488,0.508915948481442,0.75899795316881,"ring finger protein 115, transcript variant X1","liver"
"LOC115130516",918.948153521279,0.0958059382716858,0.14826740394116,0.646169931657444,0.518169310111372,0.763177648504684,"guanine nucleotide-binding protein subunit beta-2-like 1","liver"
"LOC115143115",117.666380351447,0.0957912717590906,0.157808576398783,0.607009289007371,0.543844747603482,0.775842580063651,"methyltransferase-like protein 7A, transcript variant X1","liver"
"LOC115109408",424.977499983591,0.0957775182085944,0.066009750042742,1.45096017098349,0.146790951195932,0.435493105470209,"chromodomain-helicase-DNA-binding protein 2-like, transcript variant X2","liver"
"LOC115113644",108.777314117835,0.0955657919101137,0.0884016691506895,1.08104058247149,0.279679061886746,0.577796523365915,"AP-1 complex subunit gamma-1, transcript variant X3","liver"
"LOC115134935",86.1592891889678,0.0954394996026583,0.103179089109869,0.92498877850172,0.354971744538683,0.635347056145081,"matrin-3-like","liver"
"LOC115113472",152.684985971897,0.0952944883603167,0.114262747579472,0.833994371560492,0.40428415553912,0.678132599990722,"oxysterols receptor LXR-alpha-like, transcript variant X2","liver"
"nagpa",552.897894423251,0.0952444848729383,0.124803977256487,0.763152641179052,0.445372368889617,0.709104231142327,"N-acetylglucosamine-1-phosphodiester alpha-N-acetylglucosaminidase, transcript variant X1","liver"
"LOC115133377",74.0847082363487,0.095209826245388,0.217247624858102,0.438254854604626,0.661201548121731,0.854759755833864,"calpain-1 catalytic subunit-like, transcript variant X4","liver"
"LOC115125076",168.318919066765,0.0951683163371245,0.148170301199053,0.642290091651192,0.52068484646773,0.765624615513156,"cyclin-G1-like, transcript variant X2","liver"
"LOC115103875",115.370129596686,0.095116122111302,0.159747325138378,0.5954160548786,0.551565396358787,0.780469839198195,"26S proteasome non-ATPase regulatory subunit 12-like","liver"
"nars",220.505710861706,0.0951009056073314,0.157298341427846,0.60458937293344,0.545451869500369,0.777092562070431,"asparaginyl-tRNA synthetase, transcript variant X1","liver"
"zdhhc6",116.792263467256,0.0950446000176922,0.149881033778862,0.634133603307827,0.525993634409065,0.76896696463595,"zinc finger DHHC-type containing 6, transcript variant X1","liver"
"LOC115114786",81.8282395622668,0.0949545021528081,0.168949454513024,0.562029054349438,0.574096223767269,0.799458902656436,"mitochondrial ubiquitin ligase activator of nfkb 1-A-like, transcript variant X2","liver"
"LOC115144106",78.9809150450749,0.0948503157663759,0.165888529321371,0.571771394649145,0.567476859075769,0.793222111657351,"lethal(2) giant larvae protein homolog 2-like, transcript variant X2","liver"
"mrpl11",88.9420436047478,0.094824520684411,0.18738841210836,0.506031934512457,0.612834231538517,0.829320161935922,"mitochondrial ribosomal protein L11, transcript variant X1","liver"
"utp23",64.8837093138884,0.0948018200166126,0.1051881163447,0.901259793510783,0.367450205853474,0.647005597348513,"UTP23 small subunit processome component","liver"
"LOC115138544",1855.93492334353,0.0946365209546809,0.104987378935898,0.901408549426333,0.367371137412813,0.647005597348513,"protein Z-dependent protease inhibitor-like","liver"
"LOC115102925",297.8621558074,0.0945448566131286,0.230327172407114,0.410480689816381,0.681453365883322,0.867459062879582,"alanine aminotransferase 2-like, transcript variant X2","liver"
"LOC115129448",205.870535421621,0.0941738049051809,0.219234022949413,0.429558348828507,0.667516940763893,0.859180422952437,"malate synthase-like, transcript variant X2","liver"
"LOC115138501",65.1408523928193,0.0940886181016207,0.11651260677046,0.807540237143465,0.419355302281314,0.691461250848962,"dihydrolipoyllysine-residue succinyltransferase component of 2-oxoglutarate dehydrogenase complex, mitochondrial-like, transcript variant X1","liver"
"apeh",62.6062459777899,0.0938987892429109,0.121714476030104,0.771467719416435,0.440429749022776,0.706666998645233,"acylaminoacyl-peptide hydrolase","liver"
"LOC115133180",104.33894068863,0.0937131590154546,0.209894554435776,0.446477324137198,0.65525248887797,0.853670707268369,"cyclin-dependent kinase inhibitor 1B-like","liver"
"LOC115112131",118.89014653098,0.0936405832946866,0.0837885124906256,1.11758259588584,0.263745305363231,0.561664506092231,"T-cell immunomodulatory protein-like","liver"
"LOC115137543",65.9102159276512,0.0933874875187565,0.164637455576268,0.56723111513039,0.570557170813811,0.796981161150478,"vacuolar protein sorting-associated protein 37C-like","liver"
"LOC115147012",327.347391899462,0.093314877120117,0.101787917331472,0.916757897857734,0.359269519246416,0.639747732830228,"succinyl-CoA:3-ketoacid coenzyme A transferase 1, mitochondrial-like, transcript variant X2","liver"
"LOC115109525",364.76567757964,0.093128304926954,0.106065980026984,0.878022386662168,0.379931570018213,0.659608891015467,"calcium and integrin-binding protein 1-like","liver"
"usp24",72.7608289598283,0.092668683963792,0.106187606547396,0.872688320010582,0.382832985729627,0.66160673912433,"ubiquitin specific peptidase 24, transcript variant X1","liver"
"LOC115139174",132.763283646722,0.0926681122827112,0.100238713151898,0.924474281132133,0.355239435955505,0.635347056145081,"AN1-type zinc finger protein 3-like, transcript variant X2","liver"
"LOC115135398",102.23150915467,0.0923073886341733,0.104102894552759,0.886693775718137,0.375243790341581,0.655029417315753,"coatomer subunit delta-like","liver"
"LOC115130268",74.3198243136305,0.0922907142535128,0.159895288444319,0.577194707557951,0.56380793187009,0.789990075731346,"UBX domain-containing protein 4-like, transcript variant X2","liver"
"LOC115131689",108.691157211282,0.0922395518870482,0.107207897835795,0.860380193521999,0.389579500222953,0.666076360280518,"adenylyl cyclase-associated protein 1-like, transcript variant X1","liver"
"LOC115140841",80.0888342794507,0.09220575076893,0.114249914917851,0.80705312415531,0.419635877201187,0.691644090364755,"probable ATP-dependent RNA helicase ddx6, transcript variant X2","liver"
"ddx5",74.9649828825674,0.0918151207467737,0.20663810857358,0.444328112469535,0.656805379033302,0.853715571026441,"DEAD-box helicase 5, transcript variant X1","liver"
"LOC115108172",256.493596005656,0.0917915574796248,0.145333667684468,0.631591832381963,0.527653624991559,0.769709401192402,"ubiquitin-60S ribosomal protein L40-like","liver"
"LOC115110427",77.3702137851303,0.091355304038483,0.125756750568005,0.726444533799252,0.467566298692614,0.726572715772434,"trinucleotide repeat-containing gene 6B protein-like, transcript variant X2","liver"
"LOC115104085",193.85294710061,0.0911543609077628,0.13342620799444,0.683181829701412,0.494491952831557,0.749105848998082,"glycylpeptide N-tetradecanoyltransferase 1-like, transcript variant X4","liver"
"LOC115115054",1884.30697474686,0.0910857494132841,0.114408561505585,0.796144521132167,0.425948039430585,0.696588509173365,"ganglioside GM2 activator-like, transcript variant X3","liver"
"LOC115143007",982.165999917505,0.0910717255840772,0.137034342775934,0.664590523362378,0.506312432198694,0.757363748897196,"60S acidic ribosomal protein P0-like","liver"
"LOC115126487",95.6784012688061,0.0908264880573141,0.10005626066353,0.90775417205272,0.364008115837058,0.644884619184034,"septin-2B, transcript variant X1","liver"
"rpl12",2087.89360561007,0.0907681126900116,0.118367283811178,0.766834464452248,0.443179942372125,0.70777859444127,"ribosomal protein L12, transcript variant X2","liver"
"LOC115111483",125.146246658557,0.0907223560441402,0.094019992198918,0.964926223905645,0.334581765509409,0.616247300594826,"sarcoplasmic/endoplasmic reticulum calcium ATPase 2-like, transcript variant X1","liver"
"hal",3043.41734694575,0.090463432985916,0.0797818454719803,1.13388493899514,0.256842815502499,0.553910749200098,"histidine ammonia-lyase","liver"
"cops6",97.1255343906484,0.0904471094728351,0.0928605750812467,0.974009792570205,0.330051677029694,0.613285735480405,"COP9 signalosome subunit 6","liver"
"LOC115110163",81.0884501684398,0.0903350486813885,0.145401490684846,0.621280072548827,0.534415362801744,0.771891218561271,"coatomer subunit zeta-1-like, transcript variant X1","liver"
"LOC115144813",91.0898785425755,0.0902849922208828,0.131070555114185,0.688827419264604,0.49093187857249,0.746099305392047,"AFG3-like protein 1","liver"
"cops7a",144.586709767372,0.0901212569564025,0.126972981566503,0.709767194914622,0.477848515332838,0.733165339596777,"COP9 signalosome subunit 7A, transcript variant X2","liver"
"LOC115102696",144.330521152108,0.0899917197983833,0.147948239318507,0.608264891917008,0.543011802005607,0.775242068292418,"neurabin-1-like, transcript variant X1","liver"
"qars",89.1769483562199,0.0898801507324258,0.196771072606084,0.456775223827524,0.647832615847768,0.848510842607809,"glutaminyl-tRNA synthetase","liver"
"LOC115109090",67.1775893219556,0.0894588172563653,0.174864711861088,0.51158873796922,0.608938869051077,0.826793747585672,"immediate early response gene 5 protein-like","liver"
"LOC115139797",14100.818085458,0.0892292237907868,0.0856591296439956,1.04167791759768,0.297561030338665,0.590773872216463,"alpha-1-antitrypsin-like, transcript variant X2","liver"
"LOC115135247",72.1591443695772,0.0891366151305136,0.134811627104126,0.661193823153442,0.508488021986869,0.758637327093147,"mRNA decay activator protein ZFP36L2-A-like","liver"
"asb8",62.8259557133007,0.0890896513008,0.125592527865472,0.709354710944492,0.47810438484991,0.733165339596777,"ankyrin repeat and SOCS box containing 8","liver"
"LOC115143480",100.651784887343,0.089070221359862,0.105139432538072,0.847162850413987,0.396904357038466,0.672954309188347,"F-actin-capping protein subunit alpha-1","liver"
"LOC115102537",57.9032006129211,0.0889540408527591,0.118949646330642,0.747829384927261,0.454563075324514,0.71725436392334,"chromobox protein homolog 5-like","liver"
"LOC115105031",197.705364690093,0.0886307380963652,0.11967776680064,0.7405781413352,0.458949265608464,0.718606378374489,"26S proteasome regulatory subunit 6B","liver"
"LOC115133442",79.8539918562147,0.0886049372437854,0.135279358789024,0.654977507558783,0.512482235716315,0.76014468441765,"matrix metalloproteinase-14-like","liver"
"LOC115128292",62.785166776145,0.0885308113560351,0.125556842343134,0.705105430368258,0.480744627371873,0.736106349048743,"exostosin-1b","liver"
"LOC115133632",144.815795059152,0.0881724186307163,0.133933064696453,0.658331972247115,0.510324837732832,0.759986861015354,"cystatin-B-like","liver"
"acsf2",110.91187339104,0.0881714044735655,0.116440084815318,0.757225526015472,0.448914759883014,0.711421680125648,"acyl-CoA synthetase family member 2, transcript variant X2","liver"
"LOC115139362",244.154152802438,0.0878393379146947,0.0934277045803117,0.940185122917013,0.347122611511038,0.627159470088205,"epoxide hydrolase 1-like","liver"
"LOC115125824",158.234371453339,0.087731684244932,0.194107953220589,0.451973671296361,0.651287949852376,0.85112205309339,"heparanase-like, transcript variant X1","liver"
"LOC115104267",77.9887538692043,0.087678696208424,0.187504114701863,0.467609451386364,0.640063904786934,0.843720700939838,"hsc70-interacting protein-like, transcript variant X2","liver"
"LOC115107524",452.756444972008,0.0876128038061245,0.210762445130682,0.415694569076576,0.677633515819482,0.864757110356984,"cholesterol 24-hydroxylase-like, transcript variant X1","liver"
"LOC115105383",83.5135807108644,0.0875141243555528,0.184153788103326,0.475223047306797,0.634628001446771,0.841672062765213,"proline-rich nuclear receptor coactivator 2","liver"
"LOC115132792",640.442227598301,0.0874275651007246,0.141580757056282,0.617510224683782,0.536898239268951,0.773111844948289,"retinol dehydrogenase 7-like, transcript variant X2","liver"
"LOC115141700",1693.07450157308,0.0872605469843932,0.309854482140057,0.281617830349637,0.778236566715346,0.921915924490649,"alpha-2-macroglobulin-like, transcript variant X2","liver"
"LOC115142636",2705.59945226044,0.0871161348083917,0.0898081237952846,0.970025106046874,0.332033978037187,0.615168406581625,"catalase-like, transcript variant X1","liver"
"LOC115102312",342.029600774971,0.087084204372809,0.13474357475116,0.646295784668272,0.51808781729785,0.763177648504684,"40S ribosomal protein S10","liver"
"rpl22l1",351.022457565225,0.0870169558974326,0.191336651342518,0.454784565773865,0.649264235066675,0.84929429465076,"ribosomal protein L22 like 1","liver"
"LOC115114591",190.354630458876,0.0866517811978349,0.114644771456523,0.755828461228135,0.449752050146573,0.71219477715518,"NPC intracellular cholesterol transporter 1-like","liver"
"LOC115127301",513.319619103888,0.08661408505967,0.184380892642402,0.469756295342675,0.63852914248638,0.843720700939838,"coagulation factor VII-like","liver"
"LOC115125330",244.989859937885,0.0864468728602027,0.138025392438075,0.626311371648424,0.531110728977649,0.769709401192402,"prothymosin alpha-A-like, transcript variant X1","liver"
"LOC115108855",57.7063882288677,0.0863230604653543,0.121595799082215,0.709918114909452,0.477754916285038,0.733165339596777,"transcription factor BTF3 homolog 4","liver"
"LOC115120631",803.108954271828,0.0862520956430447,0.120423012703912,0.716242632586479,0.473841542770032,0.731582624367671,"vigilin-like, transcript variant X4","liver"
"LOC115141745",140.992923812528,0.0861475915162584,0.125550007869424,0.686161577989343,0.492611223564534,0.747326755354125,"DCN1-like protein 5, transcript variant X1","liver"
"LOC115132559",526.861999299884,0.0861468495150992,0.125229614050593,0.687911163571069,0.491508726085136,0.746419361968336,"alpha-enolase, transcript variant X3","liver"
"LOC115120982",544.264880626261,0.085935272192185,0.199901077211508,0.429888990049113,0.66727639477592,0.859180422952437,"protein FAM3C-like, transcript variant X1","liver"
"dpy19l4",61.769132645787,0.0857145734496218,0.13391090290062,0.640086591853044,0.522116305458075,0.766623220838298,"dpy-19 like 4","liver"
"LOC115109203",702.25845498871,0.0855237450987763,0.145563631900169,0.587535114247702,0.55684437451204,0.784006103803481,"calreticulin-like","liver"
"mrpl33",60.5464993936489,0.0854965216858151,0.13550740714723,0.630936149438106,0.528082274195627,0.769709401192402,"mitochondrial ribosomal protein L33","liver"
"hao1",193.525004513181,0.0854727423990809,0.154584119150981,0.552920590216646,0.580317787516586,0.803997477513357,"hydroxyacid oxidase 1","liver"
"LOC115138460",227.449482279646,0.0854271548844406,0.177971948727006,0.480003480860227,0.631224917916437,0.839954940279378,"dnaJ homolog subfamily C member 17-like, transcript variant X2","liver"
"hat1",85.7725902807852,0.0853708943887705,0.110191230767039,0.774752163076006,0.438486121166651,0.705681509851614,"histone acetyltransferase 1","liver"
"LOC115145622",1329.83877626821,0.0853212945145765,0.155256362630086,0.549551033331001,0.582627352310116,0.805013250174927,"15-hydroxyprostaglandin dehydrogenase [NAD(+)]-like","liver"
"LOC115133350",321.467313286978,0.0852512842641297,0.146986285631345,0.579994819910939,0.561918111046654,0.78842623773706,"lysophospholipid acyltransferase LPCAT4-like","liver"
"LOC115139628",384.327337105285,0.0851659115314769,0.105224516040718,0.809373278547755,0.418300467666876,0.691461250848962,"forkhead box protein A2-like","liver"
"LOC115141088",236.55432712273,0.0850521402453055,0.0794897116436948,1.06997671128238,0.284629791557048,0.581820978127646,"ubiquilin-4-like","liver"
"LOC115141646",86.5149476838533,0.0849466660034628,0.176384329715008,0.481599845863376,0.630090235709808,0.8398455855962,"histone H3.3, transcript variant X1","liver"
"bcap31",319.141462932713,0.0849401008143292,0.080335248014815,1.05732045289342,0.290365361916447,0.585326021350859,"B cell receptor associated protein 31","liver"
"LOC115124527",212.702890407619,0.0847433325339019,0.140426605211098,0.603470634403718,0.546195645198477,0.777429785419872,"annexin A4-like","liver"
"c5",4654.28664114444,0.0846990545623404,0.120663108006593,0.701946568106901,0.482712485960081,0.738564599389373,"complement C5, transcript variant X1","liver"
"LOC115106105",155.596082985202,0.0846821548625386,0.0808197761740442,1.04779001961323,0.294735361764825,0.589635548520613,"UV excision repair protein RAD23 homolog B-like","liver"
"LOC115145290",1574.5831693578,0.0845230059517124,0.134681421073325,0.627577324905827,0.530280866763926,0.769709401192402,"prohibitin-2-like","liver"
"LOC115111476",222.903163613712,0.0842705310180205,0.208495125674239,0.40418465777319,0.686076934878854,0.869229610243584,"glutathione S-transferase theta-1-like","liver"
"LOC115108375",7609.13752889751,0.084246693363112,0.150529127093479,0.559670377353579,0.575704291276855,0.800604125296643,"uridine phosphorylase 2-like","liver"
"cog7",66.1123801418628,0.0842286731993576,0.09723239867873,0.866261393773298,0.38634683239453,0.662773438064016,"component of oligomeric golgi complex 7","liver"
"insig2",77.553894239942,0.084119568267176,0.113847592660338,0.738878761522392,0.459980619988397,0.718606378374489,"insulin induced gene 2, transcript variant X2","liver"
"LOC115139652",134.142987152525,0.0840872742172017,0.101140067256594,0.83139428811997,0.405750924762044,0.679349773417113,"proteasome subunit alpha type-6","liver"
"LOC115129583",282.740545070188,0.084046877877122,0.0802423923739264,1.04741241369608,0.29490940880316,0.589635548520613,"lysosome-associated membrane glycoprotein 2-like, transcript variant X2","liver"
"LOC115105913",71.3119100689877,0.0839193931000354,0.121947708578338,0.688158835277553,0.491352763417149,0.746419361968336,"phosphatidylinositol transfer protein beta isoform-like, transcript variant X1","liver"
"LOC115139899",171.465015684833,0.0838649045817308,0.1075287480161,0.779930075714949,0.435432034431445,0.701787652171834,"protein SET-like","liver"
"lg19h9orf16",60.3079483667943,0.0834828042324268,0.140307241692769,0.59499996739462,0.55184349277949,0.780469839198195,"linkage group 19 C9orf16 homolog, transcript variant X3","liver"
"LOC115131557",94.4701695889958,0.0834395217006689,0.208786077130865,0.399641215771154,0.689420794773575,0.87117093840346,"acidic leucine-rich nuclear phosphoprotein 32 family member E-like","liver"
"LOC115117748",161.567543620802,0.0834211190052386,0.105593980916983,0.790017747989096,0.429517403440147,0.69773572252138,"coatomer subunit gamma-2-like","liver"
"LOC115105718",57.4825224472169,0.0833130224547935,0.123886175143692,0.672496526413549,0.501267650734913,0.753658039245852,"charged multivesicular body protein 1b-like","liver"
"LOC115133616",514.779618785153,0.0831732961927245,0.0822763273301309,1.0109019069239,0.312063381262072,0.601817480450307,"gamma-aminobutyric acid receptor-associated protein","liver"
"LOC115134626",78.4396064910288,0.0830077834049786,0.14194669440975,0.584781376911563,0.558694728037869,0.784984388653,"nucleosome assembly protein 1-like 4, transcript variant X4","liver"
"LOC115103820",72.5405038517877,0.0829264148143787,0.108256096118852,0.766020739592673,0.443663961922828,0.70777859444127,"trafficking protein particle complex subunit 5-like, transcript variant X2","liver"
"LOC115127161",70.8824597766251,0.08290824514534,0.11061064129855,0.749550352226616,0.453525561965123,0.71650007386428,"trafficking protein particle complex subunit 3, transcript variant X3","liver"
"LOC115140962",2652.63007460565,0.0828714473133338,0.250504516586406,0.330818176225374,0.740781830575669,0.900731349373524,"metalloreductase STEAP4-like, transcript variant X1","liver"
"LOC115110101",76.1660864575969,0.0828265609920221,0.11657616371024,0.710493109019219,0.477398402669365,0.733165339596777,"protein PET100 homolog, mitochondrial","liver"
"tcp1",430.563706751745,0.0827468531229642,0.126068418342867,0.656364648741117,0.511589530407456,0.76014468441765,"t-complex 1","liver"
"LOC115130406",177.340966225492,0.0827123692956233,0.320151181228588,0.258354096893263,0.796133639624894,0.928215307526049,"insulin-induced gene 1 protein-like","liver"
"rnf212b",69.2547214882477,0.0826624618643865,0.192972334824136,0.428364314188975,0.66838590154378,0.859180422952437,"ring finger protein 212B, transcript variant X2","liver"
"LOC115112465",84.0209630362127,0.0824663222512073,0.131719560867658,0.626074986190267,0.531265758174692,0.769709401192402,"tyrosine-protein kinase CSK, transcript variant X1","liver"
"LOC115110035",9246.44828049155,0.0823649103546867,0.202831198280469,0.406076141406979,0.68468665550551,0.869229610243584,"nuclear protein 1-like, transcript variant X2","liver"
"alg5",97.7275559227777,0.0822747950290276,0.162093826743802,0.50757512905823,0.61175133621199,0.828900509140132,"ALG5 dolichyl-phosphate beta-glucosyltransferase, transcript variant X1","liver"
"LOC115144348",84.0485426379366,0.0821657365937712,0.150595820417722,0.545604362497313,0.585337924958512,0.806843889797394,"translation machinery-associated protein 7-like","liver"
"LOC115143317",473.117224173105,0.0818945067301544,0.120231466947165,0.681140377054055,0.495782670383464,0.74983679572653,"26S proteasome non-ATPase regulatory subunit 6-like","liver"
"LOC115121364",81.8612823225703,0.0814456498861146,0.110279165872886,0.738540677574522,0.46018595787537,0.718606378374489,"exportin-7, transcript variant X2","liver"
"LOC115131383",155.767019911129,0.0813414588570522,0.209604630724139,0.388070905571288,0.697963562012063,0.878055394679373,"zinc finger protein 40-like, transcript variant X1","liver"
"LOC115137326",1606.42043049338,0.0809960004185229,0.102074238931213,0.79350089960607,0.427486045376318,0.69753127340027,"cytochrome P450 4V2-like","liver"
"LOC115134813",381.212185700826,0.0808937121107728,0.113615246166282,0.711996979634057,0.4764666463527,0.732859641710794,"ATP synthase subunit g, mitochondrial-like","liver"
"sall1",287.258326332593,0.0808436750849433,0.16350996966438,0.494426579925877,0.621004946198873,0.834839606154843,"spalt like transcription factor 1","liver"
"LOC115135177",145.415696396219,0.0808025243922111,0.146840457258805,0.550274262969623,0.582131274166118,0.804600567480874,"collagen alpha-1(XIII) chain-like, transcript variant X5","liver"
"LOC115103060",427.550694447776,0.080665831569866,0.173936311164757,0.463766484580998,0.642815058064837,0.844861624160795,"protein canopy-1-like, transcript variant X2","liver"
"LOC115104076",519.540260269374,0.0805685590792641,0.112681272541806,0.715012861159979,0.474601096208443,0.732153832185847,"eukaryotic translation initiation factor 1","liver"
"LOC115101174",331.357254016017,0.0804442700080633,0.127008264313437,0.633378232849,0.526486676059508,0.76896696463595,"surfeit locus protein 4","liver"
"ebp",317.109767553919,0.0802990050924177,0.29221951024643,0.274790020093803,0.783477565870673,0.923269326737635,"EBP cholestenol delta-isomerase, transcript variant X1","liver"
"LOC115106603",262.823546443931,0.0802385346270574,0.208014384409453,0.385735509853573,0.699692561234648,0.878359688643963,"heparan sulfate glucosamine 3-O-sulfotransferase 2-like, transcript variant X3","liver"
"spag7",74.913529171771,0.0800100340101477,0.109963817357787,0.727603278356738,0.466856473195608,0.72574637099363,"sperm associated antigen 7","liver"
"LOC115131922",398.641916934804,0.0799803832232135,0.185365638100777,0.431473621770885,0.666124028572535,0.858682622301705,"glucose-6-phosphate 1-dehydrogenase, transcript variant X4","liver"
"tm4sf5",367.480710570144,0.0799019548970471,0.165293967230951,0.483393049580612,0.628816682318024,0.838696595918935,"transmembrane 4 L six family member 5","liver"
"LOC115130119",74.2750160823025,0.079850330359078,0.239225531412344,0.333786824038623,0.738540426671873,0.900342680539545,"V-type proton ATPase catalytic subunit A-like, transcript variant X3","liver"
"lrp10",77.2300700886726,0.079572873748597,0.122062279863511,0.651903879212928,0.514463182268761,0.7612630148335,"LDL receptor related protein 10, transcript variant X1","liver"
"ndufv2",214.691414692285,0.0795674306941867,0.127942391012232,0.621900451169304,0.534007328444196,0.771663356498377,"NADH:ubiquinone oxidoreductase core subunit V2","liver"
"asmtl",84.2167058708443,0.079440944929751,0.489265068595108,0.162367906537575,0.871016142324529,0.954245814634059,"acetylserotonin O-methyltransferase like","liver"
"LOC115131249",166.699222929768,0.0793503545150021,0.127575926563794,0.621985327892743,0.533951515709732,0.771663356498377,"tubulointerstitial nephritis antigen-like","liver"
"LOC115145617",363.944683056,0.079332724738665,0.0917521618851351,0.864641476655144,0.387235600001483,0.663069184035693,"high mobility group protein B2-like, transcript variant X2","liver"
"LOC115139615",97.9137027434004,0.0793052600193178,0.124705275668652,0.63594149962056,0.524814552454136,0.768646825656866,"guanine nucleotide-binding protein G(k) subunit alpha-like","liver"
"LOC115142877",116.089786334047,0.0792936374122834,0.102535693702589,0.773327165877273,0.43932878241722,0.705835284640358,"14-3-3 protein beta/alpha-1-like","liver"
"ndufb9",109.979917863818,0.0791995068230293,0.124343467936256,0.63694143437941,0.524162992258456,0.76824464453271,"NADH:ubiquinone oxidoreductase subunit B9","liver"
"LOC115104124",92.5449339561233,0.0790347537648295,0.102588664078027,0.770404356808048,0.441060069811941,0.706666998645233,"ras-related protein Rab-5C-like","liver"
"gstz1",487.531872625576,0.0787580349018657,0.17929302021705,0.439269943729667,0.660465949891554,0.854759755833864,"glutathione S-transferase zeta 1, transcript variant X1","liver"
"LOC115137315",74.6488627491138,0.0785048476203372,0.221543214257529,0.354354557341939,0.723073185864894,0.890945074239815,"coiled-coil domain-containing protein 86-like","liver"
"pebp1",194.874592424235,0.0784112164703053,0.169724293001213,0.461991710696035,0.64408726487814,0.845234929698423,"phosphatidylethanolamine binding protein 1","liver"
"LOC115138674",95.2024223686094,0.0780170458629845,0.101258820842553,0.77047160152391,0.441020194405726,0.706666998645233,"protein tyrosine phosphatase type IVA 2-like","liver"
"LOC115111965",70.0985870110239,0.0779901691420503,0.119710493850597,0.651489828781297,0.514730340746106,0.7612630148335,"endothelial differentiation-related factor 1 homolog","liver"
"scrn3",1079.56242963694,0.0777917450070735,0.0803805817954373,0.967792758766636,0.333147880964573,0.616121761806246,"secernin 3","liver"
"LOC115112871",61.6122563782115,0.0777445162171207,0.157201125120525,0.494554451550615,0.620914660864186,0.834839606154843,"cytochrome b-c1 complex subunit 2, mitochondrial-like","liver"
"LOC115130430",173.016788834865,0.0777148094555135,0.117146933878963,0.663396017994026,0.507076955530041,0.757363748897196,"enoyl-CoA delta isomerase 2, mitochondrial-like","liver"
"LOC115101140",107.033381221101,0.0776674782796299,0.165291548394938,0.469881727370934,0.638439519870323,0.843720700939838,"AN1-type zinc finger protein 5-like, transcript variant X1","liver"
"LOC115111853",445.499490339707,0.0774557709157121,0.16893547233714,0.458493233209989,0.646598122931815,0.847664930006401,"60S ribosomal protein L37","liver"
"LOC115134815",691.436196931121,0.0774300440537088,0.108089323378209,0.716352379992038,0.473773791107379,0.731582624367671,"zinc finger CCCH domain-containing protein 15-like","liver"
"LOC115132414",309.749483557094,0.0773828788217696,0.159339407638719,0.4856480889977,0.627216694769817,0.838001930804304,"tyrosine-protein kinase STYK1-like, transcript variant X1","liver"
"LOC115117641",103.974995302453,0.0773673571563852,0.103043275421104,0.750823931403676,0.452758624927215,0.715565783328162,"splicing factor U2AF 65 kDa subunit-like, transcript variant X2","liver"
"LOC115122219",462.402998643684,0.0772935316268436,0.133607897044236,0.57851020289057,0.562919711015843,0.78928818097715,"growth hormone receptor-like","liver"
"LOC115105754",106.456007623924,0.0771103344652307,0.126220928785503,0.610915600187593,0.541255456548279,0.774361965914632,"E3 ubiquitin-protein ligase RNF128-like, transcript variant X1","liver"
"pdhx",58.8656222312299,0.0770078448838166,0.1071402121468,0.718757629285843,0.47229026836221,0.730571208290082,"pyruvate dehydrogenase complex component X, transcript variant X2","liver"
"LOC115107889",272.71418598913,0.0768509941943425,0.125186805746326,0.613890527329776,0.539287670240438,0.773215962597494,"activator of 90 kDa heat shock protein ATPase homolog 1-like","liver"
"LOC115125748",11498.4420885734,0.0768179281710326,0.172107688786646,0.44633641130502,0.655354258391858,0.853670707268369,"apolipoprotein C-II-like, transcript variant X2","liver"
"eif3j",230.979275343914,0.076659140522143,0.144666318067105,0.529903169904302,0.596179068249644,0.815687484991158,"eukaryotic translation initiation factor 3 subunit J","liver"
"LOC115110409",184.215896072586,0.0759250976035494,0.126673720340391,0.59937528794076,0.548922652366104,0.779584923708794,"60 kDa heat shock protein, mitochondrial","liver"
"LOC115129373",123.885433761912,0.0756072342842388,0.117149423415562,0.645391433264156,0.518673553575476,0.763493464923669,"ubiquitin-conjugating enzyme E2 D2-like, transcript variant X3","liver"
"LOC115102974",142.905789594502,0.0755846471654647,0.164820927274125,0.458586469664467,0.646531154721287,0.847664930006401,"serine/arginine-rich splicing factor 11-like, transcript variant X1","liver"
"LOC115131609",65.3961900847332,0.0755787230553998,0.102002978395098,0.74094623749763,0.458726038751726,0.718606378374489,"bromodomain-containing protein 2-like, transcript variant X3","liver"
"LOC115142388",65.6509851811515,0.0754167318762542,0.108319754329507,0.696241718263483,0.48627746547016,0.740682716463517,"protein polybromo-1-like, transcript variant X2","liver"
"LOC115114969",67.0318279624315,0.0752805750637694,0.126122023563241,0.596886831791292,0.55058293956228,0.780469839198195,"dnaJ homolog subfamily A member 2-like","liver"
"LOC115110273",134.661929782334,0.0750828005242644,0.123499233831163,0.607961670652232,0.54321289562129,0.775257619941309,"dnaJ homolog subfamily C member 7-like, transcript variant X1","liver"
"plcg1",79.6952959468166,0.075042107035365,0.0835089562444117,0.89861148324898,0.368859640007652,0.648607373887484,"phospholipase C gamma 1, transcript variant X2","liver"
"LOC115122582",924.529603679353,0.0750240112023671,0.316741093896239,0.23686225958083,0.812763649380626,0.935033766546833,"mitochondrial uncoupling protein 2-like","liver"
"LOC115131695",217.581022691287,0.0746744922190392,0.129999981697951,0.574419251785297,0.565684128333998,0.79140292171467,"proteasome subunit beta type-2-like, transcript variant X1","liver"
"LOC115128522",295.995048631517,0.0746609322395585,0.179783114951985,0.415283338813539,0.677934496601144,0.864870425084903,"KH domain-containing, RNA-binding, signal transduction-associated protein 3-like, transcript variant X1","liver"
"LOC115134629",69.0131713194521,0.0739965978354917,0.0974708282096878,0.759166605995219,0.447752899554339,0.710962531586866,"39S ribosomal protein L23, mitochondrial, transcript variant X1","liver"
"LOC115101994",313.105784951628,0.0739740633424552,0.222499575483033,0.332468334745638,0.739535646331304,0.900342680539545,"deoxynucleoside triphosphate triphosphohydrolase SAMHD1-like, transcript variant X1","liver"
"LOC115113484",1464.2766305702,0.0738794511219543,0.155905574658883,0.473873056069999,0.635590434050865,0.841672062765213,"insulin-like growth factor-binding protein 2-B","liver"
"LOC115105405",111.105110112898,0.0738092894150957,0.0924911537995266,0.798014581752071,0.42486202822904,0.69575637889175,"heterogeneous nuclear ribonucleoprotein A/B-like, transcript variant X1","liver"
"LOC115131286",78.0609511196502,0.0737424252819204,0.0919664776862946,0.801840269815074,0.42264536099637,0.693798828602983,"ras-related protein Rab-5A-like, transcript variant X2","liver"
"LOC115115336",124.640854941056,0.0736921550412161,0.088070503439837,0.836740476810797,0.402738461816596,0.677474617813646,"succinate dehydrogenase cytochrome b560 subunit, mitochondrial-like, transcript variant X1","liver"
"LOC115124634",177.267082580002,0.0734131574761869,0.264941908209725,0.277091525354584,0.781709828939591,0.922986466899489,"uncharacterized LOC115124634","liver"
"LOC115108070",596.799532145561,0.073338274575176,0.142682607823977,0.513995894059148,0.607254861340134,0.82542531676271,"receptor-type tyrosine-protein phosphatase S-like","liver"
"LOC115108281",392.810383087651,0.0732885649735321,0.154485747966897,0.474403405738349,0.635212264876066,0.841672062765213,"cold-inducible RNA-binding protein B-like, transcript variant X2","liver"
"LOC115116931",68.7641465876985,0.0730110477564993,0.157895801170608,0.462400185535081,0.643794366295858,0.845234929698423,"serine/threonine-protein kinase 19-like","liver"
"LOC115111740",158.559445844915,0.0727084994156341,0.171805332359672,0.423202809930368,0.672147296838872,0.861687651672345,"fumarylacetoacetate hydrolase domain-containing protein 2-like, transcript variant X2","liver"
"LOC115109332",57.4832711921175,0.0726659001027582,0.187635027222135,0.387272574734842,0.698554426695574,0.878359688643963,"coactosin-like protein","liver"
"LOC115102067",69.4426485981665,0.0725433382667306,0.225411940100054,0.32182562394224,0.747584801083305,0.904230083892119,"cytosolic sulfotransferase 2-like","liver"
"LOC115142480",148.35421809103,0.0719187361098986,0.0752687587049106,0.955492522360495,0.339328685032784,0.620225883494899,"EVI5-like protein, transcript variant X1","liver"
"LOC115113389",154.416189215096,0.0716272623915862,0.186223167132369,0.384631318941499,0.700510586818501,0.878359688643963,"pterin-4-alpha-carbinolamine dehydratase-like","liver"
"LOC115130376",533.681801999933,0.0712502819027916,0.0884614560565539,0.805438719629948,0.420566555634878,0.692058651904628,"myosin regulatory light polypeptide 9","liver"
"LOC115135306",62.9017119647815,0.0712067545617176,0.118922211612325,0.598767493442223,0.549327942098885,0.77981117419807,"sphingosine-1-phosphate lyase 1-like, transcript variant X2","liver"
"LOC115111809",76.9154018613852,0.0711645055953752,0.0968782689120377,0.734576560817682,0.462597417260903,0.720499454625694,"serine/threonine-protein kinase A-Raf-like","liver"
"LOC115136963",567.320206280503,0.0710556554829949,0.116773346137809,0.608492073175151,0.542861161739649,0.775242068292418,"complement C2-like, transcript variant X2","liver"
"LOC115131604",634.548851434823,0.0710429167311022,0.181057265458732,0.392378160308043,0.694778820435291,0.875647114406912,"class I histocompatibility antigen, F10 alpha chain-like, transcript variant X1","liver"
"LOC115103844",165.241021723358,0.0709948498170899,0.128910297247618,0.550730634657674,0.581818340965533,0.804440826925207,"T-complex protein 1 subunit delta-like","liver"
"LOC115102909",299.002391956272,0.070940538207261,0.189476162203754,0.374403499533492,0.708104139722425,0.882287726690985,"microsomal glutathione S-transferase 3-like, transcript variant X1","liver"
"nfs1",262.038344531477,0.070857055184504,0.105133713463039,0.673970821066972,0.500329864750431,0.753247175396397,"NFS1 cysteine desulfurase, transcript variant X1","liver"
"LOC115130666",65.4613553484535,0.0708241321773266,0.132688901952758,0.533760782816202,0.593507049820683,0.813701559054525,"ubiquitin-like protein 3","liver"
"ube4b",88.6113259691837,0.0707776037352013,0.0923891243547649,0.766081551584172,0.443627779318258,0.70777859444127,"ubiquitination factor E4B, transcript variant X1","liver"
"LOC115102102",158.619738639316,0.0707503396821947,0.130459716722974,0.542315601009852,0.587601110031585,0.808596260799709,"5-aminolevulinate synthase, nonspecific, mitochondrial-like, transcript variant X1","liver"
"LOC115140278",327.956199816535,0.0704504827414318,0.147176089293691,0.478681578505917,0.632165172917764,0.840182548499143,"testosterone 17-beta-dehydrogenase 3-like, transcript variant X3","liver"
"LOC115139496",640.806768120898,0.070426772426453,0.205584595387961,0.342568334429678,0.731923227574648,0.897947443519829,"monocarboxylate transporter 10-like","liver"
"LOC115101264",2517.7884628919,0.0702023434556809,0.280560834410111,0.250221466596661,0.802416085233006,0.931012799148799,"S-adenosylmethionine synthase-like","liver"
"LOC115141510",11812.1714223888,0.0701403522927221,0.206761100371252,0.339233792849723,0.734433613968168,0.898462032230045,"transcobalamin-1-like","liver"
"LOC115110643",231.987235795805,0.0700982756132865,0.136889893606706,0.512077800386663,0.608596560640283,0.826604325614726,"probable ATP-dependent RNA helicase DDX5, transcript variant X2","liver"
"LOC115143578",1177.9037102933,0.0700844193694952,0.480502100192032,0.145856634844023,0.884034565773378,0.960630469232815,"dispanin subfamily A member 2b-like","liver"
"optn",196.592929191684,0.0698344500875671,0.119336194621217,0.58519085772114,0.55841939145054,0.784868082604276,"optineurin, transcript variant X3","liver"
"LOC115127517",4510.89335182522,0.0696307448643249,0.133721476017862,0.520714749327355,0.60256549812396,0.822713003714143,"complement C3-like","liver"
"LOC115110288",16968.1254095819,0.0695277235113122,0.251719820310546,0.276210762527703,0.782386191368958,0.923011900439905,"complement C1q-like protein 2","liver"
"LOC115143473",109.108701463305,0.0694695497938763,0.109637309047198,0.633630562420773,0.52632195050346,0.76896696463595,"mitochondrial import inner membrane translocase subunit Tim17-A-like","liver"
"LOC115106750",158.23595681188,0.069430235565754,0.124051421259725,0.559689158420755,0.575691478572283,0.800604125296643,"eukaryotic translation initiation factor 3 subunit L-like","liver"
"LOC115146252",514.098754509608,0.0690460449997141,0.159343023038816,0.433317026895457,0.664784469986194,0.857778397295437,"fibrinogen-like protein 1-like protein","liver"
"LOC115145846",13407.5044006513,0.0689170050131855,0.128696136876283,0.535501738326741,0.592302955875668,0.812590224908254,"plasma protease C1 inhibitor-like","liver"
"LOC115123308",110.50806353157,0.068863039740381,0.230185160625382,0.299163680027372,0.764815160075532,0.914189616559492,"peroxiredoxin-1-like, transcript variant X1","liver"
"LOC115147095",60.3297964738405,0.0687418992591978,0.182630783067218,0.376398206834041,0.706620878892359,0.881869780271051,"spectrin alpha chain, non-erythrocytic 1-like, transcript variant X5","liver"
"LOC115121129",344.331386943329,0.0684695361817844,0.231569803275241,0.295675581243218,0.767477847156437,0.915725033421629,"L-threonine 3-dehydrogenase, mitochondrial-like, transcript variant X2","liver"
"LOC115108451",65.8947520182152,0.0683932675025296,0.0898334916350024,0.761333732639655,0.446457757261271,0.709735498672753,"F-box-like/WD repeat-containing protein TBL1XR1, transcript variant X2","liver"
"LOC115114114",875.859831708309,0.0682872293241511,0.123852164091394,0.551360808469684,0.581386361257229,0.804116324562086,"angiopoietin-related protein 3-like","liver"
"LOC115105683",101.086536812894,0.0681914433010156,0.0828248235988944,0.823321322496918,0.41032529128311,0.683763649742418,"ras-related protein Rab-6A, transcript variant X4","liver"
"LOC115114571",288.439564488435,0.068172340061803,0.217000282976402,0.314157839458746,0.753401161995739,0.9070654048111,"5-beta-cholestane-3-alpha,7-alpha-diol 12-alpha-hydroxylase-like","liver"
"LOC115116388",140.712386656159,0.0680548298737025,0.0986370357644573,0.689952099089998,0.490224310971432,0.745301861812591,"acidic leucine-rich nuclear phosphoprotein 32 family member B-like, transcript variant X1","liver"
"LOC115132494",746.38589471331,0.0678618235893669,0.141077526331128,0.481025045974267,0.63049869806764,0.839954940279378,"40S ribosomal protein S26","liver"
"LOC115124642",124.832508476097,0.067636321655695,0.0879800036825897,0.768769252382738,0.442030305119328,0.707440917137451,"ankyrin repeat and KH domain-containing protein 1-like","liver"
"LOC115105452",100.739641646597,0.0675914799311072,0.157804629807559,0.428323807821953,0.66841538792497,0.859180422952437,"transducin beta-like protein 2","liver"
"ik",109.629805238853,0.0674768047208985,0.0890347418472276,0.757870504490035,0.448528509397297,0.711086038235466,"IK cytokine","liver"
"LOC115118465",91.4691819732719,0.0674591568702163,0.107113402049457,0.629791936204851,0.528830722210107,0.769709401192402,"clathrin light chain A-like","liver"
"LOC115136619",395.764065655412,0.0674391809486569,0.105997746048068,0.636232216844259,0.524625077574489,0.768645512650473,"26S proteasome non-ATPase regulatory subunit 2","liver"
"LOC115102443",88.6349817781926,0.0673952057693228,0.119600678727224,0.563501867100875,0.573093189059278,0.798670925711656,"heme transporter hrg1-B","liver"
"LOC115141186",229.157278946106,0.0673020266980061,0.116748809793508,0.57646863224595,0.564298466064515,0.790019412923233,"electron transfer flavoprotein subunit beta-like, transcript variant X1","liver"
"nhlrc3",68.4602539950188,0.0669597738027616,0.183598209745733,0.364708206553292,0.715329232024892,0.88811512328159,"NHL repeat containing 3","liver"
"LOC115135433",317.908960760164,0.0667476209742157,0.0880559570517297,0.758013690487787,0.448442786925654,0.711086038235466,"stromal cell-derived factor 2-like","liver"
"LOC115109689",91.3322507768617,0.0667250667112068,0.106235598968429,0.628085758061532,0.529947762291574,0.769709401192402,"YY1-associated factor 2","liver"
"LOC115141787",317.700159168363,0.066645052087086,0.107596851447947,0.619395932039212,0.535655560364418,0.773111844948289,"coiled-coil-helix-coiled-coil-helix domain-containing protein 2-like","liver"
"LOC115137347",160.306458609754,0.0659234939734306,0.132804468076112,0.496395150919539,0.61961564559431,0.834066503118364,"large neutral amino acids transporter small subunit 3-like","liver"
"LOC115120147",57.6961301231436,0.0655461067948289,0.130132839666132,0.503686133054451,0.614481954433598,0.830722536076732,"serine/threonine-protein phosphatase 4 regulatory subunit 1-like, transcript variant X7","liver"
"LOC115134617",131.90151474744,0.0655207748988974,0.111768051047363,0.586220966411344,0.55772703390207,0.784560432675732,"catalase-like, transcript variant X1","liver"
"LOC115108239",57.7489298280652,0.0654685604543552,0.2957271269911,0.221381653825506,0.824795276182149,0.93961687444757,"lipoprotein lipase-like","liver"
"aqp9",81.2314262906057,0.0654455599969434,0.266160271228568,0.245887786689026,0.805769098446767,0.931458852222013,"aquaporin 9","liver"
"LOC115132047",223.698866885056,0.0650900875925134,0.0773248854464161,0.84177412247987,0.399914399363763,0.675808910367619,"protein RER1, transcript variant X2","liver"
"LOC115138663",274.942117933111,0.065072987809368,0.0804542900917029,0.808819364824386,0.418619055801544,0.691461250848962,"melanoma inhibitory activity protein 2-like, transcript variant X5","liver"
"LOC115131531",266.836814243336,0.0649841788897019,0.145964044864822,0.445206755882136,0.656170344914573,0.853670707268369,"myocyte-specific enhancer factor 2D homolog, transcript variant X2","liver"
"LOC115118871",416.104300784622,0.0648766895022477,0.146867017416654,0.441737638875011,0.658679069639658,0.854596863619591,"elongation factor 1-gamma-like, transcript variant X2","liver"
"LOC115139580",77.3020907773343,0.0647486011866256,0.132441134579656,0.488885884224155,0.624922489791898,0.836322349900384,"activator of 90 kDa heat shock protein ATPase homolog 1-like, transcript variant X1","liver"
"LOC115104069",73.9679217553723,0.0644269636591955,0.245367427069438,0.262573416645735,0.792879391719982,0.926075391590293,"nuclear receptor subfamily 1 group D member 1-like","liver"
"LOC115111850",577.773319473679,0.0643043209050193,0.117518116891987,0.547186447551081,0.584250645967983,0.80643604231815,"ATP synthase subunit alpha, mitochondrial-like","liver"
"LOC115106768",419.326021222815,0.0641527318339243,0.115848546412765,0.553763804729584,0.579740502433618,0.803475786439792,"coagulation factor IX-like","liver"
"LOC115136413",899.632643051624,0.0641394612395873,0.105139852047801,0.610039485412505,0.541835651584467,0.77457598174876,"hepatocyte growth factor-like protein","liver"
"LOC115139406",143.880349814225,0.0640978900449822,0.123142944982693,0.52051613719317,0.602703883486367,0.822713003714143,"costars family protein ABRACL, transcript variant X2","liver"
"LOC115136745",61.4525385149642,0.0640924325508611,0.361036518224925,0.177523406402151,0.859097281558145,0.951562731267703,"nucleoredoxin","liver"
"LOC115126333",132.35692639205,0.0640296859067536,0.137659113808122,0.465132196012842,0.641836790947468,0.844861624160795,"transmembrane emp24 domain-containing protein 2, transcript variant X1","liver"
"LOC115131677",194.06585603851,0.0638859755740554,0.106564807430786,0.599503505090547,0.548837173414882,0.779584923708794,"splicing factor, proline- and glutamine-rich-like, transcript variant X1","liver"
"LOC115110565",127.932638540939,0.0637257711348103,0.157443565916392,0.404753098444497,0.685659007347678,0.869229610243584,"transmembrane protein 205-like","liver"
"LOC115129443",64.6855428214535,0.063463912983687,0.220877523412203,0.287326261193405,0.77386251649165,0.919152526966429,"forkhead box protein O4-like","liver"
"LOC115134982",86.036144016871,0.0632595618483415,0.12834674530885,0.492880140404927,0.62209728048939,0.83493468227586,"GTP-binding protein SAR1b-like, transcript variant X1","liver"
"LOC115110339",62.7372107965995,0.0631830561679967,0.107857205260988,0.585802830836469,0.558008021179329,0.784560432675732,"SUMO-conjugating enzyme UBC9-B, transcript variant X3","liver"
"LOC115113042",80.6073538804306,0.062992223159245,0.166824647046911,0.377595422944498,0.705731165366751,0.881223048482377,"leucine-rich repeat-containing protein 1-like","liver"
"wars",70.0206518195657,0.0627952346295271,0.18378222798383,0.341682845607096,0.73258958319549,0.898055681535284,"tryptophanyl-tRNA synthetase","liver"
"LOC115106569",2004.84435323422,0.0627297562627247,0.232014700194852,0.270369749029017,0.786875810517905,0.923982559861042,"histone H1.0-B-like","liver"
"LOC115146058",161.827072385596,0.0626841517744281,0.126998066538474,0.493583512591808,0.62160034709952,0.83493468227586,"calmodulin","liver"
"LOC115112782",70.6024342845229,0.0624856326283542,0.126861160597179,0.492551324094886,0.62232964876646,0.83493468227586,"COP1-interactive protein 1-like","liver"
"LOC115102380",339.795906785081,0.0624837440090919,0.0993313908855502,0.629043280800183,0.529320721613767,0.769709401192402,"peptidyl-prolyl cis-trans isomerase FKBP1A-like","liver"
"LOC115135422",95.0992249713082,0.0624220147860775,0.575342996058252,0.108495306649666,0.91360280329078,0.971475309666769,"sentrin-specific protease 3-like, transcript variant X1","liver"
"LOC115109233",96.4392491764075,0.062368350403702,0.124236117613366,0.502014644387054,0.615657219782103,0.831484038380335,"heterogeneous nuclear ribonucleoprotein M-like, transcript variant X2","liver"
"LOC115135549",117.176241974024,0.0623278277478465,0.121115526697073,0.514614677800453,0.606822306327186,0.82542531676271,"peroxiredoxin-4-like, transcript variant X2","liver"
"LOC115109544",171.735241965025,0.0622950027825536,0.120063570873153,0.518850158541165,0.603865236835768,0.823579412299804,"GTPase KRas, transcript variant X1","liver"
"LOC115111243",365.645972574945,0.0619131154840428,0.145880752272213,0.424409077412166,0.671267501770149,0.861216977404825,"LMBR1 domain-containing protein 2-B-like, transcript variant X6","liver"
"LOC115139981",195.765694222067,0.0619021797884394,0.100088992319388,0.618471405835589,0.536264640945558,0.773111844948289,"multivesicular body subunit 12B-like","liver"
"evi5",159.928191162594,0.0617985099301523,0.0927355388053315,0.666395113742515,0.505158584876964,0.757363748897196,"ecotropic viral integration site 5, transcript variant X3","liver"
"LOC115143955",160.586685105844,0.0615016871938492,0.354022518027285,0.173722529110731,0.862083531071887,0.951562731267703,"helicase with zinc finger domain 2-like","liver"
"tmem248",78.8783219514997,0.0614022875013586,0.0836579599712508,0.733968262224654,0.462968081457201,0.720526116845953,"transmembrane protein 248, transcript variant X3","liver"
"clta",79.3377846353137,0.0610803760038889,0.117748452217171,0.518736126494762,0.603944765300322,0.823579412299804,"clathrin light chain A, transcript variant X1","liver"
"LOC115116152",77.9586559313716,0.0610201476611814,0.118201479616582,0.516238441846214,0.605687884365255,0.824902294865591,"cyclin-T2-like","liver"
"LOC115113326",68.7189724628059,0.0608838006169092,0.220868666356566,0.275656124615792,0.782812197821401,0.923247256458342,"mRNA decay activator protein ZFP36L2-A-like","liver"
"LOC115136422",433.761690375508,0.0605482221292458,0.141288707040776,0.428542545242285,0.668256165333608,0.859180422952437,"protein ABHD14B-like","liver"
"LOC115137896",152.973462406252,0.06053605927526,0.0912387896627517,0.663490380560954,0.507016538279718,0.757363748897196,"AP-1 complex subunit sigma-1A-like, transcript variant X2","liver"
"cmc2",64.3986618976624,0.060519973729315,0.105386456104782,0.574267092434935,0.56578707406196,0.79140292171467,"C-X9-C motif containing 2, transcript variant X7","liver"
"LOC115141705",74.8869700051593,0.0605028040946508,0.136366282686959,0.443678619835523,0.657274955255795,0.854017442659427,"glucuronokinase 1-like, transcript variant X1","liver"
"LOC115107521",66.261211447692,0.0600477529565252,0.124991531259719,0.480414571702081,0.630932634918495,0.839954940279378,"cyclin-K-like, transcript variant X3","liver"
"LOC115107839",166.752172881231,0.0600459020744529,0.095218282731284,0.630613159070603,0.528293492626057,0.769709401192402,"WD repeat-containing protein 26, transcript variant X2","liver"
"LOC115137105",120.087057841819,0.0600057617676211,0.236344837135763,0.253890723803508,0.799579981372779,0.929850269135122,"inositol-trisphosphate 3-kinase C-like, transcript variant X1","liver"
"LOC115128084",354.94797205261,0.0596673517686153,0.128457986797071,0.464489233066324,0.642297271779377,0.844861624160795,"eukaryotic translation initiation factor 3 subunit M-like","liver"
"LOC115130738",227.540625645437,0.0594780590902177,0.212051155435013,0.280489200675192,0.779102209692956,0.921915924490649,"RE1-silencing transcription factor B-like","liver"
"LOC115121166",104.782826469566,0.0594335817235349,0.185378586715787,0.320606510042368,0.748508603554685,0.904230083892119,"progranulin-like, transcript variant X3","liver"
"LOC115118596",93.6616457517898,0.0594217074537437,0.146276905934144,0.406227538614305,0.684575421528572,0.869229610243584,"prostaglandin E synthase 3-like","liver"
"LOC115107556",3169.37341627655,0.0592265080371648,0.111211192470096,0.532558879386987,0.594338973472228,0.814568142526161,"apolipoprotein B-100-like","liver"
"LOC115107603",5224.99104130277,0.0591333729654434,0.201644201803339,0.293256004569452,0.769326479273925,0.916357314295885,"heat shock protein HSP 90-beta-like","liver"
"parp4",59.610847961709,0.0591110179153004,0.116245385630367,0.508502058767816,0.61110129565823,0.828350143366459,"poly(ADP-ribose) polymerase family member 4, transcript variant X1","liver"
"LOC115108301",574.786677687042,0.0590485745154881,0.273920191843089,0.215568535193321,0.82932408440619,0.941916768058633,"elongation factor 2, transcript variant X1","liver"
"LOC115145050",125.565088429405,0.058968358000117,0.152442878296034,0.38682264897678,0.698887508560482,0.878359688643963,"zinc finger protein 774-like, transcript variant X2","liver"
"LOC115112746",305.565157877167,0.0588223594047087,0.136566774613072,0.430722330313264,0.666670280112145,0.859104667005092,"eukaryotic translation initiation factor 4 gamma 2-like","liver"
"LOC115135157",68.4881244871845,0.0587288403586357,0.115945553673691,0.506520849638772,0.612491056835426,0.829131035423845,"ubiquinol-cytochrome-c reductase complex assembly factor 1","liver"
"LOC115128665",140.864857520296,0.0585793292284533,0.0982033598544875,0.596510438291042,0.550834282716165,0.780469839198195,"transformer-2 protein homolog alpha-like","liver"
"LOC115105408",63.5917336320383,0.0583617814409949,0.0913410782932274,0.638943425362674,0.522859736643056,0.767162090193339,"ankyrin repeat and KH domain-containing protein 1-like, transcript variant X7","liver"
"LOC115118597",218.501203945954,0.058121627570905,0.089500095053921,0.649402970308451,0.516077944604144,0.762093304550851,"nascent polypeptide-associated complex subunit alpha-like, transcript variant X1","liver"
"LOC115136894",385.438210032915,0.0580798886072167,0.172636442261637,0.336428901374106,0.73654745819023,0.89977665064596,"alpha-2-macroglobulin-like, transcript variant X2","liver"
"LOC115106772",666.382924986327,0.0580459596618656,0.120993357827681,0.479745010007367,0.631408718600592,0.839954940279378,"claudin-10-like, transcript variant X2","liver"
"csnk1a1",361.856987048423,0.0580227587938662,0.0737103378157205,0.78717260717114,0.43118083039629,0.698526655284292,"casein kinase 1 alpha 1, transcript variant X7","liver"
"LOC115128400",69.3237915832607,0.0574569905807433,0.495029675045015,0.116067770231186,0.907598831767009,0.969355131596034,"class I histocompatibility antigen, F10 alpha chain-like","liver"
"LOC115113497",62.5459106528299,0.0573912098230068,0.114387991194492,0.501724081555252,0.615861622480002,0.831484588681182,"autophagy-related protein 13-like, transcript variant X2","liver"
"LOC115117536",189.803307176738,0.0571970995860566,0.164128701581364,0.348489319875002,0.727472733263314,0.894203516520286,"AP-1 complex subunit mu-2-like","liver"
"LOC115111163",85.0287796124424,0.0570072554455947,0.137729414091294,0.413907630564721,0.678941755381941,0.865342900230391,"basic leucine zipper and W2 domain-containing protein 1-A","liver"
"LOC115110279",112.800511992851,0.0570013997722974,0.0980311766030483,0.58146195677228,0.56092915100845,0.787367733879796,"ras-related protein Rab-5C","liver"
"LOC115113395",75.1331483962413,0.0568813113181837,0.107822643664255,0.527545136950122,0.59781508036353,0.81713422788791,"nucleolysin TIAR-like, transcript variant X7","liver"
"LOC115129805",58.2264822206146,0.0568498735234723,0.13979416443246,0.406668431077026,0.684251529681282,0.869229610243584,"guanine nucleotide-binding protein subunit alpha-11-like, transcript variant X3","liver"
"LOC115122043",312.128046578882,0.056577334471595,0.118588817606787,0.477088275381852,0.633299263251939,0.840906442733442,"26S proteasome non-ATPase regulatory subunit 4-like, transcript variant X1","liver"
"LOC115135327",83.0633056400851,0.0564523145785182,0.269557618537117,0.209425780227929,0.834115869237052,0.942624393217792,"DNA damage-inducible transcript 3 protein-like","liver"
"LOC115142066",5732.21851846356,0.0563980788938889,0.337398779756098,0.167155550872645,0.867247657539201,0.953060515537822,"hepcidin-like","liver"
"LOC115131667",59.7630338198256,0.056325719960606,0.163663925113798,0.344154766674707,0.7307298977141,0.897395318795623,"zinc finger protein 706-like, transcript variant X1","liver"
"LOC115145227",138.074191129763,0.0563138306303042,0.109095966511771,0.516186183879018,0.605724378933443,0.824902294865591,"AP-2 complex subunit alpha-2-like, transcript variant X1","liver"
"LOC115112837",60.3146073592506,0.0559663044719702,0.137345171661927,0.407486508588233,0.683650701094833,0.869229610243584,"protein phosphatase 1 regulatory subunit 21-like, transcript variant X2","liver"
"ccni",137.720590255182,0.0559308697535681,0.117793390753509,0.474821799387771,0.63491399377298,0.841672062765213,"cyclin I, transcript variant X1","liver"
"LOC115122895",267.763108184048,0.0556714850888636,0.209947048585273,0.265169172246076,0.790879142053835,0.925796491387545,"endoplasmic reticulum chaperone BiP-like","liver"
"LOC115109495",71.046771291105,0.0551102615781276,0.123718765009321,0.445447879907106,0.655996117423904,0.853670707268369,"ubiquitin-conjugating enzyme E2 H-like","liver"
"LOC115123005",83.2065956566675,0.0549030802246573,0.196611576094505,0.279246427475192,0.780055716157137,0.921915924490649,"butyrophilin subfamily 1 member A1-like, transcript variant X1","liver"
"LOC115105143",130.733831925478,0.0547743441573343,0.269994889055388,0.20287178156953,0.83923525067716,0.943387446707144,"insulin-induced gene 1 protein-like, transcript variant X1","liver"
"LOC115143574",157.241181965858,0.0546555638535026,0.100043330600006,0.546318915271093,0.584846736228575,0.806712452408687,"eukaryotic translation initiation factor 4B-like, transcript variant X1","liver"
"LOC115135748",70.895644115456,0.054332461976483,0.179078486292918,0.303400274936498,0.761584836173338,0.912974553330016,"moesin, transcript variant X1","liver"
"LOC115119397",152.075018433297,0.054292917933601,0.172949999527108,0.313922625510567,0.753579805733228,0.9070654048111,"ubiquitin carboxyl-terminal hydrolase CYLD-like","liver"
"lars",93.2300179725378,0.0541382161033734,0.139908428285882,0.386954644310277,0.69878978586752,0.878359688643963,"leucyl-tRNA synthetase","liver"
"wwp1",62.1267849051548,0.0541336471662361,0.11575531972055,0.467655804475529,0.640030751016512,0.843720700939838,"WW domain containing E3 ubiquitin protein ligase 1, transcript variant X1","liver"
"LOC115102421",71.0844808247409,0.0540722723833052,0.128355861200919,0.421268431978063,0.673559079017245,0.861687651672345,"phosphatidylinositide phosphatase SAC1-B","liver"
"LOC115131466",211.440241774664,0.0540430206397527,0.127930094646682,0.422441809247536,0.672702566310257,0.861687651672345,"nuclear migration protein nudC-like","liver"
"LOC115120803",254.45022155646,0.053997684041922,0.123037018446297,0.438873476647932,0.660753216195614,0.854759755833864,"protein tyrosine phosphatase type IVA 2-like, transcript variant X5","liver"
"LOC115134468",136.980240282291,0.0538839392297016,0.101526838994987,0.530735909470816,0.595601798207575,0.815202461213592,"amyloid-beta A4 protein-like, transcript variant X3","liver"
"LOC115146122",119.491784457118,0.0538023576725051,0.0989787034925638,0.543575090135902,0.586733905168202,0.808185826401237,"eukaryotic translation initiation factor 4E-like","liver"
"LOC115132097",221.802058351471,0.053365567531195,0.106718024516496,0.500061426108446,0.617031826110311,0.832512983523875,"sodium/potassium-transporting ATPase subunit alpha-1","liver"
"LOC115144719",79.3792469701598,0.0533461491883006,0.170898420073362,0.312151213366399,0.754925606932663,0.907692263674789,"E3 ubiquitin/ISG15 ligase TRIM25-like, transcript variant X4","liver"
"LOC115139788",179.957447218744,0.0532385229146875,0.15134930492381,0.351759282551632,0.725018797145074,0.891724990091527,"riboflavin kinase-like, transcript variant X2","liver"
"LOC115129302",76.4866369054033,0.0532113084934896,0.193435821461325,0.275085080371882,0.783250873708426,0.923269326737635,"fibroblast growth factor receptor-like 1, transcript variant X1","liver"
"LOC115143915",89.4237127082387,0.0530215238191807,0.116324336706802,0.455807660892344,0.648528294709539,0.849149158122738,"inhibitor of nuclear factor kappa-B kinase subunit alpha-like, transcript variant X2","liver"
"LOC115132348",760.050982527514,0.0528957258435823,0.0861809750392957,0.613774975503162,0.539364035850768,0.773215962597494,"peptidyl-prolyl cis-trans isomerase FKBP1A-like","liver"
"LOC115139145",128.559713618106,0.0528316820226506,0.0894038635817976,0.590932873659467,0.554565398552843,0.782250760109542,"ER membrane protein complex subunit 7-like","liver"
"LOC115141237",76.507570175737,0.0527347813048566,0.248493438285631,0.212218003294882,0.831936962011007,0.942624393217792,"cytochrome P450 4B1-like","liver"
"LOC115144880",253.542718538988,0.0527140723042402,0.268783777591761,0.19612073606728,0.844515666386145,0.945322995919892,"elongation factor 2-like, transcript variant X1","liver"
"LOC115128559",808.211051881855,0.0524837035059482,0.146947469592551,0.357159627528617,0.720972307834117,0.890391307088134,"60S ribosomal protein L15","liver"
"LOC115101259",368.277622908147,0.0524626815193935,0.146955841956645,0.356996229757719,0.721094628237962,0.890391307088134,"vitamin K-dependent gamma-carboxylase-like","liver"
"LOC115109414",76.5359241433975,0.0523957008799848,0.132063984667621,0.396744812840945,0.69155565059428,0.872921777341823,"tropomyosin alpha-1 chain-like, transcript variant X8","liver"
"ergic3",684.095108772095,0.0523152914584526,0.139394229741668,0.375304570034252,0.707433967755593,0.882287726690985,"ERGIC and golgi 3","liver"
"LOC115112904",114.614334475079,0.0519365547434039,0.100964127693852,0.514406016569454,0.606968153633885,0.82542531676271,"eukaryotic peptide chain release factor GTP-binding subunit ERF3A-like","liver"
"ttc25",169.181007785189,0.0519302981821261,0.438597958033595,0.118400683885875,0.905750183928707,0.969355131596034,"tetratricopeptide repeat domain 25, transcript variant X2","liver"
"LOC115101136",69.1332485155312,0.0517664934632936,0.185417658111828,0.279188584250549,0.780100103917627,0.921915924490649,"intracellular hyaluronan-binding protein 4-like, transcript variant X2","liver"
"LOC115125165",463.629921991718,0.05162352268314,0.485741339992131,0.106277803499238,0.915361942079387,0.971678380246584,"mid1-interacting protein 1A-like","liver"
"LOC115136868",760.270976823689,0.051522316172828,0.234838887051773,0.219394312499315,0.826342900083251,0.940567903026901,"alpha-2-macroglobulin-like, transcript variant X3","liver"
"LOC115140341",133.222200640112,0.0514240331710406,0.11441990530216,0.449432579368424,0.653119633666676,0.851877000584119,"protein NipSnap homolog 1-like","liver"
"fam114a2",90.9660583170095,0.0513194377807185,0.133455590494043,0.384543184670929,0.700575894941492,0.878359688643963,"family with sequence similarity 114 member A2, transcript variant X1","liver"
"dmgdh",78.9635267476338,0.0509165971263716,0.384138679749564,0.132547436148753,0.894551305357591,0.965981710346706,"dimethylglycine dehydrogenase","liver"
"psmd8",301.988440879439,0.0507456721737742,0.115128633734125,0.440773685293313,0.659376845879588,0.854596863619591,"proteasome 26S subunit, non-ATPase 8","liver"
"LOC115121826",58.3298996655828,0.0502879322914607,0.104326279994828,0.48202554805897,0.629787797517239,0.839717063356318,"sin3 histone deacetylase corepressor complex component SDS3-like, transcript variant X1","liver"
"gart",116.144720469353,0.0501299676147445,0.11324796209183,0.442656686167079,0.658014076293279,0.854366108435846,"phosphoribosylglycinamide formyltransferase, phosphoribosylglycinamide synthetase, phosphoribosylaminoimidazole synthetase, transcript variant X1","liver"
"LOC115135830",93.9679442103331,0.0500714699778148,0.100491502492137,0.498265711389206,0.618296772228886,0.83344654031715,"E3 ubiquitin-protein ligase RNF167-like, transcript variant X1","liver"
"LOC115121873",64.638982631397,0.0500266147157121,0.19751464299924,0.253280536349422,0.800051435595471,0.929850269135122,"sarcoplasmic/endoplasmic reticulum calcium ATPase 2-like, transcript variant X2","liver"
"LOC115118114",86.2450717082729,0.0499353845496863,0.16344675365759,0.305514691679331,0.759974182183274,0.911879530932889,"bromodomain-containing protein 9-like","liver"
"LOC115130874",61.6071033147416,0.0498359624470539,0.130706958148658,0.38128010285706,0.702995416205449,0.879799605594352,"mediator of RNA polymerase II transcription subunit 12","liver"
"ifrd1",1193.18584837606,0.0498074053269019,0.167193907339572,0.297902035543333,0.765777934313747,0.914267973129125,"interferon related developmental regulator 1","liver"
"LOC115141125",114.764924474538,0.0497366744054407,0.183735175851721,0.270697617779948,0.786623609165744,0.923982559861042,"nuclear receptor subfamily 1 group D member 2-like","liver"
"LOC115133554",129.106143017616,0.0494628241764225,0.140496976416995,0.35205614695662,0.724796155254237,0.89172023206045,"protein transport protein Sec24D-like","liver"
"LOC115101459",58.569656199437,0.0490557780189829,0.0991112354496407,0.49495678059536,0.620630628737038,0.834839606154843,"sorting nexin-12-like, transcript variant X2","liver"
"ctsa",284.109077398947,0.0490202448729487,0.257421247106834,0.190428122868212,0.848973661992579,0.94754015506072,"cathepsin A","liver"
"lmnb2",113.787660789853,0.0489918184775269,0.0954241624970391,0.513411039672967,0.60766382484204,0.825612583352051,"lamin B2","liver"
"LOC115103675",170.824292401279,0.0488737404312569,0.24638762075568,0.198361185035837,0.842762483853726,0.944668886668664,"WW domain binding protein 1-like, transcript variant X2","liver"
"LOC115105801",91.4250310965413,0.0487726411006553,0.145025931196823,0.336302899061983,0.736642463985664,0.89977665064596,"triosephosphate isomerase B-like","liver"
"LOC115146226",99.5338240328544,0.0482772625026962,0.176889142808261,0.272923830916104,0.78491176727838,0.92378671149823,"transmembrane emp24 domain-containing protein 10-like","liver"
"LOC115136892",3890.35440520191,0.0480357982592557,0.103089814228649,0.46596066370548,0.641243657312979,0.844705667068846,"alpha-2-macroglobulin-like","liver"
"LOC115106505",307.359782572369,0.0477670558034837,0.161917532472573,0.295008545856977,0.767987351440261,0.915784478748129,"transmembrane protein 150A-like, transcript variant X1","liver"
"rps20",1183.43526798755,0.0476932930055069,0.165672408776277,0.287877102516881,0.773440814847096,0.919152526966429,"ribosomal protein S20","liver"
"smarcd3",301.312446953192,0.0473648307807613,0.128998132134853,0.367174547389933,0.713488823646603,0.886819001174058,"SWI/SNF related, matrix associated, actin dependent regulator of chromatin, subfamily d, member 3, transcript variant X5","liver"
"tp53i3",60.7714101371271,0.0472586642354871,0.185030654081982,0.255409918264397,0.798406511105894,0.929791653728304,"tumor protein p53 inducible protein 3, transcript variant X5","liver"
"LOC115108369",129.317297555366,0.0471315237958516,0.122497526602573,0.384754901613349,0.700419014906046,0.878359688643963,"vesicle-trafficking protein SEC22b-B, transcript variant X1","liver"
"sf3b5",111.221637522794,0.0471289277105872,0.0983287756982544,0.479299445924291,0.631725616278543,0.840102320375642,"splicing factor 3b subunit 5","liver"
"LOC115142577",770.176229608178,0.0468482736368058,0.200354300848999,0.233827142408657,0.815119177016044,0.936475416861292,"protein disulfide-isomerase-like","liver"
"LOC115122653",195.280846887684,0.0467995651459597,0.143709708740818,0.325653468760159,0.744686553165967,0.903252528855705,"tyrosine-protein kinase ABL1-like, transcript variant X1","liver"
"lgals3bp",261.096150835635,0.0466993892014553,0.232526987941074,0.200834275689709,0.84082816080239,0.943876503285746,"galectin 3 binding protein","liver"
"LOC115111622",165.312692797291,0.046601260057688,0.124002569049136,0.375808827309233,0.70705902482648,0.882146490723212,"26S proteasome non-ATPase regulatory subunit 9-like","liver"
"srsf2",303.218389826007,0.0465838343276147,0.10528890113897,0.442438223057614,0.658172124751854,0.854366108435846,"serine and arginine rich splicing factor 2, transcript variant X2","liver"
"LOC115138696",61.7840175475249,0.0464915498411265,0.104302283232506,0.445738562956381,0.655786105254018,0.853670707268369,"sorting nexin-6","liver"
"naa15",97.6524347758555,0.0461727251465257,0.126836776723911,0.364032627910682,0.715833644987258,0.888419544471244,"N(alpha)-acetyltransferase 15, NatA auxiliary subunit","liver"
"LOC115101265",153.252437025022,0.0460451799603921,0.340284357072534,0.135313830928106,0.892363750152192,0.964538489955008,"prosaposin-like, transcript variant X1","liver"
"LOC115108263",129.37228359816,0.0460343238712173,0.129263432916148,0.356127969315803,0.721744732057479,0.890643351660421,"tight junction protein ZO-3-like","liver"
"LOC115117569",89.2585501461724,0.0459755221725836,0.120545411848565,0.381395869552798,0.702909525446913,0.879799605594352,"retinoic acid receptor RXR-alpha-A-like","liver"
"LOC115145279",66.7557993477301,0.0458340317692072,0.146054370181602,0.313814860262092,0.753661657270824,0.9070654048111,"zinc finger Ran-binding domain-containing protein 2-like, transcript variant X2","liver"
"LOC115104207",91.4514871985682,0.0457062247987247,0.133607642622259,0.342092891556715,0.732280986815483,0.897947443519829,"DNA-directed RNA polymerase III subunit RPC10","liver"
"allc",185.139542114282,0.0456455336358874,0.142323880322545,0.320715915926702,0.748425684779532,0.904230083892119,"allantoicase","liver"
"LOC115125893",256.562717192278,0.0454444411314321,0.104444122464778,0.435107692601444,0.663484259965548,0.856623960601702,"NEDD4 family-interacting protein 1-like","liver"
"LOC115117084",3321.01172430274,0.0454441711591252,0.136577068921185,0.332736465338479,0.739333221094991,0.900342680539545,"glycine-rich RNA-binding protein GRP1A-like","liver"
"LOC115105605",62.2557157954482,0.0449009186531566,0.12624854450146,0.355654941056667,0.722098993226409,0.890643351660421,"arrestin red cell, transcript variant X4","liver"
"LOC115137093",106.870818798726,0.0448818920478567,0.111803417152339,0.401435780685507,0.688099310445989,0.870358242045736,"cleft lip and palate transmembrane protein 1 homolog, transcript variant X3","liver"
"LOC115139150",126.483546828451,0.0448619808498578,0.134810928959351,0.332777032219583,0.73930259669374,0.900342680539545,"26S proteasome regulatory subunit 4-like","liver"
"LOC115131393",93.9587162029102,0.0447967950403415,0.180192422890577,0.248605320477568,0.803666092545258,0.931458852222013,"uncharacterized LOC115131393, transcript variant X1","liver"
"LOC115112471",72.5724489884863,0.0446623267521735,0.142015321619324,0.314489494815863,0.753149293953582,0.9070654048111,"la-related protein 6-like","liver"
"LOC115141467",64.6791376443717,0.0446549774847202,0.134644031257969,0.331652113112717,0.740151964016648,0.900731349373524,"RNA-binding protein FUS-like, transcript variant X1","liver"
"rnf10",138.650977370282,0.0444886049473952,0.108976280762916,0.408241175381849,0.683096621422298,0.869008061459827,"ring finger protein 10","liver"
"LOC115141164",177.879970989094,0.0442771861619059,0.137842410124125,0.321215989491442,0.748046715826469,0.904230083892119,"26S proteasome regulatory subunit 6B-like","liver"
"LOC115106900",174.710509908577,0.0442506079957137,0.104201196932671,0.424665064301572,0.671080854792473,0.861216977404825,"ADP-ribosylation factor 4","liver"
"LOC115144331",110.882608289425,0.0438599342584635,0.132450045608564,0.331143217482045,0.740536308552538,0.900731349373524,"interferon gamma receptor 1-like, transcript variant X1","liver"
"LOC115145842",77.2322453111395,0.0437472847365443,0.145510638280039,0.30064664174142,0.763683960933763,0.913356234894243,"ribosomal protein S6 kinase beta-2-like, transcript variant X3","liver"
"LOC115113536",76.4011771416084,0.0435040681323011,0.0977944117840657,0.444852291032334,0.656426502338205,0.853715571026441,"vacuolar protein sorting-associated protein 35, transcript variant X3","liver"
"LOC115114230",74.7647932298001,0.0434052177372376,0.126825958538851,0.34224237874726,0.732168495051666,0.897947443519829,"pyroglutamyl-peptidase 1-like","liver"
"rfng",90.377316654815,0.0433812293386313,0.137307262063108,0.315942716261378,0.7520459883693,0.906368849377075,"RFNG O-fucosylpeptide 3-beta-N-acetylglucosaminyltransferase","liver"
"LOC115119682",87.8896961547174,0.0433273077754541,0.133709088535266,0.324041605922894,0.745906535210676,0.903511155280451,"protein transport protein Sec16B-like","liver"
"eef1d",268.372052628883,0.0427266602846219,0.116595537154315,0.366451935703789,0.714027871658262,0.886819001174058,"eukaryotic translation elongation factor 1 delta, transcript variant X5","liver"
"LOC115125590",135.820330082666,0.042701026562712,0.208872979076277,0.204435378628455,0.838013285781551,0.942961127218154,"zinc transporter ZIP9-A-like","liver"
"LOC115137062",228.332135364304,0.0427002345413598,0.122671926243992,0.348084813280178,0.727776489261326,0.894307196330771,"transmembrane protease serine 4-like, transcript variant X3","liver"
"LOC115107587",124.138397004646,0.0422161060700003,0.171569688370199,0.246058068129785,0.805637282064897,0.931458852222013,"ezrin-like, transcript variant X1","liver"
"LOC115137920",170.058291297502,0.0419702863953097,0.086087592678962,0.487530027141372,0.625882769065143,0.837135049950934,"heterogeneous nuclear ribonucleoprotein C-like, transcript variant X8","liver"
"LOC115144216",83.7552750942134,0.0419241107541144,0.0931065510214353,0.450280998427947,0.652507838368861,0.851624063141684,"TOM1-like protein 2, transcript variant X2","liver"
"LOC115138588",88.9429029461917,0.0417682961531626,0.159389073373411,0.262052443553074,0.793281010365359,0.926075391590293,"eukaryotic translation initiation factor 5-like","liver"
"LOC115109601",877.724930398768,0.0414115842804755,0.152014219875622,0.272419148118896,0.785299751190252,0.92378671149823,"fibroblast growth factor 23-like","liver"
"LOC115118343",93.1185161761163,0.0411728351872162,0.140236959970579,0.293594749885152,0.769067588057183,0.916357314295885,"NADH dehydrogenase [ubiquinone] 1 beta subcomplex subunit 2, mitochondrial-like","liver"
"LOC115126955",159.063206211773,0.0411663990840063,0.133739376857466,0.307810609345666,0.758226448210838,0.910050354213008,"catenin delta-1-like","liver"
"LOC115108229",233.534613980618,0.0411620287024832,0.154432690479054,0.266537017355572,0.789825654405656,0.925360553997544,"calreticulin-like","liver"
"LOC115146138",105.76733780202,0.0411166209800381,0.0921989260252038,0.445955530640328,0.655629368562743,0.853670707268369,"eukaryotic translation initiation factor 5-like, transcript variant X1","liver"
"LOC115116373",526.8708151035,0.041112136417708,0.183203560938568,0.224406863093092,0.822440730887019,0.939436400349284,"glycine-rich RNA-binding protein-like, transcript variant X1","liver"
"LOC115111577",148.56184110569,0.0409847578020854,0.148113992287955,0.27671091143371,0.782002092801155,0.922986466899489,"indoleamine 2,3-dioxygenase 2-like","liver"
"LOC115133584",81.5601773351611,0.0409266249794825,0.241073898400543,0.169767964308949,0.865192621939014,0.952713079197541,"perilipin-2-like, transcript variant X1","liver"
"nudt7",83.8797428095985,0.04091133152345,0.169371604810847,0.241547758664385,0.809130605960542,0.93262595652584,"nudix hydrolase 7, transcript variant X1","liver"
"LOC115136181",118.509984325852,0.0404724577778312,0.113720063183123,0.355895491481204,0.721918832320013,0.890643351660421,"ubiquitin-conjugating enzyme E2 B-like","liver"
"LOC115103117",357.44499901774,0.0402826465399396,0.0818726495284576,0.492015914617958,0.62270809306144,0.83493468227586,"25-hydroxycholesterol 7-alpha-hydroxylase-like, transcript variant X1","liver"
"LOC115105658",72.0717238753185,0.0401615851425529,0.12864552465149,0.31218796962703,0.754897674393463,0.907692263674789,"long-chain-fatty-acid--CoA ligase 4-like, transcript variant X2","liver"
"LOC115141220",144.743581187829,0.0400444714781209,0.107907168202114,0.371101124654817,0.71056221339398,0.88435162802866,"MAP7 domain-containing protein 1-like, transcript variant X3","liver"
"LOC115101326",89.2041722632278,0.0400347591978925,0.133043212731005,0.300915457287079,0.763478963089095,0.913356234894243,"barrier-to-autointegration factor-like","liver"
"LOC115144468",164.151637312391,0.0399773331341128,0.162380881254753,0.246194828019155,0.805531419013776,0.931458852222013,"ribosome-binding protein 1-like, transcript variant X4","liver"
"LOC115136867",77.5499128689892,0.0399615540428129,0.195668691572225,0.204230700996242,0.838173221002748,0.942961127218154,"dolichyl-diphosphooligosaccharide--protein glycosyltransferase subunit 2-like, transcript variant X1","liver"
"LOC115104965",123.186899926213,0.0397329645002398,0.125554489465643,0.316459926437855,0.751653437425347,0.906163682622216,"protein Aster-C-like, transcript variant X1","liver"
"tmem62",213.140881602223,0.0393685417824118,0.0998830344792168,0.39414643325242,0.693472931150749,0.874565491141847,"transmembrane protein 62, transcript variant X2","liver"
"LOC115144174",64.0511942590915,0.0392882648536026,0.80102651815174,0.0490473960141231,0.96088152480864,0.98653730355668,"phospholipid transfer protein-like, transcript variant X1","liver"
"LOC115103368",91.8824888658407,0.0392621582880675,0.224280780954608,0.175058059459913,0.861034013014122,0.951562731267703,"dnaJ homolog subfamily C member 1-like, transcript variant X3","liver"
"LOC115116084",88.5192443852531,0.0390263770936811,0.0947182761918654,0.412025837702405,0.68032048531329,0.866558218167803,"YTH domain-containing family protein 1-like, transcript variant X2","liver"
"prelid1",63.8611282296314,0.0389934068893704,0.113736037654572,0.342841263802396,0.731717881154223,0.897947443519829,"PRELI domain containing 1, transcript variant X1","liver"
"LOC115145185",527.023805363765,0.0382617903951432,0.144176275217806,0.265382014740924,0.790715189757958,0.925796491387545,"60S ribosomal protein L5","liver"
"LOC115131842",58.9937061360002,0.0382484475624196,0.106351734868646,0.359641030864798,0.719115595637713,0.889788021284401,"MAP kinase-activated protein kinase 2-like","liver"
"LOC115141357",22188.3898136526,0.0382120232329678,0.203968509270965,0.187342758789321,0.851391899751779,0.94862566008319,"C-type lectin domain family 4 member E-like","liver"
"LOC115122566",627.724408438715,0.0382062152274858,0.114201211499399,0.334551750597558,0.737963246832926,0.900310743517213,"elongation factor 1-gamma, transcript variant X2","liver"
"LOC115107741",196.253631823305,0.03813249046394,0.105173104145549,0.362568840900317,0.716926989958699,0.888745258841745,"solute carrier family 22 member 2-like","liver"
"LOC115103222",119.10301329907,0.0380595959214351,0.101708870305428,0.374201343571543,0.708254524468327,0.882287726690985,"thioredoxin reductase-like selenoprotein T1a","liver"
"LOC115144781",87.3016531511605,0.0380116097424664,0.203615057899675,0.186683687024736,0.851908647109306,0.94862566008319,"acyl-coenzyme A thioesterase 1-like","liver"
"LOC115142758",173.910351991396,0.0379637731077124,0.141932847894456,0.267477005294384,0.789101916523764,0.925310532724644,"isocitrate dehydrogenase [NAD] subunit beta, mitochondrial-like, transcript variant X2","liver"
"LOC115104290",317.826771815123,0.0379326505342856,0.112606595486179,0.336859935872418,0.736222488460862,0.89977665064596,"probable ATP-dependent RNA helicase DDX5, transcript variant X2","liver"
"LOC115140844",75.5300582556477,0.0375836922362172,0.0947902658801064,0.396493161900761,0.69174125142642,0.872921777341823,"zinc finger protein 696-like, transcript variant X2","liver"
"LOC115105495",1619.9349198894,0.0374588126702634,0.10312402533385,0.363240404444992,0.716425307488095,0.888419544471244,"membrane-associated progesterone receptor component 1-like","liver"
"LOC115105016",283.195832853141,0.0374309667023005,0.171728232746895,0.217966295370132,0.827455372441084,0.941045786291814,"organic solute transporter subunit alpha-like","liver"
"LOC115141045",209.524622179871,0.0373309681715936,0.204392557962264,0.182643480485653,0.855077765645821,0.949659185542077,"sterol regulatory element-binding protein cleavage-activating protein-like, transcript variant X5","liver"
"LOC115133487",59.7561778986088,0.0371311313152393,0.132289164135102,0.280681577799664,0.778954639757647,0.921915924490649,"small ubiquitin-related modifier 1","liver"
"LOC115142010",473.003864413366,0.037110619902873,0.179444528585456,0.206808311155611,0.83615956510741,0.942624393217792,"glyceraldehyde-3-phosphate dehydrogenase-like","liver"
"LOC115137001",234.755570339411,0.0369461768853356,0.0873139761697297,0.423141614963405,0.672191941567188,0.861687651672345,"14-3-3 protein epsilon-like, transcript variant X2","liver"
"LOC115128496",82.3732363455363,0.0368296644647967,0.317840730914041,0.115874590266901,0.907751934047865,0.969355131596034,"SH2 domain-containing protein 2A-like","liver"
"LOC115132236",67.6292337036541,0.0366697045466204,0.209463201947854,0.175065138915184,0.86102845032119,0.951562731267703,"ATPase family AAA domain-containing protein 3-like","liver"
"LOC115107410",60.5616126369038,0.0365810000426702,0.10231167108119,0.357544742023039,0.720684037405398,0.890391307088134,"protein FAM122A-like, transcript variant X2","liver"
"LOC115132237",94.1144826284153,0.0364273080430264,0.12852193780422,0.28343260820201,0.776845235029112,0.92100674170409,"msx2-interacting protein-like, transcript variant X1","liver"
"LOC115102248",1606.97388582527,0.0363468730046334,0.123911733973406,0.293328741670536,0.769270886678047,0.916357314295885,"cold shock domain-containing protein E1-like, transcript variant X14","liver"
"LOC115141860",289.783151200424,0.036249777898895,0.284123628077728,0.127584524188105,0.898477778941457,0.966098205471296,"heat shock cognate 70 kDa protein-like","liver"
"LOC115141591",190.47032354742,0.0361582446828673,0.0995512601937727,0.363212325112577,0.716446281324087,0.888419544471244,"14-3-3 protein epsilon-like, transcript variant X3","liver"
"spidr",195.095901509071,0.03608805631963,0.157992509988481,0.228416247847833,0.819322659337972,0.938523137052295,"scaffold protein involved in DNA repair, transcript variant X1","liver"
"LOC115145256",57.346597976311,0.0358937939018,0.160698223772464,0.223361485019417,0.823254177610783,0.939436400349284,"ataxin-2-like protein","liver"
"LOC115138154",4268.84170731265,0.0357852109178135,0.141726202930803,0.25249537613934,0.800658187661903,0.929850269135122,"sex hormone-binding globulin-like","liver"
"LOC115110440",121.828256174571,0.0355359211155389,0.0821003950555132,0.432834958851427,0.665134674218776,0.857939535479661,"splicing factor 3B subunit 1, transcript variant X7","liver"
"LOC115126112",83.9754147272381,0.0355293296241226,0.120533417756917,0.294767461881612,0.768171524249228,0.915784478748129,"GTP-binding protein 1-like, transcript variant X2","liver"
"LOC115110411",142.551131059101,0.0353717933635712,0.143101321115689,0.247180061566134,0.80476887519181,0.931458852222013,"hsc70-interacting protein-like, transcript variant X1","liver"
"LOC115137943",87.3125693005691,0.0353329411592912,0.0884993733208689,0.399245100088855,0.689712614874378,0.87117093840346,"splicing factor 3B subunit 2-like, transcript variant X1","liver"
"LOC115140936",123.099442871505,0.0353134565191601,0.161800974286483,0.218252434355769,0.827232432936865,0.941045786291814,"oxidation resistance protein 1-like, transcript variant X4","liver"
"LOC115139674",304.256624517933,0.0352906833717504,0.138326812139326,0.255125400679406,0.798626246247005,0.929791653728304,"ADP-ribosylation factor-like protein 6-interacting protein 4","liver"
"LOC115117899",5799.52083288157,0.0351516685401654,0.192758164893027,0.182361502350228,0.855299035850089,0.949659185542077,"complement factor H-like","liver"
"LOC115128486",248.867545242434,0.0349609644475075,0.317275275288034,0.110191266608369,0.912257688333345,0.971348885600793,"lanosterol 14-alpha demethylase-like","liver"
"LOC115133545",74.8663955943536,0.0349528547099285,0.121598853896693,0.287443948605169,0.77377241419951,0.919152526966429,"adhesion G protein-coupled receptor L3-like, transcript variant X2","liver"
"LOC115124110",82.31949778083,0.0349030320254758,0.124801930938496,0.279667403885573,0.779732688690236,0.921915924490649,"T-complex protein 1 subunit theta-like","liver"
"LOC115110396",118.378688956524,0.0348256778987742,0.204734763854977,0.170101438773939,0.864930362028435,0.952713079197541,"dnaJ homolog subfamily B member 11-like","liver"
"LOC115141534",450.246611792652,0.0343996475026154,0.196786547336318,0.174806906103316,0.861231361611156,0.951562731267703,"mRNA decay activator protein ZFP36-like","liver"
"kdsr",64.615685343599,0.0341703557257895,0.135215637747133,0.252710088086791,0.800492251702707,0.929850269135122,"3-ketodihydrosphingosine reductase, transcript variant X2","liver"
"LOC115127937",132.491871403811,0.0338606649570329,0.108985621034499,0.310689287592485,0.756036841778309,0.908746723189808,"60S ribosomal protein L30-like","liver"
"LOC115130947",104.23352605412,0.0338100729199863,0.143770646450835,0.235166730863578,0.814079326868733,0.936018994729747,"autophagy-related protein 2 homolog A-like","liver"
"LOC115120904",70.5621427130337,0.033572080933424,0.125731468286956,0.267014148413528,0.789458267606935,0.925360553997544,"endoplasmic reticulum lectin 1-like","liver"
"LOC115112872",130.223169448393,0.0334892346103198,0.143560760267737,0.233275684440953,0.815547338800538,0.936475416861292,"NHP2-like protein 1","liver"
"LOC115114129",94.8069466534384,0.033105705682462,0.394734895301125,0.0838682013588062,0.933161222099384,0.978910864624371,"parafibromin-like","liver"
"dnajb11",78.5125539367786,0.0329519687100647,0.203136099094411,0.162216212957549,0.871135592800131,0.954245814634059,"DnaJ heat shock protein family (Hsp40) member B11","liver"
"LOC115125208",1460.45194626379,0.0328080354387035,0.158485692946793,0.207009445639474,0.836002481725076,0.942624393217792,"60S ribosomal protein L7-like","liver"
"LOC115102799",66.0310977426324,0.0328049653823516,0.133902561938428,0.244991319863143,0.806463152342506,0.931458852222013,"coatomer subunit alpha-like","liver"
"LOC115133563",102.264935388237,0.0327145384528461,0.114009425077601,0.286945911976828,0.77415373529827,0.919152526966429,"nuclear factor 1 B-type-like, transcript variant X6","liver"
"LOC115140075",69.1902530037292,0.0326848783810503,0.122006448222668,0.267894679807404,0.788780388971966,0.925310532724644,"arginine/serine-rich coiled-coil protein 2-like","liver"
"LOC115106789",111.776677815656,0.0325847808670412,0.117832952219714,0.276533688184972,0.782138188584601,0.922986466899489,"AP-2 complex subunit mu, transcript variant X2","liver"
"LOC115143301",61.6748241763198,0.0323380187491303,0.178943251016944,0.180716615828491,0.856590015981203,0.950459740511364,"guanine nucleotide-binding protein-like 3","liver"
"LOC115114687",305.48669038997,0.032319734415572,0.11320708370756,0.285492156118616,0.775267112982156,0.919670766156946,"proteasome subunit beta type-5-like","liver"
"LOC115132962",110.190816998401,0.0322684300483501,0.104215878493481,0.309630648561567,0.756841846732209,0.908746723189808,"ubiquitin-conjugating enzyme E2 N-like","liver"
"LOC115140149",111.854373356689,0.0322637933615181,0.120984661796473,0.266676724821483,0.789718076020937,0.925360553997544,"transitional endoplasmic reticulum ATPase","liver"
"LOC115127115",114.601285521578,0.0319388378825441,0.129940964036698,0.24579498943477,0.805840935952568,0.931458852222013,"cyclin-L1-like, transcript variant X1","liver"
"LOC115134201",92.1356242564834,0.0317810095828528,0.228798724033119,0.138903788546707,0.889526177165577,0.963515465885435,"peptidyl-prolyl cis-trans isomerase FKBP4-like","liver"
"LOC115102093",474.593982869999,0.031775081281829,0.100288733814967,0.316836000147875,0.751368046234897,0.906087620252497,"cellular nucleic acid-binding protein-like, transcript variant X1","liver"
"LOC115107965",62.6837360688578,0.0314643296067317,0.528929200910524,0.0594868454087381,0.952564342765668,0.983969051354569,"heat shock protein HSP 90-alpha","liver"
"LOC115123030",113.880521044166,0.0313845128030072,0.0919885625562611,0.341178424043882,0.732969265002584,0.89825096937779,"heterogeneous nuclear ribonucleoprotein H-like, transcript variant X2","liver"
"LOC115102617",115.736739633397,0.031363078986013,0.168068799370158,0.186608574009851,0.851967543752805,0.94862566008319,"threonine-rich protein-like","liver"
"ficd",81.2416345976141,0.0312361973515974,0.227029120092363,0.137586743669224,0.890567032901038,0.963874462587528,"FIC domain containing","liver"
"LOC115135418",839.137077637127,0.0308796669568297,0.165768658220278,0.186281696964669,0.852223859953267,0.94862566008319,"transmembrane 4 L6 family member 5-like, transcript variant X2","liver"
"prrc1",63.6462081331716,0.0306024195880311,0.124479197359187,0.24584364486001,0.805803269931238,0.931458852222013,"proline rich coiled-coil 1, transcript variant X2","liver"
"LOC115115456",69.0649452320023,0.0304544282989875,0.239561812456711,0.12712555472292,0.898841025805325,0.966098205471296,"complement C3-like","liver"
"LOC115109620",82.9239839604944,0.0303421043381752,0.134199038435625,0.226097777539072,0.821125373106247,0.939087267334754,"liprin-beta-2-like, transcript variant X4","liver"
"LOC115119595",88.4005228770544,0.0302152585317167,0.107490084527102,0.28109810002148,0.778635158406331,0.921915924490649,"talin-1-like","liver"
"LOC115103753",61.1763113453732,0.0300994043798925,0.110067052133719,0.273464254710166,0.784496366087128,0.923773647406128,"WAS/WASL-interacting protein family member 2-like","liver"
"LOC115120053",57.9187836126843,0.0299251741791653,0.108918934197012,0.274747218192907,0.783510451713808,0.923269326737635,"nudC domain-containing protein 3-like","liver"
"hyi",115.141905686776,0.0298749525034186,0.182971715884684,0.163276342242137,0.870300860084479,0.954212447407322,"hydroxypyruvate isomerase (putative)","liver"
"LOC115105526",540.944326707736,0.0296403301721385,0.243945357313329,0.121503973260978,0.903291867814914,0.968153898947607,"polyubiquitin-like","liver"
"LOC115141505",62.1312013316525,0.0294656498953465,0.112734086773206,0.261373030453729,0.793804852928618,0.926295041665344,"porphobilinogen deaminase-like, transcript variant X2","liver"
"LOC115141274",134.479949432081,0.0293780444196256,0.259470376185799,0.113223115684655,0.909853669837449,0.970183568391481,"inverted formin-2-like","liver"
"LOC115135237",138.849863916484,0.0292974533440581,0.0912832338346287,0.32095108940963,0.748247456527417,0.904230083892119,"14-3-3 protein beta/alpha-1","liver"
"LOC115109103",69.2598689442176,0.0292473108220529,0.121191204599396,0.241331959020718,0.80929784304021,0.93262595652584,"lipoamide acyltransferase component of branched-chain alpha-keto acid dehydrogenase complex, mitochondrial-like","liver"
"LOC115110691",228.694675936264,0.0291842581596284,0.114559576217456,0.254751799223062,0.79891480577519,0.929850269135122,"serine/arginine-rich splicing factor 2-like, transcript variant X2","liver"
"LOC115108616",3691.79837187203,0.0288955368211081,0.409828102242966,0.070506479821575,0.943790543235804,0.982427643479289,"insulin-like growth factor-binding protein 1","liver"
"LOC115109604",201.580778417544,0.028703354092479,0.0997404978151631,0.287780337187323,0.77351488959761,0.919152526966429,"CCR4-NOT transcription complex subunit 1, transcript variant X1","liver"
"LOC115145817",580.504947831381,0.0286223956395868,0.108967154911135,0.26266993630263,0.792804990654665,0.926075391590293,"microsomal triglyceride transfer protein-like","liver"
"LOC115146055",497.548109489599,0.0284217715857743,0.142887092782153,0.198910699576668,0.842332599704533,0.94452480781174,"26S proteasome regulatory subunit 4","liver"
"LOC115117624",83.438608450637,0.0283986863397078,0.28384826185249,0.10004882944982,0.920305559591607,0.974075684470369,"AT-rich interactive domain-containing protein 1B-like","liver"
"LOC115128688",65.2363889611198,0.0282313821895966,0.107789640712874,0.26191183125657,0.793389417917886,0.926075391590293,"vacuolar protein sorting-associated protein 28 homolog","liver"
"LOC115103130",64.1644258104187,0.0282213156242667,0.127325939914428,0.221646238333158,0.824589284635899,0.93961687444757,"nuclear receptor coactivator 2-like, transcript variant X2","liver"
"sde2",63.947000255733,0.0280179627981009,0.120292743454625,0.232914820906629,0.815827549497521,0.936475416861292,"SDE2 telomere maintenance homolog","liver"
"LOC115141144",134.894150136168,0.0280160847635154,0.114641364922264,0.244380244273195,0.806936340797185,0.931458852222013,"probable Bax inhibitor 1, transcript variant X2","liver"
"LOC115102591",86.469770207885,0.0279234091445682,0.0845012453077095,0.330449676130638,0.741060211446349,0.900731349373524,"serine/threonine-protein kinase 38, transcript variant X3","liver"
"LOC115101102",75.7632047595218,0.0278890391464069,0.34767742851027,0.0802152709938807,0.936066044803224,0.980509219639208,"rho guanine nucleotide exchange factor 28-like","liver"
"LOC115108524",79.6157544420037,0.0276561837155096,0.223113842841995,0.123955481037074,0.901350524115602,0.967071528374623,"DCN1-like protein 4, transcript variant X1","liver"
"LOC115103174",149.720963958934,0.0276471936210446,0.19989375707874,0.138309440099993,0.889995865094969,0.963734911022372,"aspartyl/asparaginyl beta-hydroxylase-like, transcript variant X3","liver"
"etnppl",600.328871129737,0.0276007310674034,0.128371217602398,0.215007161129301,0.829761735354132,0.941916768058633,"ethanolamine-phosphate phospho-lyase","liver"
"LOC115129308",407.994546069041,0.0273628125116676,0.0743388298884299,0.368082367623147,0.712811817972426,0.886339527167666,"heterogeneous nuclear ribonucleoprotein A0-like","liver"
"LOC115136771",2399.13534702905,0.0273198042162699,0.317668875343102,0.0860008843698106,0.93146571420686,0.97851913688329,"diablo homolog, mitochondrial-like","liver"
"LOC115144704",62.3422760136165,0.0273019794459724,0.111712429785629,0.244395180539566,0.806924774005455,0.931458852222013,"apoptosis inhibitor 5-like, transcript variant X1","liver"
"LOC115109098",230.018896989795,0.0272098062170133,0.131486773227087,0.20693949322203,0.836057112900145,0.942624393217792,"zinc transporter 7","liver"
"LOC115137809",195.249732098811,0.0270385510715336,0.128924369056161,0.209724129499173,0.833882991713749,0.942624393217792,"death-inducer obliterator 1-like, transcript variant X2","liver"
"prodh2",1514.61118219144,0.0269097915861055,0.192716935109809,0.139633766854856,0.888949359883105,0.963402709620722,"proline dehydrogenase 2, transcript variant X2","liver"
"LOC115109369",66.9323581512322,0.0268174511642465,0.145899779214106,0.183807345759532,0.854164593242629,0.949433813745172,"UPF0183 protein C16orf70 homolog, transcript variant X3","liver"
"LOC115133056",81.7396655906326,0.0267878464302019,0.162201574473388,0.165151580785654,0.868824674774969,0.953508178347542,"transcription factor ETV6-like, transcript variant X1","liver"
"ranbp1",89.8462734239104,0.0267755365848888,0.0924343746453122,0.289670771156634,0.772068119281218,0.918281194686385,"RAN binding protein 1","liver"
"LOC115128472",110.176262352515,0.0267244832025135,0.0920194637096193,0.290422070778922,0.771493360926795,0.918070421469199,"transmembrane protein 79-like, transcript variant X2","liver"
"LOC115134631",193.8604587095,0.0265773623385599,0.164402807405216,0.161660027331849,0.871573583972222,0.954469083361305,"carnitine O-palmitoyltransferase 1, liver isoform-like, transcript variant X2","liver"
"LOC115116331",92.7100572592544,0.0265624991994512,0.112699097379752,0.235693983510321,0.813670138851963,0.935812496038544,"chromobox protein homolog 3-like, transcript variant X2","liver"
"LOC115102273",204.341139588434,0.0265142600688114,0.113439907813331,0.233729562901633,0.815194935466115,0.936475416861292,"guanine nucleotide-binding protein G(I)/G(S)/G(T) subunit beta-1-like, transcript variant X1","liver"
"ddit4",241.496237503341,0.0264227140631148,0.487382179825801,0.0542135415631297,0.956765031944366,0.986036477927999,"DNA damage inducible transcript 4","liver"
"LOC115109352",118.924267774334,0.0260428112999384,0.162856677850873,0.159912455808448,0.872950036474608,0.95546303669992,"heterogeneous nuclear ribonucleoprotein A3-like","liver"
"LOC115135087",90.0930006326727,0.0259642953672168,0.0985316573519047,0.263512215921484,0.792155809237717,0.926075391590293,"survival of motor neuron-related-splicing factor 30-like","liver"
"LOC115128678",58.7540173072789,0.0258088988075704,0.106122580226529,0.243198937987361,0.807851289533069,0.931749251877982,"ubiquilin-4-like","liver"
"LOC115110741",102.429780640815,0.02575381656601,0.119542645514262,0.21543622742511,0.829427227655759,0.941916768058633,"nucleobindin-2-like, transcript variant X2","liver"
"LOC115112422",74.4940692127661,0.0257365741479623,0.119542043488863,0.215293075112606,0.829538828304816,0.941916768058633,"protein lin-7 homolog C","liver"
"opa1",60.9104487495087,0.0257071950503575,0.133333373960755,0.19280390412924,0.847112545806274,0.947128562462811,"OPA1 mitochondrial dynamin like GTPase, transcript variant X1","liver"
"LOC115117982",201.938320317747,0.0256823589157466,0.306767394633318,0.0837193240384786,0.93327959272088,0.978910864624371,"fish-egg lectin-like","liver"
"LOC115106587",57.7027992706944,0.0256294184745289,0.161809493636668,0.158392551008644,0.874147483120889,0.956260102308305,"calpain-15-like, transcript variant X2","liver"
"LOC115146699",132.672744288522,0.0256018074998442,0.145408029674427,0.176068732635793,0.860239944893598,0.951562731267703,"uncharacterized protein C1orf115 homolog","liver"
"LOC115143164",626.233280799996,0.0253638435376979,0.295986127314996,0.085692676774358,0.931710723802511,0.978524326261024,"peptidyl-prolyl cis-trans isomerase FKBP11-like","liver"
"LOC115143323",423.705531647687,0.025360163233154,0.0964287303167262,0.262993852038256,0.792555317733051,0.926075391590293,"succinate--CoA ligase [GDP-forming] subunit beta, mitochondrial-like, transcript variant X1","liver"
"LOC115145221",111.486103562792,0.0253103675746757,0.0936980835677041,0.27012684369779,0.787062671206461,0.923982559861042,"jupiter microtubule associated homolog 2-like","liver"
"LOC115104152",150.269237656928,0.0251880181907709,0.114963592139706,0.219095608635488,0.82657557147635,0.940570080775433,"max-like protein X","liver"
"LOC115135100",1291.22227122233,0.0249955910414217,0.183720465935094,0.136052295067945,0.891779939782337,0.964278086802525,"bifunctional 3'-phosphoadenosine 5'-phosphosulfate synthase 2-like","liver"
"LOC115117827",151.183460058832,0.0249732843854035,0.168103727646725,0.148558778172282,0.881901802226405,0.959592030399047,"coagulation factor VII-like","liver"
"LOC115139862",66.4687572676956,0.0248803348829197,0.17691378398528,0.140635366687933,0.888158007316053,0.963029430750642,"endoplasmic reticulum mannosyl-oligosaccharide 1,2-alpha-mannosidase-like, transcript variant X2","liver"
"LOC115105521",269.467948385166,0.0247993721486403,0.160036960783021,0.154960279346116,0.876852631469747,0.957803884236258,"flotillin-2a, transcript variant X2","liver"
"LOC115122704",74.4414686270832,0.0247832676881118,0.134411558761528,0.184383455682424,0.853712647761062,0.949253705605656,"small nuclear ribonucleoprotein G","liver"
"LOC115124453",6817.65859565108,0.0246967481037482,0.0971991435535599,0.254084009393966,0.799430656737945,0.929850269135122,"trypsin inhibitor ClTI-1-like","liver"
"LOC115142842",84.4507948182441,0.0246572908321006,0.102526773530815,0.240496116116339,0.809945673816917,0.932845031499789,"replication termination factor 2-like, transcript variant X2","liver"
"LOC115113776",119.81395144152,0.0246400476134594,0.15102987441334,0.163146845676533,0.870402816354373,0.954212447407322,"dipeptidase 2-like","liver"
"LOC115145781",184.549362702228,0.0245842472199621,0.118625033628212,0.207243331934579,0.835819827834521,0.942624393217792,"sarcoplasmic/endoplasmic reticulum calcium ATPase 2-like, transcript variant X1","liver"
"LOC115142714",11253.869058166,0.0245315274085383,0.131945624820628,0.185921491840956,0.852506327989383,0.94862566008319,"inter-alpha-trypsin inhibitor heavy chain H3-like, transcript variant X1","liver"
"LOC115137374",1997.86820667009,0.0242535387469726,0.131590219322851,0.18431110512452,0.853769402539336,0.949253705605656,"ATP-binding cassette sub-family A member 1-like, transcript variant X3","liver"
"LOC115130267",68.2274268805151,0.0241176306135524,0.0914618560500638,0.26369058813273,0.792018348512984,0.926075391590293,"ATP-dependent zinc metalloprotease YME1L1-like, transcript variant X2","liver"
"LOC115128149",119.967580497854,0.0241073890614584,0.164485852074616,0.146562082740846,0.883477684003816,0.960537487329836,"uncharacterized LOC115128149","liver"
"LOC115128388",156.597767463953,0.0240251851793008,0.117307392384799,0.204805380896133,0.837724182781417,0.942961127218154,"bromodomain-containing protein 2-like, transcript variant X1","liver"
"LOC115133138",63.0740238975476,0.0234594088479994,0.122013470918808,0.19226900662149,0.847531494576966,0.947227412090955,"ADP-ribosylation factor-like protein 1","liver"
"LOC115136355",120.990635011113,0.0233912399120879,0.129554366794349,0.180551535937176,0.856719599273491,0.950459740511364,"TAR DNA-binding protein 43-like, transcript variant X1","liver"
"LOC115119998",65.4631390607149,0.0233211661431847,0.111122949323272,0.209868135117079,0.833770592858812,0.942624393217792,"histone H2A.V, transcript variant X2","liver"
"LOC115103807",440.172462185135,0.0229601723263064,0.181887173500838,0.126233048127501,0.899547451975214,0.966098205471296,"peroxisomal acyl-coenzyme A oxidase 1-like, transcript variant X2","liver"
"LOC115105368",153.117485705904,0.0228637530724218,0.150451968020552,0.151967125277474,0.879212864681662,0.958297808089084,"hypoxia up-regulated protein 1-like, transcript variant X2","liver"
"LOC115142528",86.796442934075,0.0228499437495571,0.122615048591743,0.186355133501091,0.852166274329199,0.94862566008319,"puromycin-sensitive aminopeptidase-like, transcript variant X1","liver"
"LOC115106890",139.135935486721,0.022679703451082,0.129998071194705,0.174461845800107,0.861502513530984,0.951562731267703,"regulator of nonsense transcripts 2-like, transcript variant X3","liver"
"LOC115133954",258.319942543559,0.0224750306128407,0.0917954620770978,0.24483814454754,0.806581757521391,0.931458852222013,"eukaryotic translation initiation factor 4 gamma 2-like","liver"
"LOC115139637",89.4828710681428,0.0224361168086845,0.108063612621634,0.207619533202547,0.835526051406417,0.942624393217792,"galectin-8-like","liver"
"bsg",863.545330804943,0.0221889670251402,0.132530815241061,0.167424964411337,0.86703568364067,0.953060515537822,"basigin (Ok blood group), transcript variant X2","liver"
"LOC115107894",81.1466362813231,0.0221687179610577,0.131920197314416,0.168046428161574,0.866546754005964,0.953007215386547,"serine palmitoyltransferase 2-like","liver"
"LOC115113093",70.0246601038905,0.0221257879662819,0.138622677097839,0.15961160489395,0.873187036804215,0.955465868997042,"thioredoxin domain-containing protein 9-like","liver"
"LOC115125215",522.052550454105,0.0220855982479707,0.153436017802655,0.143940116305525,0.885547757288918,0.961505769501766,"60S ribosomal protein L10","liver"
"LOC115145447",69.5661394022669,0.0219373384864584,0.0983564100535866,0.223039235312742,0.823504970178604,0.939436400349284,"MICOS complex subunit MIC13-like","liver"
"LOC115107975",100.057728792209,0.0219005461476498,0.108136557823331,0.202526754952104,0.839504944334374,0.943430425449934,"ADP-ribosylation factor 6, transcript variant X1","liver"
"LOC115102406",73.37226240657,0.0214440137119153,0.166318190871001,0.128933663838056,0.89741013908766,0.966098205471296,"solute carrier family 52, riboflavin transporter, member 3-A-like","liver"
"LOC115102871",59.209644242385,0.0213327673515074,0.169666875363589,0.125733248200582,0.899943082450537,0.966098205471296,"transcriptional repressor p66 alpha-like, transcript variant X1","liver"
"dnajc3",214.34435961675,0.0212244218703339,0.217602241542256,0.0975376986923743,0.922299397712895,0.974932011063601,"DnaJ heat shock protein family (Hsp40) member C3, transcript variant X1","liver"
"calm1",60.9167970497455,0.0208956196104537,0.196847122770158,0.106151511469394,0.91546214173908,0.971678380246584,"calmodulin 1","liver"
"LOC115132474",133.737529462509,0.0205983522980938,0.145045818956075,0.142012727056488,0.887069952839174,0.962645667671052,"probable Bax inhibitor 1","liver"
"LOC115145153",2938.23679173188,0.0204617685430178,0.0832618132462397,0.245752137087189,0.805874109963119,0.931458852222013,"proteoglycan 4-like, transcript variant X1","liver"
"LOC115124018",85.3189000579373,0.0204277568229963,0.161283032440107,0.126657817092955,0.899211233952499,0.966098205471296,"neural cell adhesion molecule L1.1-like, transcript variant X1","liver"
"ranbp9",125.178042217672,0.0202231928866925,0.148789870040624,0.135917807315586,0.891886257911069,0.964278086802525,"RAN binding protein 9","liver"
"mesd",178.059247570082,0.0201510464835941,0.132658875419515,0.151901231032369,0.879264837339004,0.958297808089084,"mesoderm development LRP chaperone","liver"
"LOC115111493",110.770714219348,0.0199144694473142,0.0999527421147835,0.199238850540437,0.842075910246978,0.94452480781174,"ras-related protein Rab-35-like, transcript variant X1","liver"
"LOC115136804",62.0816099653768,0.0198724892336469,0.0947510881398837,0.209733625478882,0.833875579834131,0.942624393217792,"lissencephaly-1 homolog A-like, transcript variant X1","liver"
"LOC115144610",149.05107531178,0.0198185417653901,0.116828877510512,0.169637354973362,0.865295343275097,0.952713079197541,"proteasome subunit beta type-1-B","liver"
"LOC115132944",92.9650310629567,0.0197985391636056,0.143416701463634,0.138049048413136,0.890201653581754,0.963734911022372,"protein kinase C and casein kinase substrate in neurons protein 2-like, transcript variant X1","liver"
"LOC115122621",134.380028784268,0.019566588271289,0.302882778939081,0.0646011910608637,0.948491536363375,0.983638766333217,"15-hydroxyprostaglandin dehydrogenase [NAD(+)]-like","liver"
"LOC115139642",148.326949904789,0.0194477514683613,0.126026995626634,0.154314171909461,0.877362023590726,0.957803884236258,"14-3-3 protein zeta-like","liver"
"LOC115134041",113.150448434895,0.0193517033881802,0.102541544895591,0.188720614731174,0.85031179369278,0.948603966979697,"CCR4-NOT transcription complex subunit 1-like, transcript variant X16","liver"
"LOC115138107",208.073227494322,0.0191733830992863,0.203275072990718,0.0943223525501414,0.924853094302172,0.975724361620967,"nuclear factor 1 B-type-like, transcript variant X3","liver"
"LOC115111278",63.2963149073754,0.0191502427646331,0.115075855223118,0.166414081629054,0.867831092930641,0.95344461854051,"ataxin-2-like, transcript variant X1","liver"
"LOC115130799",258.39825891922,0.0191145894641999,0.0977078925846785,0.195629943073783,0.844899821917607,0.945322995919892,"alcohol dehydrogenase class-3","liver"
"masp1",121.9126812014,0.0189603809977331,0.24790909770589,0.0764811827124916,0.939036284142075,0.980509219639208,"mannan binding lectin serine peptidase 1, transcript variant X2","liver"
"LOC115113362",76.4694587116682,0.0184416302626475,0.107188008802213,0.172049378178828,0.863398709564137,0.952168057408935,"probable ubiquitin carboxyl-terminal hydrolase FAF-X, transcript variant X1","liver"
"LOC115144250",88.4898852351488,0.01834207457375,0.107206912004883,0.171090410410427,0.864152676081678,0.952484128639513,"cAMP-dependent protein kinase type I-alpha regulatory subunit-like","liver"
"LOC115110233",319.517452318441,0.0182748581823949,0.108765388289704,0.168020897730062,0.866566838782154,0.953007215386547,"glycylpeptide N-tetradecanoyltransferase 1-like, transcript variant X4","liver"
"LOC115134373",73.7465865229851,0.018203658240858,0.140317634462802,0.129731792518807,0.896778628326366,0.966098205471296,"protein CNPPD1-like","liver"
"LOC115142989",64.9503502737692,0.0177361399323284,0.122191560602204,0.145150285706463,0.884592216396533,0.960980243612012,"arginine-glutamic acid dipeptide repeats protein-like, transcript variant X5","liver"
"idh3a",69.2849948411229,0.0177212670321535,0.141206777733454,0.125498699967538,0.90012875417831,0.966098205471296,"isocitrate dehydrogenase (NAD(+)) 3 alpha","liver"
"LOC115133332",540.934746497541,0.0175299727469354,0.129913360068823,0.134935873705743,0.892662575804155,0.964605689018488,"eukaryotic initiation factor 4A-I","liver"
"LOC115112928",104.181276359076,0.0172743836794151,0.148222380574748,0.116543693418172,0.907221659661807,0.969355131596034,"myocardin-related transcription factor A-like, transcript variant X4","liver"
"LOC115136708",704.126519327954,0.0169625721807639,0.245999709239974,0.0689536269500905,0.94502653192594,0.982485949486948,"heat shock cognate 70 kDa protein-like","liver"
"LOC115102705",202.812347674985,0.0168165033354125,0.160622008929142,0.104696133783454,0.916616929896656,0.971938243043385,"nuclease-sensitive element-binding protein 1-like, transcript variant X4","liver"
"LOC115102284",310.329061674778,0.0167442638058935,0.16057817563512,0.104274841457542,0.916951242664356,0.972039860884244,"protein LYRIC-like, transcript variant X1","liver"
"gtpbp4",73.3282741870207,0.0166465878812933,0.162049838018793,0.102725112748109,0.918181141987791,0.972380399547326,"GTP binding protein 4","liver"
"LOC115118838",542.868091670848,0.0165903189546815,0.177200875810017,0.0936243620627957,0.925407556485856,0.975724361620967,"1-acyl-sn-glycerol-3-phosphate acyltransferase delta-like, transcript variant X2","liver"
"LOC115101171",69.0186045196259,0.0162256726024869,0.0927781738871494,0.17488674245974,0.861168627713369,0.951562731267703,"ras-related protein Rab-14","liver"
"LOC115102687",178.02176788628,0.0161979425696499,0.0917327054781024,0.176577617385509,0.859840176536594,0.951562731267703,"E3 ubiquitin-protein ligase HUWE1-like, transcript variant X1","liver"
"LOC115102316",114.070120636125,0.0161893914200471,0.171130481466584,0.0946026171451425,0.924630470980517,0.975724361620967,"cytoplasmic dynein 1 intermediate chain 2-like, transcript variant X1","liver"
"snx33",70.6144512610028,0.0158969426944719,0.16539856295836,0.0961129432453051,0.923430871676233,0.975668718997403,"sorting nexin 33","liver"
"LOC115135362",3227.81774358521,0.0158926169506617,0.153883392735238,0.103277011691609,0.917743120056074,0.972373526734743,"adenosine kinase-like, transcript variant X1","liver"
"kdm6a",90.6451385844126,0.0158359280341999,0.108334761518438,0.146175870166149,0.883782553752582,0.960612717092139,"lysine demethylase 6A, transcript variant X3","liver"
"srpra",250.091460962008,0.015763965926905,0.129191428014229,0.122020215808503,0.90288300800225,0.968153898947607,"SRP receptor subunit alpha","liver"
"LOC115120942",253.4990175366,0.015751578304678,0.246828210370598,0.0638159563731712,0.949116772808013,0.983638766333217,"probable N-acetyltransferase camello","liver"
"LOC115108344",111.528015286961,0.0153869061519662,0.137478202745425,0.111922514585522,0.910884844704646,0.970183568391481,"AP-3 complex subunit delta-1-like, transcript variant X2","liver"
"LOC115132370",62.6214133035298,0.0149945753196355,0.245480661022695,0.0610825115802062,0.951293496878272,0.983966701713705,"tubulin alpha-8 chain-like","liver"
"LOC115104303",97.2924124042695,0.0149841792214262,0.281046651739705,0.0533156297314797,0.95748042718852,0.986275011680669,"matrix-remodeling-associated protein 7-like, transcript variant X1","liver"
"pelo",110.090434361224,0.0147771450892287,0.0980736327319255,0.150673985225168,0.880232895696728,0.958774159829338,"pelota mRNA surveillance and ribosome rescue factor, transcript variant X1","liver"
"LOC115141958",243.008783238122,0.0146893944220892,0.0950029646785979,0.154620379182739,0.877120602949764,0.957803884236258,"26S proteasome non-ATPase regulatory subunit 2-like","liver"
"LOC115105289",280.803190099511,0.0145702645817006,0.0796097498485175,0.183021107457631,0.854781456986351,0.949601858456355,"GTP-binding protein SAR1b","liver"
"lamtor3",139.055136064484,0.0145110245403434,0.0931341288408966,0.15580780881231,0.876184515260335,0.957717373076193,"late endosomal/lysosomal adaptor, MAPK and MTOR activator 3","liver"
"LOC115111808",74.0432499489056,0.0145093109318702,0.11143449625229,0.130204841587123,0.896404364158941,0.966098205471296,"leukocyte surface antigen CD53-like, transcript variant X2","liver"
"LOC115142531",64.9397223045978,0.014481344153568,0.11133911099332,0.130065203721959,0.89651483962597,0.966098205471296,"junction plakoglobin-like","liver"
"sucla2",60.454289071408,0.0144578847054766,0.125873862000835,0.114860102611142,0.908556009237389,0.969865007228804,"succinate-CoA ligase ADP-forming beta subunit","liver"
"LOC115128332",214.46801113917,0.0142864483386085,0.079787343000328,0.179056574656832,0.857893279277383,0.950985315837534,"zinc finger protein 706-like","liver"
"hm13",162.138336794063,0.0136888438756545,0.165959376766065,0.0824831000356804,0.93426255675542,0.97943780384133,"histocompatibility minor 13, transcript variant X1","liver"
"LOC115139012",194.944995476871,0.0136627626675612,0.119156892092431,0.114661958931951,0.90871306737164,0.969865007228804,"proteasome subunit alpha type-6-like","liver"
"LOC115133586",317.303190855113,0.0135918445963238,0.107907510342092,0.125958281802949,0.899764947786837,0.966098205471296,"integral membrane protein 2B-like","liver"
"LOC115113449",95.8320163712343,0.0134215865925323,0.151839793491879,0.0883930772287974,0.929564263331259,0.977925869632339,"src substrate cortactin-like, transcript variant X2","liver"
"LOC115136214",117.343438154161,0.0133921938879123,0.125970124761322,0.106312460301892,0.915334445727123,0.971678380246584,"glucocorticoid receptor, transcript variant X3","liver"
"LOC115102308",75.2494157841741,0.0132646824391741,0.0882184403644211,0.15036178812932,0.880479187132281,0.958774159829338,"protein ILRUN-like","liver"
"gkap1",58.0573465734001,0.0132096775791669,0.128664430062505,0.102667672586353,0.918226731564685,0.972380399547326,"G kinase anchoring protein 1, transcript variant X1","liver"
"LOC115103322",165.131124106567,0.0130054502663178,0.0926520454365489,0.140368733415868,0.888368660358787,0.963029430750642,"profilin-2-like, transcript variant X2","liver"
"LOC115130791",91.6635797060699,0.0129876010248045,0.16885343776085,0.076916414596184,0.938690039272018,0.980509219639208,"alpha-1,3-mannosyl-glycoprotein 4-beta-N-acetylglucosaminyltransferase B","liver"
"LOC115129814",360.423718062462,0.0124615869895132,0.122108188587164,0.102053655317454,0.918714086575282,0.972643796592429,"protein SON-like, transcript variant X1","liver"
"tm7sf2",211.960424322571,0.0121331252541371,0.386591701171768,0.0313848569882935,0.974962617575702,0.991346610464732,"transmembrane 7 superfamily member 2","liver"
"LOC115119173",129.34469564265,0.0121011758077746,0.153403057562005,0.0788848410200908,0.937124220777519,0.980509219639208,"spermatogenesis-associated protein 13-like, transcript variant X1","liver"
"LOC115102298",89.4834448891408,0.0118867025145257,0.149511754612239,0.0795034647633832,0.936632175855913,0.980509219639208,"complement receptor type 2-like, transcript variant X1","liver"
"LOC115105280",197.565901776688,0.0118495276025136,0.0697088319080278,0.169986030151065,0.865021123083434,0.952713079197541,"coiled-coil domain-containing protein 8-like, transcript variant X2","liver"
"LOC115142675",149.125483473252,0.0118210890512616,0.177521121754693,0.0665897608938982,0.946908297276449,0.983131850841974,"eukaryotic initiation factor 4A-III","liver"
"LOC115143369",320.499783370545,0.0117214968992592,0.110677984142736,0.105906310004189,0.91565668756799,0.971678380246584,"DNA topoisomerase 1-like, transcript variant X2","liver"
"LOC115145306",93.0721852562101,0.0115176444210923,0.118101045855567,0.0975236445846375,0.922310558062131,0.974932011063601,"influenza virus NS1A-binding protein homolog A-like, transcript variant X1","liver"
"LOC115107528",255.677845177609,0.0111809497082171,0.16607920096347,0.0673229979633414,0.946324568693366,0.982981381751824,"eukaryotic translation initiation factor 5-like, transcript variant X1","liver"
"LOC115137145",57.9249680623144,0.0108999322741219,0.122770238884574,0.088783180460941,0.92925422494555,0.977925869632339,"cullin-3","liver"
"LOC115141800",292.398599455899,0.0107038083671969,0.147272907676214,0.0726800912407437,0.94206069153124,0.981554033405249,"60S acidic ribosomal protein P0","liver"
"ftsj3",114.045122356406,0.0105444291012338,0.150359374168154,0.0701281789683528,0.944091638336819,0.982427643479289,"FtsJ RNA 2'-O-methyltransferase 3","liver"
"LOC115140123",75.702285458845,0.0105352050123091,0.13869315830973,0.0759605242299104,0.93945050452165,0.980509219639208,"ubiquitin carboxyl-terminal hydrolase 4-like","liver"
"LOC115107561",448.840754618939,0.0103801249596057,0.118259368166973,0.0877742298178842,0.930056120319427,0.978046632203814,"lysosomal-associated transmembrane protein 4A-like","liver"
"LOC115137037",167.884728100956,0.0103247664395062,0.152247896593712,0.0678154947983207,0.945932509093025,0.98282460032199,"hepatocyte nuclear factor 3-beta-like","liver"
"LOC115108793",154.299093052249,0.00995881783725534,0.0925646635979476,0.107587684653738,0.914322766504694,0.971678380246584,"peptidyl-prolyl cis-trans isomerase G-like","liver"
"LOC115103612",380.596307883979,0.0098797480870917,0.184688722544826,0.0534940517805237,0.957338269856911,0.986275011680669,"coenzyme Q-binding protein COQ10 homolog, mitochondrial-like","liver"
"LOC115104898",165.735668290236,0.00980674319953962,0.115288374278909,0.0850627243282559,0.932211524538406,0.978746080958234,"5'-AMP-activated protein kinase subunit gamma-1-like, transcript variant X7","liver"
"LOC115139579",95.9315770261757,0.00977905676008503,0.10246237938726,0.095440461353379,0.923964979227177,0.975668718997403,"protein sel-1 homolog 1-like","liver"
"LOC115116588",3972.78557637289,0.00957270805842097,0.261766150096228,0.0365696941904137,0.97082810789241,0.99089853315154,"amine sulfotransferase-like","liver"
"LOC115138620",74.5851012751416,0.00955219025343498,0.224400279091246,0.0425676398091772,0.96604619178845,0.990094110568198,"ornithine decarboxylase 1-like","liver"
"LOC115107060",122.620546807764,0.00941101034582234,0.0863009612265074,0.109048731463396,0.913163838650525,0.971348885600793,"cholinephosphotransferase 1-like","liver"
"LOC115102929",308.78212270735,0.0089580752522044,0.140140496209453,0.0639221031358112,0.949032252510724,0.983638766333217,"NPC intracellular cholesterol transporter 1-like","liver"
"LOC115111603",125.852431938425,0.00886928438912544,0.105034446155369,0.0844416733154935,0.932705275067853,0.978812229963071,"DNA-directed RNA polymerase III subunit RPC4-like, transcript variant X1","liver"
"LOC115121458",58.1780255599237,0.00867128739264557,0.135913276891336,0.063800149558445,0.949129359172852,0.983638766333217,"ankyrin repeat domain-containing protein 12-like","liver"
"LOC115113026",1689.09026879143,0.00865466208731424,0.173421910537456,0.0499052401192696,0.960197901497587,0.986411356978768,"mitochondrial pyruvate carrier 1","liver"
"LOC115128416",339.171358650593,0.00862769046607168,0.141478038564501,0.0609825422631812,0.951373112431926,0.983966701713705,"DEP domain-containing mTOR-interacting protein-like, transcript variant X1","liver"
"LOC115129804",134.70829165311,0.00850933239438426,0.0936070114902687,0.0909048612802779,0.927568187445887,0.976719206011312,"amino-terminal enhancer of split-like, transcript variant X1","liver"
"LOC115109631",173.320556773769,0.00832985422249006,0.195561149256271,0.042594627072754,0.966024678579717,0.990094110568198,"neuron navigator 2-like, transcript variant X1","liver"
"stx18",70.233843170403,0.00826799625438554,0.109410802703838,0.0755683721356656,0.939762499868963,0.980509219639208,"syntaxin 18, transcript variant X1","liver"
"LOC115120017",168.337162415314,0.00814857335072964,0.134141890504988,0.0607459259747548,0.951561555551879,0.983966701713705,"acyl-coenzyme A thioesterase 1-like","liver"
"LOC115130158",223.960515221466,0.00807157715757952,0.156314028418472,0.051636933928738,0.958817989563532,0.986374158171344,"translocon-associated protein subunit alpha-like, transcript variant X1","liver"
"LOC115140072",152.060005114958,0.00785760602133406,0.101439454482455,0.0774610437469688,0.938256780709922,0.980509219639208,"inositol hexakisphosphate kinase 2-like","liver"
"LOC115110197",77.5266102626154,0.00782366922577215,0.129586933877351,0.0603739049276137,0.95185784158651,0.983966701713705,"importin subunit beta-1, transcript variant X1","liver"
"LOC115129400",83.4809028859529,0.00780046792567761,0.104538058402474,0.0746184503986634,0.940518293753012,0.980509219639208,"transmembrane 9 superfamily member 2-like, transcript variant X1","liver"
"LOC115114162",127.853725021474,0.00761054355289273,0.12480332434807,0.0609802951375502,0.951374902048125,0.983966701713705,"DIS3-like exonuclease 2, transcript variant X1","liver"
"LOC115122093",58.5338041003392,0.00758046688501951,0.120427587413141,0.0629462654517343,0.949809293362484,0.983843120646883,"Golgi reassembly-stacking protein 2-like, transcript variant X1","liver"
"zcchc17",130.389509684573,0.00754439517547313,0.111146981737965,0.0678776432567415,0.945883035795394,0.98282460032199,"zinc finger CCHC-type containing 17, transcript variant X2","liver"
"LOC115129325",553.479481646088,0.00752191505543712,0.149716366709584,0.0502411006942743,0.959930259274545,0.986411356978768,"guanine nucleotide-binding protein subunit beta-2-like 1","liver"
"LOC115133774",87.1994187052807,0.00745143961082093,0.185138998667318,0.0402478119923867,0.967895560029876,0.99050735547761,"RING finger protein 227-like","liver"
"LOC115124823",66.2058926380384,0.0074211893331652,0.255126839261246,0.0290882345215197,0.976794219320434,0.991346610464732,"60S ribosomal protein L4-B-like, transcript variant X1","liver"
"LOC115104868",697.251663106289,0.00741462737520091,0.29143653892748,0.025441653275487,0.979702687340189,0.991354354673865,"elongation of very long chain fatty acids protein 2-like","liver"
"LOC115136909",69.0699533195598,0.00719745696888919,0.172340270337047,0.0417630595264419,0.966687583532632,0.9902751689602,"tyrosine-protein kinase BAZ1B-like, transcript variant X2","liver"
"ddrgk1",196.498298099134,0.00685490528388154,0.134228668232745,0.0510688616234762,0.959270648427676,0.986374158171344,"DDRGK domain containing 1","liver"
"ogdh",83.2794002885279,0.00677203570582076,0.0908450379946512,0.0745449157742605,0.940576802941438,0.980509219639208,"oxoglutarate dehydrogenase, transcript variant X2","liver"
"LOC115109390",65.2006830559041,0.00654857299262149,0.117021197334373,0.0559605707495009,0.955373217897078,0.985100236819755,"membrane-bound transcription factor site-1 protease-like","liver"
"pum2",95.9663658430638,0.00654535914333334,0.0847646405916255,0.0772180368801092,0.938450093131406,0.980509219639208,"pumilio RNA binding family member 2, transcript variant X2","liver"
"LOC115128280",676.751136195879,0.0062889929936496,0.083902543080703,0.0749559281844465,0.940249777412923,0.980509219639208,"transmembrane protein 268-like, transcript variant X1","liver"
"LOC115102447",199.279926613771,0.00624592616972483,0.143173999710082,0.0436247236395744,0.96520354384031,0.989888576888304,"C4b-binding protein alpha chain-like, transcript variant X2","liver"
"LOC115141011",750.160319246504,0.0061578959397809,0.191606270232566,0.0321382798814811,0.974361776235661,0.991346610464732,"tumor protein p53-inducible nuclear protein 1-like","liver"
"LOC115146925",188.178078519221,0.0059451457446655,0.093663875633479,0.06347319822564,0.949389700914852,0.98365846998702,"26S proteasome non-ATPase regulatory subunit 4-like, transcript variant X1","liver"
"LOC115114173",73.8063128720506,0.00575495049314137,0.149315553032465,0.0385422039182353,0.969255382605163,0.990643164367765,"selenoprotein F-like","liver"
"LOC115146310",219.429471531822,0.00569110297378891,0.0917940987756401,0.0619985712556415,0.950563969787168,0.983966701713705,"probable histone deacetylase 1-B","liver"
"LOC115116615",77.423027856783,0.00566457149198028,0.269565775341168,0.0210136894596915,0.983234735477704,0.99322547256682,"complement C3-like","liver"
"golga4",196.317559268797,0.00558426923011208,0.113207426495711,0.0493277641138115,0.960658093881246,0.98653730355668,"golgin A4, transcript variant X3","liver"
"LOC115101194",83.7011809699789,0.00516548881419244,0.0948272475978592,0.0544726220052079,0.956558620669181,0.986036477927999,"protein PRRC2B-like, transcript variant X4","liver"
"LOC115114495",94.6363666391511,0.00502064175117181,0.0959431156831611,0.0523293590730552,0.958266260200856,0.986374158171344,"vacuolar protein sorting-associated protein 4B-like, transcript variant X1","liver"
"LOC115142990",111.704447138456,0.00493256090814149,0.169504242632491,0.0290999259460188,0.976784894860584,0.991346610464732,"enolase-like","liver"
"LOC115144894",722.406834581328,0.00487500658357985,0.138870691168499,0.0351046469385303,0.971996295976611,0.991207631323659,"ornithine decarboxylase antizyme 1-like","liver"
"LOC115144454",96.7958853372973,0.00455771505299192,0.150743845067535,0.0302348334749588,0.975879768126713,0.991346610464732,"hepatic leukemia factor-like","liver"
"LOC115141225",60.9258432295686,0.00433127871600173,0.174375348548429,0.0248388247080625,0.980183522963999,0.991354354673865,"protein eva-1 homolog B-like","liver"
"LOC115107904",90.93510856534,0.0042592495689193,0.152555907916513,0.0279192699062838,0.977726539270909,0.991346610464732,"eukaryotic translation initiation factor 2 subunit 1","liver"
"LOC115114739",74.6799133671568,0.00419111850240996,0.130450165042871,0.0321281195852272,0.974369878794977,0.991346610464732,"splicing factor 3A subunit 2-like, transcript variant X2","liver"
"LOC115126610",1383.34407972787,0.00385458844501118,0.138002524878078,0.0279312892892114,0.977716952929386,0.991346610464732,"60S ribosomal protein L10-like","liver"
"LOC115130496",76.8922638180363,0.00383481858784174,0.133338922413126,0.0287599338470749,0.977056055809239,0.991346610464732,"heterogeneous nuclear ribonucleoprotein A0-like","liver"
"LOC115138689",61.7960588229108,0.00378665800594855,0.112833170187583,0.0335597945147983,0.973228183524042,0.991346610464732,"E3 ubiquitin-protein ligase HECTD1-like, transcript variant X6","liver"
"LOC115115475",63.5982549829356,0.00362930113839471,0.135282853035564,0.0268275029462945,0.978597316930083,0.991354354673865,"adapter protein CIKS-like, transcript variant X1","liver"
"LOC115105742",140.349558749758,0.00361702953491105,0.23368561571269,0.0154781864680883,0.987650687086096,0.994733429533617,"cytochrome P450 4B1-like","liver"
"LOC115125296",270.536973753606,0.00349557446168373,0.177201673659188,0.0197265318633885,0.984261525529292,0.993624467943791,"selenide, water dikinase 2-like","liver"
"LOC115105943",91.5306309942632,0.0034723549594851,0.141408835138504,0.0245554314628508,0.980409569109507,0.991354354673865,"guanine nucleotide-binding protein G(q) subunit alpha-like, transcript variant X1","liver"
"LOC115113360",616.516130401684,0.00319539991845184,0.0863265321982488,0.0370152702429145,0.970472830191149,0.99089853315154,"kynurenine 3-monooxygenase-like, transcript variant X1","liver"
"LOC115124123",57.6594719851742,0.00314603055558075,0.101625416729147,0.0309571232949094,0.975303733923383,0.991346610464732,"renin receptor-like","liver"
"LOC115129281",81.0354964639502,0.00297768746273287,0.298435037056253,0.00997767384186729,0.992039100178937,0.996736980652888,"guanylate-binding protein 1-like, transcript variant X2","liver"
"LOC115145104",127.457415975136,0.00274146027051552,0.111590790433592,0.0245670835367635,0.980400274903444,0.991354354673865,"tripartite motif-containing protein 16-like","liver"
"LOC115131917",185.743954207053,0.00251977437492972,0.119516042124308,0.021083147752742,0.98317932805317,0.99322547256682,"probable ATP-dependent RNA helicase DDX23","liver"
"LOC115105628",76.3372674990979,0.00246115601473794,0.122682862835169,0.020061123109302,0.983994613163671,0.993624467943791,"serrate RNA effector molecule homolog","liver"
"LOC115112173",454.6041855527,0.00242081017715006,0.136622512000918,0.0177189698951941,0.985863047235242,0.994489832930072,"sorbitol dehydrogenase-like","liver"
"LOC115141372",59.6811021965366,0.00233103366028333,0.178135082505264,0.013085764058938,0.989559368862692,0.995666252156093,"serine/threonine-protein phosphatase 6 regulatory ankyrin repeat subunit C-like, transcript variant X1","liver"
"LOC115137073",70.2431900540775,0.00213685979227588,0.12572688580523,0.0169960448681294,0.986439771055295,0.994733429533617,"uncharacterized LOC115137073","liver"
"LOC115132507",204.320060734079,0.00210270756324729,0.119406888605055,0.0176096001479622,0.985950298054568,0.994489832930072,"E3 ubiquitin-protein ligase HUWE1-like, transcript variant X19","liver"
"LOC115103764",108.645076339289,0.00196321718402172,0.368081933626541,0.00533364179186694,0.995744389738505,0.997947905722681,"keratin, type I cytoskeletal 13-like","liver"
"ildr1",101.406357001873,0.0019515299246811,0.121465640953181,0.0160665181475749,0.98718132471376,0.994733429533617,"immunoglobulin like domain containing receptor 1","liver"
"LOC115109702",91.3928165416347,0.00187617925987357,0.128032776669757,0.0146538980773096,0.988308299409623,0.994924681793505,"CCR4-NOT transcription complex subunit 4-like","liver"
"LOC115124740",89.6365634676873,0.001768699444869,0.112713241485768,0.0156920289182911,0.987480086217317,0.994733429533617,"receptor-type tyrosine-protein phosphatase F-like, transcript variant X2","liver"
"LOC115106398",139.062585919117,0.00172286779132636,0.111358058894392,0.0154714244162631,0.987656081776876,0.994733429533617,"2-oxoisovalerate dehydrogenase subunit beta, mitochondrial-like","liver"
"LOC115137313",224.398435429392,0.00121098257945013,0.0883451320737584,0.0137074058414344,0.989063414996115,0.995412957907201,"oxysterol-binding protein 1-like, transcript variant X5","liver"
"LOC115116868",100.608951455119,0.000974443656369352,0.166181115836207,0.00586374481520388,0.995321435354383,0.997947905722681,"solute carrier family 35 member B1-like","liver"
"cenpv",88.1569607514708,0.000915615435805132,0.127526140357114,0.00717982551060601,0.994271377294187,0.99794388915319,"centromere protein V, transcript variant X1","liver"
"LOC115133340",92.4087598450244,0.00067612771493043,0.106690458875397,0.00633728378392366,0.99494361295647,0.997947905722681,"dynactin subunit 1-like, transcript variant X5","liver"
"LOC115114557",73.6193161225573,0.000497187925708289,0.0927318455607796,0.00536156616641923,0.995722109629753,0.997947905722681,"RB1-inducible coiled-coil protein 1-like, transcript variant X2","liver"
"hypk",62.4817268135101,3.52738475213456e-05,0.116754971064019,0.000302118592466647,0.999758944243206,0.999758944243206,"huntingtin interacting protein K","liver"
"LOC115140276",404.715094541018,-8.39878430974078e-05,0.118293586140676,-0.00070999490198504,0.999433506077052,0.999758944243206,"patatin-like phospholipase domain-containing protein 7, transcript variant X3","liver"
"LOC115125240",86.8797894080323,-8.74294124015775e-05,0.217953503148359,-0.000401137908492644,0.999679938264645,0.999758944243206,"uncharacterized LOC115125240","liver"
"LOC115129238",273.366993323495,-0.000145846871443901,0.112592291567203,-0.00129535396618914,0.99896645735864,0.999702253914515,"hypoxanthine-guanine phosphoribosyltransferase","liver"
"LOC115145947",479.01361872547,-0.000273038233196536,0.118439548584903,-0.00230529613172926,0.998160641437593,0.99914115287319,"mRNA decay activator protein ZFP36L1-like, transcript variant X1","liver"
"LOC115112129",87.061242197809,-0.000309710635803212,0.116856115975417,-0.00265035880422695,0.997885322105244,0.99914115287319,"dnaJ homolog subfamily A member 2-like","liver"
"LOC115136817",69.4090382951569,-0.000419997463963821,0.167538863192928,-0.00250686590537609,0.997999812493086,0.99914115287319,"scavenger receptor class F member 1-like, transcript variant X3","liver"
"LOC115145904",61.6659502210001,-0.000682070935146804,0.109809623105535,-0.00621139492020006,0.995044055760044,0.997947905722681,"dnaJ homolog subfamily C member 5B-like, transcript variant X2","liver"
"serpind1",4337.25068189198,-0.00068826711630554,0.125412640741185,-0.00548802028438204,0.995621215326037,0.997947905722681,"serpin family D member 1, transcript variant X2","liver"
"LOC115135253",120.726653250047,-0.000970694195848648,0.227356359069996,-0.00426948337763361,0.996593455479744,0.998307919522103,"multiple coagulation factor deficiency protein 2 homolog","liver"
"LOC115136617",69.2942270214773,-0.00100905306680639,0.215847731207304,-0.00467483749383162,0.996270032925263,0.998229266028361,"eukaryotic translation initiation factor 4 gamma 1-like, transcript variant X3","liver"
"LOC115144664",71.9042671555539,-0.00105963175225515,0.11591162793899,-0.00914172090493705,0.99270606362459,0.996863738687812,"disintegrin and metalloproteinase domain-containing protein 10-like","liver"
"LOC115104854",908.704588889758,-0.00123257420394325,0.128307216141595,-0.00960642932649263,0.992335296243724,0.996736980652888,"phosphoenolpyruvate carboxykinase, cytosolic [GTP]-like","liver"
"LOC115139790",201.711236659615,-0.00142206561615312,0.147806888254306,-0.00962110516599485,0.992323587159084,0.996736980652888,"proprotein convertase subtilisin/kexin type 5-like, transcript variant X1","liver"
"LOC115131686",5631.34893475876,-0.00153727163539564,0.153349656722145,-0.0100246173891412,0.9920016465205,0.996736980652888,"elongation factor 1-alpha, oocyte form-like","liver"
"ell",262.626057431987,-0.00163141583729349,0.134430360456705,-0.0121357692693155,0.99031729474026,0.996142151576245,"elongation factor for RNA polymerase II","liver"
"LOC115113088",123.218665393249,-0.00169745275093944,0.116093063013644,-0.0146214830315912,0.988334160103508,0.994924681793505,"eukaryotic translation initiation factor 4E-like, transcript variant X2","liver"
"LOC115144405",58.0722548711833,-0.00182012525223079,0.224247693926475,-0.00811658403420447,0.993523974018345,0.997439339433195,"cordon-bleu protein-like 1, transcript variant X2","liver"
"LOC115113474",61.9739040747555,-0.00191240050559354,0.115776946407352,-0.0165179732661537,0.986821163451091,0.994733429533617,"MAP kinase-activating death domain protein-like, transcript variant X7","liver"
"LOC115144793",103.443157693585,-0.00230671107329339,0.106543848343897,-0.021650344990805,0.982726873433171,0.993204744883116,"dihydrolipoyl dehydrogenase, mitochondrial-like","liver"
"LOC115122211",3773.90188024383,-0.0023440396611517,0.243276433629076,-0.00963529276627615,0.99231226761655,0.996736980652888,"complement component C7-like","liver"
"LOC115128360",168.397634750158,-0.00243230015921058,0.088573656215292,-0.0274607627498011,0.978092234825848,0.991354354673865,"cell division control protein 42 homolog, transcript variant X1","liver"
"LOC115111917",420.767054030919,-0.00252691400757659,0.138031319160642,-0.018306816329385,0.985394089734189,0.994420972952848,"glycine-rich RNA-binding protein 1-like","liver"
"LOC115141104",232.543190376811,-0.00252881975791426,0.100942198034963,-0.0250521566514567,0.980013361652377,0.991354354673865,"RNA-binding protein 8A, transcript variant X2","liver"
"LOC115110604",2029.07532011426,-0.00270391523160298,0.0872630280076395,-0.030985805711054,0.975280859639875,0.991346610464732,"microtubule-associated serine/threonine-protein kinase 1-like, transcript variant X2","liver"
"LOC115102819",58.4850115710643,-0.00289925074865307,0.126420537459458,-0.0229333841392885,0.981703410700716,0.99241644395241,"U6 snRNA-associated Sm-like protein LSm7","liver"
"LOC115121180",334.989375761527,-0.00294992664859571,0.0760644416703654,-0.0387819404680518,0.969064243420463,0.990643164367765,"ras-related protein Rab-10","liver"
"LOC115109981",137.393113329623,-0.00296783461858126,0.112045249065158,-0.0264878220481742,0.978868246790312,0.991354354673865,"AP-2 complex subunit alpha-2-like, transcript variant X1","liver"
"LOC115128580",381.894931255494,-0.00313336304239865,0.101734519651114,-0.0307994086288915,0.975429512043323,0.991346610464732,"ATP-binding cassette sub-family F member 1-like, transcript variant X2","liver"
"LOC115109360",99.2366906416978,-0.00323685399321904,0.13100066447255,-0.0247086837784497,0.980287328542743,0.991354354673865,"nuclear factor erythroid 2-related factor 2-like","liver"
"LOC115137947",60.7846618475179,-0.0032812758741941,0.105419493900464,-0.0311258928760579,0.975169140141651,0.991346610464732,"H(+)/Cl(-) exchange transporter 3-like, transcript variant X1","liver"
"LOC115141687",240.268827641803,-0.00330494681909772,0.106237337754119,-0.0311090892238551,0.975182541026711,0.991346610464732,"E3 ubiquitin-protein ligase TRIP12, transcript variant X1","liver"
"LOC115128654",158.029652736822,-0.00350229300847332,0.123421057357887,-0.0283767866152504,0.977361638341934,0.991346610464732,"protein tyrosine phosphatase type IVA 2","liver"
"LOC115135141",57.2802230026111,-0.00368937480715996,0.100972334228488,-0.0365384720017599,0.970853002956729,0.99089853315154,"zinc finger SWIM domain-containing protein 8-like, transcript variant X4","liver"
"LOC115138633",146.556600115422,-0.00376321554352248,0.152739564344398,-0.0246381188768952,0.980343614052954,0.991354354673865,"fermitin family homolog 2-like, transcript variant X5","liver"
"LOC115136681",103.45981329386,-0.00397464578862377,0.202769593441188,-0.0196017840800011,0.984361040617524,0.993624467943791,"non-histone chromosomal protein HMG-14-like","liver"
"LOC115135469",83.2707063455009,-0.00404679155255384,0.117297908454366,-0.0345001168893666,0.972478349140838,0.991346610464732,"rab proteins geranylgeranyltransferase component A 2-like, transcript variant X3","liver"
"LOC115111589",185.308214929675,-0.00431202697309098,0.140850377078202,-0.0306142380484852,0.975577187151824,0.991346610464732,"anthrax toxin receptor 1-like, transcript variant X2","liver"
"LOC115133934",112.774926091276,-0.004370713713221,0.177328726138799,-0.0246475221944579,0.980336113568801,0.991354354673865,"UDP-xylose and UDP-N-acetylglucosamine transporter","liver"
"LOC115143242",62.359177625163,-0.00440207266999731,0.106748845471051,-0.0412376607032352,0.967106430296095,0.9902751689602,"cell division control protein 42 homolog, transcript variant X1","liver"
"LOC115105622",70.0397837729954,-0.0045640772775276,0.110620175478632,-0.0412589950954221,0.967089422388947,0.9902751689602,"misshapen-like kinase 1, transcript variant X5","liver"
"LOC115146166",82.5987889242209,-0.00457678526849689,0.102882204854981,-0.0444856841370009,0.964517263084154,0.989522367060411,"protein phosphatase 1A, transcript variant X2","liver"
"LOC115102545",66.1720900809216,-0.0046529966947345,0.117430917021436,-0.0396232679838917,0.96839347683471,0.99050735547761,"calcium-binding and coiled-coil domain-containing protein 1-like, transcript variant X2","liver"
"LOC115110287",470.741832792886,-0.00477017599016323,0.139891613963161,-0.0340990846772231,0.972798138383768,0.991346610464732,"coenzyme Q-binding protein COQ10 homolog, mitochondrial-like","liver"
"LOC115103895",842.458918242127,-0.00483883146921974,0.166115800204096,-0.0291292668323818,0.976761494140382,0.991346610464732,"malate dehydrogenase, cytoplasmic-like, transcript variant X1","liver"
"LOC115108744",61.7247626232376,-0.00490329922179219,0.105298056085252,-0.0465659044818676,0.962859206819182,0.988070021902061,"protein PRRC2C-like","liver"
"LOC115108058",100.497695109894,-0.00493628963975218,0.140568245613881,-0.035116676730187,0.971986703506001,0.991207631323659,"26S proteasome non-ATPase regulatory subunit 1-like","liver"
"LOC115114184",123.394590532998,-0.0050427994591684,0.122615350441844,-0.0411269832121074,0.967194663304847,0.9902751689602,"60S ribosomal protein L5-like","liver"
"LOC115110247",73.5588223824629,-0.00504742441069344,0.116223696012759,-0.0434285312191356,0.965359934526744,0.989888576888304,"prohibitin","liver"
"LOC115127916",100.621267828969,-0.00508157429924,0.0878938101314971,-0.0578149279413136,0.953896047291273,0.984497811104061,"small ubiquitin-related modifier 3-like","liver"
"LOC115145200",71.50377436849,-0.0053268302462698,0.148394820193758,-0.0358963354604601,0.971365017864962,0.991059777926805,"CMP-N-acetylneuraminate-beta-1,4-galactoside alpha-2,3-sialyltransferase-like, transcript variant X3","liver"
"LOC115112143",62.2126080241372,-0.00559728287060212,0.0977758148176595,-0.0572460877062534,0.954349165649132,0.984542444744587,"cytoplasmic dynein 1 light intermediate chain 2-like, transcript variant X2","liver"
"LOC115128311",124.003060710835,-0.00593543205544177,0.0998235420958228,-0.0594592410850761,0.952586328911955,0.983969051354569,"proteasome subunit beta type-2-like","liver"
"LOC115109555",122.822861594745,-0.00606488211206418,0.0839798687672813,-0.0722182851805916,0.942428193698451,0.981657278852373,"liprin-beta-1-like, transcript variant X5","liver"
"LOC115143392",113.547841889875,-0.00615625347296079,0.1045823090394,-0.05886515156824,0.953059514918508,0.984208407095981,"ADP-ribosylation factor-like protein 8B-A","liver"
"LOC115125396",1567.06766085587,-0.00628943905903638,0.157865375263063,-0.0398405226513782,0.968220269458687,0.99050735547761,"phosphatidylinositol-binding clathrin assembly protein-like","liver"
"urad",279.052388985572,-0.00639449243918175,0.168862002547485,-0.0378681547222773,0.969792803679014,0.99089853315154,"ureidoimidazoline (2-oxo-4-hydroxy-4-carboxy-5-) decarboxylase","liver"
"LOC115102921",93.7099573006771,-0.00643697121882747,0.113644258921955,-0.0566414113646342,0.954830845979594,0.984790113414176,"guanine nucleotide-binding protein G(I)/G(S)/G(O) subunit gamma-5, transcript variant X1","liver"
"LOC115110272",134.462265528728,-0.00644696542764274,0.542661214146579,-0.0118802767907075,0.990521133547232,0.996142151576245,"heat shock 70 kDa protein","liver"
"cdkn1b",191.670522172277,-0.00648899027781373,0.178271774421989,-0.036399426094529,0.970963871787843,0.99089853315154,"cyclin dependent kinase inhibitor 1B","liver"
"LOC115131581",215.596925134012,-0.00655478120572985,0.221059344851479,-0.0296516811362747,0.9763448478261,0.991346610464732,"secretagogin-like","liver"
"LOC115122193",79.8594063202057,-0.00668256199838168,0.134164588676977,-0.0498086869589041,0.960274844085317,0.986411356978768,"serine/threonine-protein kinase ppk4-like, transcript variant X3","liver"
"fam160b1",59.981454015466,-0.00675464856224206,0.0981022354467249,-0.0688531564187466,0.945106505741235,0.982485949486948,"family with sequence similarity 160 member B1","liver"
"LOC115120424",115.80916765079,-0.00675805483088594,0.130482211369066,-0.0517929207359228,0.958693696416584,0.986374158171344,"serine/arginine-rich splicing factor 5-like","liver"
"LOC115102874",335.840613915868,-0.00692457455689309,0.120210751795892,-0.0576036207530793,0.954064365520373,0.984497811104061,"cold-inducible RNA-binding protein B-like, transcript variant X8","liver"
"LOC115125895",61.4404585921022,-0.00718901615563678,0.123903975393374,-0.0580208676340921,0.95373200655702,0.984497811104061,"glucocorticoid receptor-like","liver"
"LOC115125053",64.577514420652,-0.00723123785633034,0.221804583791996,-0.032601841371825,0.973992101410075,0.991346610464732,"E3 ubiquitin-protein ligase RNF185, transcript variant X1","liver"
"dnajc25",59.1075450070607,-0.00735208876712597,0.153815938330912,-0.0477979645471397,0.961877258760104,0.987310930925758,"DnaJ heat shock protein family (Hsp40) member C25, transcript variant X1","liver"
"LOC115112953",87.1544877266968,-0.00745869530691218,0.103664546784697,-0.0719503006404233,0.942641459624187,0.981657278852373,"ribosome-binding protein 1-like, transcript variant X2","liver"
"LOC115131640",107.193604267637,-0.00748589821110092,0.116699801350406,-0.0641466234258924,0.948853478137228,0.983638766333217,"cell division control protein 42 homolog","liver"
"LOC115133309",352.66434047158,-0.0076345838304561,0.127614072292223,-0.0598255638529713,0.952294565028176,0.983969051354569,"high mobility group protein B3-like","liver"
"selenos",106.73081982716,-0.00770562878461801,0.147930504770287,-0.05208951863298,0.958457364548466,0.986374158171344,"selenoprotein S","liver"
"LOC115137179",305.675215458635,-0.00780746310742182,0.129323877568197,-0.0603713966379076,0.95185983926819,0.983966701713705,"coagulation factor X-like","liver"
"LOC115124241",94.0924686774616,-0.00793551867606897,0.154929684593243,-0.0512201305831294,0.959150111011936,0.986374158171344,"dual specificity protein kinase CLK4-like, transcript variant X1","liver"
"LOC115102404",97.7377646228625,-0.00798803802167195,0.0990845975734689,-0.0806183626647826,0.935745462443581,0.980488047537285,"ubiquitin-conjugating enzyme E2 variant 1, transcript variant X2","liver"
"LOC115121211",2733.70472394223,-0.00823895429386173,0.109455359898584,-0.0752722781369095,0.939998077734559,0.980509219639208,"fatty acid-binding protein, heart-like","liver"
"LOC115134352",83.7992822579298,-0.00831829696228522,0.0930170754097629,-0.0894276338579889,0.928742062805615,0.977673721073266,"charged multivesicular body protein 1a-like","liver"
"LOC115133927",179.387775540845,-0.00849183148971149,0.0979880714416749,-0.0866618902155458,0.930940269608277,0.978219267574977,"uncharacterized LOC115133927, transcript variant X2","liver"
"LOC115144943",99.972606653241,-0.00860770509563477,0.0975702615460684,-0.0882205803206809,0.929701360359498,0.977925869632339,"ER degradation-enhancing alpha-mannosidase-like protein 3, transcript variant X3","liver"
"LOC115102166",151.280517686028,-0.00877786480994315,0.173586245176459,-0.0505677440111686,0.959669966477058,0.986411356978768,"serine/threonine-protein kinase Sgk2-like","liver"
"LOC115130790",437.882823811439,-0.00881952911033363,0.108657408916853,-0.0811682258784816,0.935308168190181,0.980281844572686,"calnexin-like, transcript variant X3","liver"
"LOC115125731",339.362815965086,-0.00885812056659007,0.170141446735517,-0.0520632728623728,0.958478277267251,0.986374158171344,"sarcoplasmic/endoplasmic reticulum calcium ATPase 2","liver"
"LOC115103799",95.2182626046633,-0.00892711515360654,0.0982402452956623,-0.0908702449463521,0.927595693442048,0.976719206011312,"phosphoribosyl pyrophosphate synthase-associated protein 1-like, transcript variant X1","liver"
"LOC115117488",214.587100262432,-0.00930080758656238,0.299620894937622,-0.0310419191174859,0.975236109146258,0.991346610464732,"sterol regulatory element-binding protein 1-like","liver"
"LOC115105485",145.908410100168,-0.00945098218851262,0.0968961297860469,-0.0975372515845681,0.922299752760404,0.974932011063601,"MAP7 domain-containing protein 1-like, transcript variant X2","liver"
"LOC115143853",134.304755228724,-0.00949448777907682,0.0814637351007445,-0.11654864299231,0.907217737203082,0.969355131596034,"ubiquitin-conjugating enzyme E2 variant 1-like, transcript variant X1","liver"
"LOC115110445",105.725371811718,-0.00960470171625977,0.0887265806715818,-0.108250556299597,0.913796942409812,0.971475309666769,"interleukin enhancer-binding factor 3 homolog, transcript variant X1","liver"
"LOC115145044",69.3209241246821,-0.00961249431824056,0.103837723521631,-0.092572275202452,0.926243370326744,0.97605170047875,"methylcrotonoyl-CoA carboxylase subunit alpha, mitochondrial-like, transcript variant X1","liver"
"avpi1",1945.44307218138,-0.00964791334025764,0.242357834404532,-0.0398085474066161,0.968245761789456,0.99050735547761,"arginine vasopressin induced 1, transcript variant X1","liver"
"snx9",325.037855140729,-0.00976778004592577,0.0816694865074383,-0.119601340275797,0.904798957960442,0.968985957080074,"sorting nexin 9, transcript variant X1","liver"
"LOC115143176",134.620586156785,-0.010210171510833,0.108328741609837,-0.0942517318959219,0.924909191523375,0.975724361620967,"myosin light polypeptide 6-like, transcript variant X2","liver"
"LOC115103680",59.5387944626024,-0.0102428804535352,0.103597816643085,-0.0988715861534413,0.921240229304384,0.974558830688988,"stromal membrane-associated protein 1-like","liver"
"LOC115133615",86.5628336315667,-0.0104486554793815,0.157039788794011,-0.0665350836219411,0.946951826890479,0.983131850841974,"eukaryotic translation initiation factor 5A-1, transcript variant X1","liver"
"LOC115125787",64.529688485848,-0.0104693728791039,0.271538742200509,-0.0385557242928271,0.969244602919425,0.990643164367765,"phosphoethanolamine N-methyltransferase 3-like","liver"
"LOC115142255",112.746636451704,-0.0106151946720967,0.122439355242056,-0.086697570818721,0.930911907354404,0.978219267574977,"plectin-like","liver"
"LOC115136882",184.088459457523,-0.0108027790981133,0.130847383744902,-0.0825601459420401,0.934201291972833,0.97943780384133,"succinate dehydrogenase [ubiquinone] cytochrome b small subunit B, mitochondrial-like","liver"
"LOC115102046",109.675189852509,-0.0108910360988803,0.0851694798825335,-0.127874869189072,0.898247999228412,0.966098205471296,"RNA-binding protein 39-like, transcript variant X2","liver"
"LOC115144058",1109.9656962719,-0.011326164806832,0.124337312689946,-0.0910922438469902,0.927419295534473,0.976719206011312,"APOBEC1 complementation factor-like, transcript variant X4","liver"
"vamp3",78.865816623988,-0.0113899350962968,0.0949542440842738,-0.119951827389495,0.904521308504658,0.968985957080074,"vesicle associated membrane protein 3","liver"
"LOC115143275",85.334706057045,-0.0115546068012569,0.111434209544221,-0.103689942689202,0.917415408202114,0.972279044158038,"eukaryotic translation initiation factor 4 gamma 3-like, transcript variant X3","liver"
"LOC115110784",82.0951835965517,-0.0119616449458125,0.149860336285747,-0.0798186180698579,0.936381516489843,0.980509219639208,"DDB1- and CUL4-associated factor 7-like","liver"
"LOC115139833",213.057478052215,-0.0120138445583075,0.112190257506711,-0.107084561755185,0.914721894672002,0.971678380246584,"lysosome membrane protein 2-like, transcript variant X2","liver"
"LOC115142746",58.9250947382746,-0.0127176107475841,0.136897063549757,-0.0928990762680726,0.925983739606694,0.976030442885153,"ubiquitin-associated protein 2-like, transcript variant X2","liver"
"LOC115108594",70.1905136145782,-0.012762033537734,0.109587832805731,-0.116454840021863,0.907292074948952,0.969355131596034,"desmocollin-2-like, transcript variant X1","liver"
"LOC115111411",87.7191543668335,-0.012803760743794,0.161523446621505,-0.0792687440220165,0.936818866706091,0.980509219639208,"ubiquitin-conjugating enzyme E2 E3-like","liver"
"LOC115135380",72.8586255971775,-0.0128452679044956,0.169781620389431,-0.0756575881124952,0.939691519019014,0.980509219639208,"eukaryotic translation initiation factor 3 subunit L","liver"
"LOC115102492",84.3878295354278,-0.0129896031967975,0.114121158049359,-0.113822917842977,0.909378170846641,0.970183568391481,"probable phospholipid-transporting ATPase IIA","liver"
"dhcr24",313.101977291448,-0.0134889382893076,0.193135056609061,-0.0698419982686604,0.944319418989458,0.982427643479289,"24-dehydrocholesterol reductase","liver"
"LOC115132374",304.124395734942,-0.0135079241576409,0.177951162633816,-0.0759080410474035,0.939492259489084,0.980509219639208,"CCAAT/enhancer-binding protein beta-like","liver"
"LOC115137912",217.282825283204,-0.0136651370053241,0.374583868004065,-0.0364808476086746,0.970898949937449,0.99089853315154,"E3 ubiquitin-protein ligase TRIM39-like","liver"
"wdr60",76.4928085411648,-0.0137135645619584,0.199236547597909,-0.0688305671188129,0.945124486736586,0.982485949486948,"WD repeat domain 60, transcript variant X1","liver"
"LOC115134234",420.77985529676,-0.0138926461571097,0.104908345965511,-0.13242651029573,0.894646947143968,0.965981710346706,"mucosa-associated lymphoid tissue lymphoma translocation protein 1-like","liver"
"LOC115140792",71.3215984140134,-0.0146869229550973,0.168712581318777,-0.0870529206553176,0.930629447128502,0.978219267574977,"zinc finger MYM-type protein 1-like","liver"
"LOC115131428",80.0414175091331,-0.0148342046230715,0.12792775193765,-0.115957674534151,0.907686086266654,0.969355131596034,"septin-7, transcript variant X2","liver"
"LOC115128135",104.446556652564,-0.0149631400753561,0.11932261031521,-0.125400710190873,0.900206325902841,0.966098205471296,"elongin-C","liver"
"lrrc8a",71.702132146543,-0.0151926177870888,0.15360265429488,-0.0989085628554478,0.921210870071875,0.974558830688988,"leucine rich repeat containing 8 VRAC subunit A","liver"
"LOC115122861",95.1997768566514,-0.0153793939635617,0.0929135856651455,-0.165523629870319,0.868531852406717,0.953483340276745,"cip1-interacting zinc finger protein-like, transcript variant X3","liver"
"LOC115103256",493.607960320169,-0.0155595774127716,0.199702664718061,-0.0779137195527089,0.937896685962937,0.980509219639208,"angiopoietin-related protein 4-like, transcript variant X1","liver"
"LOC115144711",69.9933919425392,-0.0160094214029572,0.142960624937223,-0.111984830858058,0.910835434131981,0.970183568391481,"pleckstrin homology domain-containing family A member 7-like, transcript variant X1","liver"
"LOC115138626",2431.04228266076,-0.0160337368707314,0.116841246228041,-0.137226684825307,0.890851618992195,0.963926519514783,"apolipoprotein B-100-like, transcript variant X2","liver"
"LOC115121061",954.321419791488,-0.0160590000430614,0.167962036614169,-0.0956108914060806,0.923829614741633,0.975668718997403,"60S ribosomal protein L3-like","liver"
"LOC115138480",64.534655459099,-0.0161151883357165,0.125795348069463,-0.128106393304925,0.898064776614215,0.966098205471296,"sushi domain-containing protein 6-like, transcript variant X1","liver"
"LOC115144780",331.556351300069,-0.0162575858451321,0.118915865414967,-0.136715027792127,0.891256050611559,0.964108190629701,"peroxisomal succinyl-coenzyme A thioesterase-like","liver"
"LOC115113239",84.9997031844924,-0.016816430045923,0.114235438442056,-0.147208521937374,0.882967434347638,0.960238864034411,"zinc finger SWIM domain-containing protein 8-like, transcript variant X2","liver"
"LOC115121482",2718.50277930821,-0.0169913808153464,0.146240471720408,-0.116187951361587,0.90750358549907,0.969355131596034,"C4b-binding protein alpha chain-like, transcript variant X1","liver"
"LOC115141448",87.5715967750433,-0.0170544022182098,0.162139133277908,-0.105183750976258,0.916230004036502,0.971780769308557,"rho GTPase-activating protein 35-like","liver"
"LOC115109156",85.1547470058956,-0.0172317931318573,0.114814817608397,-0.150083355883823,0.880698851324172,0.958774159829338,"small integral membrane protein 7","liver"
"LOC115133093",105.283946424732,-0.0173046216037574,0.146788265113523,-0.117888317505315,0.906156149976998,0.969355131596034,"cell division cycle protein 123 homolog, transcript variant X1","liver"
"LOC115136686",72.63491688934,-0.017353235522299,0.222003135048713,-0.0781666237212879,0.937695511169919,0.980509219639208,"immunoglobulin superfamily member 5-like","liver"
"LOC115118233",190.638807682169,-0.0174951606358085,0.270257749301137,-0.0647350933730834,0.948384920940291,0.983638766333217,"transforming growth factor-beta-induced protein ig-h3-like","liver"
"LOC115113096",106.302304694014,-0.0178110626323424,0.157647766009922,-0.112980114359638,0.910046320700959,0.970183568391481,"annexin A5-like","liver"
"LOC115105594",80.3271153309711,-0.0181380830403436,0.113138252675642,-0.160317864306637,0.87263068720122,0.955370045939343,"nuclear pore complex protein Nup98-Nup96-like, transcript variant X1","liver"
"pgam1",79.7905046819372,-0.0182737090608365,0.139985356095665,-0.130540147701938,0.896139092603391,0.966098205471296,"phosphoglycerate mutase 1","liver"
"LOC115109436",66.8826583626034,-0.0186180477023226,0.120448619233004,-0.154572529107259,0.877158328263114,0.957803884236258,"ras and EF-hand domain-containing protein-like, transcript variant X1","liver"
"LOC115105937",62.627789413236,-0.0190318076989692,0.101062725906569,-0.188316785721412,0.850628327653233,0.948603966979697,"E3 ubiquitin-protein ligase Praja-2-like, transcript variant X1","liver"
"LOC115144016",119.88441064014,-0.0192517445800662,0.0857309835430493,-0.224559940694009,0.822321631630254,0.939436400349284,"Golgi to ER traffic protein 4 homolog","liver"
"cpn1",659.533720141058,-0.019313226827972,0.127432606426523,-0.151556398080172,0.879536825333971,0.958297808089084,"carboxypeptidase N subunit 1, transcript variant X4","liver"
"LOC115119587",1197.74527366528,-0.0196130936154305,0.138627230062595,-0.141480815901569,0.887490114286392,0.962845277037885,"40S ribosomal protein S7-like","liver"
"LOC115129538",59.1391352087503,-0.0197323980325876,0.162430917335388,-0.121481786572959,0.903309440063235,0.968153898947607,"E3 ubiquitin-protein ligase RNF130-like, transcript variant X4","liver"
"zc3h11a",92.8773490039999,-0.0198243357379624,0.11176650206558,-0.177372784972106,0.859215582808009,0.951562731267703,"zinc finger CCCH-type containing 11A, transcript variant X5","liver"
"LOC115103172",105.971286437464,-0.0203936469882074,0.0877105336038306,-0.232510807428457,0.816141294089382,0.936475416861292,"ras-related protein Rab-2A","liver"
"LOC115130338",76.9539624776285,-0.0204507615886558,0.110829757558583,-0.184524102904816,0.853602320413384,0.949253705605656,"protein scribble homolog","liver"
"LOC115112162",507.502885081803,-0.0204876515200948,0.133717256878705,-0.153216211567061,0.878227773635155,0.957895746678323,"ankyrin repeat domain-containing protein 11-like, transcript variant X1","liver"
"LOC115107130",79.9620832782426,-0.0207533850279611,0.0990465909704106,-0.209531542929741,0.834033314139917,0.942624393217792,"ubiquitin-conjugating enzyme E2 N-like","liver"
"LOC115113648",89.6569952593797,-0.0210983369580703,0.192557981608953,-0.109568747978034,0.912751396891352,0.971348885600793,"myotubularin-related protein 10-like","liver"
"acot7",115.848325099186,-0.0214242915597245,0.122930784103596,-0.174279304536688,0.861645962928959,0.951562731267703,"acyl-CoA thioesterase 7, transcript variant X3","liver"
"LOC115111494",72.3604173467079,-0.021464909078226,0.143281372773525,-0.14980948788196,0.88091492359197,0.958774159829338,"eIF-2-alpha kinase activator GCN1-like","liver"
"LOC115112503",106.978017417835,-0.0214707329471726,0.195382892148355,-0.109890547279184,0.912496179318516,0.971348885600793,"leucine-rich repeat-containing protein 58-like, transcript variant X2","liver"
"LOC115105034",99.2680261351077,-0.0215411021919849,0.107226827397037,-0.200892842909761,0.840782364162766,0.943876503285746,"U2 snRNP-associated SURP motif-containing protein-like, transcript variant X1","liver"
"LOC115138396",100.138620392081,-0.0215500787031129,0.229375048518321,-0.093951276925361,0.92514786084239,0.975724361620967,"guanine nucleotide-binding protein-like 3","liver"
"LOC115141451",339.220231576111,-0.0215737377595238,0.19233443876285,-0.112167835871164,0.910690331450461,0.970183568391481,"rho-related GTP-binding protein RhoU-like","liver"
"LOC115106044",160.156881123407,-0.0215787746403518,0.110483573816729,-0.195312062190772,0.845148654651113,0.945341908989555,"ornithine decarboxylase antizyme 2-like","liver"
"LOC115145572",448.612877468232,-0.0217077281397464,0.232004606477896,-0.0935659359065983,0.925453970075235,0.975724361620967,"mitochondrial uncoupling protein 2-like","liver"
"LOC115135880",91.0565437310671,-0.0217811736907425,0.156570106486996,-0.139114510294796,0.889359662163574,0.963515465885435,"nuclear receptor-interacting protein 1-like, transcript variant X1","liver"
"LOC115119706",110.818266140499,-0.0219129236847757,0.108486933193657,-0.201986755821179,0.839927078110278,0.943623638088877,"catenin alpha-1-like","liver"
"LOC115123381",98.9803447223122,-0.0222818798932227,0.109557483906235,-0.20338071940656,0.838837468571703,0.943200419834004,"probable E3 ubiquitin-protein ligase TRIM8","liver"
"mmd",76.9409398733467,-0.0226388587921064,0.176728181731288,-0.128099879545688,0.898069931372288,0.966098205471296,"monocyte to macrophage differentiation associated, transcript variant X1","liver"
"ubxn4",223.277958175552,-0.0227244607402435,0.107236056160191,-0.211910634854916,0.832176753599325,0.942624393217792,"UBX domain protein 4, transcript variant X2","liver"
"LOC115134304",71.5149579380496,-0.0230242921562607,0.134535224943531,-0.171139507633965,0.864114071499883,0.952484128639513,"PSME3-interacting protein-like, transcript variant X2","liver"
"LOC115112150",209.838213921035,-0.0230288556301584,0.0928663884454018,-0.24797836995349,0.804151142478288,0.931458852222013,"B-cadherin-like","liver"
"LOC115130335",446.931095927102,-0.0230329385109337,0.1175701479662,-0.195908050720115,0.844682135810406,0.945322995919892,"protein CDV3 homolog","liver"
"LOC115138072",80.8923947459916,-0.0231070997928915,0.104181918344705,-0.221795683550743,0.824472939807241,0.93961687444757,"thyroid receptor-interacting protein 6-like, transcript variant X3","liver"
"LOC115136630",57.5826685747744,-0.0232157631529181,0.126508986803894,-0.183510782430861,0.85439725927804,0.949433813745172,"nuclear fragile X mental retardation-interacting protein 2-like, transcript variant X1","liver"
"LOC115105527",171.151488724268,-0.0232420204299521,0.124967944032966,-0.185983858579133,0.852457419473037,0.94862566008319,"nuclear receptor corepressor 1-like, transcript variant X1","liver"
"LOC115145182",74.8159035423999,-0.0232697653900505,0.105092749610899,-0.221421225310077,0.824764467143152,0.93961687444757,"ecotropic viral integration site 5 protein homolog, transcript variant X3","liver"
"LOC115143366",103.142944399655,-0.0234339218425833,0.130268109634422,-0.179889935521036,0.8572389766003,0.950563255550648,"WD repeat-containing protein 1-like","liver"
"LOC115145968",74.0256141157941,-0.0234815015475763,0.199217231114625,-0.117868827993426,0.906171592693023,0.969355131596034,"calmin-like","liver"
"LOC115109029",748.395649875139,-0.0238120377197313,0.136034274797075,-0.175044397856732,0.861044747659445,0.951562731267703,"26S proteasome non-ATPase regulatory subunit 1, transcript variant X2","liver"
"LOC115139444",191.217674341599,-0.0238599812286623,0.116989906855461,-0.203949057401515,0.838393308400047,0.942961127218154,"mannosyl-oligosaccharide 1,2-alpha-mannosidase IA-like","liver"
"eif4ebp2",95.2106894547962,-0.0238618895378362,0.112074796449402,-0.212910398178676,0.83139685175703,0.942624393217792,"eukaryotic translation initiation factor 4E binding protein 2","liver"
"LOC115144448",328.214451973481,-0.0238758582270848,0.106607571086903,-0.223960249573851,0.822788233823898,0.939436400349284,"Na(+)/H(+) exchange regulatory cofactor NHE-RF1-like","liver"
"LOC115145155",535.888903164244,-0.0239343237838113,0.116320422678,-0.205762008362595,0.836976819074608,0.942929108498646,"plasminogen activator inhibitor 1 RNA-binding protein-like, transcript variant X3","liver"
"LOC115140904",581.32956368339,-0.023974365158183,0.112915383666981,-0.212321513505105,0.831856212679856,0.942624393217792,"LIM domain and actin-binding protein 1-like, transcript variant X2","liver"
"plekhf2",195.33003174133,-0.0240653469754432,0.183621003513081,-0.13105988157683,0.895727937215449,0.966098205471296,"pleckstrin homology and FYVE domain containing 2, transcript variant X2","liver"
"LOC115133526",148.731786313049,-0.0242272744397114,0.123138990089471,-0.196747386202439,0.844025225944348,0.945322995919892,"dnaJ homolog subfamily C member 3-like","liver"
"nol7",111.497626427847,-0.0243688482509489,0.105639812666808,-0.23067863938579,0.817564469308919,0.937381934431267,"nucleolar protein 7","liver"
"LOC115107632",68.6506500769519,-0.0245093302185651,0.141672614431677,-0.172999773575753,0.862651605599631,0.951859216140795,"cell cycle control protein 50A-like, transcript variant X2","liver"
"LOC115116430",446.094988237013,-0.0245909901197284,0.232884823530647,-0.105592926782076,0.91590533698632,0.971689264330099,"mitochondrial uncoupling protein 2-like","liver"
"ndufa3",68.5725052877257,-0.0246650902228902,0.123964813956259,-0.198968476906627,0.842287403340094,0.94452480781174,"NADH:ubiquinone oxidoreductase subunit A3, transcript variant X1","liver"
"LOC115141038",215.955407578844,-0.0249059227351558,0.111523441438394,-0.223324553241248,0.823282919050462,0.939436400349284,"cytosolic 5'-nucleotidase 3, transcript variant X1","liver"
"LOC115142908",106.305820334255,-0.0249252874114011,0.0826883501088775,-0.301436506818451,0.763081659674202,0.913356234894243,"synaptophysin-like protein 1","liver"
"LOC115146236",73.7559288116174,-0.024980462099272,0.162296124473431,-0.153919030293059,0.877673578906385,0.957803884236258,"rRNA-processing protein FCF1 homolog","liver"
"LOC115106848",76.3648466367409,-0.025116923177032,0.100623491962116,-0.249612915306977,0.802886709729795,0.931293747540877,"lysine-specific demethylase 5A-like, transcript variant X1","liver"
"LOC115122811",507.102435956546,-0.0251675440416155,0.116864618692377,-0.215356404044446,0.829489457040583,0.941916768058633,"heterogeneous nuclear ribonucleoprotein A1-like, transcript variant X5","liver"
"LOC115131974",74.4339434287254,-0.0252233576930822,0.21769648369024,-0.115864791500135,0.90775970002504,0.969355131596034,"inosine-5'-monophosphate dehydrogenase 2-like, transcript variant X1","liver"
"LOC115115367",86.1262560899625,-0.0254657470240218,0.0991050539005565,-0.256957097763899,0.797211892286589,0.929129460547719,"transformer-2 protein homolog alpha-like","liver"
"LOC115113442",65.0904187594426,-0.0256093191913886,0.203809100246276,-0.125653462776898,0.9000062411163,0.966098205471296,"triadin-like, transcript variant X27","liver"
"LOC115146158",73.0334090853909,-0.0257392025724003,0.136893075525542,-0.188024138354594,0.850857728969031,0.948603966979697,"hypoxia-inducible factor 1-alpha","liver"
"LOC115113359",1066.83014186598,-0.0258406043171085,0.170324013351316,-0.151714393106794,0.879412204530409,0.958297808089084,"insulin-degrading enzyme-like, transcript variant X3","liver"
"LOC115135831",59.7995515358943,-0.0261863914485557,0.148040638773429,-0.17688650674247,0.859597537552299,0.951562731267703,"serrate RNA effector molecule homolog","liver"
"LOC115137941",881.544601938288,-0.0263950059881806,0.149556798966576,-0.17648817152124,0.859910440586676,0.951562731267703,"calpain-1 catalytic subunit-like, transcript variant X2","liver"
"LOC115146762",98.3405466520599,-0.026510353092726,0.108042080425148,-0.245370627707345,0.806169469647453,0.931458852222013,"gephyrin-like","liver"
"LOC115121575",120.11782260501,-0.0266687677963301,0.14166094405703,-0.188257730271752,0.850674619202757,0.948603966979697,"ubiquitin carboxyl-terminal hydrolase 16-like","liver"
"negr1",192.816784643826,-0.0268047471349505,0.412893106107113,-0.0649193380525875,0.948238223532311,0.983638766333217,"neuronal growth regulator 1, transcript variant X2","liver"
"LOC115101058",633.014765335077,-0.026845880613697,0.201030184457658,-0.133541540968697,0.893765113510672,0.965541108579247,"polyubiquitin-B, transcript variant X3","liver"
"LOC115143449",76.6138118943252,-0.026910693386471,0.115748981382173,-0.232491837639754,0.816156026175736,0.936475416861292,"guanine nucleotide-binding protein G(I)/G(S)/G(T) subunit beta-1-like","liver"
"LOC115103165",38924.8842615055,-0.0269124141238883,0.136099596171582,-0.197740587635246,0.843248032324037,0.944771572224513,"serotransferrin","liver"
"LOC115142781",151.8592831287,-0.0269374076099291,0.118382129816536,-0.227546232287556,0.819999023742942,0.938523137052295,"phosphatidate phosphatase LPIN2-like, transcript variant X3","liver"
"LOC115138046",10597.7156846746,-0.0269773394578582,0.149329346668904,-0.180656649611364,0.85663708740829,0.950459740511364,"ceruloplasmin-like","liver"
"LOC115104890",205.984976151694,-0.02702339772721,0.141185670504949,-0.191403260901486,0.848209665466575,0.947465770469103,"melanoma receptor tyrosine-protein kinase-like","liver"
"LOC115140366",126.515013991933,-0.0270962693882604,0.119004696026612,-0.227690757532803,0.81988665815238,0.938523137052295,"terminal uridylyltransferase 7-like","liver"
"LOC115111608",73.447977448858,-0.0275121512007877,0.129881562584308,-0.211824916896338,0.832243628721034,0.942624393217792,"ubiquitin-conjugating enzyme E2 D4, transcript variant X1","liver"
"LOC115129214",85.0341293683207,-0.0275637370397834,0.140624549156001,-0.196009425133913,0.844602788903695,0.945322995919892,"serine/arginine repetitive matrix protein 1-like, transcript variant X2","liver"
"LOC115113591",392.45627802696,-0.0277172662884969,0.115069141413098,-0.240874885726244,0.80965208740423,0.932770465873273,"sorbitol dehydrogenase-like, transcript variant X1","liver"
"LOC115105942",59.3210313361722,-0.0279316170042824,0.160860594019195,-0.173638653857945,0.862149452053883,0.951562731267703,"heterogeneous nuclear ribonucleoprotein K-like, transcript variant X1","liver"
"LOC115101794",84.4164569891057,-0.0279980487023685,0.291823281910245,-0.0959417923035346,0.923566802198026,0.975668718997403,"urokinase plasminogen activator surface receptor-like","liver"
"LOC115102780",304.146903296116,-0.0281175506794279,0.147318962837158,-0.190861720296715,0.848633931574101,0.947507817776928,"matrix metalloproteinase-14-like","liver"
"LOC115130531",69.7614454119927,-0.0282102490051257,0.373098814781688,-0.0756106636833795,0.939728852360585,0.980509219639208,"H-2 class II histocompatibility antigen gamma chain-like, transcript variant X1","liver"
"LOC115137178",179.66507365096,-0.0282508090774506,0.0931937603024875,-0.303140564193937,0.761782741873254,0.912974553330016,"protein IWS1 homolog","liver"
"tmco1",217.354978740132,-0.0283543732877015,0.128094394920073,-0.221355300560917,0.82481579410535,0.93961687444757,"transmembrane and coiled-coil domains 1","liver"
"LOC115143411",78.6336794747179,-0.0283709110523065,0.225685924391841,-0.125709705329466,0.899961719076167,0.966098205471296,"neural cell adhesion molecule L1-like protein, transcript variant X1","liver"
"LOC115104102",95.1663661004823,-0.0284143368962234,0.112623108869714,-0.252295795963987,0.800812437392606,0.929850269135122,"prohibitin-like, transcript variant X2","liver"
"LOC115102686",59.5854516793373,-0.0286774688614877,0.182856677269358,-0.156830307154954,0.875378586744983,0.957093111473324,"rRNA 2'-O-methyltransferase fibrillarin-like","liver"
"LOC115132375",136.36694533626,-0.0287078181344355,0.0903588198220316,-0.317709086849271,0.750705617785853,0.905556702602881,"ubiquitin-conjugating enzyme E2 variant 1, transcript variant X2","liver"
"LOC115136523",58.1648613772593,-0.0287985938878392,0.195078393541455,-0.147625748628688,0.882638133279606,0.960136917867007,"vacuolar fusion protein MON1 homolog B-like, transcript variant X4","liver"
"LOC115132968",81.8879231986142,-0.0289884113369944,0.143710066788498,-0.201714549194785,0.840139887788159,0.943623638088877,"protein SCAF11-like, transcript variant X1","liver"
"LOC115112533",88.5672227898634,-0.0290219436542983,0.122140172174902,-0.237611779462203,0.812182213461323,0.934892601544296,"eukaryotic translation initiation factor 4 gamma 2-like","liver"
"LOC115104996",58.6819669056819,-0.0290574416576409,0.178984855236348,-0.162345811992142,0.871033540399001,0.954245814634059,"methionine-R-sulfoxide reductase B2, mitochondrial-like","liver"
"zfp36l1",408.582353542517,-0.0291792830288487,0.152961887578676,-0.190761787074838,0.84871222833748,0.947507817776928,"ZFP36 ring finger protein like 1","liver"
"LOC115103144",171.25658484053,-0.0292541474215537,0.268383306508478,-0.109001367492391,0.91320140569731,0.971348885600793,"cAMP-responsive element modulator-like, transcript variant X1","liver"
"LOC115115466",60.5175635327717,-0.0294369791291627,0.207058342174632,-0.142167559249246,0.886947655443845,0.962645667671052,"pseudokinase FAM20A-like, transcript variant X1","liver"
"LOC115110237",93.593387750495,-0.0295873170827413,0.124745316998021,-0.23718178601615,0.81251576586674,0.93501249623739,"LIM and SH3 domain protein 1-like","liver"
"oip5",109.651823195131,-0.0296038894251797,0.17889972926967,-0.165477552962394,0.868568116400283,0.953483340276745,"Opa interacting protein 5, transcript variant X2","liver"
"stra6",304.146645775558,-0.0297628206793649,0.119730927525005,-0.248580891291844,0.803684991146952,0.931458852222013,"stimulated by retinoic acid 6, transcript variant X2","liver"
"LOC115136999",63.4126479297236,-0.0297941431468993,0.145631890935343,-0.204585293478935,0.837896146475432,0.942961127218154,"unconventional myosin-Ic-like","liver"
"LOC115111626",64.9335237694259,-0.0299660887617555,0.130957139595845,-0.228823635383574,0.819005995738302,0.938506730005431,"CAP-Gly domain-containing linker protein 1-like, transcript variant X2","liver"
"LOC115101972",120.451721469677,-0.0299762555021562,0.235222869285638,-0.127437674717568,0.898593999198507,0.966098205471296,"catechol O-methyltransferase B-like","liver"
"LOC115112906",116.839134358874,-0.0302023584892028,0.19190163207438,-0.157384583772048,0.87494176241162,0.956872182342303,"transcription factor MafF-like, transcript variant X1","liver"
"LOC115144161",57.7365022603158,-0.0303250077463914,0.210538564923129,-0.144035406327879,0.885472510929906,0.961505769501766,"C-Jun-amino-terminal kinase-interacting protein 4-like, transcript variant X4","liver"
"LOC115106241",82.071653815817,-0.0307305524825553,0.140005055788087,-0.219496019694241,0.826263680098191,0.940567903026901,"plectin-like, transcript variant X5","liver"
"LOC115120521",98.1933673345894,-0.0308114675488235,0.153898243740101,-0.20020675220217,0.841318886589795,0.944167340787446,"signal peptidase complex catalytic subunit SEC11A","liver"
"LOC115101371",77.2475010176185,-0.0308153942412181,0.218923572857893,-0.140758685046772,0.888060582582633,0.963029430750642,"calpain-5-like, transcript variant X3","liver"
"nfia",89.6935649655104,-0.0308200326567128,0.178796639008338,-0.17237478751083,0.863142892136882,0.95214355300404,"nuclear factor I A, transcript variant X2","liver"
"LOC115128382",1621.0722526593,-0.0309912601194607,0.242997758883204,-0.127537226112265,0.898515211556096,0.966098205471296,"BOLA class I histocompatibility antigen, alpha chain BL3-7-like","liver"
"LOC115130509",73.416893554707,-0.031156958709446,0.202398762693553,-0.153938484083621,0.877658239830456,0.957803884236258,"receptor expression-enhancing protein 2-like","liver"
"LOC115128846",64.6375244327695,-0.0312388562282358,0.116714005744001,-0.267653020981514,0.788966414544068,0.925310532724644,"M-phase phosphoprotein 8-like, transcript variant X4","liver"
"LOC115119445",59.6343171437623,-0.0312648245496452,0.114395128975743,-0.273305557933982,0.784618343307168,0.923773647406128,"uncharacterized LOC115119445","liver"
"fcho2",99.5948395851745,-0.0313022360432224,0.107660576426947,-0.290749288942017,0.771243072054878,0.918070421469199,"FCH domain only 2, transcript variant X1","liver"
"LOC115113608",204.213404387759,-0.031411166052826,0.0944428656439971,-0.332594376913874,0.739440488526665,0.900342680539545,"ATP-dependent RNA helicase DDX3X-like, transcript variant X6","liver"
"LOC115142970",3194.67829172259,-0.0314374033347063,0.129479466682869,-0.242798369039511,0.808161599091366,0.931843473238022,"peptidyl-prolyl cis-trans isomerase FKBP5-like","liver"
"LOC115111512",125.501483412045,-0.0317229556456831,0.258153741457837,-0.122883966223144,0.902198982490664,0.96772711911367,"E3 ubiquitin-protein ligase RNF34-like, transcript variant X1","liver"
"hectd1",106.402635597754,-0.0318305792324469,0.106774616885087,-0.298109983074944,0.765619222407088,0.914267973129125,"HECT domain E3 ubiquitin protein ligase 1, transcript variant X1","liver"
"LOC115106893",81.6208309459656,-0.031861850902045,0.177169201526807,-0.179838542068634,0.857279324682086,0.950563255550648,"calumenin-A, transcript variant X1","liver"
"LOC115114877",6961.66951179465,-0.0319485243480511,0.457653208174554,-0.0698094622246493,0.944345315787991,0.982427643479289,"fatty acid-binding protein 10-A, liver basic","liver"
"LOC115132228",271.749484987833,-0.0320013675572173,0.100211639601208,-0.3193378302617,0.749470348790823,0.904334263372231,"cold shock domain-containing protein E1-like, transcript variant X14","liver"
"LOC115138084",727.279437610437,-0.0320800072727948,0.115394967780141,-0.27800178716559,0.781010986852001,0.922724864466306,"protein transport protein Sec24D-like, transcript variant X2","liver"
"kpna4",355.969623023495,-0.0321240665948405,0.131715387507126,-0.243890005585737,0.807316009883592,0.931458852222013,"karyopherin subunit alpha 4","liver"
"LOC115139502",114.69176269438,-0.0322722890032307,0.144393467384127,-0.223502417303807,0.823144501974273,0.939436400349284,"serine/arginine-rich splicing factor 3, transcript variant X1","liver"
"gpatch4",115.602505892261,-0.032272889463962,0.141968509606476,-0.227324281655274,0.820171593272884,0.938523137052295,"G-patch domain containing 4, transcript variant X1","liver"
"prpf40a",106.739395416476,-0.0324958350080533,0.107902884610176,-0.301158167600912,0.763293887251884,0.913356234894243,"pre-mRNA processing factor 40 homolog A, transcript variant X3","liver"
"enpp4",74.6257502879244,-0.032702213343224,0.112398384803878,-0.290949139529767,0.771090218234972,0.918070421469199,"ectonucleotide pyrophosphatase/phosphodiesterase 4, transcript variant X1","liver"
"LOC115108054",242.311849811114,-0.0328718205120985,0.0928986436781585,-0.353846075793968,0.723454240989433,0.891145205884838,"profilin-2-like, transcript variant X1","liver"
"LOC115106764",64.5362891779795,-0.0330171461113653,0.109256823649849,-0.302197565409553,0.762501460057577,0.913298839610545,"protein IWS1 homolog, transcript variant X3","liver"
"LOC115117528",60.7335777684005,-0.0334475253013209,0.13027394924853,-0.256747611431595,0.79737361457211,0.929129460547719,"AKT-interacting protein, transcript variant X1","liver"
"LOC115133057",244.513436507199,-0.0335178507372689,0.121151154886185,-0.276661421583287,0.782040097075512,0.922986466899489,"NEDD4 family-interacting protein 2-like, transcript variant X2","liver"
"LOC115113722",122.47282259133,-0.0337191070535784,0.0977737697789478,-0.344868640432014,0.730193127225343,0.897006385343731,"nucleobindin-2-like, transcript variant X2","liver"
"LOC115124951",174.180833932255,-0.0337453809527819,0.162564608107432,-0.20758135085886,0.835555867040128,0.942624393217792,"RNA polymerase-associated protein RTF1 homolog, transcript variant X1","liver"
"LOC115133407",151.132320232751,-0.0341638716749273,0.163229058923687,-0.209300181598791,0.834213910021242,0.942624393217792,"H(+)/Cl(-) exchange transporter 3, transcript variant X4","liver"
"LOC115143439",60.8182671815416,-0.0342651797312757,0.143827040496216,-0.238238787456501,0.811695894988932,0.934596742365788,"T-cell leukemia translocation-altered gene protein homolog, transcript variant X2","liver"
"LOC115140200",65.2783660515309,-0.0343164610278843,0.113456743885887,-0.302462946252004,0.762299176029679,0.913298839610545,"la-related protein 4-like, transcript variant X1","liver"
"LOC115108549",303.546534056673,-0.0343220457105691,0.0967096984132902,-0.354897660458969,0.722666261227411,0.890712936426649,"plasminogen activator inhibitor 1 RNA-binding protein-like, transcript variant X3","liver"
"LOC115121177",185.059843238025,-0.0346674736968694,0.149243485588562,-0.232288019541714,0.816314317003967,0.936475416861292,"beta-2 adrenergic receptor-like, transcript variant X2","liver"
"LOC115102944",1551.20716776906,-0.0347598993642513,0.135909054201647,-0.255758525938075,0.798137300460642,0.929753540062182,"5-beta-cholestane-3-alpha,7-alpha-diol 12-alpha-hydroxylase-like","liver"
"LOC115101945",140.758309006141,-0.0351354644338042,0.329830590699222,-0.10652579058637,0.915165193896736,0.971678380246584,"cytochrome c oxidase subunit 4 isoform 2, mitochondrial-like, transcript variant X2","liver"
"LOC115128318",687.039560411682,-0.0352078816043193,0.142051333740221,-0.247853227965507,0.804247969540312,0.931458852222013,"60S ribosomal protein L11, transcript variant X2","liver"
"LOC115114090",91.5924635366624,-0.0352848133067824,0.150923131125389,-0.233793276376352,0.815145469616693,0.936475416861292,"disks large homolog 1-like, transcript variant X4","liver"
"LOC115146260",80.0667662276633,-0.0353549804602477,0.275069657298145,-0.128531008499882,0.897728760495688,0.966098205471296,"adenylosuccinate synthetase isozyme 1 C","liver"
"clip1",149.60596999308,-0.0353620306929525,0.0933957794222744,-0.378625575070888,0.704965927593247,0.881153364265586,"CAP-Gly domain containing linker protein 1, transcript variant X4","liver"
"LOC115112268",63.4953836436396,-0.0354648863259291,0.124914126152046,-0.283914137002897,0.776476182351472,0.920837043719697,"SAFB-like transcription modulator","liver"
"LOC115143779",67.5760444412453,-0.0355599550571518,0.165128279078253,-0.21534745747759,0.829496431747358,0.941916768058633,"probable peptidyl-tRNA hydrolase 2","liver"
"LOC115120569",154.858859048416,-0.0356178522332932,0.0934867126027816,-0.380993739555598,0.703207893951328,0.879799605594352,"clathrin interactor 1-like","liver"
"LOC115131162",5558.58138292989,-0.0357365676521226,0.319408561300777,-0.111883562252017,0.910915730185034,0.970183568391481,"saxitoxin and tetrodotoxin-binding protein 2-like","liver"
"LOC115130155",63.5612689267842,-0.035831509220051,0.146959445583886,-0.243819028288305,0.807370982556519,0.931458852222013,"ranBP-type and C3HC4-type zinc finger-containing protein 1-like, transcript variant X1","liver"
"LOC115110793",81.7787135970706,-0.0359213349282947,0.21248222623435,-0.169055716164591,0.865752816867122,0.952959352295541,"semaphorin-5B-like, transcript variant X3","liver"
"LOC115112463",354.250871529137,-0.0360086277633935,0.424514966240627,-0.084822987708242,0.932402117851036,0.978746080958234,"cytochrome P450 1A1","liver"
"LOC115102269",93.8913200803475,-0.036319741001098,0.109963166194209,-0.330290062191849,0.741180801226398,0.900731349373524,"cyclin-dependent kinase 11B-like, transcript variant X10","liver"
"LOC115123914",127.0998564339,-0.0364680330730581,0.101459062162296,-0.359435936976464,0.719268994665522,0.889788021284401,"ras-related protein Rab-5A, transcript variant X5","liver"
"LOC115139927",70.1950151998292,-0.0366225133417127,0.102329128204929,-0.357889429765988,0.720426061342655,0.890374962411358,"ras-related protein Rab-35","liver"
"LOC115145021",994.184912156593,-0.0367307875846757,0.107949084509555,-0.340260297264721,0.73366051341745,0.898462032230045,"sulfhydryl oxidase 1-like","liver"
"LOC115134357",65.6237122249183,-0.0368422939506685,0.123622098282302,-0.298023528661809,0.765685205860903,0.914267973129125,"NEDD4-like E3 ubiquitin-protein ligase WWP2, transcript variant X2","liver"
"LOC115130331",207.377438503381,-0.0371442662760072,0.213553005564878,-0.173934645301552,0.861916824593572,0.951562731267703,"cytochrome P450 2F3-like","liver"
"LOC115146736",64.4338400014817,-0.0374736963467309,0.223308210179163,-0.167811547621403,0.866731537644242,0.953007215386547,"multidrug resistance protein 1-like, transcript variant X1","liver"
"LOC115147158",58.9035006248875,-0.0375360347069508,0.223205656045527,-0.168167937013633,0.866451164241226,0.953007215386547,"microtubule-associated serine/threonine-protein kinase 3-like, transcript variant X1","liver"
"LOC115136228",153.601169049842,-0.0377581113354735,0.095949376361324,-0.393521175096385,0.693934587469317,0.874877011606846,"protein YIPF5-like","liver"
"LOC115107270",82.9982888428995,-0.0382813607257698,0.185319524391818,-0.206569495855343,0.836346085195571,0.942624393217792,"leucine-rich alpha-2-glycoprotein-like","liver"
"LOC115121063",58.2461666111947,-0.0382821195527119,0.185471485535905,-0.206404339956079,0.836475081027663,0.942624393217792,"interferon-induced 35 kDa protein homolog","liver"
"LOC115113279",143.826755858125,-0.0384487466491845,0.122739901382147,-0.313253849939764,0.754087809251521,0.907220162487957,"ras-related protein ORAB-1-like","liver"
"LOC115119478",104.243518175249,-0.0384984366996817,0.0987791989856071,-0.389742345504252,0.696727080498702,0.877041253895215,"heterogeneous nuclear ribonucleoprotein A/B-like, transcript variant X1","liver"
"LOC115115711",167.066432468952,-0.0388845429448972,0.196234006016009,-0.198153947597263,0.842924617471524,0.944668886668664,"complement C4-B-like","liver"
"LOC115139449",947.89587633584,-0.0390465395233456,0.134551920391153,-0.290196820750192,0.771665668290843,0.918070421469199,"serine incorporator 1-like","liver"
"LOC115112975",297.817165709842,-0.0393366205407403,0.149889828088688,-0.262436891431121,0.792984633828226,0.926075391590293,"G-protein coupled receptor family C group 5 member C-like, transcript variant X1","liver"
"LOC115139412",68.5616974042703,-0.0393596889615735,0.130625905781224,-0.301316103618025,0.763173462301982,0.913356234894243,"RNA polymerase II subunit A C-terminal domain phosphatase SSU72, transcript variant X1","liver"
"LOC115110577",108.360521231845,-0.0393824820737953,0.099839995351949,-0.394455968622263,0.693244429304163,0.874547908958145,"interleukin enhancer-binding factor 3 homolog, transcript variant X1","liver"
"LOC115120318",87.8233564373026,-0.0393911181905129,0.110787251006122,-0.355556418566035,0.722172786368423,0.890643351660421,"far upstream element-binding protein 1-like, transcript variant X1","liver"
"LOC115143987",111.526694030889,-0.0394471364521622,0.12119129252641,-0.325494807669998,0.744806611747798,0.903252528855705,"progranulin-like, transcript variant X2","liver"
"LOC115103749",88.5534481399631,-0.0395603899514813,0.116686399319609,-0.339031713911437,0.734585839249603,0.898462032230045,"puromycin-sensitive aminopeptidase-like, transcript variant X3","liver"
"fam50a",71.6632209981585,-0.0397295421530153,0.157589607579284,-0.252107627928619,0.800957874124979,0.929850269135122,"family with sequence similarity 50 member A","liver"
"LOC115142182",1025.19351337337,-0.0399606343776126,0.208370478923842,-0.191776851423459,0.847917004273146,0.94739849490607,"peptidyl-prolyl cis-trans isomerase FKBP5-like","liver"
"LOC115113941",161.171489540821,-0.0403387679194328,0.33698503301941,-0.119704924453156,0.904716899264051,0.968985957080074,"selenoprotein Pb-like, transcript variant X1","liver"
"LOC115137976",57.4164186093456,-0.0403469005573362,0.104443399659246,-0.386303976019267,0.699271556192042,0.878359688643963,"apoptotic chromatin condensation inducer in the nucleus-like","liver"
"LOC115135011",81.2795874093418,-0.0403498811340496,0.120526078475349,-0.334781332342961,0.737790043376255,0.900310743517213,"zinc transporter 6-like, transcript variant X1","liver"
"LOC115129609",74.1509595525121,-0.0404325881598937,0.0925438406237535,-0.436901990314801,0.662182428455085,0.8554568511028,"amyloid-beta A4 protein-like, transcript variant X1","liver"
"LOC115125528",76.0633600411601,-0.0406144671814889,0.148066949819614,-0.274297993110335,0.783855626656472,0.923409113945601,"U2 snRNP-associated SURP motif-containing protein-like, transcript variant X6","liver"
"LOC115108211",174.81224731205,-0.0407552146765553,0.0994930709218892,-0.409628673624434,0.682078359685064,0.867983576046307,"unconventional myosin-IXb-like, transcript variant X3","liver"
"LOC115143211",102.714811341985,-0.0407871272044981,0.115410102598366,-0.353410371243147,0.723780811720063,0.89127812343534,"F-actin-capping protein subunit beta isoforms 1 and 2, transcript variant X1","liver"
"LOC115143423",115.939561601023,-0.0408435983131525,0.66053181805424,-0.0618344146289082,0.950694697003398,0.983966701713705,"tumor necrosis factor receptor superfamily member 8-like","liver"
"hnrnpk",72.5508629550334,-0.0409711976069987,0.127790253509432,-0.320612851777265,0.748503797071175,0.904230083892119,"heterogeneous nuclear ribonucleoprotein K, transcript variant X1","liver"
"LOC115109273",64.2874842622867,-0.041059901417704,0.0885674525452125,-0.463600343441553,0.642934108253416,0.844861624160795,"serine/threonine-protein phosphatase 6 regulatory subunit 3-like, transcript variant X5","liver"
"LOC115106445",763.694863548331,-0.0412322529718651,0.248515787739195,-0.165914018368669,0.868224615335122,0.953483340276745,"glucose-6-phosphatase-like","liver"
"LOC115128351",1461.27532177357,-0.0414023978968622,0.181951247901583,-0.227546655350541,0.819998694814238,0.938523137052295,"glyceraldehyde-3-phosphate dehydrogenase-like","liver"
"LOC115123999",89.6275767260305,-0.041430766892513,0.215025260907854,-0.192678603051516,0.847210681731945,0.947128562462811,"14-3-3 protein eta-like","liver"
"LOC115135660",166.820708160277,-0.0414637004540691,0.098526138747384,-0.420839596286016,0.673872215531422,0.861687651672345,"cofilin-2-like","liver"
"LOC115126443",664.346506857086,-0.0414646892545167,0.127861518055769,-0.324293735011273,0.745715662357248,0.903511155280451,"xanthine dehydrogenase/oxidase-like","liver"
"LOC115101892",64.8106092234677,-0.0415211371421375,0.136183787408874,-0.304890456728712,0.760449584366784,0.912181431983229,"disks large-associated protein 4-like","liver"
"cpt2",61.2752624806218,-0.0415576630641775,0.134259938788557,-0.30953137204707,0.756917351626447,0.908746723189808,"carnitine palmitoyltransferase 2","liver"
"LOC115142378",80.4475463175024,-0.0419025972654661,0.118041664179469,-0.354981417423579,0.72260351258545,0.890712936426649,"double-stranded RNA-binding protein Staufen homolog 1-like","liver"
"LOC115106032",116.777007968324,-0.0419403374997083,0.13119538975434,-0.319678439754937,0.749212105388823,0.904290358769571,"AF4/FMR2 family member 1-like, transcript variant X1","liver"
"pcdh1",208.160582961927,-0.0420748813783093,0.171433331661337,-0.245429992934089,0.806123508030337,0.931458852222013,"protocadherin 1, transcript variant X1","liver"
"LOC115121148",82.1025589129331,-0.0421234480010497,0.104430841004754,-0.40336214470524,0.686681830862014,0.869498335692316,"3-hydroxy-3-methylglutaryl-coenzyme A reductase-like","liver"
"LOC115139480",115.838054467314,-0.0423916445316617,0.257565487450539,-0.164585888238626,0.869269939285853,0.953740046441221,"mitogen-activated protein kinase kinase kinase 5-like","liver"
"LOC115145962",101.507597437519,-0.0426670018363069,0.130598396991471,-0.326703870944858,0.743891872189384,0.902888945336445,"MAGUK p55 subfamily member 5-A-like, transcript variant X3","liver"
"pawr",132.203053316925,-0.0426867716261807,0.119092021511467,-0.358435192252327,0.720017659176443,0.890140120959412,"pro-apoptotic WT1 regulator, transcript variant X2","liver"
"LOC115126322",67.0856043414136,-0.0427771006712573,0.111092589849282,-0.385058091896972,0.700194376338169,0.878359688643963,"tyrosine-protein phosphatase non-receptor type 11","liver"
"LOC115109291",254.617912234493,-0.0433909887464656,0.131615558776631,-0.329679782160905,0.74164193193153,0.900893066598505,"group XV phospholipase A2-like","liver"
"tex15",133.119109482237,-0.0436362986799197,0.132420230410942,-0.329528943912139,0.741755920388759,0.900893066598505,"testis expressed 15, meiosis and synapsis associated, transcript variant X3","liver"
"LOC115137110",99.1492098990056,-0.0436949263290354,0.0892913338328177,-0.48935237557148,0.624592246592506,0.836322349900384,"coatomer subunit delta-like, transcript variant X2","liver"
"LOC115107027",103.114518848149,-0.0437509087381554,0.16440815781844,-0.266111544090596,0.790153304562152,0.925478410745785,"neuroepithelial cell-transforming gene 1 protein-like","liver"
"LOC115137108",76.8391157591645,-0.044120927522317,0.197172644031624,-0.223767996513961,0.822937833604289,0.939436400349284,"latexin-like, transcript variant X3","liver"
"LOC115128415",255.786529420827,-0.0443243873355414,0.118325914133196,-0.37459577354836,0.707961116763039,0.882287726690985,"ectonucleotide pyrophosphatase/phosphodiesterase family member 2-like, transcript variant X2","liver"
"LOC115136136",221.348990935882,-0.0443650786560664,0.141417899558602,-0.313716147634352,0.753736635450245,0.9070654048111,"phosphatidylinositol-binding clathrin assembly protein-like, transcript variant X5","liver"
"LOC115121439",95.066630745818,-0.0446186951659126,0.110031621827378,-0.405507929674182,0.685104190836707,0.869229610243584,"solute carrier family 41 member 2-like","liver"
"LOC115133559",239.075737159058,-0.0449187015763834,0.167499096390283,-0.268172799402572,0.788566311317356,0.925310532724644,"U2 small nuclear ribonucleoprotein A'-like, transcript variant X1","liver"
"LOC115136144",618.305763215748,-0.0451593967379123,0.0583535080067133,-0.773893434696623,0.438993812373888,0.705835284640358,"protein Jade-1-like, transcript variant X1","liver"
"LOC115142398",252.978628429685,-0.0452351731271087,0.132928881674428,-0.340296048212455,0.733633592843942,0.898462032230045,"protein transport protein Sec23B","liver"
"LOC115126024",146.397093480542,-0.0454348763875484,0.13729559636127,-0.330927412034354,0.740699315651617,0.900731349373524,"forkhead box protein A2-like","liver"
"LOC115113322",66.224091321379,-0.0454831471394276,0.139315176530888,-0.326476614192449,0.74406378002579,0.902888945336445,"echinoderm microtubule-associated protein-like 4, transcript variant X3","liver"
"LOC115111957",143.55807195461,-0.0458108895623627,0.0854377913895659,-0.536190002308012,0.591827242418149,0.812590224908254,"splicing factor U2AF 65 kDa subunit-like, transcript variant X1","liver"
"LOC115142811",105.23369001824,-0.0458339202496999,0.160282096302881,-0.285957828771397,0.774910421155315,0.919515247926947,"myotubularin-related protein 14-like, transcript variant X2","liver"
"mcoln2",668.180652135692,-0.0458639091063154,0.0772133703551945,-0.593989213206646,0.55251932764393,0.781154623474387,"mucolipin 2, transcript variant X2","liver"
"LOC115105286",107.288895736673,-0.0458700166798129,0.0782969252746842,-0.58584697315878,0.55797835427028,0.784560432675732,"S-phase kinase-associated protein 1","liver"
"LOC115120772",120.136946784711,-0.0458741800767641,0.107220065435832,-0.427850700242469,0.66875982178875,0.859352154354017,"protein phosphatase 1B-like, transcript variant X1","liver"
"LOC115113640",84.5156389550144,-0.0460121843955832,0.121741271825356,-0.377950580815271,0.705467306379986,0.881223048482377,"ubiquitin carboxyl-terminal hydrolase 47-like, transcript variant X4","liver"
"LOC115107801",85.0967541450567,-0.0469056988365991,0.305888748925257,-0.153342347508376,0.878128307065672,0.957895746678323,"histone deacetylase 4-like, transcript variant X1","liver"
"LOC115126837",2170.91889310131,-0.04693755536974,0.185485317337664,-0.253052673081898,0.800227510187866,0.929850269135122,"BCL2/adenovirus E1B 19 kDa protein-interacting protein 3-like","liver"
"LOC115145225",103.118841101284,-0.0472723359293164,0.103409274798424,-0.45713825980759,0.647571671838859,0.848441701837091,"protein arginine N-methyltransferase 1-like, transcript variant X4","liver"
"LOC115105656",118.157400513539,-0.0474688203967642,0.111736122007803,-0.42482967498594,0.670960843399507,0.861216977404825,"THO complex subunit 2-like, transcript variant X2","liver"
"LOC115115089",193.998507791756,-0.0474885808180837,0.187810717568729,-0.252853412376242,0.800381491319166,0.929850269135122,"phosphatidylinositol 4-kinase type 2-alpha","liver"
"LOC115119901",92.8700940194393,-0.0482635640595075,0.235648334093491,-0.204811819464675,0.837719152169626,0.942961127218154,"collagen alpha-2(I) chain-like, transcript variant X1","liver"
"LOC115132933",163.193607724064,-0.0483238914006423,0.10709403947774,-0.451228580379459,0.6518248129311,0.851277775555003,"protein kinase C and casein kinase substrate in neurons protein 2-like, transcript variant X3","liver"
"LOC115139667",147.056366656961,-0.048464566369473,0.0949701483176875,-0.5103136851735,0.609831716639043,0.826904217239101,"serine/threonine-protein phosphatase 2A 56 kDa regulatory subunit alpha isoform-like","liver"
"LOC115131523",81.2061907145801,-0.0487138125311054,0.0881937633787292,-0.552349856326171,0.580708678557243,0.803997477513357,"A-kinase anchor protein 9-like, transcript variant X2","liver"
"LOC115138421",86.7294171777349,-0.0489573452847533,0.150804282488882,-0.324641611476536,0.745452330134537,0.903497977290625,"transmembrane protein 50A-like","liver"
"LOC115137081",169.683579227916,-0.0490377677250501,0.380770542180896,-0.128785613099643,0.89752728980467,0.966098205471296,"rho-related GTP-binding protein RhoU-like","liver"
"LOC115135363",132.353096350408,-0.0494612224216789,0.0923797207601493,-0.535412123079457,0.592364908939345,0.812590224908254,"kinesin light chain 1-like, transcript variant X1","liver"
"LOC115101986",231.704510359367,-0.0496675073614077,0.676067340242463,-0.0734653257227233,0.941435835553369,0.981153788216704,"complement C1q tumor necrosis factor-related protein 3-like","liver"
"LOC115107121",95.0978340782127,-0.049754614465134,0.116047114006259,-0.428744953213143,0.66810884251375,0.859180422952437,"protein SCAF11-like, transcript variant X1","liver"
"LOC115137919",213.74861715076,-0.0503744087545952,0.222615523813603,-0.226284348421155,0.820980270854384,0.939087267334754,"protein NDRG2-like, transcript variant X1","liver"
"LOC115128539",123.890065664614,-0.0503843239857786,0.148429483354163,-0.339449567883747,0.734271082990824,0.898462032230045,"phosphatase and actin regulator 4A-like, transcript variant X2","liver"
"LOC115138738",213.94722109059,-0.050648053019523,0.126959489274158,-0.398930818870522,0.689944180017352,0.87119345655227,"trifunctional enzyme subunit alpha, mitochondrial-like","liver"
"LOC115129349",4661.95843477038,-0.0507164182306549,0.126509575743576,-0.400889955820045,0.688501145213716,0.870449959023296,"fructose-bisphosphate aldolase B-like","liver"
"LOC115114347",144.405531856816,-0.0509304490054737,0.0929447193354458,-0.547964955616909,0.583715965984002,0.806244079075159,"integrin beta-1-like","liver"
"LOC115101583",148.975068187766,-0.0509814179900878,0.131232849144169,-0.388480615353257,0.697660396570416,0.87794497573974,"eukaryotic translation initiation factor 4 gamma 1-like","liver"
"LOC115132199",95.4928172703322,-0.0512240878655045,0.104608793009993,-0.489672869666046,0.624365402902334,0.836322349900384,"probable ubiquitin carboxyl-terminal hydrolase FAF-X, transcript variant X2","liver"
"LOC115135342",113.417464018566,-0.0512491299651535,0.196649515838342,-0.260611523738932,0.794392102051913,0.926714999417171,"prominin-1-A-like","liver"
"LOC115144978",88.6968552498805,-0.0512568828789404,0.116867805228357,-0.438588564051369,0.660959684858028,0.854759755833864,"inhibitor of growth protein 5-like","liver"
"LOC115104886",249.674863858019,-0.051295292398931,0.133293104586918,-0.384830802447717,0.700362776294735,0.878359688643963,"aspartyl/asparaginyl beta-hydroxylase-like, transcript variant X9","liver"
"LOC115132931",61.9295109371222,-0.0513277887024153,0.165706406295144,-0.309751384089485,0.756750024282518,0.908746723189808,"ADP-ribosylation factor GTPase-activating protein 3-like","liver"
"LOC115112929",73.3227053464768,-0.0514291956187132,0.172576403385525,-0.298008271176121,0.765696850805625,0.914267973129125,"probable low-specificity L-threonine aldolase 2, transcript variant X2","liver"
"LOC115142689",346.665410993086,-0.0516599134754001,0.111445277975635,-0.463545108539229,0.642973689437386,0.844861624160795,"ribosome-binding protein 1-like, transcript variant X1","liver"
"LOC115142753",127.37808466818,-0.0517461004561328,0.457835575685648,-0.113023328033516,0.910012060617706,0.970183568391481,"glutaredoxin-1-like","liver"
"LOC115124621",83.9500660641371,-0.0520218230707573,0.106308660847639,-0.489346988815096,0.624596059608637,0.836322349900384,"ankyrin repeat and KH domain-containing protein 1-like","liver"
"LOC115128567",65.0433590182741,-0.0528677776390009,0.143293222529128,-0.368948207779013,0.712166329613627,0.885807128320154,"septin-7-like, transcript variant X3","liver"
"LOC115102242",85.3619310118486,-0.0530518243769036,0.113072255091462,-0.469185162478551,0.63893729018831,0.843720700939838,"bile acid receptor-like, transcript variant X4","liver"
"gata4",121.912375570461,-0.053059493954642,0.106832944817607,-0.496658535859224,0.619429866964396,0.834066503118364,"GATA binding protein 4, transcript variant X2","liver"
"arglu1",57.3254170815453,-0.0531901097269831,0.140238578255141,-0.379283007491795,0.704477716719246,0.880813243358174,"arginine and glutamate rich 1, transcript variant X1","liver"
"atg4c",65.2541047712578,-0.0532873360592814,0.1182700200984,-0.450556582428469,0.652309164906238,0.851624063141684,"autophagy related 4C cysteine peptidase","liver"
"LOC115122446",464.371097053194,-0.0534605359766925,0.164495066253816,-0.324997808105703,0.745182730606566,0.903439860188091,"solute carrier family 2, facilitated glucose transporter member 2-like, transcript variant X1","liver"
"LOC115107902",62.7125693121742,-0.0534737607918682,0.115246646304735,-0.463994072768702,0.642651992233789,0.844861624160795,"RNA-binding protein 25-like, transcript variant X2","liver"
"LOC115106409",73.5009676642609,-0.0536584144973013,0.100015094982934,-0.536503159912583,0.591610852618414,0.812590224908254,"mitogen-activated protein kinase 8, transcript variant X2","liver"
"LOC115146240",114.064805554159,-0.053711101527962,0.131885009076968,-0.407257063587995,0.68381919441564,0.869229610243584,"zinc finger FYVE domain-containing protein 1-like","liver"
"LOC115102434",148.23597192058,-0.0537724919538141,0.119104765744202,-0.451472211190104,0.651649248858237,0.851277775555003,"DAZ-associated protein 2-like","liver"
"LOC115106271",65.7900638810099,-0.0540832852391302,0.109558919068303,-0.493645662982606,0.621556446056776,0.83493468227586,"NADH dehydrogenase [ubiquinone] 1 alpha subcomplex subunit 12-like","liver"
"LOC115105139",88.9983928985046,-0.0540860025922175,0.10713557945628,-0.504836981950417,0.613673338658258,0.829904621224639,"ubiquitin-protein ligase E3C-like","liver"
"LOC115119919",353.366700624002,-0.054193964938019,0.146432144960477,-0.370096094355828,0.711310892090335,0.885013185641088,"peptidyl-prolyl cis-trans isomerase A-like","liver"
"LOC115114484",554.078169111323,-0.0542033100901147,0.130748897850003,-0.414560359447907,0.678463772180781,0.86527482334445,"glutamine synthetase","liver"
"rpf1",61.5853400527714,-0.054378874450304,0.199623888399342,-0.272406648754986,0.785309360976783,0.92378671149823,"ribosome production factor 1 homolog","liver"
"LOC115102228",96.6733704667133,-0.0547975565560846,0.103549439722788,-0.529192207150352,0.596672122050678,0.815845544944168,"E3 ubiquitin-protein ligase UBR5-like, transcript variant X1","liver"
"LOC115101318",67.8942218330165,-0.0550429564678514,0.211677267997099,-0.260032439896219,0.79483875064507,0.926970743241575,"peptidyl-prolyl cis-trans isomerase FKBP2-like","liver"
"LOC115144992",7419.34707789734,-0.0550707499596331,0.115452203540893,-0.477000423297483,0.633361820213853,0.840906442733442,"leucine-rich repeat-containing protein 7-like","liver"
"LOC115144095",60.5023748731345,-0.0553534258934313,0.259386112938217,-0.213401655417906,0.83101368940642,0.942624393217792,"protein quaking-B-like, transcript variant X2","liver"
"LOC115138434",93.6184468431161,-0.0555324203016384,0.101544156964016,-0.546879524750179,0.584461503426628,0.806453990510133,"KH domain-containing, RNA-binding, signal transduction-associated protein 1-like, transcript variant X1","liver"
"LOC115138326",58.5590627366075,-0.0555895913202874,0.26322063053461,-0.211190100135323,0.832738935492109,0.942624393217792,"disintegrin and metalloproteinase domain-containing protein 17-like, transcript variant X2","liver"
"gmppb",66.1914024622152,-0.0556860690403244,0.182849648524219,-0.304545671756916,0.760712203034163,0.912227990458149,"GDP-mannose pyrophosphorylase B","liver"
"LOC115113265",171.873807640078,-0.0557737309595781,0.100001930518003,-0.557726542584467,0.577031130064427,0.801355668191688,"core histone macro-H2A.2-like, transcript variant X2","liver"
"LOC115131480",71.8880963276428,-0.0558459840518195,0.206504954304277,-0.270434112537236,0.78682629941849,0.923982559861042,"CMP-N-acetylneuraminate-beta-galactosamide-alpha-2,3-sialyltransferase 1-like, transcript variant X1","liver"
"LOC115127112",76.147200548596,-0.0558784354425748,0.106074225128733,-0.526786176139963,0.598342083741246,0.817306411973632,"programmed cell death protein 10-like","liver"
"LOC115105023",175.114923349354,-0.0561865849351895,0.168533216196105,-0.333385822708153,0.738843063490746,0.900342680539545,"T-complex protein 1 subunit epsilon-like","liver"
"LOC115138153",65.5281036912049,-0.0562257718971012,0.120724500817586,-0.465736213579858,0.641404327668812,0.844705667068846,"DNA-directed RNA polymerase II subunit RPB1-like","liver"
"LOC115135598",64.548900514233,-0.0564726796714605,0.166634851285404,-0.338900771572311,0.734684483175353,0.898462032230045,"U2 snRNP-associated SURP motif-containing protein-like, transcript variant X2","liver"
"LOC115142710",238.110346227806,-0.0566005234805644,0.167241607592161,-0.338435657821417,0.735034906723633,0.898620959749709,"protein bicaudal D homolog 2-like, transcript variant X4","liver"
"LOC115143880",466.046848081895,-0.0569620209185415,0.273057244138016,-0.208608349133379,0.834753992307591,0.942624393217792,"histone H1.0-B-like","liver"
"LOC115101306",95.7692958492866,-0.0569864266739435,0.0939620550720706,-0.606483400456002,0.544193801865058,0.775842580063651,"AMME syndrome candidate gene 1 protein-like, transcript variant X1","liver"
"LOC115138704",62.1070165103728,-0.0572768535031763,0.106593468900822,-0.537339239390626,0.591033305449228,0.812222438641623,"AT-rich interactive domain-containing protein 4A-like, transcript variant X1","liver"
"LOC115118125",206.428576044506,-0.057503140131252,0.0966357885703436,-0.595050146348152,0.551809951499305,0.780469839198195,"serine/arginine-rich splicing factor 5-like, transcript variant X2","liver"
"LOC115139811",279.194217248193,-0.0577774866981145,0.213799445280286,-0.270241518271339,0.786974453541787,0.923982559861042,"AN1-type zinc finger protein 5-like, transcript variant X1","liver"
"LOC115134403",130.032617269628,-0.0579792603063534,0.105876854076126,-0.547610342338522,0.583959486411105,0.806307204136742,"salivary glue protein Sgs-3-like, transcript variant X1","liver"
"LOC115129513",137.600652523813,-0.058025237561397,0.173432098021111,-0.334570348992341,0.737949215142487,0.900310743517213,"signal recognition particle subunit SRP72-like, transcript variant X3","liver"
"LOC115139812",299.107204537342,-0.0582587941605153,0.207186829280947,-0.281189660379019,0.778564934689091,0.921915924490649,"protein OS-9-like, transcript variant X2","liver"
"dync1h1",215.090719153435,-0.0586509781637099,0.136481815686239,-0.429734744286696,0.667388606414257,0.859180422952437,"dynein cytoplasmic 1 heavy chain 1, transcript variant X1","liver"
"LOC115104119",114.119846060415,-0.0587291443762993,0.117608921197047,-0.499359604514202,0.617526071712901,0.832904125844403,"dnaJ homolog subfamily C member 7-like, transcript variant X1","liver"
"sc5d",626.967009967756,-0.0588080067665449,0.253575830253445,-0.231914874173013,0.816604131535861,0.936544299420419,"sterol-C5-desaturase, transcript variant X1","liver"
"apom",93.3277918063711,-0.0593628347865344,0.19763144059719,-0.300371411588944,0.763893867702276,0.913356234894243,"apolipoprotein M","liver"
"LOC115140887",66.2067235634261,-0.0596792462993804,0.16505245988359,-0.361577442356639,0.71766782408453,0.889122811844542,"serine protease hepsin-like","liver"
"rab3il1",79.3227323225395,-0.060085937047378,0.13003962202004,-0.462058687298541,0.644039235236858,0.845234929698423,"RAB3A interacting protein like 1, transcript variant X1","liver"
"LOC115135119",200.994101419525,-0.0601242659759437,0.11766980888177,-0.510957454144881,0.609380848819389,0.82682320995208,"apoptosis-stimulating of p53 protein 2-like, transcript variant X3","liver"
"ccdc186",65.0120173241549,-0.0601430511985615,0.126860810438519,-0.474086922436216,0.635437923848615,0.841672062765213,"coiled-coil domain containing 186, transcript variant X4","liver"
"cdc73",90.613793090769,-0.0601572487796489,0.148045472025236,-0.406343050933665,0.684490557359965,0.869229610243584,"cell division cycle 73","liver"
"LOC115136850",154.773626366626,-0.0602840897721172,0.121220950868343,-0.49730751442126,0.618972213507053,0.833751071465548,"stAR-related lipid transfer protein 13-like","liver"
"LOC115141171",65.7930392094466,-0.0603110325090641,0.123756464468531,-0.487336421318014,0.62601994130012,0.837135049950934,"carboxy-terminal domain RNA polymerase II polypeptide A small phosphatase 2-like","liver"
"amdhd1",100.909992247292,-0.0607639566278353,0.284939232745965,-0.213252334689933,0.831130149768137,0.942624393217792,"amidohydrolase domain containing 1","liver"
"LOC115105927",70.5392427231151,-0.0610581303374435,0.128810595554363,-0.474014812792902,0.635489344214588,0.841672062765213,"heterogeneous nuclear ribonucleoprotein D-like, transcript variant X1","liver"
"st5",131.479929825356,-0.0615166387037062,0.226112813995891,-0.272061709447497,0.785574570826906,0.923832068866263,"suppression of tumorigenicity 5, transcript variant X3","liver"
"LOC115131629",113.199438140293,-0.0616771338198696,0.17028392476299,-0.362201739863085,0.717201279483702,0.888814963568127,"protein capicua homolog","liver"
"LOC115111587",700.205990786498,-0.0623447131329497,0.149448642729199,-0.417164799856485,0.676557870139881,0.8641371463475,"bone morphogenetic protein 1-like, transcript variant X1","liver"
"LOC115130339",99.0433756633312,-0.0624855712965574,0.0955968639461489,-0.653636204339887,0.513346213318744,0.761057923820965,"poly(U)-binding-splicing factor PUF60-like, transcript variant X4","liver"
"LOC115111358",312.917818839964,-0.0627649581581305,0.106092284587663,-0.59160718804456,0.554113659381272,0.782250760109542,"proprotein convertase subtilisin/kexin type 5-like, transcript variant X1","liver"
"LOC115144285",148.234097877957,-0.0628625676462189,0.299207487649735,-0.210096906798698,0.833592039622676,0.942624393217792,"collagen alpha-1(I) chain-like","liver"
"LOC115106008",82.1941423709362,-0.063224744314301,0.0965213594102408,-0.655033711715346,0.512446049322479,0.76014468441765,"UV excision repair protein RAD23 homolog B-like","liver"
"LOC115131796",78.1258543698235,-0.0635107246424753,0.221135147507673,-0.287203211964627,0.773956727085979,0.919152526966429,"plexin-A1-like","liver"
"LOC115103833",121.959207798222,-0.0636130853454002,0.100493975542562,-0.633003968665348,0.526731051340425,0.76896696463595,"probable helicase with zinc finger domain, transcript variant X5","liver"
"LOC115124538",78.4939217331793,-0.0644372278141705,0.229496777690647,-0.280776176740178,0.778882077089836,0.921915924490649,"amyloid-like protein 2","liver"
"LOC115110859",100.079076573614,-0.0644992202186253,0.175983011390873,-0.366508219792689,0.713985880179715,0.886819001174058,"uncharacterized LOC115110859","liver"
"LOC115143446",234.461070509288,-0.0645258063954601,0.145795649773741,-0.442577035018515,0.658071698628736,0.854366108435846,"hepatocyte growth factor-like protein","liver"
"LOC115111727",69.7737366315065,-0.0647458385331049,0.1705480614791,-0.37963397514805,0.704217137129485,0.880757609984591,"B-cell linker protein-like","liver"
"LOC115102893",80.8856138944832,-0.0653012308088615,0.11327268016716,-0.576495856834096,0.564280069511717,0.790019412923233,"insulin receptor-like","liver"
"LOC115105571",139.963072433106,-0.0653301348771736,0.220598295470523,-0.296149771863959,0.767115705345856,0.915596959001379,"dolichyl-diphosphooligosaccharide--protein glycosyltransferase subunit STT3A-like","liver"
"gk5",135.522587972879,-0.065485588471341,0.14739390680981,-0.444289658159618,0.656833177315731,0.853715571026441,"glycerol kinase 5","liver"
"LOC115117335",75.438781206341,-0.0658565806657006,0.306440427155438,-0.214908265456423,0.82983884055411,0.941916768058633,"phosphatidylinositol 4-kinase type 2-alpha-like, transcript variant X1","liver"
"LOC115139814",823.344427694992,-0.0659012146856355,0.154625497582307,-0.42619888515189,0.669962929785474,0.860626820613172,"guanine deaminase-like, transcript variant X3","liver"
"LOC115142820",132.793921959633,-0.0661687612433341,0.11809277706844,-0.560311670924518,0.575266868140035,0.800542080757522,"ubiquitin-conjugating enzyme E2 variant 1-like","liver"
"LOC115131256",83.1388475417899,-0.066317463536673,0.100146224079246,-0.662206330257601,0.507838997826556,0.75822408613225,"serine/arginine-rich splicing factor 6-like","liver"
"LOC115141134",157.124800466247,-0.066424606881943,0.112481497400116,-0.590538074414668,0.55482996748692,0.782250760109542,"transmembrane protein 106B-like","liver"
"LOC115144985",94.0322379572444,-0.0664582428202588,0.206508290534185,-0.321818764023216,0.747589998280725,0.904230083892119,"ankyrin repeat domain-containing protein 24-like","liver"
"LOC115118068",88.5947568746489,-0.0667974580269119,0.171365550983807,-0.389795134689724,0.696688041732367,0.877041253895215,"cyclin-G1-like, transcript variant X1","liver"
"LOC115143245",1542.71998579424,-0.0671568950017054,0.0946069877831598,-0.709851318336333,0.477796341604306,0.733165339596777,"ERBB receptor feedback inhibitor 1-like, transcript variant X1","liver"
"LOC115117337",75.7609916927975,-0.0674934033857835,0.235577698337969,-0.28650166744118,0.774493916540445,0.919288644094017,"phosphoglycerate mutase 1-like","liver"
"LOC115101362",67.6424904652999,-0.0682707490918114,0.108681676592994,-0.628171659032102,0.529891494013172,0.769709401192402,"leucine-rich repeat neuronal protein 4-like","liver"
"LOC115136672",81.3689160880933,-0.0682823866210775,0.150773995655922,-0.452879067932266,0.650635824416565,0.850542533778679,"vasodilator-stimulated phosphoprotein-like, transcript variant X1","liver"
"abhd6",380.008149291959,-0.0684922567915249,0.17050985780758,-0.401690891495659,0.687911528751419,0.870358242045736,"abhydrolase domain containing 6, transcript variant X1","liver"
"LOC115135655",206.911316569355,-0.0689352607383334,0.104959332531256,-0.656780669959053,0.511321955092388,0.76014468441765,"calmodulin","liver"
"f5",6675.94711861154,-0.0690382889056294,0.127711246950189,-0.540581119942836,0.588796334093193,0.809584272328289,"coagulation factor V","liver"
"LOC115113439",116.191067392898,-0.0692185694498179,0.170679482307667,-0.405547102170398,0.685075402876896,0.869229610243584,"alpha-(1,3)-fucosyltransferase 9-like","liver"
"LOC115141503",441.72193063051,-0.0693378639187249,0.133947589566402,-0.517649209987103,0.6047030408677,0.824337657049079,"inositol-trisphosphate 3-kinase C-like, transcript variant X1","liver"
"LOC115134836",225.326374192794,-0.0694618657290189,0.207622068786703,-0.334559163844857,0.737957653845623,0.900310743517213,"hepatocyte growth factor receptor-like","liver"
"LOC115138070",382.461068993888,-0.0696735130400324,0.160798658135555,-0.433296607371541,0.664799302516263,0.857778397295437,"dolichyl-diphosphooligosaccharide--protein glycosyltransferase subunit 1-like","liver"
"LOC115127545",228.965887022646,-0.0699309121204666,0.12581553364909,-0.555820971323859,0.578333247677987,0.802617064193215,"eukaryotic translation initiation factor 3 subunit C-like, transcript variant X2","liver"
"LOC115126414",103.463392333131,-0.0701140614755933,0.124208219374368,-0.564488097718131,0.572421998111376,0.798670925711656,"RELT-like protein 1","liver"
"LOC115131622",121.839985643435,-0.0701674306284933,0.146242032308714,-0.47980344310568,0.631367164364232,0.839954940279378,"tubulin beta chain","liver"
"LOC115107725",261.774841212086,-0.0705496262588018,0.119292679968697,-0.591399457848668,0.554252803560783,0.782250760109542,"gap junction Cx32.2 protein-like","liver"
"LOC115103718",175.052659523365,-0.0705700396411268,0.113969289728007,-0.61920224131909,0.535783135517612,0.773111844948289,"trinucleotide repeat-containing gene 6C protein-like, transcript variant X1","liver"
"LOC115144726",245.886270681119,-0.0708731590949848,0.175454379616062,-0.403940666799388,0.686256350776215,0.869229610243584,"nucleobindin-2-like","liver"
"LOC115146152",500.513901031112,-0.0711279805117811,0.161381558336144,-0.440744167085236,0.659398217881162,0.854596863619591,"estrogen receptor beta-like, transcript variant X5","liver"
"ralgapa2",162.914484750877,-0.0712166669829723,0.22042454932197,-0.32308863600736,0.746628116294875,0.904116518721898,"Ral GTPase activating protein catalytic alpha subunit 2, transcript variant X1","liver"
"LOC115131812",82.0914045476614,-0.0714552508936491,0.152303932062587,-0.469162220081655,0.638953687760107,0.843720700939838,"vitamin D3 receptor B-like","liver"
"ahcy",5732.22891505315,-0.0716722418841353,0.118152302987319,-0.60660892823924,0.54411047369761,0.775842580063651,"adenosylhomocysteinase","liver"
"LOC115102923",87.2413284012057,-0.071841685923131,0.101819905996797,-0.705576038592994,0.480451829703125,0.73593448247649,"sterile alpha motif domain-containing protein 13-like, transcript variant X2","liver"
"LOC115128210",69.5369149593803,-0.0718737273623451,0.0969506574939287,-0.741343372187507,0.458485270147002,0.718606378374489,"histone-lysine N-methyltransferase ASH1L-like, transcript variant X1","liver"
"LOC115132246",1473.27732331457,-0.0719179897659038,0.120151156381957,-0.598562610061599,0.549464595754872,0.77981117419807,"E3 ubiquitin-protein ligase MIB2-like, transcript variant X1","liver"
"LOC115107494",87.5518204253413,-0.0721558908345478,0.200946156949391,-0.359080720576908,0.719534703884564,0.889812940847537,"forkhead box protein N3-like","liver"
"LOC115107029",59.8367789485677,-0.072279125280525,0.213121455439876,-0.33914523120792,0.734500325825729,0.898462032230045,"transcription termination factor 1-like, transcript variant X1","liver"
"LOC115127392",61.4874011507897,-0.0723378737805968,0.111355716924275,-0.649610776874512,0.515943670034193,0.762093304550851,"E3 ubiquitin-protein transferase RMND5B-like, transcript variant X1","liver"
"LOC115143982",63.8417628777072,-0.0732702824873339,0.174213111076884,-0.420578462978013,0.674062923183253,0.861687651672345,"NACHT, LRR and PYD domains-containing protein 12-like, transcript variant X2","liver"
"acp7",250.760487872972,-0.0732958470562076,0.136945030400246,-0.535220933844678,0.592497092352142,0.812590224908254,"acid phosphatase 7, tartrate resistant (putative), transcript variant X1","liver"
"atxn3",119.188786104692,-0.0733200693523103,0.103492877546339,-0.708455220210506,0.478662611050433,0.733529635413161,"ataxin 3, transcript variant X4","liver"
"LOC115143248",63.9177911946145,-0.0737252073133205,0.112150707001678,-0.657376215311931,0.510939041198301,0.76014468441765,"ubiquitin-conjugating enzyme E2 R2-like, transcript variant X2","liver"
"LOC115140205",135.020730261769,-0.0741185228995568,0.142656783559903,-0.519558348716265,0.603371434765157,0.823348499532233,"putative aminopeptidase W07G4.4","liver"
"LOC115124927",158.515074445309,-0.0741430678677136,0.216083926543988,-0.343121624331555,0.731506963690864,0.897947443519829,"mesencephalic astrocyte-derived neurotrophic factor-like","liver"
"LOC115107887",83.5250027673735,-0.074222020323083,0.118236516389708,-0.627741941232831,0.53017300528358,0.769709401192402,"protein sel-1 homolog 1-like, transcript variant X2","liver"
"LOC115121758",239.946967602104,-0.0743826464193562,0.0858973560799848,-0.865948031626184,0.386518661343782,0.662789256894091,"ER degradation-enhancing alpha-mannosidase-like protein 3","liver"
"LOC115117856",82.2295927065582,-0.0750371371206217,0.268203176270129,-0.279777212798724,0.779648435362735,0.921915924490649,"serum paraoxonase/arylesterase 2-like","liver"
"LOC115132282",126.337231504649,-0.075314190326533,0.0833462882040474,-0.903629807030515,0.366191730495648,0.645866505192671,"cytidine and dCMP deaminase domain-containing protein 1-like","liver"
"LOC115131752",98.6512893761567,-0.0753275252227835,0.0856138423461983,-0.879852172948624,0.378939396806757,0.658661272963883,"dolichyl-diphosphooligosaccharide--protein glycosyltransferase subunit STT3B-like","liver"
"farsb",80.812805106753,-0.0753764709296094,0.187151050495026,-0.4027574022707,0.687126701119497,0.869791439056855,"phenylalanyl-tRNA synthetase subunit beta","liver"
"LOC115108266",93.3855418810387,-0.0756064013289348,0.11377535430199,-0.664523541084789,0.506355287043095,0.757363748897196,"protein strawberry notch homolog 2-like, transcript variant X2","liver"
"snap29",155.083302081495,-0.0756958898323989,0.149202816578319,-0.507335528700727,0.611919413773497,0.828900509140132,"synaptosome associated protein 29, transcript variant X1","liver"
"ddx46",62.3264269460524,-0.0760855391845519,0.103039281774104,-0.738412941885176,0.460263552476354,0.718606378374489,"DEAD-box helicase 46","liver"
"LOC115133226",148.939021957671,-0.0765803961965231,0.218846861933079,-0.3499268644754,0.726393585150445,0.893146381017561,"regulator of nonsense transcripts 2-like, transcript variant X2","liver"
"LOC115116794",83.7972489477296,-0.0767216276966532,0.204746600868482,-0.374715025163884,0.707872416665429,0.882287726690985,"transmembrane emp24 domain-containing protein 10-like","liver"
"LOC115112977",98.8680220997066,-0.0769038152850584,0.103546604713164,-0.742697604601244,0.45766478033069,0.718606378374489,"nuclear protein localization protein 4 homolog","liver"
"LOC115102875",101.578222622392,-0.076907787984458,0.124864054378821,-0.61593217012744,0.537939288270684,0.773215962597494,"far upstream element-binding protein 3-like, transcript variant X3","liver"
"LOC115118515",116.993472556883,-0.0771161414125157,0.119372667292813,-0.646011714083215,0.518271769151366,0.763177648504684,"tumor protein D54-like, transcript variant X3","liver"
"LOC115108066",69.3596458458331,-0.0772678577626768,0.114033686305568,-0.677588002861082,0.498032954944139,0.751566947187083,"guanine nucleotide-binding protein subunit beta-4, transcript variant X1","liver"
"slc7a2",186.338147574011,-0.077401431376373,0.168905532090555,-0.458252790292717,0.646770837173677,0.847664930006401,"solute carrier family 7 member 2, transcript variant X1","liver"
"LOC115143868",167.332673080357,-0.0776374283041433,0.102066543256118,-0.760655018063321,0.446863148693607,0.710102999639431,"casein kinase II subunit alpha-like, transcript variant X2","liver"
"LOC115111779",68.227898043735,-0.0778104231255265,0.164605172736372,-0.472709464909381,0.63642047299884,0.842223976604959,"erlin-2-like, transcript variant X3","liver"
"LOC115126173",136.255609050268,-0.077983676311749,0.108704159844619,-0.717393671256172,0.473131223536401,0.731323585074515,"ubiquitin-conjugating enzyme E2 L3, transcript variant X1","liver"
"LOC115103792",571.831697185516,-0.0780744123876168,0.199112266112,-0.392112519796746,0.694975077307743,0.875647114406912,"protein disulfide-isomerase-like","liver"
"LOC115125548",302.386739778359,-0.078333537964675,0.114978451628071,-0.6812888576554,0.495688732261507,0.74983679572653,"probable palmitoyltransferase ZDHHC8","liver"
"LOC115127865",181.194744170425,-0.0784670932104026,0.0754711070573078,-1.03969712741619,0.298480635611598,0.591734956591865,"neurobeachin-like protein 1","liver"
"LOC115106877",950.527679001417,-0.0788599064237048,0.0922903741695081,-0.854475963862323,0.392841321760498,0.668515788611605,"solute carrier organic anion transporter family member 1C1-like","liver"
"LOC115104263",73.5149911629353,-0.0790430077683739,0.125844028947654,-0.6281029654673,0.529936490568094,0.769709401192402,"histone acetyltransferase p300-like, transcript variant X3","liver"
"LOC115135732",102.536454298027,-0.0791527150802621,0.11249025379891,-0.703640648031223,0.481656590763168,0.7372257844351,"neuronal PAS domain-containing protein 2-like, transcript variant X1","liver"
"LOC115131902",78.0603017944428,-0.07916341473496,0.195779710712777,-0.404349431546044,0.685955780428091,0.869229610243584,"proteasome subunit alpha type-7-like","liver"
"LOC115124380",182.646688598126,-0.0793777268337545,0.16634838667233,-0.477177617538974,0.633235647940739,0.840906442733442,"uncharacterized LOC115124380","liver"
"farp1",69.2137064143858,-0.0797139748130347,0.182561065284495,-0.436642800527111,0.662370417585976,0.8554568511028,"FERM, ARH/RhoGEF and pleckstrin domain protein 1, transcript variant X4","liver"
"LOC115137258",369.553744378596,-0.0797930327563309,0.127500307523034,-0.62582619843419,0.531428945980679,0.769709401192402,"succinate--CoA ligase [ADP/GDP-forming] subunit alpha, mitochondrial","liver"
"LOC115101737",6826.48335807038,-0.0798254414451057,0.20816095655579,-0.383479413074811,0.701364331740608,0.878537497287867,"apolipoprotein Eb-like","liver"
"LOC115101281",70.392176917002,-0.0798446445618804,0.185055808608689,-0.431462514806636,0.66613210297301,0.858682622301705,"nucleophosmin-like, transcript variant X2","liver"
"LOC115136063",73.4679223694358,-0.0799474153400493,0.141795840692336,-0.563820595510389,0.572876233830783,0.798670925711656,"40S ribosomal protein S3, transcript variant X6","liver"
"LOC115136805",79.8785732051346,-0.0801778471094552,0.0900774193482652,-0.890099291138266,0.37341257357641,0.65394318583179,"clustered mitochondria protein homolog, transcript variant X6","liver"
"LOC115125676",114.406205508419,-0.0804915941687064,0.173965820014334,-0.462686257346842,0.643589270247457,0.845234929698423,"RING finger protein 145-like, transcript variant X5","liver"
"LOC115139197",83.6689661183339,-0.0805073013005323,0.140384703485401,-0.573476306903368,0.566322236894901,0.79187973845064,"ADP-ribosylation factor 6-like, transcript variant X4","liver"
"LOC115135001",115.956771281983,-0.0807161094302807,0.0858447280681216,-0.940257034377567,0.347085732725917,0.627159470088205,"atlastin-2-like, transcript variant X5","liver"
"tjap1",145.937874517474,-0.0809094924597879,0.161105187485971,-0.502215314865846,0.61551607120506,0.831484038380335,"tight junction associated protein 1, transcript variant X3","liver"
"LOC115105958",102.135397623918,-0.0810678285374528,0.123629544526207,-0.655731838600019,0.511996679496666,0.76014468441765,"adenomatous polyposis coli protein-like, transcript variant X1","liver"
"LOC115114581",159.382967600925,-0.0812090842159803,0.192699914635395,-0.421427712459732,0.673442786556524,0.861687651672345,"ubiquitin carboxyl-terminal hydrolase 14-like, transcript variant X2","liver"
"LOC115112896",58.6859635625137,-0.0812545298344951,0.171727307998982,-0.473160214186649,0.636098880176572,0.842071788112929,"aquaporin-8-like, transcript variant X2","liver"
"LOC115102163",63.8048956087628,-0.0812804338197999,0.103115511032246,-0.788246433597968,0.430552573512707,0.698290615620397,"serine/arginine-rich splicing factor 6-like","liver"
"LOC115128529",59.1614062395935,-0.0813599388539731,0.215587891658227,-0.377386402493113,0.705886470386399,0.881223048482377,"nuclear migration protein nudC-like","liver"
"LOC115129450",143.766251625072,-0.0814054532149203,0.222177336584165,-0.366398546613607,0.714067704085686,0.886819001174058,"histidine--tRNA ligase, cytoplasmic-like, transcript variant X2","liver"
"LOC115110600",69.2921947900946,-0.0814735015885882,0.13676959924854,-0.595698912888774,0.551376384581312,0.780469839198195,"telomerase RNA component interacting RNase-like","liver"
"LOC115145782",89.6612331411379,-0.0815838710250431,0.0982121688882565,-0.83069004532287,0.406148751380549,0.679582229321476,"large neutral amino acids transporter small subunit 3-like","liver"
"hpgd",1458.40323373016,-0.081834151478204,0.151137190754215,-0.541456084169817,0.588193259397217,0.809137943065493,"15-hydroxyprostaglandin dehydrogenase","liver"
"cwf19l2",65.1281396161455,-0.0825964406443496,0.173709501747479,-0.47548602588487,0.63444059116118,0.841672062765213,"CWF19 like cell cycle control factor 2","liver"
"LOC115114161",101.700334476244,-0.0828329580011938,0.0910258899825203,-0.909993387783412,0.362825996918978,0.64399915819969,"nucleolin-like, transcript variant X2","liver"
"LOC115139654",823.367516985836,-0.0831831343635757,0.123415996126327,-0.674006101108892,0.500307434829041,0.753247175396397,"heat shock protein HSP 90-beta, transcript variant X1","liver"
"LOC115125645",91.8942717337959,-0.0831892888450737,0.128727310204415,-0.64624428734642,0.518121162235659,0.763177648504684,"plakophilin-3-like","liver"
"LOC115140088",118.230954136354,-0.0835157944314755,0.129801599342194,-0.643411135569324,0.519957359735887,0.764830818579385,"guanine nucleotide-binding protein G(i) subunit alpha-2-like","liver"
"fdft1",467.008299061102,-0.0836665402511456,0.400663468487842,-0.208819986925472,0.834588767977105,0.942624393217792,"farnesyl-diphosphate farnesyltransferase 1, transcript variant X2","liver"
"upf3b",191.30485291358,-0.0838982121669199,0.0909139338087837,-0.922831172869279,0.356095192957829,0.636040318359382,"UPF3B regulator of nonsense mediated mRNA decay, transcript variant X3","liver"
"LOC115102267",229.470275696274,-0.084133846726321,0.124128715006588,-0.677795196074139,0.497901557395688,0.751566947187083,"E3 ubiquitin-protein ligase MIB2-like, transcript variant X2","liver"
"LOC115103917",61.5050275129818,-0.0842038686457911,0.285030124589803,-0.295420944600056,0.767672335427308,0.915725033421629,"cytochrome P450 2D14-like","liver"
"LOC115129233",834.032994264742,-0.0844251225975449,0.180370340988419,-0.468065437670629,0.639737794563135,0.843720700939838,"phospholipase A and acyltransferase 4-like, transcript variant X2","liver"
"LOC115128393",93.6504567212165,-0.0846466604157448,0.188265464589226,-0.449613319152477,0.652989282571131,0.851877000584119,"zinc transporter Slc39a7-like","liver"
"LOC115145754",1078.23271410067,-0.084749030976567,0.146584589712037,-0.578157848263963,0.563157554220295,0.789350134457333,"ATP-binding cassette sub-family A member 1-like, transcript variant X1","liver"
"LOC115140103",110.268916252231,-0.0848298484002254,0.174846674536388,-0.485167067804719,0.627557840487567,0.838001930804304,"AP-1 complex subunit beta-1-like, transcript variant X2","liver"
"LOC115106712",97.9930456882153,-0.0849753709120409,0.127793529292202,-0.664942672627369,0.506087160671184,0.757363748897196,"vascular endothelial growth factor A-A, transcript variant X2","liver"
"LOC115105350",77.7041531558606,-0.0852641223210379,0.128332774959512,-0.664398649120914,0.506435197238615,0.757363748897196,"histone H3.3","liver"
"LOC115117468",103.581579591717,-0.0853495565469937,0.114211830488291,-0.74729173135653,0.45488748257751,0.717261655313707,"nuclear factor erythroid 2-related factor 2-like","liver"
"LOC115119968",3127.08066493603,-0.0854283927646388,0.202804869066567,-0.421234426756286,0.673583907620819,0.861687651672345,"L-rhamnose-binding lectin CSL1, transcript variant X1","liver"
"LOC115102536",213.02601034194,-0.0856395866700993,0.116933167701715,-0.732380626928343,0.463936279996526,0.721757357735053,"heterogeneous nuclear ribonucleoprotein A1-like, transcript variant X2","liver"
"LOC115139781",125.572331483073,-0.0858810843041507,0.1525362593995,-0.563020783663141,0.573420731521634,0.798791148900266,"myosin light polypeptide 6","liver"
"LOC115136947",74.0356717370399,-0.0860177391459131,0.155863614523186,-0.551878252079913,0.581031769502887,0.804064514063547,"ribosome biogenesis protein NOP53-like","liver"
"LOC115140091",216.351021195026,-0.0861074862334467,0.375396111886317,-0.2293776720296,0.818575388707338,0.9382770765948,"S-adenosylmethionine synthase","liver"
"acoxl",194.335061130707,-0.086140274944449,0.189345856269195,-0.454936150395508,0.64915517446552,0.84929429465076,"acyl-CoA oxidase like, transcript variant X1","liver"
"LOC115128334",61.6072341055998,-0.0861794805437882,0.0903030152067477,-0.954336689051648,0.33991324217149,0.621015856159119,"cohesin subunit SA-2-like, transcript variant X10","liver"
"sec16a",84.3094576664953,-0.086317150448898,0.120802611108615,-0.714530502749561,0.474899201512009,0.732153832185847,"SEC16 homolog A, endoplasmic reticulum export factor, transcript variant X3","liver"
"LOC115134530",60.0424350513446,-0.0865382376897694,0.112269977508603,-0.770804801160115,0.44082264102198,0.706666998645233,"inositol hexakisphosphate and diphosphoinositol-pentakisphosphate kinase 1-like, transcript variant X3","liver"
"LOC115127439",802.951854039779,-0.0876732571432801,0.122985467047732,-0.712874937566836,0.475923149011843,0.732576569249348,"extracellular matrix protein 1-like","liver"
"LOC115144815",96.9604136409858,-0.0879296590403452,0.209142121276515,-0.420430176875227,0.674171226983098,0.861687651672345,"5-hydroxyisourate hydrolase-like, transcript variant X1","liver"
"LOC115113252",131.158055349325,-0.0881626538503825,0.103062062997137,-0.855432651807405,0.392311673850549,0.668224982287855,"baculoviral IAP repeat-containing protein 6-like, transcript variant X18","liver"
"LOC115144166",144.713291663794,-0.0882607442125976,0.115039696824002,-0.767219895821062,0.442950785581883,0.70777859444127,"ER lumen protein-retaining receptor 2","liver"
"LOC115106352",104.86532130531,-0.0883275441262929,0.147185906120365,-0.60010870914543,0.54843378873937,0.779584923708794,"phosphatidylcholine:ceramide cholinephosphotransferase 1-like, transcript variant X3","liver"
"LOC115105918",170.454030185627,-0.0887785018204616,0.106803648510949,-0.831230983755769,0.405843154629703,0.679349773417113,"ubiquitin-conjugating enzyme E2 L3-like","liver"
"LOC115145020",297.765417539441,-0.0894124130227485,0.148872249393667,-0.600598253784107,0.548107601314257,0.779584923708794,"centrosome-associated protein 350-like, transcript variant X2","liver"
"LOC115135672",1316.01771189884,-0.0898524786054908,0.114623041736318,-0.783895430136902,0.433101471465038,0.699899417378414,"55 kDa erythrocyte membrane protein-like, transcript variant X1","liver"
"LOC115103021",258.157675735485,-0.090289885013583,0.256138306489494,-0.352504419393772,0.724460004710219,0.89172023206045,"glutamine synthetase","liver"
"jak1",59.4251370801247,-0.0908832955427803,0.142098844600939,-0.639578005000751,0.522446985728381,0.76683252208458,"Janus kinase 1","liver"
"LOC115111672",75.0976138968376,-0.0915408258598855,0.204906201898428,-0.44674502290205,0.655059170160755,0.853670707268369,"mitochondrial sodium/calcium exchanger protein-like, transcript variant X1","liver"
"LOC115105266",61.7437602340114,-0.0916679008422935,0.144438120085023,-0.634651716515927,0.525655590639101,0.768773658932535,"serine/threonine-protein kinase 10-like","liver"
"LOC115105600",695.141036055814,-0.092406696203836,0.12475411081555,-0.740710631495423,0.458868911761095,0.718606378374489,"solute carrier family 13 member 5-like","liver"
"LOC115136859",149.065962033073,-0.0924373022698693,0.106327648876679,-0.869362797413868,0.384648724839501,0.661813300704151,"importin subunit alpha-3-like","liver"
"LOC115113815",73.6474310401144,-0.0928480278224783,0.257333897518219,-0.360807607229067,0.71824327560048,0.889565357443804,"fatty acid synthase-like","liver"
"LOC115139719",59.0140083180085,-0.0929698381150188,0.136053596554556,-0.683332454778137,0.494396790679601,0.749105848998082,"rho-related BTB domain-containing protein 2-like, transcript variant X2","liver"
"LOC115108597",132.190611978592,-0.0930644143547347,0.139202232836694,-0.668555471117432,0.503779085634016,0.756318067419612,"beta-1,4-galactosyltransferase 6-like, transcript variant X5","liver"
"LOC115116515",609.340402517305,-0.0931519692956872,0.161637116458619,-0.57630308766078,0.564410336219935,0.790019412923233,"cytochrome P450 2K1-like","liver"
"macf1",57.9492383094476,-0.0932413512673824,0.124988432139612,-0.745999847115708,0.455667507392083,0.717658717206387,"microtubule actin crosslinking factor 1, transcript variant X17","liver"
"sh2d4a",148.883270475656,-0.0932461731995734,0.125944225066551,-0.740376727478378,0.459071436035345,0.718606378374489,"SH2 domain containing 4A, transcript variant X1","liver"
"LOC115101981",182.587593862941,-0.0933458510257478,0.0833055869304948,-1.12052329819884,0.262490830030117,0.559917519582685,"F-actin-capping protein subunit alpha-1-like","liver"
"LOC115139464",128.56271389606,-0.0935869147579322,0.130171092197813,-0.718953134507885,0.472169796139813,0.730571208290082,"protein 4.1-like, transcript variant X14","liver"
"LOC115110663",302.119335400668,-0.0937565186721996,0.131223312694966,-0.714480657031886,0.474930012831055,0.732153832185847,"rho GDP-dissociation inhibitor 1-like, transcript variant X3","liver"
"LOC115110605",133.620937316059,-0.0937986959965681,0.106404242411957,-0.881531543013245,0.378030189082889,0.657921029334696,"transcription activator BRG1-like, transcript variant X1","liver"
"LOC115135025",80.9803416755781,-0.0941245866418653,0.116074678997043,-0.81089680759973,0.417424933752975,0.691195242031629,"attractin-like protein 1, transcript variant X4","liver"
"LOC115112315",252.74459787466,-0.0941413496390241,0.245080893062084,-0.384123578394077,0.700886856532374,0.878479344165423,"cytochrome P450 2D15-like","liver"
"LOC115144246",75.0170666172108,-0.094240876125965,0.13533517286986,-0.6963516883862,0.486208610472183,0.740682716463517,"cytochrome b-c1 complex subunit 2, mitochondrial","liver"
"dmxl1",67.0332209981184,-0.0943361357158051,0.0889222590854041,-1.06088325562221,0.288742959763607,0.583993995264998,"Dmx like 1, transcript variant X8","liver"
"LOC115118112",100.924704080863,-0.0943600179923005,0.192655327111522,-0.489786705652206,0.624284839078815,0.836322349900384,"deoxyribonuclease gamma-like","liver"
"LOC115139170",234.535761752448,-0.0945607138222627,0.190143342825684,-0.49731277686094,0.618968503088479,0.833751071465548,"matrix remodeling-associated protein 8-like","liver"
"LOC115108389",86.2609335864378,-0.0948171703936754,0.118438352144967,-0.800561377936268,0.423385617316771,0.694454638303081,"nuclear factor 1 C-type-like, transcript variant X3","liver"
"LOC115101452",75.7905127096575,-0.0950606409443681,0.123709128526222,-0.768420585261974,0.44223735448141,0.707440917137451,"histone-lysine N-methyltransferase 2B-like, transcript variant X1","liver"
"LOC115108204",146.310884055537,-0.0950684103044669,0.138386098246146,-0.686979483555999,0.492095657231885,0.7470323645725,"coiled-coil domain-containing protein 124-like","liver"
"LOC115105542",221.758369010525,-0.0951015347523659,0.0895729731897826,-1.06172131353583,0.288362220577864,0.583993995264998,"clathrin heavy chain 1, transcript variant X2","liver"
"LOC115146867",131.885398801568,-0.0951194267346705,0.188290455702937,-0.50517391537221,0.613436689490016,0.829859922456457,"superoxide dismutase [Cu-Zn]-like","liver"
"LOC115125306",76.6367379377159,-0.0958070562584053,0.148665005603473,-0.644449282933115,0.51928413541665,0.764116294569771,"ankyrin repeat domain-containing protein 12-like","liver"
"LOC115144078",99.1898257242906,-0.0959185686436949,0.0863384405687056,-1.11096017037006,0.266585493871635,0.563006462705069,"protein transport protein Sec24C-like, transcript variant X1","liver"
"LOC115137978",65.8137074560088,-0.0959468868032924,0.156283175650227,-0.613929723427352,0.539261767649071,0.773215962597494,"matrix metalloproteinase-14-like","liver"
"LOC115136001",204.864864212937,-0.0960023396762903,0.15532067621589,-0.618091177653971,0.536515237505785,0.773111844948289,"zinc finger and BTB domain-containing protein 16-A-like, transcript variant X2","liver"
"LOC115122005",1107.0310265508,-0.0960861006570575,0.254071585124449,-0.378185150496041,0.705293055921688,0.881223048482377,"uncharacterized LOC115122005","liver"
"LOC115130453",88.4372733501425,-0.0961049825937506,0.0901397808256417,-1.06617723843424,0.286343529391126,0.583021643712116,"WW domain-containing adapter protein with coiled-coil-like","liver"
"LOC115116401",6131.46525170027,-0.0962877430666849,0.464452375932146,-0.207314566694674,0.83576419868874,0.942624393217792,"metalloproteinase inhibitor 2-like","liver"
"LOC115137359",167.826371450711,-0.0963002961153377,0.158897985010361,-0.606051084342312,0.544480831573211,0.775980373948394,"membrane-spanning 4-domains subfamily A member 12-like","liver"
"kiaa0232",291.647157505708,-0.096329549029963,0.299597814836073,-0.321529544808831,0.74780912636998,0.904230083892119,"KIAA0232 ortholog, transcript variant X1","liver"
"LOC115139196",62.1990882913368,-0.0964945213590976,0.135024528545531,-0.714644386457227,0.474828810269543,0.732153832185847,"pre-mRNA-processing factor 39-like","liver"
"LOC115137966",120.106443261414,-0.0973816984024006,0.112334969545716,-0.866886765503329,0.386004055573949,0.662773438064016,"GMP reductase 2-like, transcript variant X1","liver"
"tsg101",72.2509153060265,-0.0974069126590552,0.101889094951107,-0.956009204967393,0.339067583965713,0.620225883494899,"tumor susceptibility 101","liver"
"LOC115146833",108.076280855462,-0.0975007527523857,0.214673177829681,-0.454182277162457,0.649697637973686,0.849588569900784,"uncharacterized LOC115146833","liver"
"LOC115105130",70.4288001955087,-0.0975086415110909,0.109189458559186,-0.89302248401787,0.371845132131653,0.652449745401902,"LYR motif-containing protein 4B","liver"
"LOC115114216",90.740341170011,-0.0976603590746714,0.191107290437766,-0.511023723118896,0.609334445324351,0.82682320995208,"calponin-2-like","liver"
"LOC115118153",232.216221312544,-0.0977345819655805,0.348907908071401,-0.280115697307669,0.779388741895947,0.921915924490649,"protein Tob1-like","liver"
"LOC115135744",107.961140199938,-0.0977999743580718,0.126248888890199,-0.774660079924585,0.438540545744391,0.705681509851614,"androgen receptor-like, transcript variant X2","liver"
"LOC115141622",34058.433620456,-0.0982796842728046,0.202619934185296,-0.485044498054807,0.627644781084498,0.838001930804304,"apolipoprotein A-I-2","liver"
"ivns1abp",157.932898228594,-0.0982807023280154,0.163920815982925,-0.599562061344625,0.548798137708772,0.779584923708794,"influenza virus NS1A binding protein, transcript variant X2","liver"
"LOC115138680",110.414421685793,-0.0983390141434926,0.174098815629184,-0.564845968584568,0.57217853719362,0.798670925711656,"tectonin beta-propeller repeat-containing protein 2-like, transcript variant X2","liver"
"LOC115138208",129.226173403183,-0.0986078705412631,0.0966075234246601,-1.02070591446393,0.307393791524549,0.598746474685088,"uncharacterized protein KIAA0232-like","liver"
"rps2",2183.85034106201,-0.0988582006657723,0.144089234460964,-0.686090123496035,0.49265627861544,0.747326755354125,"ribosomal protein S2","liver"
"LOC115108048",88.0441553852782,-0.099352704957922,0.168923904838275,-0.588150653118283,0.556431176425848,0.78369505014228,"nuclear receptor subfamily 5 group A member 2, transcript variant X1","liver"
"LOC115104047",172.823484967626,-0.0995304865575072,0.310712730375331,-0.320329606184071,0.748718482123626,0.904230083892119,"pyruvate dehydrogenase (acetyl-transferring) kinase isozyme 2, mitochondrial-like","liver"
"dnah17",155.847501123392,-0.100126839728201,0.378895243786311,-0.264259954090821,0.791579615722348,0.926075391590293,"dynein axonemal heavy chain 17","liver"
"LOC115107033",101.147596592645,-0.100285530349665,0.139129907477683,-0.720804981242091,0.471029510234129,0.729568582742692,"serine/threonine-protein phosphatase 6 regulatory subunit 2-like, transcript variant X5","liver"
"LOC115103502",105.499675290713,-0.100650692614668,0.158381018618683,-0.635497192103519,0.525104197451982,0.768773658932535,"G patch domain-containing protein 8-like","liver"
"LOC115120287",107.843088601746,-0.100676461360739,0.0906118840223086,-1.1110734805597,0.266536721765528,0.563006462705069,"amino-terminal enhancer of split-like, transcript variant X1","liver"
"LOC115129745",285.909334403197,-0.101197018543595,0.202163317534988,-0.500570626647345,0.616673339073043,0.832304811278716,"ribose-phosphate pyrophosphokinase 2, transcript variant X1","liver"
"LOC115108057",118.156234076999,-0.101333610289315,0.23032668871945,-0.439956007064141,0.65996897038287,0.854759755833864,"glutaminase kidney isoform, mitochondrial-like, transcript variant X5","liver"
"xylb",63.9351356070741,-0.101347025737645,0.123091686506087,-0.823345821430705,0.410311363311561,0.683763649742418,"xylulokinase, transcript variant X1","liver"
"LOC115127662",266.75147635617,-0.101417362991729,0.197349305809773,-0.513897743777655,0.607323485027323,0.82542531676271,"filaggrin-2-like","liver"
"LOC115127657",122.632497738273,-0.101777160890699,0.2468244210076,-0.412346397796533,0.680085545420532,0.866529754027536,"translocon-associated protein subunit gamma-like","liver"
"LOC115122878",986.384627717415,-0.101820508771215,0.136600313793002,-0.745390006391268,0.456035983544474,0.717961633421119,"60S ribosomal protein L7-like","liver"
"LOC115113572",129.57803585577,-0.102108670601287,0.108036185016718,-0.945133989926493,0.344590474340904,0.62452235367431,"adenine phosphoribosyltransferase-like","liver"
"LOC115140926",76.9334524241373,-0.102673135328427,0.101916451006515,-1.00742455525521,0.313730796111119,0.602661842208894,"E3 ubiquitin-protein ligase UBR5, transcript variant X1","liver"
"LOC115105132",226.637242111735,-0.102855128653078,0.093927854836223,-1.0950439444446,0.273497384802345,0.571050078284785,"repressor of RNA polymerase III transcription MAF1 homolog","liver"
"LOC115128910",3338.52242529222,-0.10293683332798,0.13769137374047,-0.747591011198726,0.45470688821833,0.71725436392334,"acyl-CoA-binding protein-like","liver"
"LOC115132043",216.490811789098,-0.103105299666862,0.134699017552578,-0.765449529924124,0.444003908959521,0.708043792221833,"tubulin alpha chain-like","liver"
"LOC115134223",59.293597243696,-0.103133095831123,0.116150704541053,-0.887924840737156,0.37458118160669,0.654713934918039,"ras and EF-hand domain-containing protein-like, transcript variant X3","liver"
"LOC115135861",675.894367848132,-0.103189439785361,0.135184241679492,-0.763324471131871,0.445269911454885,0.709104231142327,"alpha-2-antiplasmin-like, transcript variant X4","liver"
"LOC115141946",92.2737800210708,-0.103424197242743,0.169396461152466,-0.610545205839075,0.541500707278541,0.774441011532398,"glycerophosphodiester phosphodiesterase domain-containing protein 5-like, transcript variant X1","liver"
"LOC115109140",63.0520313237101,-0.103635301526017,0.109558098984621,-0.945939209300855,0.34417959332691,0.62452235367431,"regulator of nonsense transcripts 1, transcript variant X2","liver"
"LOC115112254",116.55499830449,-0.103642911775029,0.14521924286937,-0.713699574017611,0.475412969880342,0.73234439351182,"ubiquitin carboxyl-terminal hydrolase 10-like, transcript variant X1","liver"
"LOC115105343",455.947534318098,-0.103645076854445,0.124127943610642,-0.834985852819354,0.403725673863922,0.677474617813646,"mannosyl-oligosaccharide 1,2-alpha-mannosidase IA-like, transcript variant X3","liver"
"LOC115105371",88.1216813019984,-0.10380926581673,0.249153239994014,-0.416648267625275,0.676935698794791,0.8641371463475,"histone H2A-like","liver"
"LOC115109083",102.36336559205,-0.104212056781353,0.0891380675329829,-1.16910832448541,0.242359990416918,0.536838563243849,"rab GTPase-activating protein 1-like, transcript variant X2","liver"
"LOC115110281",130.52941573424,-0.104259809731694,0.149648582559928,-0.696697609480816,0.485992055148744,0.740682716463517,"signal transducer and activator of transcription 3, transcript variant X7","liver"
"LOC115130182",176.398154314843,-0.105139706978721,0.176481678327232,-0.59575423338717,0.551339421962913,0.780469839198195,"melanoma receptor tyrosine-protein kinase-like, transcript variant X1","liver"
"LOC115134108",134.155010124804,-0.105149929654889,0.132935109268026,-0.790986897546254,0.428951637412933,0.69773572252138,"bile acid receptor-like, transcript variant X2","liver"
"LOC115110661",58.2274504589957,-0.105275227999902,0.134870623500329,-0.780564553404359,0.435058646530227,0.701463229136552,"THO complex subunit 4-like","liver"
"LOC115104850",60.1000791906532,-0.105310518698115,0.15562626726307,-0.676688585739182,0.498603560060561,0.751593236245136,"polyadenylate-binding protein 2-like, transcript variant X1","liver"
"LOC115110601",83.0093582374178,-0.105878556371497,0.116919352590205,-0.9055691297111,0.365163954440425,0.645709761079467,"protein Hook homolog 2-like, transcript variant X2","liver"
"map3k19",83.1440917153806,-0.105945083447377,0.250595072450534,-0.422774009126974,0.672460152371568,0.861687651672345,"mitogen-activated protein kinase kinase kinase 19, transcript variant X1","liver"
"LOC115109089",67.914605275962,-0.106337830389893,0.144084705390854,-0.738023026812137,0.460500456406812,0.718606378374489,"ELAV-like protein 1, transcript variant X2","liver"
"LOC115131641",62.9052766575781,-0.106594992387408,0.132751685555409,-0.802965265122122,0.42199481131376,0.693432360397223,"chromodomain-helicase-DNA-binding protein 4-like, transcript variant X4","liver"
"LOC115126548",183.636804636782,-0.106616792964913,0.106951968467864,-0.99686611188412,0.318829502671066,0.604704843863294,"COP9 signalosome complex subunit 4-like, transcript variant X1","liver"
"LOC115121040",1342.14772349076,-0.106737164623789,0.477546249694723,-0.223511680160868,0.823137293599695,0.939436400349284,"betaine--homocysteine S-methyltransferase 1-like","liver"
"LOC115134485",61.0033840633006,-0.106753872137492,0.192508676020543,-0.55454057627044,0.579208944291271,0.803012128207898,"ATP-sensitive inward rectifier potassium channel 11-like","liver"
"LOC115103373",215.740739234514,-0.106862249674273,0.14364164052186,-0.74395035649854,0.456906509000939,0.718606378374489,"arf-GAP domain and FG repeat-containing protein 1-like, transcript variant X3","liver"
"slc25a33",80.1765082635096,-0.106943558039868,0.191389071513228,-0.558775677181112,0.576314824118419,0.801094440885875,"solute carrier family 25 member 33","liver"
"LOC115126344",122.249996867713,-0.107454318647803,0.140206801046945,-0.766398761297067,0.443439069634945,0.70777859444127,"putative pre-mRNA-splicing factor ATP-dependent RNA helicase DHX32","liver"
"LOC115136112",114.954430944147,-0.107788496042935,0.13986739363766,-0.770647777438189,0.440915733746048,0.706666998645233,"RNA-binding protein 5-B-like, transcript variant X1","liver"
"LOC115104134",67.213338476,-0.107853959088104,0.121308872751431,-0.889085494258139,0.373957134145659,0.654184239818758,"myosin light chain kinase, smooth muscle-like, transcript variant X1","liver"
"LOC115101442",3673.77580908933,-0.108476616015111,0.150580136064795,-0.72039127370979,0.471284121285944,0.729568582742692,"complement factor B-like, transcript variant X1","liver"
"LOC115126565",188.827106000565,-0.108674184758356,0.114592592744771,-0.948352612986101,0.34294997477298,0.62401625361076,"ETS-related transcription factor Elf-2-like","liver"
"LOC115134630",315.473219631413,-0.10873416238709,0.163240666724537,-0.66609726956442,0.50534892966639,0.757363748897196,"insulin-like growth factor II","liver"
"LOC115122370",114.698932081435,-0.108738250133921,0.206242795140145,-0.527234175914031,0.598030978420551,0.817155302729523,"AN1-type zinc finger protein 5-like","liver"
"LOC115114101",69.1941533251385,-0.108861453010495,0.134349678789007,-0.810284430835594,0.417776721424176,0.691375524370662,"ATP-dependent zinc metalloprotease YME1L1-like, transcript variant X3","liver"
"LOC115102287",166.439851170933,-0.108946300345701,0.144652377613842,-0.753159416684734,0.45135412332496,0.713991757099406,"vitamin D3 receptor A-like, transcript variant X1","liver"
"LOC115104128",266.064157820308,-0.109076295779497,0.153127768019906,-0.71232211629518,0.47626533179992,0.732826535453558,"signal transducer and activator of transcription 3-like, transcript variant X3","liver"
"LOC115136943",99.6628885594864,-0.109131627727028,0.171890803009247,-0.634889277474359,0.525500630779719,0.768773658932535,"serine/arginine-rich splicing factor 7-like, transcript variant X2","liver"
"LOC115125859",83.3930400606576,-0.109433333228778,0.130962522051784,-0.835608016051397,0.403375457674664,0.677474617813646,"myotrophin-like","liver"
"LOC115110297",102.927563659556,-0.109967760080497,0.12583207717889,-0.873924698264022,0.382159263351426,0.661435735634994,"max-like protein X","liver"
"LOC115124412",64.8311530883569,-0.110111703525586,0.113931778086613,-0.966470508709842,0.333808797126801,0.616215877304729,"vesicle-associated membrane protein-associated protein A-like","liver"
"LOC115128323",69.8269081344237,-0.110246525449494,0.114710633276035,-0.961083748741941,0.336510060202591,0.617950638777268,"splicing factor, proline- and glutamine-rich-like, transcript variant X1","liver"
"LOC115144921",87.1747843860696,-0.110247166134608,0.109711993274882,-1.00487797955129,0.314955608964724,0.602661842208894,"AP-3 complex subunit delta-1-like, transcript variant X2","liver"
"mogs",66.3539299255568,-0.110554793311175,0.169393026808793,-0.652652564240243,0.513980290008339,0.761258598137351,"mannosyl-oligosaccharide glucosidase, transcript variant X1","liver"
"LOC115135267",73.4088118098819,-0.110624541618117,0.104205892258416,-1.0615958389741,0.288419203534905,0.583993995264998,"poly(rC)-binding protein 2-like, transcript variant X4","liver"
"LOC115137210",97.1231583588276,-0.110758579966578,0.152775606338398,-0.724975554809763,0.468467027250013,0.727417753550877,"dnaJ homolog subfamily A member 1-like, transcript variant X2","liver"
"LOC115124847",123.033296554899,-0.110889228008834,0.288917718649616,-0.383809025376233,0.701119998185807,0.878501417954303,"fatty acid desaturase 2-like","liver"
"LOC115102681",258.19156259638,-0.11094579502934,0.222689541104075,-0.498208377812808,0.618337178095943,0.83344654031715,"translocon-associated protein subunit delta-like","liver"
"LOC115106403",291.178437539867,-0.111083808739136,0.109894396133611,-1.01082323255208,0.312101041488603,0.601817480450307,"anthrax toxin receptor 1-like","liver"
"LOC115132660",168.015774156271,-0.111221660682616,0.0923382196391167,-1.20450297956037,0.228395231129498,0.523719817470201,"E3 ubiquitin-protein ligase UBR4-like","liver"
"LOC115142458",75.5931734022981,-0.11145534470958,0.154066733475982,-0.723422520845196,0.469420339185475,0.72862045031226,"trinucleotide repeat-containing gene 6C protein-like, transcript variant X1","liver"
"LOC115108423",74.0937181626137,-0.111731845973485,0.178607493914108,-0.625571993229002,0.531595713509851,0.769709401192402,"cytosolic carboxypeptidase 6-like","liver"
"LOC115136827",61.8757683890043,-0.112119706810005,0.146959169807213,-0.762931002924744,0.445504545475858,0.709104231142327,"T-box transcription factor TBX2b-like, transcript variant X1","liver"
"LOC115133284",104.007898094212,-0.112121524771879,0.198728270212132,-0.564195142705137,0.572621333140135,0.798670925711656,"rho GTPase-activating protein 6-like, transcript variant X1","liver"
"gpatch8",145.31279250848,-0.112606163886967,0.120578972396878,-0.933878947950649,0.350366339344475,0.630783215180247,"G-patch domain containing 8, transcript variant X3","liver"
"LOC115128369",72.2856611342484,-0.11295058124031,0.109988146134469,-1.02693413072185,0.304451481537264,0.597110690742958,"ETS domain-containing transcription factor ERF-like, transcript variant X2","liver"
"LOC115114541",112.605519393416,-0.112970188823148,0.169690861536571,-0.665741147167201,0.505576568186466,0.757363748897196,"serine/arginine-rich splicing factor 11-like, transcript variant X2","liver"
"LOC115110596",436.525385446528,-0.113251522504996,0.184029134473876,-0.615399962776397,0.538290615989021,0.773215962597494,"myosin-9-like","liver"
"LOC115103500",95.8954209112989,-0.113469606232982,0.168053723062794,-0.675198407776921,0.499549718105156,0.752741090941448,"unconventional myosin-X-like","liver"
"LOC115141698",175.601461812574,-0.113938808759724,0.18604804598708,-0.612416046377804,0.540262527855122,0.773215962597494,"alpha-2-macroglobulin-like, transcript variant X2","liver"
"LOC115106130",107.572916060847,-0.114108993038286,0.191692301878248,-0.595271651079453,0.551661902344173,0.780469839198195,"PRKC apoptosis WT1 regulator protein-like","liver"
"LOC115144075",92.7551575813809,-0.114115913402173,0.111514523561112,-1.02332781200142,0.306152878110941,0.598503180422157,"protein phosphatase 1B-like, transcript variant X2","liver"
"fam32a",254.968051009287,-0.114134644462489,0.214677021413691,-0.531657481135569,0.594963245512749,0.814875735453617,"family with sequence similarity 32 member A","liver"
"dpep1",4156.09207567667,-0.114228328063139,0.145666537439715,-0.784176860869047,0.432936340537797,0.699899417378414,"dipeptidase 1, transcript variant X1","liver"
"LOC115143090",95.5860209251722,-0.114255132909461,0.0787884195083457,-1.4501513499374,0.147016318235281,0.435493105470209,"gastrula zinc finger protein XlCGF57.1-like, transcript variant X14","liver"
"LOC115110395",197.060132757984,-0.11443955717759,0.318418804990285,-0.359399493321637,0.719296253712488,0.889788021284401,"hemoglobin subunit beta-like","liver"
"LOC115111242",522.020593152513,-0.11449087494988,0.180337939705757,-0.634868487111951,0.525514191299088,0.768773658932535,"excitatory amino acid transporter 1-like","liver"
"LOC115107163",134.015503462728,-0.114513156457359,0.0981870687743005,-1.1662753342865,0.243503142493038,0.536838563243849,"E3 ubiquitin-protein ligase MYCBP2, transcript variant X16","liver"
"gpam",575.342358789654,-0.115189301365233,0.183301247876409,-0.628415260123595,0.529731942900471,0.769709401192402,"glycerol-3-phosphate acyltransferase, mitochondrial","liver"
"LOC115123203",284.74159271801,-0.115303369065627,0.167036239779425,-0.690289539670482,0.490012124661496,0.745283391197993,"sodium-dependent lysophosphatidylcholine symporter 1-B-like, transcript variant X1","liver"
"LOC115118691",221.025542637952,-0.115550459223911,0.195492811425196,-0.59107267618444,0.554471726732763,0.782250760109542,"long-chain-fatty-acid--CoA ligase 4-like, transcript variant X2","liver"
"cdc5l",244.236276823013,-0.115597743502521,0.127879078985338,-0.903961339256872,0.366015901756874,0.645866505192671,"cell division cycle 5 like","liver"
"LOC115106399",108.481532978382,-0.11585359657162,0.100324576235335,-1.15478779895226,0.248177334707139,0.543563039369316,"Golgi to ER traffic protein 4 homolog","liver"
"LOC115125274",124.651263767931,-0.116242639523889,0.126105497821276,-0.921788831829001,0.356638734008039,0.636732141838268,"ER membrane protein complex subunit 3-like","liver"
"LOC115143132",119.641882638864,-0.116558478113723,0.119426828130476,-0.975982364585463,0.329073203705607,0.613285735480405,"ubiquitin carboxyl-terminal hydrolase 4-like","liver"
"LOC115116859",63.3802568315864,-0.116620544134973,0.184869129954996,-0.63082757063531,0.528153274125462,0.769709401192402,"serine/threonine-protein kinase 19-like","liver"
"ND5",906.548974470285,-0.116640816938811,0.161426146207336,-0.722564588694305,0.469947430502566,0.729160916150918,NA,"liver"
"LOC115123719",82.3831544393736,-0.116721432068254,0.139158920070467,-0.838763566210119,0.401601999597669,0.677062232707574,"tensin-3-like","liver"
"LOC115135942",657.898217140577,-0.116928953597067,0.113462215918413,-1.03055411575205,0.30274996261782,0.595276819889162,"drebrin-like","liver"
"LOC115144760",256.539881797792,-0.117058691972058,0.157550540554126,-0.742991370009565,0.457486905305589,0.718606378374489,"MOB kinase activator 2-like, transcript variant X4","liver"
"LOC115140778",1365.70435335576,-0.117299614362368,0.0796395959010176,-1.47288058201799,0.140783238852138,0.428662337026552,"retinol-binding protein 1-like, transcript variant X2","liver"
"LOC115103845",65.3613813508646,-0.117585373896651,0.137884066517356,-0.852784348957751,0.393778904781379,0.669046609374281,"exportin-1-like","liver"
"LOC115121421",78.733322289178,-0.117592442019098,0.197142443946501,-0.596484651732372,0.550851504194774,0.780469839198195,"phosphatidylinositol 3-kinase regulatory subunit alpha, transcript variant X2","liver"
"LOC115129338",622.724177624851,-0.117665708552344,0.189231650991114,-0.621807757508121,0.53406828476004,0.771663356498377,"integral membrane protein 2B-like","liver"
"LOC115124445",186.496246085948,-0.11782365524217,0.0967509813083203,-1.21780320621965,0.223298765638326,0.516643694750173,"protein SON-like","liver"
"LOC115135218",63.1485475999857,-0.117843305829652,0.195194415253863,-0.60372273292957,0.546027997599007,0.777429785419872,"ATP-dependent RNA helicase DDX18-like","liver"
"LOC115135233",68.0722568701968,-0.118020741328827,0.133068965538542,-0.886914096394947,0.375125151712398,0.655029417315753,"E3 ubiquitin-protein ligase UBR2-like, transcript variant X2","liver"
"LOC115104113",89.276020988477,-0.11826233843743,0.19299793476656,-0.61276478725264,0.540031877188023,0.773215962597494,"protein phosphatase 1 regulatory subunit 1B-like","liver"
"LOC115139160",57.8116990114656,-0.118484916540506,0.169804826365575,-0.697771194591481,0.485320296169398,0.740331409875175,"transmembrane protein 183A-like","liver"
"LOC115140924",701.335483993122,-0.118812792004837,0.151238339267512,-0.785599687091777,0.432102047851223,0.699463044893402,"protein LYRIC-like, transcript variant X2","liver"
"LOC115133440",96.2293017242151,-0.119819859960869,0.117439112526541,-1.02027218516139,0.307599391067364,0.598746474685088,"apoptotic chromatin condensation inducer in the nucleus-like, transcript variant X1","liver"
"LOC115140889",1355.66149097853,-0.119846337673399,0.0963309374502122,-1.24411057180192,0.213458870706849,0.512113441837363,"transmembrane protein 91-like","liver"
"LOC115114054",118.205876808946,-0.120008705477411,0.122706062823097,-0.978017733731913,0.328065553296967,0.613285735480405,"probable ubiquitin carboxyl-terminal hydrolase FAF-X","liver"
"LOC115115840",66.0238564597694,-0.120050941473117,0.123272016061332,-0.97387018813246,0.330120997626465,0.613285735480405,"serine/arginine-rich splicing factor 5-like","liver"
"LOC115136696",166.060322559046,-0.120172976870772,0.221180790952982,-0.543324654699866,0.586906291989122,0.808185826401237,"vacuole membrane protein 1-like","liver"
"LOC115113302",128.232035302616,-0.120176332691811,0.237009258102871,-0.507053326328923,0.612117402480814,0.828900509140132,"cullin-9-like, transcript variant X2","liver"
"LOC115122602",277.49078087595,-0.12032087891726,0.115543863581828,-1.0413437389693,0.297716043792263,0.590793862949009,"threonine--tRNA ligase, cytoplasmic-like","liver"
"LOC115130495",83.7449440650072,-0.120599099448084,0.112188245626918,-1.07497090068719,0.282387756661954,0.579855161790491,"heterogeneous nuclear ribonucleoprotein A0-like, transcript variant X1","liver"
"LOC115108938",459.74594104811,-0.12088772151437,0.14524830318036,-0.832283192763078,0.405249115165079,0.679192184791473,"eukaryotic translation initiation factor 4 gamma 2-like","liver"
"LOC115133926",240.647282025519,-0.121214205554271,0.0855948177893756,-1.41613953607033,0.156734654537151,0.446659174060549,"CUGBP Elav-like family member 2, transcript variant X2","liver"
"LOC115133797",102.23262245144,-0.121555781966533,0.105481562975466,-1.15238889657718,0.249161301605513,0.544547702597358,"golgin subfamily B member 1-like","liver"
"LOC115108371",70.9895945529219,-0.121796774026397,0.10948679609371,-1.11243344742823,0.265951830241957,0.562909598388542,"UDP-N-acetylglucosamine transporter-like","liver"
"LOC115142929",131.076857021716,-0.121856606705986,0.11640668843423,-1.04681791351564,0.295183566803973,0.589635548520613,"bombesin receptor-activated protein C6orf89 homolog, transcript variant X3","liver"
"LOC115104089",112.294883582596,-0.12219595740823,0.116231421455479,-1.0513160372476,0.293113463866943,0.588827244318215,"LIM and SH3 domain protein 1-like","liver"
"LOC115113721",60.7614265964035,-0.122464458327683,0.120801110212749,-1.01376931149064,0.31069284204502,0.601817480450307,"caprin-1-like, transcript variant X4","liver"
"LOC115145611",333.310232945521,-0.122531769092715,0.23023122287488,-0.532211780672794,0.594579324577369,0.814623639320119,"F-box/WD repeat-containing protein 7-like, transcript variant X1","liver"
"LOC115131713",120.046622907604,-0.122584691188114,0.199900055195499,-0.613229901653744,0.539724335955187,0.773215962597494,"inter-alpha-trypsin inhibitor heavy chain H3-like","liver"
"LOC115121095",674.376933235238,-0.122710740470282,0.14059175047705,-0.872816079563026,0.382763333797046,0.66160673912433,"phosphoethanolamine N-methyltransferase 3-like, transcript variant X1","liver"
"LOC115123112",73.0638455940987,-0.122884150034128,0.139936532904412,-0.87814202255581,0.379866650561194,0.659608891015467,"discoidin, CUB and LCCL domain-containing protein 2-like, transcript variant X2","liver"
"LOC115133040",316.682144292526,-0.123610052165417,0.144275817148288,-0.856762100597703,0.391576375040529,0.667530449462651,"cholinephosphotransferase 1-like, transcript variant X2","liver"
"LOC115130171",139.793269906846,-0.123651982814413,0.120744293036562,-1.02408138475721,0.305796836123322,0.598381134920144,"histone-lysine N-methyltransferase 2C-like, transcript variant X1","liver"
"LOC115138387",112.290247147704,-0.123821381591225,0.0962453436647714,-1.28651815117937,0.198262288245043,0.494866556574891,"probable palmitoyltransferase ZDHHC14, transcript variant X2","liver"
"LOC115125648",140.388184242226,-0.123988878392668,0.251401901099164,-0.493189899720612,0.621878413875835,0.83493468227586,"cysteine-rich and transmembrane domain-containing protein 1-like","liver"
"LOC115120012",113.425963109728,-0.124010736141003,0.096883942646377,-1.27999266703707,0.200547714886363,0.496617549135367,"glypican-4-like","liver"
"LOC115101036",62.4443356792145,-0.124167532626786,0.116349099316011,-1.06719805616664,0.285882410149392,0.583021643712116,"protein kish-A","liver"
"LOC115127850",91.8729826964068,-0.124652942099903,0.133279490825482,-0.935274747283701,0.349646725872205,0.630044232827192,"N-lysine methyltransferase KMT5A-A-like, transcript variant X1","liver"
"LOC115128322",72.406425007279,-0.124802424327315,0.0976418038595424,-1.27816590224862,0.201190936058195,0.496718234681971,"acyl-protein thioesterase 2-like, transcript variant X1","liver"
"LOC115137153",65.8272347235577,-0.124997731284762,0.101575875938519,-1.23058482272325,0.218478184557198,0.514503686800326,"AP-2 complex subunit mu-B-like, transcript variant X1","liver"
"LOC115103726",126.695069809172,-0.125179287196548,0.202317009183788,-0.61872843861009,0.536095272021584,0.773111844948289,"probable C-mannosyltransferase DPY19L1","liver"
"LOC115130341",85.2499564161206,-0.125385400326133,0.179658119782752,-0.697911124071395,0.485232777154235,0.740331409875175,"anion exchange protein 2-like, transcript variant X2","liver"
"ttc3",96.3577878632929,-0.125398923707729,0.118835468001662,-1.05523145418147,0.291319481838833,0.586669075086504,"tetratricopeptide repeat domain 3, transcript variant X1","liver"
"LOC115121843",58.5078830647717,-0.125407338095905,0.192007524886748,-0.653137621402465,0.513667560262776,0.761071964969494,"pleckstrin homology domain-containing family A member 6-like","liver"
"LOC115141184",245.568718541972,-0.125481931752729,0.114577577519488,-1.09517005394346,0.273442142470217,0.571050078284785,"natural resistance-associated macrophage protein 2-like, transcript variant X1","liver"
"LOC115144026",86.7561241443194,-0.125712000791989,0.201226697169517,-0.624728242128264,0.532149433896023,0.769709401192402,"serine-rich coiled-coil domain-containing protein 2-like, transcript variant X2","liver"
"LOC115102157",81.0250178999881,-0.125958900143784,0.148603778637408,-0.847615728878083,0.396652011801183,0.67280632546884,"NADH dehydrogenase [ubiquinone] 1 alpha subcomplex subunit 4-like 2","liver"
"LOC115113025",136.971396765389,-0.126837705379816,0.202830882478772,-0.625337245639062,0.531749739715889,0.769709401192402,"chitin synthase chs-2-like, transcript variant X1","liver"
"LOC115113674",111.739307587908,-0.126842230711485,0.137184016641722,-0.924613769275715,0.355166848114729,0.635347056145081,"dual specificity protein phosphatase 22-A-like, transcript variant X3","liver"
"LOC115126875",111.013850849131,-0.126856222699997,0.0862497633312371,-1.47080082078385,0.141344990422886,0.428662337026552,"tetratricopeptide repeat protein 31-like","liver"
"LOC115111239",114.045174246116,-0.12694090100691,0.12215515770316,-1.03917757869364,0.298722156082786,0.591752816572164,"nipped-B-like protein A, transcript variant X2","liver"
"LOC115147104",66.511435397228,-0.127034545472982,0.126127805585611,-1.00718905623673,0.313843931122053,0.602661842208894,"volume-regulated anion channel subunit LRRC8A-like, transcript variant X2","liver"
"LOC115111868",63.8461929900011,-0.127344039467378,0.163088013309345,-0.780830159637984,0.434902393082743,0.701463229136552,"cyclic AMP-responsive element-binding protein 3-like protein 4","liver"
"LOC115120700",66.4510775353802,-0.127544045976745,0.131791764002469,-0.967769472865959,0.333159512925475,0.616121761806246,"5'-AMP-activated protein kinase catalytic subunit alpha-1-like","liver"
"zcchc14",153.381373709615,-0.127652195786482,0.166982718691331,-0.764463513271982,0.444591072058874,0.708702858706284,"zinc finger CCHC-type containing 14","liver"
"ppm1b",132.277133108233,-0.127988747865705,0.0910858097087481,-1.40514475608173,0.159978237640686,0.451572920099332,"protein phosphatase, Mg2+/Mn2+ dependent 1B, transcript variant X3","liver"
"bmt2",66.1259791693655,-0.1282448108264,0.173734936330632,-0.738163627506325,0.460415022617335,0.718606378374489,"base methyltransferase of 25S rRNA 2 homolog, transcript variant X1","liver"
"LOC115109709",58.8187950020235,-0.128418495626311,0.119303025932238,-1.07640602258698,0.281745710053584,0.579412469313022,"uncharacterized LOC115109709, transcript variant X5","liver"
"LOC115133925",149.233060874148,-0.128706609013519,0.169648255948625,-0.758667445732512,0.448051515513057,0.711086038235466,"probable 2-oxoglutarate dehydrogenase E1 component DHKTD1, mitochondrial","liver"
"LOC115108065",81.6331559547403,-0.128730218980762,0.123322613464826,-1.04384926141286,0.296555136077193,0.590091121145315,"mitofusin-1-like, transcript variant X3","liver"
"LOC115135833",247.71949775445,-0.128803740353017,0.162833801673543,-0.791013530539865,0.428936095836451,0.69773572252138,"ceramide-1-phosphate transfer protein-like","liver"
"LOC115136816",827.627977380947,-0.128865338005307,0.12777631816415,-1.00852286133146,0.31320351833924,0.602462265573734,"vitronectin-like","liver"
"LOC115135139",155.885246368471,-0.129316509507652,0.130973377319618,-0.987349583206341,0.323471291173403,0.608430541219561,"microtubule-associated proteins 1A/1B light chain 3A","liver"
"LOC115135518",123.879165948733,-0.129517910834935,0.0893591826101891,-1.44940796291669,0.147223686225391,0.435647932551634,"ubiquitin-conjugating enzyme E2 D2","liver"
"LOC115128374",453.721221373021,-0.130037596244116,0.12742666391679,-1.02048968596581,0.307496278366871,0.598746474685088,"tubulin beta chain","liver"
"LOC115131769",70.3753350251305,-0.130058922166655,0.106215357961354,-1.2244832071646,0.220769997394621,0.515384077401817,"heterogeneous nuclear ribonucleoprotein R-like, transcript variant X4","liver"
"LOC115129322",97.9833221249467,-0.130380789927325,0.106992715059386,-1.21859502167936,0.222997939501716,0.516643694750173,"heterogeneous nuclear ribonucleoprotein A/B-like","liver"
"LOC115141271",59.4189403806197,-0.130623463498936,0.144288781520512,-0.905291888408988,0.365310772583231,0.645709761079467,"remodeling and spacing factor 1-like","liver"
"LOC115135806",193.477075873654,-0.130994685102837,0.0877374741517389,-1.49303004638915,0.13542932204533,0.422025930165722,"THO complex subunit 2-like, transcript variant X2","liver"
"LOC115104882",81.4214642457649,-0.131008085779379,0.133467066183764,-0.981576126045959,0.32630871379014,0.611510030992465,"activin receptor type-2B-like","liver"
"LOC115103852",811.78332018359,-0.131199366369189,0.187438054481395,-0.699961204421334,0.483951532919195,0.73962746463391,"malate dehydrogenase, cytoplasmic-like, transcript variant X1","liver"
"sugp1",73.4188057978981,-0.131245155522223,0.100236926928586,-1.30934935401331,0.190416038728557,0.486229707126527,"SURP and G-patch domain containing 1","liver"
"LOC115141221",448.920486424979,-0.131459040922346,0.202682954958148,-0.648594456053252,0.516600539861139,0.762093304550851,"complement C3-like","liver"
"LOC115137137",60.5086881542305,-0.131766486299738,0.216071235236062,-0.609828912005712,0.541975147190251,0.77457598174876,"serine/threonine-protein kinase SIK2-like, transcript variant X1","liver"
"LOC115104260",63.0120873347406,-0.131768683804974,0.120556552654921,-1.09300308364114,0.274392445842465,0.571050078284785,"protein LSM12 homolog A-like","liver"
"LOC115128714",133.57559559909,-0.131897700289406,0.353930339542358,-0.372665707212197,0.709397262454782,0.883441259323462,"protein NDRG1-like, transcript variant X1","liver"
"ccar1",89.5680547991095,-0.132141359998061,0.13998889677813,-0.943941719945779,0.345199430987384,0.625347946979812,"cell division cycle and apoptosis regulator 1, transcript variant X3","liver"
"nop56",140.539466592075,-0.133209390020864,0.164904800032782,-0.807795709975594,0.41920819517432,0.691461250848962,"NOP56 ribonucleoprotein","liver"
"LOC115110749",121.875486405253,-0.133261683744455,0.0897441024051919,-1.48490742202516,0.137568349674261,0.42417299584679,"signal transducing adapter molecule 2-like","liver"
"LOC115104337",131.316310243567,-0.133610006746912,0.138060795098106,-0.967762112712514,0.333163189583203,0.616121761806246,"tubulin beta-4B chain-like","liver"
"LOC115110364",107.070373194122,-0.133886644065193,0.333650153914559,-0.401278532302067,0.68821506725059,0.870358242045736,"hemoglobin subunit alpha-like, transcript variant X1","liver"
"dyrk1a",68.6071097515173,-0.134234257680871,0.101917084153509,-1.31709279946319,0.187807520330789,0.482967478150345,"dual specificity tyrosine phosphorylation regulated kinase 1A, transcript variant X3","liver"
"LOC115119830",109.426573017854,-0.134242098299564,0.206930976806157,-0.648728867816224,0.516513641808964,0.762093304550851,"mRNA decay activator protein ZFP36L1-like","liver"
"LOC115110479",313.808090555039,-0.13441609500329,0.139170842105633,-0.965835177610447,0.334126662922448,0.616244469715791,"WW domain-binding protein 2-like","liver"
"dcp2",61.5348186974042,-0.134613812345405,0.123869212137468,-1.08674149146934,0.277151071611369,0.574894538365363,"decapping mRNA 2, transcript variant X1","liver"
"LOC115128358",75.4930165774842,-0.134990189547889,0.129410829918698,-1.04311354492275,0.296895708150031,0.590091121145315,"chromodomain-helicase-DNA-binding protein 4-like, transcript variant X14","liver"
"LOC115136313",445.652817971861,-0.135155192951653,0.220097098456534,-0.614070761947567,0.539168568038439,0.773215962597494,"GDH/6PGL endoplasmic bifunctional protein-like, transcript variant X1","liver"
"LOC115136908",164.848051197415,-0.135366730290073,0.110177174112792,-1.22862772057934,0.219211417245164,0.514938140303855,"E3 ubiquitin-protein ligase TRIP12-like, transcript variant X2","liver"
"LOC115127147",98.1441861244247,-0.135632392479865,0.152220988127074,-0.891022940717209,0.372916863196088,0.653486300252475,"putative oxidoreductase GLYR1, transcript variant X5","liver"
"LOC115126136",187.613032745843,-0.135745612090741,0.29001119771886,-0.468070244040488,0.639734357535674,0.843720700939838,"endothelial lipase-like, transcript variant X2","liver"
"LOC115138449",74.8716834344518,-0.135873440989418,0.17493759911567,-0.776696614542978,0.43733778470951,0.704580557500381,"pleckstrin homology domain-containing family G member 3-like, transcript variant X2","liver"
"LOC115104222",148.475006944752,-0.135949246785296,0.336540219499983,-0.403961366006369,0.686241129170838,0.869229610243584,"hemoglobin subunit alpha-4","liver"
"LOC115129555",65.710919637601,-0.136000287069292,0.148030598830389,-0.918730912013123,0.35823633697112,0.638658933059259,"peptidyl-prolyl cis-trans isomerase D-like","liver"
"leng8",106.041549327648,-0.136162118648497,0.12189027115214,-1.11708766714074,0.263956843131253,0.561821458278322,"leukocyte receptor cluster member 8","liver"
"LOC115104054",58.6860435703818,-0.136224323767535,0.171434968296549,-0.794612237638085,0.426839097509895,0.69703371852978,"coatomer subunit zeta-1-like, transcript variant X6","liver"
"LOC115142965",58.1479166351407,-0.136652231696136,0.0980635594234963,-1.3935067470475,0.163466606172003,0.455221463268693,"transforming protein RhoA-like, transcript variant X2","liver"
"LOC115120351",253.481038812746,-0.136915168120907,0.11200475325792,-1.22240497959604,0.221554517100492,0.516327165066671,"non-muscle caldesmon-like, transcript variant X1","liver"
"LOC115107575",65.9896392656522,-0.137037590399099,0.410468714861031,-0.333856358444991,0.738487952981643,0.900342680539545,"ammonium transporter Rh type A-like","liver"
"LOC115118033",143.614818585025,-0.137600436333522,0.126868486617746,-1.0845911384449,0.278102781560535,0.576282123864129,"small ubiquitin-related modifier 3-like","liver"
"LOC115103278",62.3416970665852,-0.137829621085349,0.120293664173371,-1.14577623046468,0.251887752650743,0.546695676147192,"60S ribosomal protein L5-like","liver"
"LOC115113361",148.828384105116,-0.137889909651778,0.137332536464248,-1.00405856617725,0.3153503851871,0.602661842208894,"opsin-3-like","liver"
"LOC115134299",63.9564167546757,-0.137899248488343,0.15426459833841,-0.893913768769122,0.371368030297548,0.652174102323483,"alpha-1,6-mannosylglycoprotein 6-beta-N-acetylglucosaminyltransferase A-like","liver"
"ifih1",135.251205450206,-0.137981809649618,0.110168686560875,-1.25245942342586,0.210402504946027,0.50926402028504,"interferon induced with helicase C domain 1, transcript variant X1","liver"
"LOC115101256",248.912439753179,-0.138360566472282,0.10729760286241,-1.28950286661768,0.197223320395286,0.49408866252685,"sodium-dependent phosphate transporter 1-B-like","liver"
"LOC115140761",457.946463365961,-0.138802982981903,0.159502577568157,-0.870224074733789,0.38417796179736,0.661813300704151,"glyceraldehyde-3-phosphate dehydrogenase","liver"
"LOC115131908",65.5717149249974,-0.13881055226532,0.113444307585419,-1.22360085948607,0.221102835228339,0.51586442838621,"bromodomain adjacent to zinc finger domain protein 2A-like, transcript variant X2","liver"
"LOC115142007",102.320660772727,-0.138874711902196,0.164592182963263,-0.843750349511997,0.398808925593422,0.675038167738687,"intraflagellar transport protein 20 homolog, transcript variant X1","liver"
"LOC115103776",60.8268908998465,-0.138929915830148,0.105308460976191,-1.31926641546455,0.187080061451917,0.482488355031814,"pre-mRNA-splicing factor CWC25 homolog","liver"
"LOC115125774",123.388559977589,-0.139133819068102,0.114215039915792,-1.21817423669143,0.223157767796968,0.516643694750173,"glycerol-3-phosphate acyltransferase 3-like","liver"
"LOC115142900",76.9325733756836,-0.139636404644417,0.116611483948379,-1.19744985584979,0.231131261183901,0.52656215415895,"msx2-interacting protein-like, transcript variant X5","liver"
"LOC115138927",195.825513905036,-0.139827554992132,0.122590838795645,-1.14060362393979,0.254034908508513,0.550183999511529,"DNA-binding protein inhibitor ID-3-A-like","liver"
"cog2",116.263374577681,-0.140334636138454,0.101265543989473,-1.38580834714168,0.165805432888549,0.45823941573248,"component of oligomeric golgi complex 2, transcript variant X1","liver"
"LOC115109313",77.9108881860313,-0.140467589116622,0.0993003319020742,-1.4145732086288,0.157193668609561,0.446807108265391,"NEDD4-like E3 ubiquitin-protein ligase WWP2, transcript variant X1","liver"
"lrrfip2",98.1156346683825,-0.141182000762205,0.100971479690393,-1.39823642473211,0.162042081995641,0.455191954661774,"LRR binding FLII interacting protein 2, transcript variant X2","liver"
"LOC115116917",1389.8605446521,-0.14129742563216,0.105236793525787,-1.34266182860785,0.179381500075719,0.475752428727125,"ERBB receptor feedback inhibitor 1-like","liver"
"LOC115113633",107.050192283694,-0.141409266695218,0.117117520380346,-1.20741342743582,0.227272966996724,0.522525201010199,"RNA polymerase-associated protein CTR9 homolog","liver"
"LOC115112562",99.4504927875358,-0.141451986687855,0.154970130317418,-0.912769360122014,0.361363856113759,0.642370768584835,"ras-related protein R-Ras2-like","liver"
"LOC115145981",207.825192646143,-0.141507992102709,0.253507697281921,-0.558199982169934,0.576707833049058,0.801179661727322,"HHIP-like protein 1","liver"
"LOC115105510",352.381558702535,-0.142293865177946,0.304463162349863,-0.467359873949,0.64024242590945,0.843720700939838,"complement C3-like","liver"
"LOC115110259",497.688690311575,-0.142922221472176,0.181069394422593,-0.789322910853797,0.429923299251995,0.69773572252138,"protein phosphatase 1 regulatory subunit 1B-like","liver"
"farp2",115.205447008956,-0.143298097427009,0.180815350043598,-0.792510687795354,0.428062962376064,0.69773572252138,"FERM, ARH/RhoGEF and pleckstrin domain protein 2","liver"
"LOC115133551",57.574238353248,-0.143641788197967,0.179849509268609,-0.798677676587017,0.424477334161428,0.695405793425233,"inactive ubiquitin carboxyl-terminal hydrolase 53-like, transcript variant X1","liver"
"LOC115127886",119.228400693756,-0.143696785011432,0.127350330549036,-1.12835816280903,0.259168689075814,0.557158004574377,"transmembrane protein 131-like","liver"
"ppargc1b",423.636671590507,-0.143894196533617,0.154776239702486,-0.929691771877995,0.352530695892857,0.633002253946822,"PPARG coactivator 1 beta","liver"
"LOC115146486",96.3976324434237,-0.144557694225964,0.111360929084143,-1.2981006481792,0.194252751619815,0.489959291833147,"serine/arginine-rich splicing factor 5-like","liver"
"LOC115113160",503.600256729456,-0.145018722220315,0.216142011563382,-0.670941855178349,0.50225757123246,0.754867942604538,"GDNF family receptor alpha-1-like","liver"
"ncl",370.396478814276,-0.145072846660893,0.123227827510962,-1.17727342590689,0.239086389994256,0.533981438694021,"nucleolin","liver"
"arhgap1",84.6694601529451,-0.145342745881314,0.107628426800329,-1.35041224890291,0.176883783967205,0.472681035223344,"Rho GTPase activating protein 1","liver"
"ddah1",149.220797867197,-0.145818923278026,0.130998387043523,-1.11313525737977,0.265650343275017,0.562909598388542,"dimethylarginine dimethylaminohydrolase 1, transcript variant X1","liver"
"LOC115101911",220.727341525351,-0.146360150443641,0.0988641058241361,-1.48041748037445,0.138761867840996,0.42614118830104,"receptor tyrosine-protein kinase erbB-3-like","liver"
"LOC115141222",15235.5172145321,-0.146800009738949,0.203520300159101,-0.721304015492255,0.470722486953136,0.729530363810259,"complement C3","liver"
"LOC115123726",132.304524210139,-0.146865924010095,0.195024879244712,-0.753062504532113,0.45141235477065,0.713991757099406,"glutathione peroxidase 1-like","liver"
"LOC115145245",123.770143570488,-0.147606801671979,0.0868931009117551,-1.69871716077761,0.089372488449148,0.354360177936505,"serine/arginine repetitive matrix protein 2-like, transcript variant X2","liver"
"LOC115106410",62.3789376093677,-0.147617320136479,0.132616234323814,-1.11311651163339,0.265658393104402,0.562909598388542,"inhibitor of Bruton tyrosine kinase-like","liver"
"ppig",72.1278911676522,-0.147791679849321,0.129043882204468,-1.14528234368482,0.25209221754144,0.546848259020176,"peptidylprolyl isomerase G","liver"
"ND4",3152.15047395693,-0.148146625670641,0.137541685421294,-1.07710346297462,0.28143404617127,0.579063691163098,NA,"liver"
"LOC115136275",154.671472891362,-0.148297787646971,0.166052755956661,-0.893076340664145,0.37181629205879,0.652449745401902,"mediator of RNA polymerase II transcription subunit 13-like","liver"
"LOC115126171",125.670303333855,-0.148371239618066,0.173514659804951,-0.855093395479382,0.392499445609619,0.668265555682878,"TSC22 domain family protein 3-like","liver"
"LOC115118216",208.96109145756,-0.148519324728081,0.14817328906175,-1.00233534443706,0.316181657558919,0.602661842208894,"uncharacterized LOC115118216, transcript variant X1","liver"
"efr3a",61.6136091706181,-0.148738650331137,0.151119428829276,-0.984245715348559,0.324994713238855,0.609608122945962,"EFR3 homolog A, transcript variant X1","liver"
"LOC115135717",114.643776604005,-0.148888426092419,0.18245603792951,-0.816023562618084,0.414486659413924,0.688446464454423,"unconventional myosin-XVIIIa-like, transcript variant X6","liver"
"LOC115144984",69.3099335373556,-0.148920851940511,0.400746150498134,-0.371608939363236,0.710184032365603,0.884150921173548,"C3 and PZP-like alpha-2-macroglobulin domain-containing protein 8","liver"
"LOC115109554",201.246501380534,-0.14935161579978,0.0917886635949581,-1.62712485344415,0.103710583517763,0.378785249478853,"bile acid receptor-like, transcript variant X3","liver"
"LOC115113642",126.973487557856,-0.149638753567646,0.150557607954647,-0.993896991327882,0.320273019281754,0.60520761548096,"ubiquitin carboxyl-terminal hydrolase 10-like, transcript variant X2","liver"
"LOC115121787",105.289193023203,-0.149929461451291,0.0720516638155156,-2.08086050358501,0.0374466762302545,0.238861740711295,"baculoviral IAP repeat-containing protein 2-like","liver"
"LOC115143141",382.65337356667,-0.15073738850202,0.137912241111379,-1.09299498933009,0.27439599974632,0.571050078284785,"guanine nucleotide-binding protein G(i) subunit alpha-2-like","liver"
"LOC115127676",614.800281311377,-0.150989568572113,0.159039027737164,-0.949386894024814,0.3424238735917,0.62392476922654,"polyadenylate-binding protein 1","liver"
"LOC115142772",109.869329680635,-0.15120198466016,0.0952945717062683,-1.58667993310488,0.112585153439637,0.393228008071945,"plexin-A1-like, transcript variant X2","liver"
"setx",67.3190015123119,-0.151668710226329,0.123667094993766,-1.22642737127426,0.220037891042315,0.515149020039331,"senataxin","liver"
"LOC115104237",58.2917690450876,-0.15185696970597,0.110631150618327,-1.37264205295912,0.169863651781141,0.464016753367291,"RNA-binding protein 8A-like, transcript variant X2","liver"
"LOC115105211",95.6510218941189,-0.152004379771592,0.228175698836705,-0.666172517698192,0.505300836894084,0.757363748897196,"solute carrier family 23 member 1-like","liver"
"LOC115131343",60.8390969897757,-0.152232599411074,0.124260596855758,-1.22510758247673,0.220534688657895,0.515384077401817,"focal adhesion kinase 1-like, transcript variant X19","liver"
"LOC115107105",266.678707894606,-0.152564474264607,0.0850673382698833,-1.79345536568433,0.0729001414878405,0.326705500361584,"myotrophin, transcript variant X1","liver"
"ogt",85.900122718607,-0.15277486586057,0.139158130702182,-1.09785080533691,0.272269642409992,0.56999027347875,"O-linked N-acetylglucosamine (GlcNAc) transferase, transcript variant X1","liver"
"LOC115110344",414.46933285408,-0.152878672194732,0.239399077594967,-0.638593405332094,0.523087472510933,0.767220056838634,"isocitrate dehydrogenase [NADP] cytoplasmic-like, transcript variant X1","liver"
"LOC115130271",156.497771169036,-0.152971810373251,0.104051777928176,-1.47015085584451,0.141520901301318,0.428876723943621,"abl interactor 1, transcript variant X1","liver"
"LOC115135615",193.349162657131,-0.153426529109485,0.108827290496621,-1.40981667750195,0.158593820821839,0.449532971953975,"stress-induced-phosphoprotein 1-like","liver"
"LOC115118061",204.489417445467,-0.153595492572856,0.143285143932656,-1.07195685719551,0.283739410469471,0.580899804710464,"NEDD4 family-interacting protein 1-like, transcript variant X1","liver"
"LOC115138671",132.521421890885,-0.154056352496597,0.12997036717965,-1.18531905263955,0.23589132320378,0.529853169514876,"disheveled-associated activator of morphogenesis 1-like, transcript variant X2","liver"
"gtf2f1",83.2406890859645,-0.154059101834224,0.107112463748295,-1.4382929534349,0.150350950406084,0.441218436245418,"general transcription factor IIF subunit 1, transcript variant X4","liver"
"LOC115118267",258.30255853564,-0.154176651565081,0.2767297720789,-0.557137927035631,0.577433196179839,0.801640908592992,"monocarboxylate transporter 1-like","liver"
"LOC115115483",135.047686889727,-0.154466801579592,0.153155726023436,-1.00856040835166,0.313185502982391,0.602462265573734,"lactadherin-like","liver"
"LOC115142380",58.9494445915022,-0.154516538664476,0.174535113554409,-0.885303452799528,0.375992988245265,0.656056258599187,"RNA binding protein fox-1 homolog 2-like, transcript variant X1","liver"
"LOC115126625",162.584197190956,-0.154887330535206,0.331261008788047,-0.467568854849164,0.64009294180821,0.843720700939838,"uncharacterized LOC115126625, transcript variant X2","liver"
"LOC115146285",176.649313934856,-0.154903530053188,0.125637111727524,-1.23294405548844,0.217596637224298,0.514503686800326,"uncharacterized protein KIAA1522 homolog, transcript variant X1","liver"
"LOC115138095",143.62941348637,-0.155826380245933,0.138048545271684,-1.1287795893775,0.258990824874913,0.55706944706604,"DENN domain-containing protein 4C-like, transcript variant X3","liver"
"LOC115125623",294.981291187707,-0.156083154722518,0.136157155636259,-1.14634558861887,0.251652186792198,0.546695676147192,"sterol-4-alpha-carboxylate 3-dehydrogenase, decarboxylating-like, transcript variant X2","liver"
"LOC115107164",100.945889258841,-0.156098215787473,0.146403620167286,-1.06621827799824,0.286324981494474,0.583021643712116,"myosin phosphatase Rho-interacting protein-like","liver"
"LOC115143069",104.41766427182,-0.156132725867617,0.166366414780247,-0.938487050249013,0.347994168847749,0.628177250763252,"leucine-rich repeat flightless-interacting protein 1-like, transcript variant X2","liver"
"baz2b",117.525640067412,-0.157434933481317,0.222242682170163,-0.708391979182356,0.478701871982093,0.733529635413161,"bromodomain adjacent to zinc finger domain 2B, transcript variant X17","liver"
"LOC115122031",95.1798336096767,-0.15761355739552,0.242716689505137,-0.64937255743258,0.516097597456396,0.762093304550851,"transmembrane protein 132D-like","liver"
"LOC115130975",67.0817110333816,-0.157820885510616,0.125086077885858,-1.26169824954163,0.207057387030448,0.505671605474001,"zinc finger C4H2 domain-containing protein, transcript variant X4","liver"
"LOC115128231",104.027513603728,-0.158329598729774,0.134376146108865,-1.17825673167843,0.238694271724098,0.533981438694021,"dolichyl-diphosphooligosaccharide--protein glycosyltransferase subunit STT3B, transcript variant X2","liver"
"LOC115121287",61.0932351778005,-0.158937707410521,0.175757465470466,-0.904301316504976,0.365835648901815,0.645866505192671,"probable global transcription activator SNF2L2","liver"
"LOC115128705",170.566461295083,-0.158980526356352,0.128893145012305,-1.23342887118764,0.217415798963895,0.514503686800326,"probable acyl-CoA dehydrogenase 6","liver"
"LOC115111550",65.6206564338991,-0.159224461189175,0.237641483285051,-0.670019640460606,0.502845269984575,0.755472657743136,"phosducin-like protein 3","liver"
"LOC115146085",318.842982990607,-0.159350253838243,0.192337146905667,-0.828494424513832,0.407390551184246,0.680821601733081,"syntaxin-binding protein 6-like, transcript variant X2","liver"
"LOC115134486",157.821411029619,-0.159387814271446,0.158486605237962,-1.00568634196014,0.314566475251617,0.602661842208894,"MOB kinase activator 2-like, transcript variant X4","liver"
"LOC115131630",226.265245282904,-0.159805819684377,0.194786421890315,-0.820415602553468,0.411979223868116,0.685119264172354,"glycogen synthase kinase-3 beta-like","liver"
"foxn3",97.3043776837059,-0.160094911358011,0.151495566089772,-1.05676301617397,0.290619757131814,0.585549248674876,"forkhead box N3","liver"
"LOC115136245",691.280860309061,-0.160108684336332,0.121907996236761,-1.31335670570272,0.189062778938717,0.484057717936062,"la-related protein 1-like","liver"
"dnajb9",198.247730989249,-0.160330683098395,0.198431128914833,-0.807991588694784,0.419095424281821,0.691461250848962,"DnaJ heat shock protein family (Hsp40) member B9, transcript variant X2","liver"
"LOC115108338",98.441427155341,-0.160755491454216,0.116288721189075,-1.3823824856827,0.16685429093262,0.459483178109374,"amino-terminal enhancer of split-like, transcript variant X2","liver"
"LOC115129446",189.059293298143,-0.160780206234546,0.257180320821064,-0.625165275948197,0.531862589469782,0.769709401192402,"N-alpha-acetyltransferase 15, NatA auxiliary subunit-like","liver"
"LOC115110537",104.544823711917,-0.161093251085354,0.120145634783357,-1.34081651302465,0.179980033487498,0.476053612261546,"primary amine oxidase, liver isozyme-like","liver"
"LOC115110486",136.326196560741,-0.161098294408057,0.161603253324268,-0.996875317137344,0.318825033927175,0.604704843863294,"sterol regulatory element-binding protein 2-like, transcript variant X2","liver"
"ogg1",58.1336987309133,-0.161099040569184,0.133610432850053,-1.20573698574856,0.227918919268936,0.523378881656441,"8-oxoguanine DNA glycosylase, transcript variant X2","liver"
"LOC115104519",209.482585226728,-0.161174067821569,0.156191970946647,-1.03189726619574,0.302120246790341,0.594714532960023,"partitioning defective 3 homolog","liver"
"LOC115105097",137.718076392989,-0.161427014159805,0.14232701364059,-1.13419799959723,0.256711502945827,0.553910749200098,"ras-related protein Rab-18-like","liver"
"LOC115118813",148.545059365445,-0.161816604082302,0.122396777816486,-1.32206588252609,0.186146213442019,0.481428912429993,"microtubule-actin cross-linking factor 1, isoforms 1/2/3/5-like, transcript variant X1","liver"
"LOC115141651",123.869199202546,-0.161998194824467,0.154437831114292,-1.04895409146597,0.29419924819369,0.589635548520613,"uncharacterized protein KIAA1671-like, transcript variant X1","liver"
"LOC115122236",455.083340884192,-0.162004412204576,0.196379363793739,-0.824956396002645,0.409396346572668,0.683613071950101,"calreticulin-like","liver"
"LOC115131546",107.991977833189,-0.162052765505836,0.1354024333466,-1.19682314047501,0.231375496762771,0.52656215415895,"chromatin target of PRMT1 protein-like","liver"
"LOC115113007",344.973991522999,-0.162158029254911,0.0942745449583264,-1.72006164894874,0.0854212360033536,0.350278629728037,"probable E3 ubiquitin-protein ligase TRIM8, transcript variant X2","liver"
"LOC115107020",848.410292190937,-0.162662686386975,0.125459235581858,-1.29653815944736,0.194790142147073,0.490830051295179,"DNA/RNA-binding protein KIN17-like","liver"
"LOC115135309",61.126466689606,-0.163457307917293,0.16145498818892,-1.01240172106687,0.31134601579487,0.601817480450307,"SEC23-interacting protein-like, transcript variant X2","liver"
"ssr1",119.22730651633,-0.163640724408363,0.189297152986023,-0.864464794251003,0.38733261216609,0.663069184035693,"signal sequence receptor subunit 1, transcript variant X1","liver"
"slc2a9",217.631984600858,-0.163920509458609,0.176555050042896,-0.928438520556519,0.353180144772668,0.633584947467424,"solute carrier family 2 member 9, transcript variant X1","liver"
"LOC115114491",60.7668458571007,-0.164403412938924,0.111378154799581,-1.47608310835065,0.139921582912122,0.427526515704504,"histone-lysine N-methyltransferase 2C-like, transcript variant X3","liver"
"LOC115131483",78.7731780330997,-0.164841481089187,0.168143836802737,-0.980359936014642,0.326908478742353,0.611979627913396,"uncharacterized aarF domain-containing protein kinase 5-like, transcript variant X2","liver"
"LOC115137887",72.3297613021205,-0.165066259159962,0.188093459137184,-0.877575753655381,0.380173992085123,0.659608891015467,"serine protease HTRA3-like, transcript variant X1","liver"
"btg1",688.23211430337,-0.165296957403712,0.170941638632615,-0.966978898330122,0.333554582615543,0.61612700730416,"BTG anti-proliferation factor 1","liver"
"LOC115102360",172.152432453306,-0.165381416789283,0.255911414215098,-0.646244784729598,0.518120840170669,0.763177648504684,"protein SET-like, transcript variant X1","liver"
"LOC115105411",367.592504420641,-0.165955183951761,0.149954377324477,-1.10670449847996,0.268421709818111,0.56454431848226,"opioid-binding protein/cell adhesion molecule homolog, transcript variant X2","liver"
"nid2",87.3070160778548,-0.166090914974156,0.170651338918341,-0.973276365875058,0.330415965435469,0.613285735480405,"nidogen 2, transcript variant X3","liver"
"LOC115108519",58.832940024737,-0.16621889806658,0.098726288968178,-1.68363360766206,0.0922524995324716,0.359285719078339,"protein furry homolog-like, transcript variant X11","liver"
"LOC115128506",344.978137351908,-0.166531182426857,0.347929273804335,-0.478635156524681,0.632198203200901,0.840182548499143,"type-4 ice-structuring protein-like","liver"
"LOC115114520",2758.48544324582,-0.167088601601896,0.34451531023825,-0.484996157315465,0.627679071331094,0.838001930804304,"insulin-like growth factor-binding protein 1","liver"
"dock9",58.5601065160537,-0.167129723381682,0.12800492880989,-1.30565068810671,0.191671374505463,0.487125116672554,"dedicator of cytokinesis 9, transcript variant X11","liver"
"LOC115110428",65.8561736296558,-0.167207930198452,0.12329406900409,-1.35617172463426,0.175044536233866,0.470730067741753,"casein kinase I, transcript variant X2","liver"
"nr2f1",152.535209078418,-0.167680108870649,0.0835913564655568,-2.00595032740904,0.044861547928218,0.261970873002029,"nuclear receptor subfamily 2 group F member 1, transcript variant X2","liver"
"LOC115141777",117.268081420096,-0.167993894656973,0.0909476898994824,-1.84714856246095,0.0647256119010762,0.310607773213378,"lissencephaly-1 homolog A, transcript variant X2","liver"
"LOC115143994",83.6556963396972,-0.168194184963442,0.106444208256082,-1.58011589093512,0.114080328768515,0.394843487388694,"ral GTPase-activating protein subunit beta-like, transcript variant X3","liver"
"LOC115141657",142.464572007301,-0.168858134712683,0.111673432308442,-1.51207078731401,0.130515855498285,0.415408891686301,"alpha-actinin-4, transcript variant X2","liver"
"LOC115120130",62.6940086481988,-0.168904362633105,0.213375049662749,-0.791584409236544,0.428603040597369,0.69773572252138,"SEC14-like protein 2, transcript variant X2","liver"
"LOC115118594",61.182593740673,-0.168986633829976,0.137292738660545,-1.23084902725841,0.218379334895059,0.514503686800326,"serine/arginine repetitive matrix protein 2-like, transcript variant X1","liver"
"LOC115139154",153.64581854169,-0.169021486103938,0.100183108142839,-1.68712559669192,0.0915792041373808,0.359279148153117,"RNA-binding protein 25-like","liver"
"psme4",62.6179547070146,-0.169140879138532,0.127671457729597,-1.32481356558773,0.185232994328549,0.47998072783418,"proteasome activator subunit 4","liver"
"LOC115104220",102.207786656062,-0.170403745813097,0.315323625861473,-0.540409064964761,0.588914957667659,0.809584272328289,"hemoglobin subunit beta","liver"
"LOC115110164",153.227779595748,-0.170826433737711,0.154007646768017,-1.10920747977552,0.267340686607935,0.563456157874744,"endoplasmic reticulum membrane sensor NFE2L1-like","liver"
"LOC115140004",134.278887914708,-0.170845493807783,0.216860352578956,-0.787813409763688,0.430805856106444,0.698290615620397,"calcineurin-binding protein cabin-1-like, transcript variant X1","liver"
"tp53i11",106.123893112439,-0.171224494805607,0.140269521751751,-1.22068210304902,0.222206406542774,0.516428701995884,"tumor protein p53 inducible protein 11, transcript variant X1","liver"
"LOC115142627",3621.54961279048,-0.171444219534592,0.181320844396016,-0.945529567246817,0.344388583162968,0.62452235367431,"complement C3-like","liver"
"acin1",165.274581684604,-0.171509137879143,0.129792282810158,-1.32141244583857,0.186363878423341,0.481686219691528,"apoptotic chromatin condensation inducer 1, transcript variant X4","liver"
"LOC115111654",65.7374685505061,-0.171648457093424,0.152351694050688,-1.12665932704572,0.259886545186017,0.558112517480614,"RNA-binding protein EWS-like, transcript variant X3","liver"
"LOC115130030",69.2847131805076,-0.171678267616445,0.166877724685714,-1.02876682876503,0.303589257749541,0.596639254863611,"uncharacterized LOC115130030","liver"
"ctnnb1",393.170070183247,-0.171753473000236,0.107636195222784,-1.59568510058112,0.110559116782669,0.389715104987096,"catenin beta 1","liver"
"LOC115109719",66.0754983267604,-0.172183386870566,0.147911030906919,-1.16410105328062,0.244383061856818,0.536984021632554,"ETS domain-containing protein Elk-3-like","liver"
"LOC115142049",297.222478295633,-0.172279718262591,0.34844777177156,-0.494420490585133,0.621009245795261,0.834839606154843,"type-4 ice-structuring protein LS-12-like","liver"
"LOC115116842",84.774028041441,-0.172872857652467,0.133439400044586,-1.29551584910233,0.195142337523447,0.491137928347065,"cytoplasmic polyadenylation element-binding protein 4-like, transcript variant X1","liver"
"LOC115140263",209.721922436311,-0.172945695822298,0.121100587293139,-1.42811607844362,0.153258450368436,0.44391958311037,"lysyl oxidase homolog 2B","liver"
"LOC115111300",70.3312673775057,-0.173272056996708,0.121037042324893,-1.43156221986656,0.15226914838825,0.442688337254284,"ras GTPase-activating protein 1-like, transcript variant X1","liver"
"COX2",12866.1482565368,-0.173544984219666,0.119017779778362,-1.45814335087452,0.144801034452838,0.434170287904245,NA,"liver"
"LOC115137492",140.012203982654,-0.173809157107583,0.127565008296908,-1.36251437151982,0.173035611785676,0.467193843714824,"high mobility group protein B2-like","liver"
"LOC115139329",81.5566543127729,-0.173881716338406,0.13604206184678,-1.27814672887158,0.201197695157001,0.496718234681971,"CSC1-like protein 2","liver"
"LOC115123875",3378.93423619911,-0.173914262284656,0.127654505598723,-1.36238248285062,0.173077209030762,0.467193843714824,"heparan sulfate glucosamine 3-O-sulfotransferase 3B1-like","liver"
"LOC115129336",150.098873782675,-0.17431489528692,0.129552092170856,-1.34551972388859,0.178457456129348,0.47479934150341,"putative monooxygenase p33MONOX, transcript variant X2","liver"
"LOC115120858",88.7785104253925,-0.174418507354269,0.147445656442474,-1.18293418444862,0.236835232384097,0.530990322990968,"uncharacterized LOC115120858","liver"
"epas1",64.245903524801,-0.174521816611167,0.153514677685309,-1.13684124047683,0.255604659636887,0.552838963517847,"endothelial PAS domain protein 1, transcript variant X2","liver"
"LOC115123341",61.719174252373,-0.174635254855125,0.203937718501244,-0.856316605572201,0.391822678633846,0.667671086167039,"ATP-citrate synthase, transcript variant X1","liver"
"LOC115128399",333.308599382815,-0.17470607134862,0.158526989488953,-1.10205884759323,0.270436088686098,0.567609421979679,"class I histocompatibility antigen, F10 alpha chain-like, transcript variant X2","liver"
"LOC115142582",91.8868148849224,-0.174920427806374,0.1221742711675,-1.43172884220901,0.152221438722466,0.442688337254284,"regulatory-associated protein of mTOR, transcript variant X6","liver"
"LOC115101387",69.2676313882944,-0.175672456106563,0.0939293868042401,-1.87026086386239,0.0614476014098766,0.303588391935342,"heterogeneous nuclear ribonucleoprotein U-like protein 1","liver"
"LOC115104053",138.662131827647,-0.176236075072906,0.238892463812387,-0.737721367432134,0.460683784875731,0.718617339132598,"chromobox protein homolog 1-like","liver"
"LOC115106784",70.6450213100338,-0.176811031305974,0.101580861137978,-1.74059393989395,0.0817547806575872,0.344681911946862,"eukaryotic translation initiation factor 4H-like, transcript variant X3","liver"
"LOC115139963",427.149544150545,-0.176861020459685,0.175288956171274,-1.00896841605284,0.312989781649328,0.602462265573734,"serine/threonine-protein kinase ULK1-like, transcript variant X5","liver"
"LOC115107555",2497.41300028562,-0.177439238203022,0.284002223534307,-0.624781158382683,0.532114698473505,0.769709401192402,"apolipoprotein B-100-like","liver"
"LOC115111669",99.9736855229455,-0.17745359346209,0.166938599465893,-1.06298719427286,0.287787758682059,0.583886746644405,"WD repeat and FYVE domain-containing protein 2","liver"
"LOC115122691",64.9681087495315,-0.177717337912912,0.161798066430244,-1.09838975108847,0.272034335774251,0.569790314807731,"SHC-transforming protein 1-like","liver"
"LOC115133564",72.4790392660211,-0.178424931642643,0.145011453742874,-1.23041957747018,0.218540025865997,0.514503686800326,"serine/threonine-protein phosphatase 2B catalytic subunit alpha isoform, transcript variant X1","liver"
"auh",97.0551936111521,-0.178630552455151,0.165155645933277,-1.08158913639148,0.279435133833956,0.577796523365915,"AU RNA binding methylglutaconyl-CoA hydratase, transcript variant X2","liver"
"LOC115105240",258.292893469316,-0.178770676494767,0.103748055134949,-1.7231231589087,0.0848662556377148,0.34951891903004,"cytoplasmic polyadenylation element-binding protein 4-like, transcript variant X2","liver"
"LOC115129674",512.787778942577,-0.179476658753528,0.275470607005134,-0.651527437735611,0.514706071278907,0.7612630148335,"formimidoyltransferase-cyclodeaminase-like","liver"
"LOC115119999",118.897652633497,-0.179586062887077,0.120481047665902,-1.49057520968008,0.136073056909,0.42252050611624,"transcriptional activator protein Pur-beta-like","liver"
"LOC115144998",58.8295174389384,-0.17998619952466,0.232655769383522,-0.773615887547412,0.439157973978085,0.705835284640358,"formin-binding protein 1-like, transcript variant X4","liver"
"LOC115135015",1271.79195945362,-0.180128184846562,0.136018030970301,-1.32429637130898,0.18540463519504,0.480120262423751,"reticulon-1-A-like, transcript variant X1","liver"
"LOC115105599",385.251971921757,-0.180281406577125,0.181578393041529,-0.992857154187349,0.320779572316581,0.605794282605807,"alpha-2-antiplasmin-like, transcript variant X3","liver"
"LOC115138664",67.8668879281411,-0.180467646825695,0.15384889567745,-1.17301879893927,0.240788267115607,0.536020194846103,"F-box only protein 33-like","liver"
"LOC115106304",256.236072022935,-0.180960320925288,0.167521717379071,-1.08022006791996,0.280044194038455,0.578106723950753,"forkhead box protein K2-like, transcript variant X2","liver"
"dbi",147.761621417598,-0.181186841761489,0.180588256144275,-1.00331464310024,0.315709073171276,0.602661842208894,"diazepam binding inhibitor, acyl-CoA binding protein","liver"
"LOC115135711",105.771976639161,-0.181343505196063,0.206693757385658,-0.87735356640551,0.380294625585463,0.659608891015467,"acetyl-CoA carboxylase, transcript variant X1","liver"
"LOC115140272",95.6262830741108,-0.181586263957441,0.136950879297623,-1.32592258544625,0.184865341051463,0.47998072783418,"rab-like protein 6, transcript variant X2","liver"
"pum1",129.424984094519,-0.182126057823641,0.090967331266357,-2.00210400028519,0.0452735473920577,0.262535331534834,"pumilio RNA binding family member 1, transcript variant X4","liver"
"LOC115108366",79.1505932501683,-0.182127219633297,0.102073451034235,-1.78427610498065,0.0743788110362098,0.329172675117906,"ER degradation-enhancing alpha-mannosidase-like protein 3, transcript variant X2","liver"
"LOC115112251",187.781167147731,-0.182832037288891,0.17112637440684,-1.06840361646546,0.285338486406264,0.582393425434116,"hepatocyte nuclear factor 4-beta-like","liver"
"LOC115128719",106.600235522948,-0.184015382323592,0.101375980070682,-1.81517734472497,0.0694966601097447,0.319261722776328,"casein kinase II subunit alpha-like, transcript variant X1","liver"
"LOC115109257",173.633317238693,-0.184729201261559,0.18680590692863,-0.9888830835105,0.32272034807373,0.607859583525195,"cold-inducible RNA-binding protein B-like, transcript variant X5","liver"
"LOC115108300",379.145847705818,-0.184977002878618,0.116735338011317,-1.58458446285294,0.113060777361514,0.394213625770343,"cyclic AMP-responsive element-binding protein 3-like protein 3-B","liver"
"LOC115117745",733.095894023459,-0.185368695415288,0.19391627868732,-0.95592127009711,0.339112011983856,0.620225883494899,"long-chain fatty acid transport protein 6-like","liver"
"LOC115118585",217.27060926235,-0.185376533590495,0.186266322310703,-0.995223029535508,0.319627803488573,0.604704843863294,"complement C3 alpha chain-like","liver"
"LOC115109271",193.994940858716,-0.185612983058035,0.210153702522619,-0.883224900774982,0.37711477031016,0.657169646765375,"A disintegrin and metalloproteinase with thrombospondin motifs 20-like","liver"
"LOC115110758",154.911282549928,-0.18567854349781,0.281371373196339,-0.659905595187342,0.509314413404541,0.759314392478753,"very-long-chain (3R)-3-hydroxyacyl-CoA dehydratase 2-like","liver"
"LOC115132150",67.7017668915709,-0.185701326856016,0.123264271514704,-1.50653003156607,0.131931163713325,0.416538670252139,"ubiquitin carboxyl-terminal hydrolase 19-like, transcript variant X1","liver"
"LOC115113237",87.3548885527336,-0.185866403595125,0.139373790651405,-1.33358218016761,0.182340826217044,0.477648591041562,"bifunctional heparan sulfate N-deacetylase/N-sulfotransferase 2-like, transcript variant X1","liver"
"LOC115126316",2388.81744141595,-0.185876522251132,0.126056307023325,-1.47455154478497,0.140333150225081,0.428462861660997,"prosaposin-like, transcript variant X3","liver"
"LOC115141837",1719.03337452387,-0.186096063161791,0.126960216515919,-1.4657824968222,0.142707550947572,0.430233711288686,"alpha-2-antiplasmin-like","liver"
"LOC115103267",64.7988782297168,-0.186548904049586,0.186062953777406,-1.00261175189533,0.316048223406594,0.602661842208894,"lysine-specific demethylase 4A-like, transcript variant X1","liver"
"LOC115134190",4434.48888252399,-0.186687639389269,0.707948929340978,-0.263702128292015,0.792009455429602,0.926075391590293,"zona pellucida sperm-binding protein 3-like","liver"
"LOC115105055",81.9622908147973,-0.186712177344271,0.150245861993736,-1.24271094635575,0.213974368733486,0.51243215449923,"calponin-3-like","liver"
"LOC115122218",100.245337879868,-0.187282225334739,0.215804266355541,-0.867833748134471,0.385485352046113,0.662773438064016,"retinol dehydrogenase 7-like, transcript variant X1","liver"
"clybl",64.6152438399759,-0.18829872828604,0.0993423335903725,-1.89545304082014,0.058032407396886,0.294660212954226,"citrate lyase beta like, transcript variant X2","liver"
"LOC115110267",626.439881046938,-0.188417618439403,0.176913235024192,-1.06502839323264,0.286863081192032,0.583021643712116,"putative methyltransferase DDB_G0268948, transcript variant X2","liver"
"LOC115143469",2322.17227930879,-0.188664092634757,0.140194577775685,-1.3457303101738,0.178389507580736,0.47479934150341,"sodium-coupled neutral amino acid transporter 3-like, transcript variant X2","liver"
"LOC115120425",164.922073448396,-0.189607231957007,0.188915859424359,-1.00365968497698,0.315542675389987,0.602661842208894,"protein max, transcript variant X2","liver"
"LOC115129408",258.770552440597,-0.189731895237067,0.10045860652502,-1.88865744608763,0.0589377441135264,0.295850055427012,"proto-oncogene DBL-like","liver"
"LOC115125186",343.549163715416,-0.189867299655292,0.128528797039652,-1.47723548363031,0.139612525232086,0.427222712346835,"death-associated protein 1-like","liver"
"LOC115104090",61.2576626998253,-0.190071402480327,0.175774531822976,-1.08133641722198,0.279547493681935,0.577796523365915,"plexin domain-containing protein 1-like, transcript variant X3","liver"
"LOC115129735",321.075962010384,-0.191307057552674,0.123171265638525,-1.55317927895707,0.120380310213632,0.40153039642452,"NEDD4 family-interacting protein 2-like","liver"
"LOC115135140",465.071080097347,-0.191449128405825,0.125314907465878,-1.52774424270277,0.126576050726084,0.410052665416534,"bifunctional heparan sulfate N-deacetylase/N-sulfotransferase 2-like, transcript variant X1","liver"
"LOC115129673",102.047379955949,-0.191551930029666,0.189134063857825,-1.01278387468933,0.31116340460608,0.601817480450307,"signal transducer and activator of transcription 1-alpha/beta-like, transcript variant X1","liver"
"LOC115104794",69.2647191206914,-0.192124343195228,0.12882527801065,-1.49135593698734,0.13586807013942,0.42252050611624,"nuclear fragile X mental retardation-interacting protein 2-like","liver"
"LOC115102509",60.3840576879063,-0.192487647392962,0.213586150432064,-0.901217831790954,0.367472511742348,0.647005597348513,"hepatocyte nuclear factor 4-alpha-like, transcript variant X3","liver"
"LOC115113263",94.3534845196947,-0.192853559218347,0.0832527976776809,-2.31648142282248,0.0205319976009379,0.181536707638661,"Golgi-specific brefeldin A-resistance guanine nucleotide exchange factor 1-like, transcript variant X1","liver"
"LOC115143152",576.01734035906,-0.193356408000222,0.239020311821646,-0.808953877294338,0.418541676697359,0.691461250848962,"histone H1x","liver"
"LOC115110408",91.5878092007407,-0.193379460647499,0.103490876331338,-1.86856530259125,0.0616833168715493,0.304015960784081,"histone acetyltransferase p300-like, transcript variant X5","liver"
"LOC115131418",111.724190891699,-0.193399095668254,0.12661847625124,-1.52741607223661,0.126657582374734,0.410052665416534,"glucocorticoid-induced transcript 1 protein-like","liver"
"LOC115129404",180.761352497372,-0.193488182093717,0.200267838124827,-0.966147055390473,0.333970601352447,0.616235478095325,"retinol dehydrogenase 12-like","liver"
"LOC115101417",548.064320219301,-0.193641769734087,0.222467957177799,-0.870425440996551,0.384067948470962,0.661813300704151,"diamine acetyltransferase 1-like","liver"
"LOC115114250",186.877448719467,-0.193782457152153,0.146007637719126,-1.32720767337481,0.184439994777167,0.47998072783418,"sarcosine dehydrogenase, mitochondrial-like","liver"
"LOC115109252",63.0022838478201,-0.193884831713499,0.135827591225731,-1.42743333636304,0.153455027625739,0.44391958311037,"transcriptional repressor p66-alpha-like, transcript variant X1","liver"
"LOC115120666",357.439607513634,-0.194092261822161,0.151453200931674,-1.28153291332366,0.200006546945572,0.496181792665946,"solute carrier family 22 member 18-like","liver"
"LOC115114862",65.7504259318032,-0.194279561369537,0.230046301395651,-0.844523733660904,0.398376806663402,0.674609000398847,"phosphoglucomutase-1-like","liver"
"LOC115105111",78.0349289397578,-0.194285512094018,0.116007765878985,-1.67476298351171,0.0939807443132035,0.362302933202999,"kinesin-1 heavy chain-like","liver"
"dgkd",88.2425175422506,-0.194498337310556,0.125457246933157,-1.55031568175718,0.121065765235133,0.402499232543558,"diacylglycerol kinase delta, transcript variant X4","liver"
"LOC115142940",127.402720590111,-0.194597463669557,0.111717729860286,-1.74186732860505,0.0815316620224371,0.344681911946862,"neurofascin-like","liver"
"LOC115104749",231.1702873369,-0.194811419447122,0.347365750841093,-0.560825064000743,0.574916798546024,0.800328166281965,"cryptic protein-like","liver"
"miox",72.8614373912429,-0.194925268843433,0.253522937360155,-0.768866402673941,0.441972624144439,0.707440917137451,"myo-inositol oxygenase","liver"
"LOC115138047",18073.1828018256,-0.195076299722354,0.154745042186421,-1.26063036958138,0.207442051552835,0.505814444934135,"histidine-rich glycoprotein-like","liver"
"LOC115101624",104.951186206357,-0.195318803270528,0.158556880334494,-1.23185321796494,0.218003919510751,0.514503686800326,"renin-like","liver"
"LOC115134259",62.5552822381845,-0.195383198344575,0.137736782153107,-1.41852593976958,0.156037270932242,0.446008356465512,"COUP transcription factor 2-like, transcript variant X1","liver"
"LOC115143505",74.281265535009,-0.196197937197025,0.161674135587369,-1.21353942289056,0.224923651392819,0.519721543694518,"uncharacterized LOC115143505, transcript variant X3","liver"
"LOC115136143",780.886216796904,-0.196207378012317,0.179536373657602,-1.09285585987444,0.274457091108904,0.571050078284785,"sodium-coupled neutral amino acid transporter 3-like, transcript variant X1","liver"
"LOC115103823",83.1652389820154,-0.196254651802503,0.206789861657962,-0.949053547543425,0.342593378446251,0.623954696401662,"sterol regulatory element-binding protein cleavage-activating protein-like, transcript variant X4","liver"
"LOC115136940",153.308003379106,-0.197476623555203,0.0850230614950079,-2.3226242396223,0.0201993473821015,0.181137621422423,"heterogeneous nuclear ribonucleoprotein L-like, transcript variant X1","liver"
"LOC115131660",93.2814177939893,-0.197621613521303,0.209006993497347,-0.945526320504733,0.344390239898566,0.62452235367431,"neurofascin-like","liver"
"LOC115142844",88.945501401623,-0.198338633228499,0.145194811036075,-1.36601736531217,0.17193351296577,0.466254197286509,"cadherin-22-like, transcript variant X1","liver"
"LOC115103990",116.466889230439,-0.198554062854233,0.126303575020347,-1.57203834350886,0.115941659040716,0.396791101805172,"bromodomain-containing protein 4-like","liver"
"LOC115118093",354.320791864899,-0.199084453995113,0.295999593151366,-0.67258353930678,0.501212276749558,0.753658039245852,"hydroxymethylglutaryl-CoA synthase, cytoplasmic-like, transcript variant X5","liver"
"LOC115140935",72.1134169472392,-0.199195053656486,0.455583777366274,-0.437230348297367,0.661944302525645,0.855448629389514,"squalene monooxygenase-like","liver"
"fasn",400.466656084025,-0.199354453653581,0.203732024115691,-0.978513095910615,0.327820617479875,0.613215620398335,"fatty acid synthase, transcript variant X3","liver"
"fxr1",60.7330840092466,-0.199539310410494,0.0966101675003614,-2.06540693980008,0.0388845124966623,0.245726004552551,"FMR1 autosomal homolog 1","liver"
"LOC115133082",138.463133313345,-0.199840208262186,0.174284557901486,-1.14663175365855,0.251533847102147,0.546695676147192,"DNA/RNA-binding protein KIN17-like","liver"
"LOC115104489",72.4827739049037,-0.199852474265549,0.168183683690798,-1.18829882827976,0.234715699196003,0.529170367849427,"histone-lysine N-methyltransferase 2C-like","liver"
"LOC115142564",68.3509178199845,-0.20005860042149,0.133095655595115,-1.50311893748117,0.132808376208317,0.418013082181543,"zinc finger CCCH domain-containing protein 18-like, transcript variant X3","liver"
"LOC115110771",326.446588499245,-0.201764708756064,0.211569431657708,-0.95365718561126,0.340257198901327,0.62108747994707,"3 beta-hydroxysteroid dehydrogenase type 7-like","liver"
"LOC115138712",108.50700740918,-0.201990461631383,0.125300253952919,-1.61205149438309,0.106950734638749,0.384419042669789,"eukaryotic translation initiation factor 4 gamma 3-like, transcript variant X5","liver"
"LOC115136244",92.8256969444669,-0.202123269634666,0.155263688030034,-1.3018064442445,0.19298256030711,0.488373778120535,"la-related protein 1-like, transcript variant X1","liver"
"LOC115117308",59.5924153920835,-0.202186071266006,0.179853232005862,-1.12417257677869,0.260939820786817,0.55860856592808,"ubiquitin-conjugating enzyme E2 H-like","liver"
"LOC115144966",81.1099718542645,-0.20306025384529,0.113356883180611,-1.79133589551643,0.0732394091734479,0.327688070023023,"nuclear factor 1 C-type-like, transcript variant X3","liver"
"LOC115116738",256.878803097975,-0.203233694490501,0.13645235682527,-1.48941139031219,0.13637907099489,0.42252050611624,"cytosolic Fe-S cluster assembly factor narfl-like","liver"
"LOC115140248",158.603254209575,-0.203271820413314,0.161686295612402,-1.25719882222178,0.208681649683766,0.507083282246384,"nucleolysin TIA-1-like, transcript variant X3","liver"
"pcf11",78.426878577281,-0.20340968111494,0.120285014907966,-1.69106418842426,0.0908245439408606,0.358113368975136,"PCF11 cleavage and polyadenylation factor subunit, transcript variant X2","liver"
"LOC115103147",63.9410984753621,-0.203552416204294,0.116951269257704,-1.7404891584012,0.0817731621326339,0.344681911946862,"enhancer of polycomb homolog 1-like, transcript variant X2","liver"
"LOC115113379",262.718758190045,-0.204464050201155,0.161795908875847,-1.26371582335898,0.206332043624404,0.504504744938856,"eukaryotic translation initiation factor 3 subunit A-like, transcript variant X1","liver"
"LOC115142436",145.162596243185,-0.204708687687101,0.152326872799384,-1.34387770145261,0.178987937784923,0.475589852940903,"40S ribosomal protein SA, transcript variant X2","liver"
"LOC115107900",127.235208222897,-0.205041766984672,0.132122162052815,-1.55191047284488,0.12068364667236,0.402213036661112,"calmodulin","liver"
"LOC115112174",167.459990961164,-0.205248434831728,0.160821670487337,-1.27624861879475,0.201867646955194,0.497468276293453,"tight junction protein ZO-1-like","liver"
"ppp1r36",58.3627379523823,-0.205403665552312,0.184635670818477,-1.1124809449971,0.265931418574557,0.562909598388542,"protein phosphatase 1 regulatory subunit 36, transcript variant X1","liver"
"LOC115129140",137.616015445427,-0.206089370066138,0.317658082309546,-0.648777353838304,0.516482297149525,0.762093304550851,"kinesin-like protein KIF26A","liver"
"LOC115104028",62.3542808580372,-0.20623103832162,0.113387931445667,-1.81880942435608,0.0689405100791746,0.318235015948715,"KAT8 regulatory NSL complex subunit 1-like, transcript variant X1","liver"
"LOC115138344",65.4463619993708,-0.206624261375305,0.137709241031347,-1.50043860403145,0.133500826027585,0.419544615950992,"saccharopine dehydrogenase-like oxidoreductase","liver"
"LOC115146295",188.143022859772,-0.207071471204547,0.158702591892789,-1.30477687059096,0.191968837172048,0.487213561838896,"low density lipoprotein receptor adapter protein 1-B-like, transcript variant X1","liver"
"LOC115134080",72.5817472789408,-0.207270070989268,0.164851104619159,-1.25731684642396,0.208638926157991,0.507083282246384,"thromboxane-A synthase-like, transcript variant X1","liver"
"LOC115130759",59.1889106599383,-0.208892805925417,0.179783532529255,-1.16191290151352,0.245270845996487,0.538064568504673,"signal recognition particle subunit SRP72-like","liver"
"LOC115126711",1273.52703798489,-0.208972857406475,0.432022407414728,-0.483708376741365,0.628592847423179,0.838672486447423,"complement factor H-like","liver"
"LOC115114248",92.0065951230705,-0.209297778869345,0.172032337462973,-1.21661881688024,0.22374927999621,0.517301228170479,"ATP-binding cassette sub-family F member 2-like, transcript variant X1","liver"
"LOC115113849",197.71695412499,-0.209420523225517,0.132315339171007,-1.58273805998304,0.113481179613913,0.394843487388694,"dystonin-like","liver"
"LOC115103327",717.481950953896,-0.209510514550701,0.353699467616334,-0.592340486013854,0.553622610220397,0.782250760109542,"coagulation factor XIII B chain-like, transcript variant X1","liver"
"LOC115106600",64.3445905014087,-0.210395509310407,0.145699511048271,-1.44403716798131,0.148728520537567,0.438018388519598,"putative leucine-rich repeat-containing protein DDB_G0290503, transcript variant X1","liver"
"LOC115143358",147.07997617378,-0.210655638424101,0.139424157223107,-1.5108976996505,0.130814517048199,0.415408891686301,"nuclear receptor coactivator 3-like, transcript variant X2","liver"
"LOC115140872",703.396180026867,-0.211501467369968,0.130331197646887,-1.62279999868489,0.104632166035179,0.37976910842332,"amyloid-like protein 1","liver"
"LOC115105818",59.5707357768744,-0.211700889998481,0.189145091863307,-1.11925130022128,0.263032945507662,0.560440295812458,"histone-lysine N-methyltransferase SETD1B-A-like, transcript variant X2","liver"
"LOC115113510",159.657306141957,-0.211776002893922,0.242236689105274,-0.874252383799241,0.381980824196931,0.661407748269621,"carbonic anhydrase 7-like","liver"
"LOC115127643",7028.43452805502,-0.211839087233656,0.176518056867742,-1.20009868107929,0.230101017733581,0.525265193135395,"sulfotransferase family cytosolic 2B member 1-like, transcript variant X1","liver"
"LOC115105493",84.0120901472024,-0.212250561234494,0.126392059855562,-1.67930296790042,0.0930930128814646,0.361008794954787,"phosphoglycerate kinase-like","liver"
"LOC115104247",3733.68690228318,-0.212616535001882,0.178058260455886,-1.19408408493667,0.232445078078696,0.527531257376818,"type-4 ice-structuring protein LS-12-like","liver"
"pemt",59.5412354321277,-0.212920545047501,0.199838540030306,-1.06546287325363,0.286666517899099,0.583021643712116,"phosphatidylethanolamine N-methyltransferase, transcript variant X3","liver"
"LOC115139965",142.294202546364,-0.213207938102684,0.235905550045383,-0.903785171911672,0.36610932587952,0.645866505192671,"RIMS-binding protein 2-like, transcript variant X4","liver"
"LOC115143187",101.754919735719,-0.213463631884768,0.16064955990715,-1.32875329386612,0.183929375957474,0.47998072783418,"epidermal growth factor receptor kinase substrate 8-like protein 3, transcript variant X3","liver"
"LOC115130347",75.0621846542277,-0.213519612334925,0.14534662985361,-1.4690372425558,0.141822688037151,0.429471973580555,"SWI/SNF-related matrix-associated actin-dependent regulator of chromatin subfamily D member 3, transcript variant X3","liver"
"LOC115141109",63.0625259212627,-0.213711262518258,0.169544503224277,-1.26050245483663,0.207488162887604,0.505814444934135,"eukaryotic translation initiation factor 3 subunit A-like, transcript variant X2","liver"
"LOC115113790",89.7036708098944,-0.214207454839623,0.119872401939164,-1.78696223129268,0.0739435931469552,0.328709888003395,"leukocyte receptor cluster member 8 homolog","liver"
"LOC115131709",6945.60178880783,-0.214348979726545,0.0891032441277501,-2.40562486612974,0.016144833571772,0.166512586801008,"syndecan-2-A-like","liver"
"LOC115144030",73.2640197978637,-0.214826581017931,0.34130108193973,-0.629434222115554,0.529064819398346,0.769709401192402,"protein FRA10AC1","liver"
"LOC115126697",219.207057769598,-0.215013021480699,0.175042351205652,-1.22834856821642,0.219316146115675,0.514938140303855,"uncharacterized protein C6orf62 homolog","liver"
"LOC115141405",137.974730143517,-0.215020514714876,0.159249223538373,-1.35021389704336,0.176947381741425,0.472681035223344,"activating transcription factor 7-interacting protein 1-like, transcript variant X1","liver"
"LOC115137323",131.818334054736,-0.215060291265864,0.122896328271602,-1.74993260002511,0.080129944591786,0.342229155757336,"protocadherin Fat 1-like","liver"
"LOC115123256",391.906354098611,-0.215201080280267,0.098644406994846,-2.18158420569664,0.0291402335978542,0.216900438974928,"protein TFG-like, transcript variant X3","liver"
"LOC115109305",68.4361472521475,-0.215799623126503,0.139854886058072,-1.54302526861233,0.122824645104009,0.405246159640517,"septin-7-like, transcript variant X1","liver"
"LOC115124613",73.0502032402747,-0.216122236951441,0.215434710385963,-1.00319134536977,0.315768547951779,0.602661842208894,"retinoblastoma-like protein 2, transcript variant X2","liver"
"LOC115114326",180.196588830253,-0.21620865512067,0.138526955633869,-1.56076955659169,0.118578132873999,0.399022611235736,"eukaryotic translation initiation factor 4 gamma 1-like, transcript variant X6","liver"
"LOC115107678",90.5578272745605,-0.21621210485757,0.113322703083469,-1.90793282347243,0.0563998992555495,0.291717484848231,"S-adenosylmethionine decarboxylase proenzyme-like","liver"
"LOC115103956",74.9788668725159,-0.216275258298569,0.232483329805753,-0.930282865783424,0.352224646857306,0.632731450238157,"egl nine homolog 1-like, transcript variant X1","liver"
"LOC115134076",57.3843038038965,-0.216369878407591,0.18814328974894,-1.15002708146709,0.250132717335423,0.545539345742788,"trafficking protein particle complex subunit 10-like","liver"
"LOC115141334",181.062762866114,-0.21648195972267,0.120280085222228,-1.79981548335871,0.071889778300642,0.325580818170463,"ubiquitin carboxyl-terminal hydrolase 5-like, transcript variant X1","liver"
"LOC115141553",68.8322918828945,-0.217462736738437,0.156981707646334,-1.38527437367647,0.165968586535263,0.45823941573248,"hepatocyte nuclear factor 3-gamma-like","liver"
"LOC115125030",70.1956826469403,-0.217663581226816,0.148748571326663,-1.46329863396678,0.14338568137357,0.430685362769838,"calcium uptake protein 3, mitochondrial-like, transcript variant X3","liver"
"LOC115101599",104.131667589013,-0.217708389703718,0.320970606939019,-0.678281390872279,0.49759329540481,0.751459900729902,"uncharacterized LOC115101599","liver"
"LOC115104218",174.683928974352,-0.2179315690375,0.29349459724948,-0.742540309361304,0.457760038591493,0.718606378374489,"hemoglobin subunit beta-1-like","liver"
"LOC115116017",175.62978903284,-0.218108036632249,0.19943997152539,-1.09360242565259,0.274129384933212,0.571050078284785,"dystrophin-like","liver"
"LOC115103719",86.7093037102305,-0.219223828060782,0.14732755593647,-1.48800288355638,0.13675013317943,0.422717936194888,"BUB3-interacting and GLEBS motif-containing protein ZNF207-like, transcript variant X1","liver"
"LOC115139575",127.300283917615,-0.219298074024722,0.134273675687743,-1.63321718051948,0.102423327852177,0.376444981357504,"eukaryotic translation initiation factor 5-like, transcript variant X5","liver"
"LOC115121375",127.305243975957,-0.219405568044947,0.360608833475986,-0.60843093035201,0.542901702521961,0.775242068292418,"squalene monooxygenase-like","liver"
"LOC115140172",67.2287935393566,-0.219806870796501,0.109558318842702,-2.00630014332446,0.0448242347527879,0.261970873002029,"ras GTPase-activating-like protein IQGAP1, transcript variant X1","liver"
"LOC115130876",92.7465088771962,-0.220874157318354,0.125101022139001,-1.76556636821831,0.0774686265452375,0.335514965148936,"ecto-NOX disulfide-thiol exchanger 2-like, transcript variant X2","liver"
"LOC115136823",141.665000246188,-0.221162567406732,0.138371579374541,-1.59832364714212,0.109970967315479,0.38868828339144,"breast carcinoma-amplified sequence 3-like, transcript variant X1","liver"
"LOC115133794",162.245199518136,-0.221194521047153,0.119898559397246,-1.84484719548877,0.0650597698075717,0.310833883961787,"UHRF1-binding protein 1-like","liver"
"LOC115113114",85.3257191039395,-0.221834471480957,0.247606595202327,-0.895915035298998,0.370298143372128,0.650575531200343,"acyl-CoA desaturase-like, transcript variant X4","liver"
"LOC115103828",113.1335010777,-0.222278590486413,0.144924062194232,-1.53375903987916,0.125088943152335,0.408851159107185,"testis-expressed protein 2-like, transcript variant X2","liver"
"klhl29",112.497531342509,-0.223094457634342,0.124615108306013,-1.79026813575844,0.0734108161778408,0.327974970113542,"kelch like family member 29, transcript variant X1","liver"
"LOC115135156",61.2490387688329,-0.223177927979677,0.0921561930739388,-2.42173553979836,0.0154465871589611,0.1640570739487,"baculoviral IAP repeat-containing protein 6-like, transcript variant X14","liver"
"LOC115126051",85.9374966397684,-0.223453053138894,0.210393762595822,-1.06207071151705,0.288203585144581,0.583993995264998,"sodium/potassium-transporting ATPase subunit beta-233-like","liver"
"LOC115114290",532.129639443641,-0.223530211807088,0.234320547909131,-0.953950534008535,0.340108682007135,0.62108747994707,"dihydropyrimidine dehydrogenase [NADP(+)]","liver"
"LOC115111939",73.6581970355355,-0.223581321877327,0.139648724915558,-1.60102659019996,0.109371029889919,0.387902142634666,"GRIP and coiled-coil domain-containing protein 2-like","liver"
"LOC115133264",91.7343513573308,-0.224001796530036,0.303184580651611,-0.738829778376611,0.460010367102028,0.718606378374489,"ankyrin repeat and BTB/POZ domain-containing protein BTBD11-A-like","liver"
"LOC115112993",210.408344041497,-0.224516966069298,0.127596584003996,-1.75958445770199,0.0784782886714826,0.338136897066557,"ras-related protein Rab-40B-like","liver"
"LOC115113550",166.399332824375,-0.225528722620948,0.170976330078946,-1.31906400445496,0.187147715727502,0.482488355031814,"thymosin beta-12, transcript variant X1","liver"
"LOC115133550",239.984228457436,-0.226416440711967,0.100036153928098,-2.26334611859135,0.023614361431658,0.195237600802105,"receptor-type tyrosine-protein phosphatase delta-like, transcript variant X1","liver"
"LOC115110650",79.6496774247875,-0.226690454841493,0.272585883779544,-0.831629472877735,0.405618120802633,0.679349773417113,"cytoglobin-1-like, transcript variant X1","liver"
"LOC115103704",173.474686960798,-0.226778776303196,0.155785625651876,-1.45571053397419,0.145472656632406,0.435493105470209,"40S ribosomal protein SA-like","liver"
"LOC115130173",112.052886137958,-0.2277552339472,0.171600233921622,-1.32724314380146,0.184428264840046,0.47998072783418,"polypeptide N-acetylgalactosaminyltransferase 11-like, transcript variant X1","liver"
"LOC115112747",1101.7297249419,-0.227761262828353,0.265763986487277,-0.85700574347479,0.391441710452542,0.667530449462651,"membrane transport protein XK-like, transcript variant X1","liver"
"LOC115117104",58.6051406730898,-0.227944281077685,0.129136773796239,-1.76513842166563,0.0775405047032133,0.335514965148936,"talin-1-like","liver"
"LOC115109591",62.530319413949,-0.228798972944724,0.133377386836101,-1.7154255183143,0.0862672401550754,0.350923424024039,"FYVE, RhoGEF and PH domain-containing protein 4-like, transcript variant X1","liver"
"LOC115139046",260.854098023738,-0.229896706125325,0.478555545852412,-0.480397120287947,0.630945041591129,0.839954940279378,"probable E3 ubiquitin-protein ligase TRIML1","liver"
"LOC115114121",153.203782268702,-0.23029360986544,0.15495869694136,-1.48616124432557,0.137236475931457,0.423769602951985,"UDP-N-acetylglucosamine/UDP-glucose/GDP-mannose transporter-like","liver"
"LOC115139900",110.818560627648,-0.230528199496687,0.22041857351794,-1.04586558118672,0.295623097335589,0.589799189789457,"ral guanine nucleotide dissociation stimulator-like, transcript variant X3","liver"
"LOC115143402",271.501558824725,-0.231000461423214,0.15877026696396,-1.4549352711969,0.145687182073818,0.435493105470209,"forkhead box protein P1-B-like, transcript variant X5","liver"
"LOC115143219",91.4567142206629,-0.23124592604342,0.120896867738675,-1.91275365829386,0.0557795963255841,0.289477462151382,"ubiquitin-associated protein 2-like, transcript variant X2","liver"
"LOC115145224",123.879487395061,-0.232163974806103,0.109595428181188,-2.11837280677693,0.034143507002687,0.232335449988234,"U1 small nuclear ribonucleoprotein 70 kDa-like","liver"
"LOC115132987",373.29295173133,-0.23221581911144,0.135879055403963,-1.70898905958002,0.08745297604314,0.352929039952316,"guanine nucleotide-binding protein G(i) subunit alpha-1","liver"
"LOC115117122",64.1377758420124,-0.232411068280665,0.282667128435949,-0.822207624801086,0.410958739944332,0.684259732031494,"gamma-adducin-like","liver"
"LOC115143092",333.185934409544,-0.233122945147847,0.128588831533204,-1.81293307022274,0.0698421448816096,0.319690666575624,"interleukin-17 receptor C-like, transcript variant X1","liver"
"LOC115106637",89.0059484347793,-0.233136996722698,0.150925432221825,-1.54471644235573,0.122414865980006,0.404346024096032,"glucose-6-phosphate exchanger SLC37A1-like, transcript variant X1","liver"
"LOC115123355",65.9102937902144,-0.233426922986846,0.147552475467397,-1.58199259109294,0.113651261851999,0.394843487388694,"myosin-IIIb-like, transcript variant X1","liver"
"COX1",8377.84404254021,-0.233894017130076,0.164169004245716,-1.42471484312593,0.154239646712157,0.444006832320724,NA,"liver"
"LOC115105598",218.87076511788,-0.234510613131767,0.218418115519967,-1.07367748583257,0.282967255464182,0.580168276293765,"pigment epithelium-derived factor-like, transcript variant X2","liver"
"LOC115143757",92.8045454881659,-0.234517805793512,0.149006734802012,-1.57387386620558,0.115516612798306,0.396770356823349,"myotubularin-related protein 14-like","liver"
"LOC115144915",61.5889217361802,-0.234934942130417,0.0965840069262843,-2.43244145285592,0.0149974159129075,0.1640570739487,"amino-terminal enhancer of split-like, transcript variant X1","liver"
"med13",1603.1904023679,-0.235356903291679,0.21295301941446,-1.10520575824105,0.269070442337317,0.56561687620779,"mediator complex subunit 13","liver"
"lss",192.255979426224,-0.235396514613188,0.299802492856366,-0.785171972288988,0.432352746049544,0.699591025366393,"lanosterol synthase","liver"
"LOC115143015",58.9020264580424,-0.235500680003831,0.175914900562767,-1.33871934242321,0.180662056994884,0.476599777266393,"RNA-binding protein Musashi homolog 1-like","liver"
"trappc9",171.373554283497,-0.236065748014664,0.110238481654121,-2.14140964636408,0.0322410177154743,0.225797917883631,"trafficking protein particle complex 9, transcript variant X1","liver"
"LOC115128765",83.7901082712071,-0.237281308613106,0.174115165753421,-1.36278369311688,0.172950691869397,0.467193843714824,"syndecan-2-A-like","liver"
"LOC115130305",66.96212844864,-0.238224655985906,0.238755184705306,-0.997777938434909,0.318387050299982,0.604704843863294,"60 kDa heat shock protein, mitochondrial-like","liver"
"LOC115142816",84.007679647106,-0.238967283898486,0.173137579607725,-1.38021615203303,0.167520102285192,0.460115860454475,"plexin-B1-like","liver"
"LOC115139941",171.071277675195,-0.239224194817853,0.0881258368419495,-2.71457501444092,0.00663608692973044,0.11819039139435,"hepatocyte nuclear factor 1-alpha, transcript variant X2","liver"
"LOC115110931",64.0908371306079,-0.239495706211332,0.10672211359755,-2.24410572596483,0.0248255996439939,0.19969627975365,"dynamin-2-like","liver"
"LOC115136968",33609.6674707059,-0.239556628913669,0.20760988126698,-1.15387874339953,0.24854988506395,0.54408664421088,"apolipoprotein A-I-1","liver"
"LOC115125814",164.015815572103,-0.239978911098263,0.157223044048502,-1.52635965389547,0.126920319754766,0.410344791163365,"coagulation factor VIII-like","liver"
"agrn",67.7358826421258,-0.240030161859113,0.168410814308465,-1.42526572800407,0.154080402992269,0.444006832320724,"agrin, transcript variant X6","liver"
"myc",76.4135693079096,-0.240094916347344,0.160102947782349,-1.49962833085209,0.13371070476627,0.419557222961753,"MYC proto-oncogene, bHLH transcription factor","liver"
"LOC115122672",110.160469968442,-0.240157090786901,0.177125049200617,-1.3558618155408,0.17514313876361,0.470730067741753,"uncharacterized LOC115122672","liver"
"LOC115145934",120.561220756269,-0.24055356532253,0.255278263854213,-0.942319027443354,0.346029329377244,0.62629464766503,"microtubule-associated protein RP/EB family member 3-like, transcript variant X1","liver"
"LOC115114422",976.198742757957,-0.240845510971722,0.226998916502149,-1.06099850467542,0.288690580732651,0.583993995264998,"sodium- and chloride-dependent glycine transporter 1-like, transcript variant X1","liver"
"LOC115111950",126.884578626945,-0.240856689538604,0.0962037219431382,-2.50361092766207,0.0122933137290526,0.153620643406058,"epsin-1-like, transcript variant X1","liver"
"LOC115102825",134.605785846419,-0.241519208473683,0.17893166373417,-1.34978462410374,0.177085078324536,0.472690752620044,"ski-like protein","liver"
"LOC115109181",117.670929982036,-0.242215838491,0.134878012868962,-1.79581410890388,0.072524086091177,0.326705500361584,"serine/arginine-rich splicing factor 11-like","liver"
"LOC115114820",66.5982631412934,-0.242650460884085,0.231759381311056,-1.04699304732097,0.295102784866966,0.589635548520613,"rab effector MyRIP-like","liver"
"LOC115102354",281.586549075396,-0.242800536819656,0.166931274044728,-1.45449400185252,0.145809395237917,0.435493105470209,"rap1 GTPase-activating protein 1-like, transcript variant X10","liver"
"LOC115144088",183.05091564148,-0.242865070612359,0.126385057629206,-1.9216280402774,0.0546525777151347,0.287066890163517,"replication termination factor 2-like, transcript variant X1","liver"
"LOC115112942",98.6179155240281,-0.243363044881763,0.173370918797562,-1.4037131865577,0.16040427415343,0.452300254711594,"ER lumen protein-retaining receptor 2-like","liver"
"LOC115129282",99.6117741473693,-0.243696336469719,0.126038672100349,-1.933504474529,0.0531740824027355,0.284406663425907,"matrix-remodeling-associated protein 5-like","liver"
"LOC115137761",87.9108216849624,-0.243706621618744,0.261895250031734,-0.930549987406087,0.35208639523792,0.632731450238157,"zinc finger and BTB domain-containing protein 16-A-like","liver"
"LOC115130809",1458.63064979247,-0.244098202584113,0.330383429171221,-0.738833067979356,0.460008369316117,0.718606378374489,"tryptophan 2,3-dioxygenase A-like, transcript variant X1","liver"
"LOC115139183",14347.0798480926,-0.244203310745966,0.419918908738154,-0.581548736349575,0.560870681480869,0.787367733879796,"alpha-1-antitrypsin homolog","liver"
"LOC115113234",152.501473650753,-0.246423735810395,0.171611027862413,-1.43594347566034,0.151018426029207,0.441993323286638,"ras and Rab interactor 2-like, transcript variant X1","liver"
"LOC115110062",384.807337163951,-0.246570745135951,0.257682137497156,-0.956879462157801,0.338628098541463,0.620225883494899,"uncharacterized LOC115110062, transcript variant X1","liver"
"LOC115112936",393.04711362681,-0.246637849941646,0.199422879462669,-1.23675804203707,0.216176923300092,0.514186959808047,"discoidin, CUB and LCCL domain-containing protein 2-like, transcript variant X1","liver"
"LOC115103914",104.365202909934,-0.247055484249615,0.143499216496776,-1.72165040535372,0.085132866408026,0.34979996318459,"ERO1-like protein beta, transcript variant X1","liver"
"dnah7",114.326709897519,-0.247342570198113,0.228585770728589,-1.08205584892594,0.279227712489217,0.577796523365915,"dynein axonemal heavy chain 7","liver"
"tmem232",157.700090577598,-0.247521154251918,0.105688452658733,-2.34198862813482,0.0191812993543887,0.178602417127417,"transmembrane protein 232","liver"
"rrp36",114.073954407862,-0.247533313468782,0.180715945110882,-1.36973698318044,0.170769019607255,0.464553299944745,"ribosomal RNA processing 36","liver"
"LOC115137883",157.343786736671,-0.248131727722587,0.114062956534129,-2.17539274153693,0.0296006979721174,0.218899134270954,"SH3 domain and tetratricopeptide repeat-containing protein 1-like, transcript variant X1","liver"
"LOC115126848",62.544285079947,-0.248183794429282,0.455595707416984,-0.544745682167131,0.585928441373783,0.807384829966038,"thrombospondin-4-B-like","liver"
"LOC115131584",88.0526773137908,-0.249245998728079,0.165126182076981,-1.50942749110424,0.131189572080635,0.415408891686301,"ectonucleotide pyrophosphatase/phosphodiesterase family member 2-like","liver"
"LOC115129295",86.759019481204,-0.250208469728486,0.211226826797607,-1.18454873143661,0.236195917912062,0.530140176987646,"mitogen-activated protein kinase kinase kinase kinase 4-like, transcript variant X3","liver"
"LOC115131964",71.1521456967621,-0.25087644133871,0.128660823392403,-1.94990545469743,0.0511873888811346,0.281629058450261,"cAMP-dependent protein kinase type II-alpha regulatory subunit-like, transcript variant X2","liver"
"LOC115137911",167.10283847894,-0.25093829226376,0.251478831796161,-0.997850556531778,0.318351830579382,0.604704843863294,"butyrophilin subfamily 2 member A1-like, transcript variant X1","liver"
"LOC115142935",135.668027929172,-0.251416380003484,0.0823137442231608,-3.05436695142756,0.00225536028631614,0.077505024494435,"msx2-interacting protein-like, transcript variant X1","liver"
"LOC115103362",265.39008183329,-0.251724629695792,0.189706456488546,-1.32691651278084,0.184536301365857,0.47998072783418,"transferrin receptor protein 1-like, transcript variant X1","liver"
"LOC115133337",69.5909250626004,-0.251960732515221,0.168605766141342,-1.49437791056329,0.135076871795074,0.422025930165722,"SH3 domain and tetratricopeptide repeat-containing protein 1-like","liver"
"LOC115111409",77.2813586524827,-0.252751818757962,0.518922249151809,-0.487070691555606,0.626208235353385,0.837135049950934,"prolactin receptor-like","liver"
"LOC115129612",67.1828454112014,-0.252803065989825,0.114569469200739,-2.20654828684668,0.02734563321548,0.211651140154676,"muscleblind-like protein 2a, transcript variant X10","liver"
"kyat1",175.776714410612,-0.253013922054675,0.107502660702243,-2.35355962728647,0.0185946253455121,0.177115674978026,"kynurenine aminotransferase 1, transcript variant X4","liver"
"LOC115110066",415.888824920636,-0.254276000333964,0.204799145485966,-1.24158721331866,0.21438890190469,0.512822279438682,"thyroid hormone receptor alpha","liver"
"srsf4",95.2442673871772,-0.254713513015929,0.124279499040108,-2.04952156215021,0.0404111416097138,0.249948123218806,"serine and arginine rich splicing factor 4","liver"
"LOC115123463",70.4213643891874,-0.255831674023063,0.16232687153468,-1.57602787267668,0.115019379825251,0.395961986628146,"protein LYRIC-like","liver"
"LOC115104488",178.074409634296,-0.256089612380102,0.145662386314343,-1.75810392002952,0.0787298289151199,0.338862494887042,"histone-lysine N-methyltransferase 2C-like","liver"
"LOC115132809",730.650582343161,-0.256149604085894,0.158310483415446,-1.61802047823765,0.105658184497377,0.38213199646079,"bile salt export pump-like","liver"
"LOC115105432",222.212260331614,-0.258293083140588,0.240433048829048,-1.07428277600987,0.282695962316001,0.57990374554606,"zinc finger and BTB domain-containing protein 16-A, transcript variant X1","liver"
"LOC115133094",75.0522462995773,-0.258596316501325,0.214777192893379,-1.20402130700022,0.228581343297225,0.523719817470201,"ADP-sugar pyrophosphatase-like","liver"
"LOC115133979",60.1112194742301,-0.259078858248527,0.149520430439134,-1.73273215899409,0.0831432857896514,0.34691052459947,"zinc finger C3H1 domain-containing protein-like, transcript variant X5","liver"
"taok3",73.1229826590849,-0.260191119456455,0.188294071601031,-1.38183383706187,0.167022726851756,0.459483178109374,"TAO kinase 3, transcript variant X1","liver"
"LOC115138198",64.8203038922052,-0.260645110349,0.196379840378186,-1.32724983301265,0.184426052804871,0.47998072783418,"cGMP-specific 3',5'-cyclic phosphodiesterase-like, transcript variant X3","liver"
"LOC115143907",78.9337661965538,-0.260760967113736,0.134883961428355,-1.93322441269077,0.0532085586309746,0.284406663425907,"nuclear distribution protein nudE-like 1-A, transcript variant X2","liver"
"LOC115105519",63.825344363325,-0.260891407283392,0.198618719595249,-1.31352879434045,0.189004824776055,0.484057717936062,"thyroid hormone receptor-associated protein 3-like, transcript variant X8","liver"
"LOC115101290",75.7902352017812,-0.260902290155245,0.107968494504304,-2.41646687168398,0.015671952273297,0.1640570739487,"procollagen C-endopeptidase enhancer 2-like","liver"
"LOC115129786",124.873030624269,-0.260974421259309,0.186444079771154,-1.39974635600999,0.161589286897779,0.454546537884989,"unconventional myosin-Ib-like, transcript variant X2","liver"
"LOC115119688",131.387403705223,-0.261071535507385,0.0892929126903466,-2.92376547747679,0.0034582519009851,0.0933498989961277,"ERO1-like protein beta, transcript variant X1","liver"
"LOC115141202",438.789268526062,-0.262605669194045,0.133055966574044,-1.97364820199858,0.0484217587706747,0.273361618766302,"mannosyl-oligosaccharide 1,2-alpha-mannosidase IA-like, transcript variant X1","liver"
"LOC115114548",76.6073286320783,-0.262787098928467,0.150345627138756,-1.74788654601798,0.0804836749778848,0.342229155757336,"microtubule-associated protein RP/EB family member 2-like, transcript variant X2","liver"
"LOC115134404",284.007206290593,-0.263874407560027,0.141550953713208,-1.86416552229421,0.0622984634695598,0.305705050375174,"low-density lipoprotein receptor-related protein 5-like","liver"
"LOC115110245",84.2928494385985,-0.264414128050887,0.297260402361264,-0.88950336456028,0.373732615792039,0.654072194919858,"probable phosphatase phospho1, transcript variant X1","liver"
"LOC115130567",264.305097066805,-0.26592065392328,0.169638355434189,-1.56757387350672,0.116980613376526,0.397673381316532,"protein diaphanous homolog 1-like","liver"
"LOC115137950",129.500100010216,-0.266029090713832,0.171270204920448,-1.55327128170016,0.120358338131469,0.40153039642452,"microfibrillar-associated protein 3-like, transcript variant X4","liver"
"LOC115147151",90.0727745866252,-0.266223273927281,0.170695485769967,-1.55963863207284,0.118845301776296,0.399022611235736,"tumor necrosis factor receptor superfamily member 10A-like","liver"
"ncoa5",83.8340567133297,-0.2663092746093,0.0986049827896905,-2.70076893758298,0.00691793813543613,0.119738667964231,"nuclear receptor coactivator 5, transcript variant X1","liver"
"LOC115118468",89.3708915826337,-0.266620666803143,0.240798167151976,-1.10723711046717,0.268191426665716,0.564351190030695,"nucleolar protein 58-like","liver"
"LOC115137077",106.254318208427,-0.266841190164667,0.138559093029143,-1.92582950949702,0.0541256654834337,0.286514561701916,"forkhead box protein P1-B-like, transcript variant X6","liver"
"patj",249.381031624545,-0.266891517616591,0.114147154728722,-2.33813552559306,0.0193802188328732,0.178602417127417,"PATJ crumbs cell polarity complex component, transcript variant X3","liver"
"LOC115123225",199.616758785709,-0.267446842646529,0.381350371262099,-0.701315280647032,0.483106279587226,0.738739799392609,"pancreatic progenitor cell differentiation and proliferation factor B-like","liver"
"LOC115112080",99.6743162405993,-0.26803048283523,0.128162132055586,-2.09133913845145,0.0364976737245856,0.236820785401086,"rho GTPase-activating protein 1-like","liver"
"afdn",63.7422155744245,-0.268194983577067,0.0993553366657012,-2.69935156557777,0.00694747402821663,0.119738667964231,"afadin, adherens junction formation factor, transcript variant X8","liver"
"LOC115138416",137.967838944179,-0.268879288721689,0.132803601908758,-2.02463852528956,0.0429044953034103,0.257174592436324,"serine/arginine repetitive matrix protein 1-like","liver"
"LOC115138324",98.2992420522201,-0.2694188741782,0.11840729071389,-2.2753571385161,0.0228845143610038,0.19159063889616,"kinase D-interacting substrate of 220 kDa B-like, transcript variant X2","liver"
"LOC115124832",80.4859075387365,-0.26943139354638,0.156867095609079,-1.71757749769153,0.0858737076586034,0.350742551825077,"autism susceptibility gene 2 protein homolog, transcript variant X2","liver"
"LOC115110501",164.492663997236,-0.269771736660042,0.160053165254605,-1.68551328698125,0.0918895834845491,0.359285719078339,"sterol regulatory element-binding protein 2-like, transcript variant X2","liver"
"LOC115124994",1244.8351525993,-0.271130743295916,0.232446768400826,-1.16642079027911,0.243444356810498,0.536838563243849,"fatty acid desaturase 2-like","liver"
"LOC115134949",2810.88073174389,-0.271384530891731,0.218831801052742,-1.24015124669345,0.214919457090452,0.513236503613979,"S-adenosylmethionine synthase-like","liver"
"LOC115145150",61.7859690424083,-0.271558559045078,0.23256328945219,-1.16767594612521,0.24293750293488,0.536838563243849,"capping protein, Arp2/3 and myosin-I linker protein 3-like, transcript variant X3","liver"
"LOC115142923",128.072415176775,-0.271720773291011,0.142044515561464,-1.9129268892711,0.0557574126756798,0.289477462151382,"solute carrier family 25 member 34-like, transcript variant X2","liver"
"LOC115132415",93.7826035630614,-0.272268425651876,0.315639358701724,-0.862593393839605,0.388361063792447,0.664550670032752,"transmembrane protein 269-like, transcript variant X2","liver"
"LOC115104347",138.709974332594,-0.272527619730976,0.173719562882771,-1.56877910126266,0.116699419657034,0.397673381316532,"dynamin-2, transcript variant X2","liver"
"LOC115107737",70.4589281521765,-0.272780735761431,0.108859697643504,-2.50580096827698,0.0122174370690995,0.153330095400259,"afadin-like, transcript variant X12","liver"
"LOC115146939",470.42978304731,-0.273147466449119,0.177494063359703,-1.5389104360948,0.123826163043856,0.407006451630977,"monocarboxylate transporter 8-like","liver"
"LOC115105548",81.1062513513775,-0.273298323306641,0.188813676398554,-1.44744982736184,0.147770978915951,0.436430311333211,"autism susceptibility gene 2 protein-like, transcript variant X1","liver"
"LOC115135910",362.415971533967,-0.274077039997407,0.222792560325949,-1.23018937255547,0.218626198610933,0.514503686800326,"vacuole membrane protein 1-like, transcript variant X3","liver"
"LOC115113074",201.449855509628,-0.274259762401279,0.167475214225203,-1.63761404139769,0.101502232083241,0.373942391822352,"semaphorin-4G-like","liver"
"LOC115146897",70.0826283812774,-0.274357800536764,0.132270633793145,-2.07421551306563,0.038059300128557,0.242012023906394,"inactive carboxypeptidase-like protein X2","liver"
"LOC115114304",88.6595201130447,-0.274391573370213,0.219423492107776,-1.25051137749388,0.211112801771042,0.509772381527706,"acyl-coenzyme A thioesterase 11-like, transcript variant X2","liver"
"LOC115111215",85.1363352807962,-0.274442917995074,0.167076069168951,-1.64262254528834,0.100461053159611,0.373271880290405,"ras GTPase-activating-like protein IQGAP1","liver"
"LOC115142795",512.722338945628,-0.275134941567071,0.185290853937926,-1.48488139441164,0.137575245463557,0.42417299584679,"vitamin D3 receptor B, transcript variant X1","liver"
"LOC115145289",99.286696394493,-0.275158541448299,0.180521505650498,-1.52424244666463,0.127448158274655,0.410979978740106,"prothymosin alpha-A-like, transcript variant X2","liver"
"abcg8",63.7936843378045,-0.275235955175422,0.304990937768711,-0.90243978128998,0.366823296801272,0.646700587267295,"ATP binding cassette subfamily G member 8","liver"
"lmo7",151.942615145368,-0.275324755732241,0.137433708282804,-2.0033277073896,0.0451421253841032,0.262535331534834,"LIM domain 7","liver"
"LOC115139419",118.020612924903,-0.275544771909416,0.196374297513549,-1.40316108267888,0.160568809756545,0.452300254711594,"protein FAM89A-like","liver"
"LOC115135922",171.203355900426,-0.275914432132389,0.143534500322642,-1.92228649914954,0.0545697178436996,0.287001509588284,"nuclear receptor corepressor 1-like, transcript variant X4","liver"
"LOC115104907",163.986880671825,-0.276042936923482,0.183022301024365,-1.50824754895161,0.131491181866935,0.41579368292446,"GRB2-associated and regulator of MAPK protein 1-like, transcript variant X2","liver"
"LOC115131882",361.111664162568,-0.276273460897778,0.1436099015623,-1.92377724580451,0.0543825107438167,0.287001509588284,"RAF proto-oncogene serine/threonine-protein kinase-like","liver"
"akap13",66.8559988285889,-0.276999023629627,0.283934537953255,-0.975573544614819,0.329275839900581,0.613285735480405,"A-kinase anchoring protein 13","liver"
"LOC115110082",141.814264460032,-0.277410807714882,0.159833037898202,-1.73562869956565,0.0826295079949353,0.346143755999338,"bromodomain-containing protein 4-like, transcript variant X1","liver"
"LOC115102131",111.929924082308,-0.278677248835019,0.166429190331988,-1.67444934556926,0.0940423217195222,0.362302933202999,"nuclear receptor coactivator 3-like, transcript variant X1","liver"
"srsf7",76.0791143756401,-0.279765900863808,0.149416586462587,-1.87238851781599,0.0611528724094712,0.303588391935342,"serine and arginine rich splicing factor 7, transcript variant X1","liver"
"LOC115142937",515.183925308352,-0.280429448125376,0.125974586100846,-2.22607953560478,0.0260088544248996,0.205432430986323,"pleckstrin homology domain-containing family A member 6-like, transcript variant X6","liver"
"LOC115114791",124.024882236095,-0.281457260657869,0.142286325149235,-1.97810478528184,0.0479168868558982,0.27193765331788,"cysteine/serine-rich nuclear protein 1-like","liver"
"LOC115133259",86.3918449252158,-0.281514766780702,0.127036994863676,-2.21600618845554,0.0266910783209644,0.208382835814851,"lysine-specific demethylase 5A-like, transcript variant X5","liver"
"LOC115140031",59.3621834581535,-0.281921285085805,0.182219322989361,-1.54715361939011,0.121826206945712,0.403579862749684,"glutamine--fructose-6-phosphate aminotransferase [isomerizing] 1","liver"
"LOC115110246",68.4309316467647,-0.282454634995028,0.167663477477473,-1.68465213321714,0.0920557067225588,0.359285719078339,"zinc finger protein 652-like","liver"
"COX3",8895.11294765333,-0.282946671502405,0.16255700327045,-1.74059970231894,0.0817537698714398,0.344681911946862,NA,"liver"
"LOC115134925",183.156091651359,-0.283238057319361,0.165572479815732,-1.71065902760279,0.0871440754568149,0.352304759982797,"forkhead box protein O1-A-like","liver"
"LOC115104649",81.8128099571727,-0.28332198306121,0.101512062275659,-2.79101790181191,0.00525425661369137,0.104982107634343,"septin-7-like, transcript variant X1","liver"
"LOC115139092",109.658221214899,-0.283330763177808,0.287263983505251,-0.986307993506707,0.32398199840812,0.608562708450577,"protein Smaug homolog 1-like","liver"
"LOC115112216",82.0196004150276,-0.283528674573682,0.200662822748679,-1.41296066052449,0.157667291380656,0.44736917407662,"F-actin-monooxygenase MICAL2-like, transcript variant X3","liver"
"LOC115103919",428.15650719301,-0.283586769671687,0.243332989707187,-1.16542672661417,0.243846304040252,0.536838563243849,"complement C3-like","liver"
"LOC115135929",107.207041617787,-0.283664535547309,0.176247384133909,-1.60946806071055,0.107514033449233,0.385853485797803,"flotillin-2a-like, transcript variant X1","liver"
"LOC115107066",68.3243845177158,-0.28374739697517,0.277872311842278,-1.02114311099923,0.307186640513585,0.598746474685088,"pro-MCH 2-like, transcript variant X1","liver"
"LOC115131511",57.5287314166236,-0.28483280262085,0.228565080478272,-1.24617812145599,0.212699009368948,0.511481511615241,"thioredoxin-interacting protein-like","liver"
"LOC115102104",470.891206137394,-0.285287252989547,0.148112196297281,-1.92615638766801,0.0540848495807904,0.286514561701916,"serine protease hepsin-like, transcript variant X2","liver"
"LOC115105092",75.6998897009363,-0.285793561076445,0.68328740392622,-0.418262592628306,0.675755136372307,0.863441359201731,"cAMP-responsive element modulator-like, transcript variant X2","liver"
"LOC115135102",57.4975565105462,-0.286023010012257,0.145472106622815,-1.96617081207098,0.0492788828529606,0.27515168014886,"phosphatidylcholine:ceramide cholinephosphotransferase 1-like, transcript variant X2","liver"
"LOC115135443",224.884238449321,-0.286192237765562,0.221091144734725,-1.29445364312962,0.195508771758157,0.491303177365135,"putative monooxygenase p33MONOX, transcript variant X2","liver"
"LOC115107640",63.0283691563869,-0.286446251978206,0.137045403145034,-2.09015585641397,0.0366038014726899,0.236820785401086,"heterogeneous nuclear ribonucleoprotein Q-like, transcript variant X7","liver"
"LOC115115135",102.99965365453,-0.287118965874904,0.144527605369354,-1.98660294094782,0.046966415065935,0.269247690307666,"rho guanine nucleotide exchange factor 11-like, transcript variant X3","liver"
"LOC115132285",162.925454624389,-0.287184585482656,0.141843585603132,-2.0246568377521,0.0429026135737771,0.257174592436324,"specifically androgen-regulated gene protein-like, transcript variant X1","liver"
"LOC115124648",265.992243167166,-0.287191751138818,0.0958721304880613,-2.99557076364941,0.00273931733472056,0.0833243093755297,"receptor-type tyrosine-protein phosphatase F-like","liver"
"LOC115129597",170.404561068023,-0.28722941480056,0.139331849230006,-2.06147708788684,0.0392575471405939,0.246919597587192,"protein diaphanous homolog 2-like","liver"
"LOC115130311",83.6264326876254,-0.287560951520826,0.200557854849242,-1.43380548090217,0.151627780471006,0.442471925779052,"carbonic anhydrase 1-like, transcript variant X1","liver"
"tm9sf1",63.034572846991,-0.288011764266025,0.147370128169294,-1.95434290411397,0.0506606781070019,0.280180358160298,"transmembrane 9 superfamily member 1, transcript variant X2","liver"
"LOC115138365",57.9514652834028,-0.288503141891745,0.256239163376731,-1.12591353362943,0.260202120299734,0.55837223428344,"uncharacterized LOC115138365, transcript variant X1","liver"
"LOC115123698",65.5437842680012,-0.289096185483333,0.159104600896016,-1.81701964528527,0.0692141053208654,0.31855888787625,"protein-tyrosine sulfotransferase 2-like, transcript variant X2","liver"
"LOC115103132",71.5398505853391,-0.289774010194786,0.113327410923721,-2.55696311980364,0.0105590411670469,0.144392931906954,"extended synaptotagmin-2-B-like, transcript variant X1","liver"
"LOC115106831",123.006474655144,-0.289953442858918,0.163021911845315,-1.77861638093193,0.0753026766352246,0.330036247274382,"claudin-14-like, transcript variant X2","liver"
"LOC115112995",86.8095382103608,-0.29011404682124,0.175746177108255,-1.65075594584648,0.0987884189775257,0.370774950048246,"caskin-2-like, transcript variant X1","liver"
"LOC115130984",68.3255640041329,-0.290161459957815,0.236746617937199,-1.22562029601954,0.220341596504406,0.515384077401817,"sterol-4-alpha-carboxylate 3-dehydrogenase, decarboxylating-like, transcript variant X1","liver"
"CYTB",9452.01741391626,-0.29107185300906,0.141460128935219,-2.05762468336471,0.0396261753266812,0.246919597587192,NA,"liver"
"LOC115134055",66.0469066845778,-0.292352188378694,0.159045375735504,-1.83816842851742,0.0660375904343562,0.312813638540719,"cat eye syndrome critical region protein 2-like, transcript variant X2","liver"
"LOC115142853",5893.73587709561,-0.292457610657259,0.152689655733348,-1.91537278182091,0.0554449797209566,0.288994549031482,"1,25-dihydroxyvitamin D(3) 24-hydroxylase, mitochondrial","liver"
"LOC115103979",117.035161201642,-0.292762932540978,0.170498050621041,-1.71710428051574,0.0859601202353494,0.350742551825077,"serine/arginine-rich splicing factor 7-like, transcript variant X6","liver"
"LOC115110586",106.316629372756,-0.293000300275078,0.344112561570432,-0.85146644730988,0.394510294077252,0.670009982774534,"serine/threonine-protein kinase N1-like, transcript variant X3","liver"
"LOC115113578",99.6896855586508,-0.294339618599202,0.117613694725742,-2.50259648151993,0.0123286017255992,0.153620643406058,"tight junction protein ZO-1-like","liver"
"LOC115123893",62.0782673190236,-0.294825158741651,0.370602349731311,-0.795529653158976,0.426305468835535,0.69672056574725,"phosphatidate phosphatase LPIN1-like","liver"
"LOC115118912",75.1552083080085,-0.295662276199016,0.112180911602051,-2.6355845390867,0.00839925003373898,0.128715122624365,"serine/threonine-protein kinase MRCK beta-like","liver"
"LOC115134161",62.7159946860653,-0.29657138650521,0.227217688818553,-1.30523018717103,0.191814477983182,0.487125116672554,"low-density lipoprotein receptor class A domain-containing protein 3-like","liver"
"LOC115126857",1029.91425461445,-0.297638647388748,0.162460520412275,-1.83206754867848,0.0669413574298961,0.314455366975287,"fructose-1,6-bisphosphatase 1-like","liver"
"LOC115107209",321.044373961798,-0.297820931640811,0.219436228803817,-1.35720948753213,0.174714657009633,0.470367861275605,"cadherin-23-like","liver"
"LOC115109456",124.433117103967,-0.297915701653469,0.222491204099427,-1.33899990725178,0.180570703100022,0.476599777266393,"tensin-1-like, transcript variant X4","liver"
"ythdc1",97.1096903452975,-0.298354176411056,0.112488809518926,-2.65230095053017,0.00799452495784598,0.126377397571946,"YTH domain containing 1, transcript variant X2","liver"
"LOC115138157",629.309325440229,-0.298498275286708,0.11844849862275,-2.52006803596054,0.0117332152924636,0.151824081054228,"equilibrative nucleoside transporter 2-like, transcript variant X1","liver"
"LOC115114360",115.095646267187,-0.298915648693948,0.196855827325021,-1.51844958188827,0.128901100449872,0.413051010561069,"zinc finger MYND domain-containing protein 11-like, transcript variant X4","liver"
"LOC115103360",132.930896166778,-0.299166102785846,0.148878174510695,-2.00946917685611,0.0444874003400986,0.261970873002029,"uncharacterized LOC115103360, transcript variant X2","liver"
"LOC115112882",78.2033714299517,-0.299422580356473,0.316338274639364,-0.946526564633462,0.343880079590498,0.62452235367431,"class A basic helix-loop-helix protein 15-like","liver"
"znf609",81.5148548109139,-0.300465445714267,0.129503548370182,-2.32013291910269,0.020333688027767,0.181137621422423,"zinc finger protein 609, transcript variant X1","liver"
"LOC115101074",86.9317513232607,-0.301691660776643,0.152761305180962,-1.97492198969665,0.0482770015203718,0.272922410814196,"5'-AMP-activated protein kinase catalytic subunit alpha-1-like","liver"
"LOC115102779",117.769086571058,-0.301844135403542,0.115615149570975,-2.61076629251118,0.0090339607631766,0.13271750448221,"apoptotic chromatin condensation inducer in the nucleus-like","liver"
"LOC115121791",193.965464017439,-0.301995324740271,0.323340279711383,-0.933986093566304,0.350311066458861,0.630783215180247,"proline-rich transmembrane protein 4-like","liver"
"LOC115101470",382.86620414537,-0.302307099433938,0.188866983897065,-1.60063497174656,0.109457791747413,0.387902142634666,"high mobility group protein B3-like","liver"
"LOC115139689",78.3367923275672,-0.302379928998975,0.471263639502202,-0.641636450710223,0.521109260044564,0.765972356271779,"MAP kinase-activated protein kinase 5, transcript variant X4","liver"
"LOC115140752",88.8447124109022,-0.303423475966605,0.105516771837321,-2.87559475790639,0.0040326708181998,0.0963575161214815,"gastrula zinc finger protein XlCGF58.1-like, transcript variant X28","liver"
"LOC115122603",407.933245437405,-0.304653826482451,0.181518285677536,-1.67836438816783,0.0932759852710274,0.361056900251384,"uncharacterized LOC115122603","liver"
"LOC115102996",384.037140054563,-0.30590974804476,0.123136878630715,-2.48430650059092,0.0129804031134999,0.156071159559367,"solute carrier family 22 member 23-like","liver"
"LOC115102995",81.7592348727056,-0.306330868225779,0.215665532216901,-1.42039789611672,0.155491874971019,0.444761320969735,"desmoplakin-like, transcript variant X2","liver"
"LOC115110310",144.300949436691,-0.306772859578458,0.21857587856289,-1.40350738423403,0.160465591565331,0.452300254711594,"protein tweety homolog 3-like, transcript variant X1","liver"
"LOC115127007",64.681774562046,-0.307342758358566,0.145819325690884,-2.10769564940993,0.0350573238762048,0.234579746777283,"chromodomain-helicase-DNA-binding protein 7-like","liver"
"acat2",167.403155266992,-0.30771903331231,0.290323963052011,-1.05991606782105,0.289182785070202,0.583993995264998,"acetyl-CoA acetyltransferase 2","liver"
"LOC115130320",83.5817534675796,-0.308664502056371,0.23643106697289,-1.30551583600375,0.191717258367473,0.487125116672554,"ADP-ribosyl cyclase/cyclic ADP-ribose hydrolase 1-like, transcript variant X2","liver"
"LOC115144441",96.1168089098746,-0.309319302602109,0.245986061007022,-1.25746679033687,0.208584657174049,0.507083282246384,"trichohyalin-like","liver"
"LOC115145341",98.6090407402958,-0.309477402005012,0.169651237192818,-1.82419773133321,0.0681221844644008,0.317332598716455,"tyrosine-protein kinase JAK1-like, transcript variant X1","liver"
"LOC115146064",77.3931926475438,-0.31070201878569,0.122549818878355,-2.53531193786665,0.0112347234034193,0.148677703221873,"protein Daple-like","liver"
"fus",65.1619902719291,-0.31101887314339,0.119973507122369,-2.59239627650596,0.00953099166930288,0.136797460692436,"FUS RNA binding protein, transcript variant X2","liver"
"LOC115109363",98.2613017370803,-0.312338555466171,0.26435213351709,-1.18152462516811,0.237394376843786,0.531899783115024,"cholesteryl ester transfer protein-like","liver"
"LOC115145335",91.5130513535705,-0.312424623227961,0.146751515199926,-2.12893626891914,0.0332595335545212,0.229611277293949,"phosphoglucomutase-1-like","liver"
"LOC115114578",216.265627955449,-0.312831782801214,0.207735790675735,-1.50591182089334,0.132089811603924,0.416702574977876,"aquaporin FA-CHIP-like","liver"
"LOC115112441",141.945413125043,-0.312897041586676,0.121967494785806,-2.56541336801394,0.0103052951909707,0.142872051695227,"coatomer subunit beta-like, transcript variant X1","liver"
"tp53inp2",362.973446003685,-0.313123096149734,0.127779903769731,-2.45048780686207,0.0142662794365087,0.161263432156067,"tumor protein p53 inducible nuclear protein 2, transcript variant X1","liver"
"LOC115145297",167.848417495462,-0.313556049231625,0.139578516981921,-2.24644921017637,0.0246752492999054,0.199161022072108,"DENN domain-containing protein 1B-like, transcript variant X5","liver"
"LOC115141397",145.824614396321,-0.313954263590874,0.124101498985358,-2.52981846438386,0.0114121555446762,0.150537042071522,"arginine/serine-rich protein PNISR-like, transcript variant X1","liver"
"LOC115101827",114.240772014294,-0.314479178198208,0.136915709899697,-2.29688162467691,0.0216255235009245,0.187543901680358,"carboxypeptidase N subunit 2-like","liver"
"LOC115105488",83.3172463434862,-0.315694180808644,0.144274976972489,-2.18814230598591,0.0286592380873642,0.21568917379412,"homeobox protein cut-like 1, transcript variant X2","liver"
"LOC115130321",210.938685146158,-0.315852023202559,0.145727877363028,-2.16740975658163,0.0302036239873163,0.219056888562814,"RB1-inducible coiled-coil protein 1-like, transcript variant X3","liver"
"kazn",111.357077396419,-0.316618618562911,0.110638677697316,-2.86173538180846,0.00421328517276017,0.0963575161214815,"kazrin, periplakin interacting protein, transcript variant X2","liver"
"LOC115146304",95.8362692297587,-0.31666879188006,0.117580425942446,-2.69321010994691,0.00707676563737797,0.120187069741469,"serine/arginine repetitive matrix protein 1-like, transcript variant X1","liver"
"LOC115135526",137.125571837843,-0.317683947122935,0.141710117779425,-2.24178733389677,0.0249751202374593,0.200390925369851,"rho GTPase-activating protein 31-like, transcript variant X2","liver"
"LOC115129550",408.224094258357,-0.318880433718062,0.431837628460867,-0.738426697216264,0.460255196281213,0.718606378374489,"tryptophan 2,3-dioxygenase A-like","liver"
"LOC115121388",253.956716978784,-0.318944774495544,0.336303993219889,-0.948382359191926,0.342934836747962,0.62401625361076,"large neutral amino acids transporter small subunit 4-like","liver"
"LOC115127896",268.825641185803,-0.319759037155382,0.135140753283267,-2.3661185052383,0.0179756895375515,0.173623010793981,"lysosome membrane protein 2-like","liver"
"LOC115140397",96.2413740392346,-0.320956440316211,0.187336382169462,-1.7132627234462,0.0866642169101675,0.351485918533177,"utrophin-like","liver"
"LOC115122143",194.603042888231,-0.321308279017321,0.192112043826475,-1.67250461042173,0.0944248594954528,0.36343317025823,"mRNA decay activator protein ZFP36L1-like","liver"
"LOC115139611",378.979145677027,-0.322654219535538,0.22264332492321,-1.44919781290017,0.147282348149203,0.435647932551634,"unconventional myosin-VI-like, transcript variant X10","liver"
"LOC115111123",61.1407853420651,-0.323022071937395,0.22534803842188,-1.43343636003903,0.151733173691709,0.442471925779052,"5-hydroxyisourate hydrolase-like","liver"
"LOC115113613",1624.67749227223,-0.323384299197891,0.136083120982844,-2.37637332875883,0.0174837633082391,0.171935049223186,"UDP-glucuronosyltransferase 2C1-like, transcript variant X2","liver"
"dhrs7",143.828183910208,-0.323678015741638,0.158742008845482,-2.03901927470694,0.0414481039065345,0.253287063752676,"dehydrogenase/reductase 7, transcript variant X2","liver"
"LOC115129410",77.5702941915135,-0.325932846146611,0.199830085154235,-1.63104992871842,0.102879784712991,0.37730509493938,"phospholipid-transporting ATPase IG-like, transcript variant X8","liver"
"LOC115118046",57.6852054318686,-0.328292021563588,0.223740474520419,-1.46728937742388,0.142297352157868,0.429510379412682,"insulin receptor substrate 2-like","liver"
"LOC115135656",409.703899292382,-0.328486674679305,0.306444225551226,-1.0719297258365,0.283751597443212,0.580899804710464,"4F2 cell-surface antigen heavy chain-like","liver"
"LOC115108554",77.8520078408004,-0.330119132967674,0.13634990664637,-2.42111741098477,0.0154728788381608,0.1640570739487,"carboxyl-terminal PDZ ligand of neuronal nitric oxide synthase protein-like","liver"
"LOC115137365",78.3154000288521,-0.331056889117561,0.179850242625374,-1.84073640538339,0.0656601961977983,0.311938109246365,"bifunctional UDP-N-acetylglucosamine 2-epimerase/N-acetylmannosamine kinase-like, transcript variant X3","liver"
"LOC115121172",92.041368261699,-0.331407002155293,0.295990159849346,-1.11965547207371,0.262860606954933,0.560366021939491,"high affinity copper uptake protein 1-like, transcript variant X1","liver"
"LOC115142954",121.772652289419,-0.332772854628544,0.143578769955734,-2.31770236457062,0.0204655024343954,0.181536707638661,"receptor-type tyrosine-protein phosphatase gamma-like","liver"
"LOC115124238",67.6925373892265,-0.333850380101318,0.178104982249511,-1.87445840023509,0.0608672706333812,0.303270077231848,"acetyl-coenzyme A synthetase, cytoplasmic-like","liver"
"LOC115136041",107.511172090771,-0.33408784240327,0.0996392502879852,-3.35297426905223,0.000799481386956081,0.0498324214574492,"serine/arginine-rich splicing factor 7-like, transcript variant X2","liver"
"LOC115116746",119.185403481934,-0.334108036867685,0.110644636108435,-3.01964965152265,0.00253067235710638,0.0805860978716064,"fibrillin-1-like","liver"
"pam",80.2698811997388,-0.334473101546349,0.167158984700835,-2.00092805148917,0.0454001440620931,0.262535331534834,"peptidylglycine alpha-amidating monooxygenase, transcript variant X2","liver"
"LOC115127091",215.200873533148,-0.335275043935501,0.115045219097604,-2.91428923831293,0.00356499438396818,0.0937478523164793,"oncoprotein-induced transcript 3 protein-like","liver"
"LOC115103915",71.8660233429009,-0.335404497344678,0.306836395235933,-1.09310532437581,0.274347558534686,0.571050078284785,"integral membrane protein GPR137B-like, transcript variant X3","liver"
"LOC115135904",58.5680064969756,-0.337287327133225,0.158702155491931,-2.12528510458935,0.0335628304134858,0.229611277293949,"coxsackievirus and adenovirus receptor homolog","liver"
"LOC115102192",240.294285679306,-0.338158741160518,0.167179417382131,-2.02272951093956,0.043101042572099,0.257491084208268,"oxysterol-binding protein-related protein 2-like, transcript variant X2","liver"
"LOC115116332",66.564379183303,-0.339414387435623,0.143306860846902,-2.36844478645183,0.0178630464034667,0.173510085562468,"aryl hydrocarbon receptor-like","liver"
"LOC115132979",159.407147744224,-0.339680295794754,0.639348759969975,-0.53129108408798,0.595217082876483,0.81494955653495,"cystine/glutamate transporter-like","liver"
"LOC115129421",136.09931968968,-0.340669294105974,0.135303554579388,-2.5178148139936,0.0118085388762168,0.152315203985632,"disks large homolog 1-like, transcript variant X3","liver"
"LOC115112528",170.734785337669,-0.340736888818188,0.139980611732019,-2.43417202284056,0.0149258996751574,0.163983738749169,"immunoglobulin superfamily DCC subclass member 4-like","liver"
"LOC115107146",65.067754958944,-0.341763532145941,0.16063550469284,-2.1275715651994,0.0333726218831253,0.229611277293949,"protein mono-ADP-ribosyltransferase PARP12-like","liver"
"LOC115113702",158.218641741565,-0.342181459884361,0.194838558610151,-1.75623070877375,0.0790490231975781,0.339519303006669,"glycerol kinase-like","liver"
"LOC115145809",613.622575043974,-0.345181529208576,0.0961924994320513,-3.58844536992623,0.000332655678154069,0.0436490093122773,"long-chain-fatty-acid--CoA ligase 1-like, transcript variant X1","liver"
"LOC115132937",194.991350297055,-0.345942896083383,0.320301361103095,-1.08005440530125,0.280117953827953,0.578106723950753,"dipeptidyl peptidase 4-like","liver"
"LOC115126342",114.727640205263,-0.346090794921953,0.120026209718621,-2.88346016868565,0.00393332386711438,0.0960013657626239,"transcriptional regulator ATRX-like","liver"
"LOC115103495",99.3955854476606,-0.347190416621113,0.182517734902873,-1.90222838786527,0.0571413031052615,0.292965976675529,"signal transducer and activator of transcription 5B-like","liver"
"LOC115103031",57.6981842465009,-0.347329113236116,0.18777904769138,-1.84966915907977,0.0643612482046557,0.31007206519367,"TGF-beta receptor type-1-like","liver"
"LOC115138206",109.14420976616,-0.347329575312696,0.143418661027807,-2.42178788188069,0.0154443626316762,0.1640570739487,"membrane-associated guanylate kinase, WW and PDZ domain-containing protein 1-like, transcript variant X2","liver"
"ND6",1680.97546519652,-0.347776892908272,0.144932558821024,-2.39957740163643,0.0164140092342058,0.167677948968979,NA,"liver"
"LOC115109209",61.0034926693077,-0.348475962832186,0.1102755736702,-3.16004670149682,0.00157743852106951,0.065969874869563,"scaffold attachment factor B2-like, transcript variant X1","liver"
"LOC115110608",306.19242985322,-0.349064152364664,0.171360927969109,-2.03701133333959,0.0416489062921429,0.253610698022682,"low-density lipoprotein receptor-like","liver"
"pck1",1897.5219468036,-0.349267590435055,0.548135900381321,-0.637191598273495,0.52400004964859,0.76824464453271,"phosphoenolpyruvate carboxykinase 1","liver"
"LOC115130244",179.162421309343,-0.34971248339967,0.142763828092597,-2.44958746253879,0.0143019970478556,0.161263432156067,"microtubule-associated protein 4-like, transcript variant X4","liver"
"LOC115106827",170.040855290578,-0.349906402818807,0.132763789991835,-2.6355559964078,0.00839995648137416,0.128715122624365,"stromal interaction molecule 1-like, transcript variant X2","liver"
"ATP6",2379.82788486397,-0.35144378868617,0.167795830880084,-2.09447271033409,0.036217891582704,0.236541417772169,NA,"liver"
"ND3",1481.12680807825,-0.352403071877476,0.266519341390798,-1.32224201830345,0.186087573370692,0.481428912429993,NA,"liver"
"LOC115118567",109.763668483273,-0.352822783514068,0.450215055771332,-0.783676109875077,0.433230184015147,0.699899417378414,"heat shock protein HSP 90-alpha 1, transcript variant X2","liver"
"LOC115124099",39469.6276310917,-0.352950551413641,0.284615465139366,-1.24009618114326,0.214939821312331,0.513236503613979,"butyrophilin-like protein 1, transcript variant X1","liver"
"LOC115142766",266.498876499314,-0.354561753236501,0.191741208346636,-1.84916824241304,0.0644335228702254,0.31007206519367,"peroxisome proliferator-activated receptor delta-like, transcript variant X3","liver"
"nrcam",184.024439793112,-0.354667626360519,0.198275587289254,-1.78876094232979,0.0736533235854928,0.32845836644909,"neuronal cell adhesion molecule, transcript variant X15","liver"
"LOC115133272",254.858761994681,-0.354778159508039,0.249269303176753,-1.42327256098787,0.154657158033478,0.444242973242098,"6-phosphofructo-2-kinase/fructose-2,6-bisphosphatase-like","liver"
"LOC115130482",87.5613115395778,-0.355661279922047,0.275493044671934,-1.29099912611435,0.1967039805398,0.493697921601124,"mitogen-activated protein kinase kinase kinase kinase 4-like","liver"
"LOC115130742",94.0733009044545,-0.35777680213249,0.297034619070533,-1.2044952984,0.228398198185409,0.523719817470201,"ATP-binding cassette sub-family A member 1-like","liver"
"LOC115106396",272.290381744127,-0.358355131898432,0.307105470470157,-1.16687967605987,0.243258964606486,0.536838563243849,"arginase-1-like, transcript variant X1","liver"
"klf12",298.193382428537,-0.360262037306266,0.195431668193487,-1.84341688650781,0.0652681664357541,0.311023985429363,"Kruppel like factor 12","liver"
"LOC115130517",69.8876540477343,-0.362762152346114,0.160465732924247,-2.26068298654996,0.0237788947535119,0.195803585889525,"dual specificity protein kinase CLK4-like, transcript variant X1","liver"
"LOC115118279",115.184784024213,-0.365956274455325,0.163978515514139,-2.23173306154105,0.0256326107605745,0.203935293285692,"insulin receptor-like","liver"
"LOC115111174",168.336398277898,-0.368370814852425,0.128277627691416,-2.87166843885339,0.00408311117908725,0.0963575161214815,"unconventional myosin-Ib-like, transcript variant X1","liver"
"LOC115112301",287.182269507309,-0.368651776417536,0.147439089846375,-2.5003666042815,0.0124064846394765,0.153620643406058,"furin-1-like, transcript variant X2","liver"
"LOC115111867",273.119134436684,-0.369742021251852,0.288624125713079,-1.28105029452532,0.200176000973961,0.496300109470721,"growth arrest and DNA damage-inducible protein GADD45 gamma-like","liver"
"LOC115144388",144.645377583994,-0.369886785440241,0.15942481732411,-2.32013303605212,0.0203336817031992,0.181137621422423,"mitogen-activated protein kinase kinase kinase 4-like, transcript variant X1","liver"
"LOC115138736",93.7155276000843,-0.371430210446403,0.381075801538488,-0.974688523771009,0.329714787295207,0.613285735480405,"cysteine-rich protein 2-like","liver"
"LOC115122577",75.1034378442678,-0.373296474111268,0.200316230123449,-1.86353583971312,0.0623869150121383,0.305705050375174,"retinoic acid receptor RXR-gamma-B-like, transcript variant X2","liver"
"LOC115135032",606.537250638024,-0.373810808253417,0.283047757008515,-1.32066338275972,0.186613628637911,0.48172080451433,"protein phosphatase 1 regulatory subunit 3C-B-like","liver"
"LOC115102558",1927.85097847973,-0.374198355991092,0.0886466478688908,-4.22123526367894,2.42967189468582e-05,0.0230517281285088,"low-density lipoprotein receptor-related protein 1-like","liver"
"LOC115134970",253.817419193703,-0.374373861578408,0.325191980453091,-1.15123952643848,0.249633708199285,0.545287778467462,"catechol O-methyltransferase domain-containing protein 1-like","liver"
"LOC115139244",106.619692058952,-0.374447580373853,0.203910104846968,-1.83633655946022,0.066307895902645,0.312813638540719,"transcription factor SOX-13-like, transcript variant X2","liver"
"LOC115112901",68.9318946927137,-0.375495481783797,0.265238750862984,-1.4156886222774,0.156866691049204,0.446659174060549,"serine/threonine-protein kinase SIK2-like, transcript variant X1","liver"
"LOC115135951",343.313823592477,-0.376480127445931,0.131782233328973,-2.85683523442883,0.0042788789052964,0.0963575161214815,"phosphoglycerate kinase","liver"
"LOC115124033",61.1449300620569,-0.377713162344223,0.246525344784549,-1.5321473849852,0.125486068843184,0.408851159107185,"microfibril-associated glycoprotein 4-like","liver"
"LOC115114499",89.4539553033673,-0.377830446863245,0.132701459947046,-2.84722147754831,0.00441026675172459,0.0970184912669579,"laminin subunit alpha-3-like","liver"
"LOC115140321",67.1387693136355,-0.379232440130895,0.154776268317043,-2.45019759330336,0.0142777839110737,0.161263432156067,"growth hormone receptor-like","liver"
"LOC115138133",63.867831195141,-0.381493364889384,0.181415053733136,-2.10287601298272,0.0354766091480334,0.234876676172681,"regulator of G-protein signaling 12-like, transcript variant X1","liver"
"LOC115118837",97.1233907083934,-0.383145995120986,0.204816638063263,-1.87067807939823,0.0613897149441841,0.303588391935342,"mitogen-activated protein kinase kinase kinase 4-like, transcript variant X1","liver"
"ank2",119.645714375361,-0.386248687828907,0.349899422618711,-1.10388489623147,0.269643071495269,0.566393768236545,"ankyrin 2, transcript variant X7","liver"
"LOC115101056",77.1160840562052,-0.386619888578855,0.27727020463481,-1.3943794973862,0.16320303603758,0.455221463268693,"tubulin alpha chain, testis-specific, transcript variant X2","liver"
"LOC115111929",209.163646415948,-0.387009838739208,0.209255514260015,-1.84946064674941,0.0643913252318609,0.31007206519367,"heparan sulfate glucosamine 3-O-sulfotransferase 1-like","liver"
"LOC115124980",72.9793713066706,-0.387595332051438,0.122717089747167,-3.15844625104781,0.00158612554887566,0.065969874869563,"far upstream element-binding protein 1-like, transcript variant X1","liver"
"LOC115138079",100.725620036908,-0.389959329830993,0.130456723242487,-2.9891853799375,0.00279722361005302,0.0838344370189421,"receptor-type tyrosine-protein phosphatase delta-like, transcript variant X2","liver"
"LOC115129760",199.196104385524,-0.390241135524414,0.205106428283737,-1.90262752264677,0.0570891652246127,0.292965976675529,"xin actin-binding repeat-containing protein 2-like, transcript variant X1","liver"
"ND2",1022.66222033857,-0.392418797667493,0.20603691575138,-1.90460430955498,0.0568315259803232,0.292851200879643,NA,"liver"
"LOC115105974",136.171099138996,-0.394573568050711,0.252836337484099,-1.5605888456422,0.11862079227431,0.399022611235736,"anthrax toxin receptor 2-like","liver"
"LOC115123863",676.859183950517,-0.394702766610705,0.19768662163704,-1.99660838625385,0.045867741133238,0.26481149130181,"60S ribosomal protein L4-A, transcript variant X1","liver"
"LOC115134417",106.798331266328,-0.396431808665605,0.252138747971723,-1.57227642262293,0.11588645852683,0.396791101805172,"protein shisa-like-1a","liver"
"LOC115131329",81.7232508841356,-0.396917251641338,0.209953279906891,-1.89050274335967,0.0586907540242535,0.295499831358719,"protein tyrosine phosphatase type IVA 3-like, transcript variant X6","liver"
"LOC115114767",138.039591667358,-0.398355351928776,0.201429697134702,-1.97763963107379,0.0479693750577909,0.27193765331788,"ski-like protein, transcript variant X3","liver"
"LOC115127718",218.287828477605,-0.401528664446069,0.242821924445399,-1.65359312328635,0.0982102108657169,0.369967485664198,"nuclear factor 1 X-type-like","liver"
"LOC115133611",117.97082441175,-0.40217224798901,0.160255250941523,-2.50957298201581,0.0120877234505787,0.153195161527194,"CLIP-associating protein 1-like","liver"
"LOC115101929",639.6860461919,-0.402663302298521,0.290649374034402,-1.38539194738077,0.16593265195492,0.45823941573248,"monocarboxylate transporter 5-like, transcript variant X1","liver"
"LOC115143984",129.580704709898,-0.402870275857035,0.189854664888868,-2.12199303131612,0.0338383232444524,0.230643821980582,"growth factor receptor-bound protein 7-like, transcript variant X1","liver"
"LOC115131367",222.71689957094,-0.404528264541037,0.162381706759213,-2.4912182081008,0.0127305907217042,0.155344040113861,"thyroid hormone receptor-associated protein 3-like, transcript variant X2","liver"
"plxdc2",110.124244037419,-0.406145111521925,0.184768889905373,-2.19812497509687,0.0279402011975964,0.213911449816147,"plexin domain containing 2","liver"
"LOC115105288",279.17667945405,-0.406199343064012,0.202402776474819,-2.00688622033081,0.044761779410179,0.261970873002029,"protein Jade-1-like","liver"
"LOC115111821",124.654624412677,-0.408508397550841,0.212967594830508,-1.91817162548113,0.0550892528172036,0.288570477361528,"testosterone 17-beta-dehydrogenase 3-like, transcript variant X1","liver"
"LOC115110892",140.399913255603,-0.408695361273935,0.20105920696111,-2.03271149553966,0.0420816792132524,0.254488018506257,"microfibril-associated glycoprotein 4-like","liver"
"cacna2d4",90.5279865842495,-0.408985759245911,0.229833679533644,-1.7794857571605,0.0751601579182548,0.330036247274382,"calcium voltage-gated channel auxiliary subunit alpha2delta 4, transcript variant X2","liver"
"LOC115138292",68.2471693489387,-0.411503283502597,0.143908575660906,-2.8594771479931,0.00424339990096924,0.0963575161214815,"protein quaking-A-like, transcript variant X3","liver"
"LOC115108486",461.494800886193,-0.413645731642306,0.184994886090427,-2.23598468251772,0.0253527745364968,0.202623351001492,"transcription factor AP-1-like","liver"
"macrod2",333.912489251297,-0.414175927726931,0.136516788285993,-3.03388274018916,0.00241428249307512,0.0775679555557622,"mono-ADP ribosylhydrolase 2","liver"
"nfyc",152.249948415636,-0.41826526115756,0.164326749748117,-2.54532668478313,0.0109175545440224,0.146381422109984,"nuclear transcription factor Y subunit gamma, transcript variant X5","liver"
"LOC115145790",440.990484281707,-0.421415899970415,0.42015417739081,-1.00300299901203,0.31585941425903,0.602661842208894,"fibrinogen gamma chain-like, transcript variant X2","liver"
"LOC115134611",58.306914985807,-0.422498472464775,0.196365370443084,-2.15159359061854,0.031429377381408,0.223513442448233,"junctional adhesion molecule A-like","liver"
"LOC115134427",114.498962945508,-0.423013146666737,0.193116524916861,-2.19045546127577,0.0284912215367861,0.215410920358479,"potassium voltage-gated channel subfamily KQT member 1-like, transcript variant X1","liver"
"oaf",305.761807325834,-0.423954828803296,0.228666992817082,-1.85402721914671,0.0637352659580558,0.309636405298016,"out at first homolog","liver"
"LOC115143111",622.686824639944,-0.424042855228203,0.215764843650927,-1.96530096401727,0.0493794140896827,0.275335830136179,"class E basic helix-loop-helix protein 40-like","liver"
"stxbp5l",98.4011532023702,-0.42558089185272,0.343353092341146,-1.2394846627153,0.215166065207812,0.513475926104826,"syntaxin binding protein 5 like, transcript variant X1","liver"
"LOC115103411",159.204692215162,-0.431788656081597,0.216526709382289,-1.99415886064777,0.0461346964109103,0.265225701792483,"tumor protein p53-inducible nuclear protein 1-like, transcript variant X3","liver"
"LOC115130084",67.064060005343,-0.432433514276478,0.167497683211776,-2.58172833190612,0.0098306936703943,0.138172094484576,"UDP-N-acetylglucosamine--peptide N-acetylglucosaminyltransferase 110 kDa subunit-like","liver"
"LOC115132601",87.0907933359494,-0.433855796083383,0.133395258551306,-3.25240792510264,0.00114431663816948,0.0583029327147352,"nuclear receptor coactivator 3-like","liver"
"LOC115132580",477.934177024209,-0.435489652044021,0.338427994087346,-1.28680150475857,0.19816348233637,0.494866556574891,"trichohyalin-like","liver"
"LOC115140855",259.267566452463,-0.436324467421229,0.170515379619529,-2.55885696876611,0.0105016939622113,0.144392931906954,"maternal B9.15 protein-like, transcript variant X2","liver"
"LOC115128715",75.1397233334449,-0.437056127994629,0.554840888857626,-0.787714346169572,0.430863812140652,0.698290615620397,"WNT1-inducible-signaling pathway protein 1-like","liver"
"LOC115129419",68.4596069856955,-0.44044364037773,0.130677467033991,-3.37046355714229,0.000750418309466128,0.0497293541242179,"disks large homolog 3, transcript variant X1","liver"
"LOC115112100",142.069399713335,-0.441171864189495,0.282511763991733,-1.56160528664712,0.118381003296323,0.399022611235736,"7-dehydrocholesterol reductase-like","liver"
"LOC115102554",175.14771834637,-0.444875374066755,0.148206412225521,-3.00172824769419,0.00268451705038333,0.0833243093755297,"low-density lipoprotein receptor-related protein 1-like","liver"
"LOC115139614",221.449782897467,-0.446556872727515,0.240385997575234,-1.85766590912915,0.0632164725419022,0.307849871064269,"sentrin-specific protease 6-like, transcript variant X3","liver"
"LOC115126022",84.0215033080444,-0.448975462006396,0.211259755838332,-2.12522948454972,0.0335674689222388,0.229611277293949,"pantothenate kinase 1-like","liver"
"LOC115128454",57.7789039903661,-0.449951455988194,0.141438806858089,-3.18124470916703,0.0014664370424426,0.0634810769007856,"chromatin target of PRMT1 protein-like, transcript variant X3","liver"
"dhcr7",172.636158058097,-0.452868071942144,0.337409265211569,-1.3421921643384,0.179533696454623,0.475799315181434,"7-dehydrocholesterol reductase","liver"
"LOC115138828",820.854049652904,-0.457278771605933,0.342300585987674,-1.33589830203329,0.181582516027647,0.476599777266393,"B-cell lymphoma/leukemia 11B-like","liver"
"ND1",1151.96859024375,-0.457346285141127,0.180028114995703,-2.54041589643953,0.0110720719432397,0.14739036119056,NA,"liver"
"LOC115127920",203.864664397272,-0.465512599894749,0.30309527803862,-1.53586226386356,0.124572164984959,0.40839854722745,"NADPH oxidase organizer 1-like, transcript variant X2","liver"
"LOC115121214",212.143802695821,-0.466645907830589,0.312275036740209,-1.49434265608239,0.135086081381627,0.422025930165722,"phosphatidylserine decarboxylase proenzyme, mitochondrial-like, transcript variant X4","liver"
"aacs",629.923302837311,-0.467281954293035,0.293425674903336,-1.59250534039659,0.111271204120856,0.39098398965225,"acetoacetyl-CoA synthetase","liver"
"LOC115123096",90.5265285799374,-0.470057200861448,0.198777005048709,-2.364746368657,0.0180424224354605,0.173855588290631,"nuclear factor 1 X-type-like","liver"
"LOC115123980",176.154981275476,-0.471011452971275,0.231424915564247,-2.03526682432996,0.0418240323941433,0.253682672676381,"uncharacterized LOC115123980, transcript variant X3","liver"
"LOC115129280",63.4297856092003,-0.47196438278015,0.829345364235492,-0.56908063049851,0.569301422520534,0.795499690844599,"selenoprotein T2-like","liver"
"LOC115127564",58.1758432156607,-0.472881679793668,0.589085018310437,-0.802739273780798,0.422125447917225,0.693432360397223,"protein shisa-5-like, transcript variant X2","liver"
"LOC115105427",83.5554273613753,-0.476075051657526,0.177917976888957,-2.67581196673934,0.00745484568303541,0.121408262559031,"cell adhesion molecule 1-like, transcript variant X2","liver"
"LOC115135506",100.271424259645,-0.48023859720333,0.217820336233573,-2.20474637725451,0.0274718967617531,0.211651140154676,"phosphofurin acidic cluster sorting protein 1-like, transcript variant X2","liver"
"LOC115120696",68.0141328482037,-0.481538875497066,0.230182928262854,-2.09198344608415,0.0364399965488438,0.236820785401086,"E3 ubiquitin-protein ligase SH3RF3-like","liver"
"LOC115136609",128.793583461552,-0.483025642127213,0.240664069736107,-2.00705341124191,0.0447439761593793,0.261970873002029,"phosphatidylinositol 4,5-bisphosphate 3-kinase catalytic subunit beta isoform-like","liver"
"LOC115112886",67.2021439278212,-0.497600790889252,0.244657340285435,-2.0338682269198,0.0419648832482995,0.254158787696982,"extracellular serine/threonine protein kinase FAM20C-like","liver"
"ddx31",109.432014231662,-0.499615147599965,0.142356845209774,-3.5095969348277,0.000448786440274339,0.0455752763343179,"DEAD-box helicase 31, transcript variant X2","liver"
"LOC115123699",392.091676821597,-0.504783497818225,0.230515078160956,-2.18980685274636,0.0285382475450389,0.215410920358479,"polyubiquitin-B","liver"
"LOC115120401",816.087125230698,-0.507357069872804,0.219518203438566,-2.31123005712277,0.0208201509822854,0.182463925527007,"arrestin domain-containing protein 3-like","liver"
"LOC115128540",92.6679113562632,-0.507632866918166,0.192189706378984,-2.64131142339721,0.00825857678299542,0.128715122624365,"phosphatase and actin regulator 4B-like","liver"
"LOC115138574",64.640341795556,-0.523359913772329,0.238142473394737,-2.1976756448012,0.0279722283493636,0.213911449816147,"sacsin-like, transcript variant X3","liver"
"LOC115142428",246.42656309816,-0.523905061178229,0.225821887842543,-2.31999238950446,0.0203412890399557,0.181137621422423,"VPS10 domain-containing receptor SorCS3-like","liver"
"LOC115130089",92.4399292243984,-0.526508501001219,0.190875636880621,-2.7583850385815,0.00580877327973408,0.112211184304247,"zinc finger homeobox protein 4-like","liver"
"LOC115130958",155.724536854848,-0.532215849702836,0.253116981456779,-2.10264774271462,0.0354965732390509,0.234876676172681,"cathepsin F-like","liver"
"LOC115103810",57.5005187349687,-0.537020303725451,0.285709550306269,-1.87960221543098,0.0601623111153278,0.300516642286858,"centrosomal protein of 95 kDa-like","liver"
"LOC115119915",221.905180534874,-0.538171701514284,0.284671587207657,-1.89050023148853,0.058691089649076,0.295499831358719,"unconventional myosin-XVI-like","liver"
"LOC115146086",66.3291075859445,-0.539176434756832,0.297702333792532,-1.81112599249082,0.0701213508517199,0.319881198728458,"fermitin family homolog 2-like","liver"
"LOC115106696",217.976583234675,-0.539285440332189,0.249847994797534,-2.15845414636688,0.0308925398031677,0.221296998660302,"transforming growth factor beta-2 proprotein-like","liver"
"LOC115125917",90.6473534916497,-0.540782406552052,0.173621869354569,-3.11471365077673,0.00184123559131233,0.0682261479108098,"fibrinogen alpha chain-like","liver"
"ifi27",141.402022645548,-0.543073326045531,0.32431441414624,-1.67452725613561,0.0940270223029277,0.362302933202999,"interferon alpha inducible protein 27","liver"
"csmd3",356.01645550312,-0.543646783551062,0.201468065220143,-2.69842658665045,0.0069668102227642,0.119738667964231,"CUB and Sushi multiple domains 3, transcript variant X2","liver"
"LOC115101146",58.2530030471708,-0.545646264310854,0.249986999145682,-2.18269856502767,0.0290580156800151,0.216900438974928,"atrial natriuretic peptide receptor 2-like","liver"
"itpr1",276.073686308,-0.547336719701706,0.692568257274499,-0.790300037509182,0.429352564921559,0.69773572252138,"inositol 1,4,5-trisphosphate receptor type 1, transcript variant X1","liver"
"LOC115106381",1663.38534339368,-0.553346363658052,0.493498691020548,-1.12127220137857,0.262172014557482,0.559917519582685,"retinol-binding protein 4-B","liver"
"LOC115113481",381.59645537633,-0.554103178578105,0.325360919773109,-1.70304159136417,0.0885602852526868,0.353757565047247,"CUGBP Elav-like family member 1, transcript variant X4","liver"
"LOC115127760",4882.27100916989,-0.558476431073674,0.221070642631449,-2.52623516368349,0.011529227808451,0.151103320087609,"complement C1q-like protein 2","liver"
"LOC115102051",117.609308827077,-0.560611262350363,0.177471886214712,-3.15887363518589,0.00158380146570247,0.065969874869563,"membrane-associated guanylate kinase, WW and PDZ domain-containing protein 1-like, transcript variant X9","liver"
"LOC115139663",62.4013751430344,-0.577337679138871,0.312603089187648,-1.84687131736024,0.0647657926400602,0.310607773213378,"ectonucleotide pyrophosphatase/phosphodiesterase family member 1-like, transcript variant X1","liver"
"LOC115116781",882.706243296794,-0.585929500484477,0.277011397507573,-2.11518192304149,0.0344144450286365,0.233098244761383,"complement C4-like","liver"
"LOC115143106",122.966389950703,-0.609795260039876,0.987674396634472,-0.617405151047522,0.536967525281797,0.773111844948289,"leucine-rich repeat neuronal protein 1-like, transcript variant X1","liver"
"LOC115107503",151.018372397083,-0.611848323250827,0.284811845081662,-2.14825448385195,0.0316935445883292,0.223887153799012,"1-phosphatidylinositol 4,5-bisphosphate phosphodiesterase beta-1-like","liver"
"LOC115112488",146.268299365229,-0.612972891403408,0.320797083056765,-1.91078075137903,0.0560327623459705,0.290202718325509,"protein naked cuticle homolog 1-like","liver"
"LOC115113034",147.877758631296,-0.614726031882971,0.925874568595517,-0.663940940526603,0.506728111695085,0.757363748897196,"glutathione S-transferase 3-like","liver"
"LOC115132060",436.273703905455,-0.61781027684654,0.520066368535583,-1.18794506667714,0.234855052855646,0.529170367849427,"intelectin","liver"
"LOC115122923",133.686379163842,-0.63919239705472,0.373236845320676,-1.71256510462021,0.0867925776406563,0.351656606822381,"regulator of G-protein signaling 3-like, transcript variant X4","liver"
"LOC115103255",102.363998044616,-0.650849898825918,0.261870671789994,-2.48538675361044,0.0129410754534704,0.156058649551318,"angiopoietin-related protein 4-like, transcript variant X1","liver"
"LOC115144792",66.9251400197412,-0.652287937101681,0.337400168258142,-1.93327685777151,0.0532021011055755,0.284406663425907,"receptor-type tyrosine-protein phosphatase zeta-like, transcript variant X4","liver"
"LOC115113139",202.281570975328,-0.65922182758069,0.382037964570353,-1.7255400999795,0.0844301836484189,0.348555537060975,"reticulon-4-like, transcript variant X1","liver"
"ctso",118.463393415029,-0.666767498506453,0.459355353542349,-1.45152874210485,0.146632684772876,0.435493105470209,"cathepsin O, transcript variant X2","liver"
"LOC115108286",63.8824318219061,-0.673773358036535,0.332146696485042,-2.02854150038755,0.0425050122014535,0.255531607275995,"follistatin-related protein 3-like","liver"
"LOC115101535",96.6927674757452,-0.675577853730119,0.331702009946617,-2.03670111567561,0.0416800026659102,0.253610698022682,"histone-lysine N-methyltransferase PRDM16-like","liver"
"slc2a4rg",67.8787049518224,-0.680035187513705,0.265885716310369,-2.5576221128024,0.0105390548299429,0.144392931906954,"SLC2A4 regulator, transcript variant X1","liver"
"LOC115129453",196.851273908393,-0.721335759239477,0.356801129248453,-2.02167454110603,0.0432099856718488,0.257491084208268,"saxitoxin and tetrodotoxin-binding protein 1-like","liver"
"LOC115103085",292.575966151498,-0.740870113843603,0.226372473807301,-3.27279240882558,0.00106490658421349,0.0575369878694351,"sodium- and chloride-dependent glycine transporter 1-like, transcript variant X3","liver"
"LOC115145167",293.398560768979,-0.780289964641551,0.221816602348078,-3.51772570845309,0.000435262015565847,0.0455752763343179,"palladin-like","liver"
"LOC115107543",70.3369688879812,-0.795314328531251,0.202425984689566,-3.92891421400725,8.53302707270037e-05,0.023835266566336,"pleckstrin homology domain-containing family G member 3-like, transcript variant X4","liver"
"LOC115130515",66.330034461344,-0.808888602312953,0.337851277937675,-2.39421501451941,0.0166559815032929,0.168880051262244,"collagen alpha-1(XXIII) chain-like, transcript variant X8","liver"
"LOC115120566",95.549824151983,-0.848762933282012,0.24774485491711,-3.42595584302241,0.000612639971261822,0.0466002202580085,"E3 ubiquitin-protein ligase RNF19A-like","liver"
"LOC115119914",74.829884789362,-0.890637876667795,0.212749501312971,-4.18632180649672,2.83511316422886e-05,0.0230517281285088,"unconventional myosin-XVI-like","liver"
"LOC115112270",119.800821201623,-0.974934358595759,0.271583367198452,-3.5898161535178,0.000330911266068409,0.0436490093122773,"disintegrin and metalloproteinase domain-containing protein 10-like","liver"
"LOC115102993",573.156500794175,-1.00713344068882,0.726089763859214,-1.38706464519737,0.165422051512599,0.458057256769942,"insulin-like growth factor-binding protein 1","liver"
"LOC115112540",94.3936256194758,-1.07903603612438,0.435259276886071,-2.47906499281075,0.013172730096555,0.156834820486946,"hepatic triacylglycerol lipase-like","liver"
"LOC115107457",91.8495683510638,-1.12601200634151,0.407113601445972,-2.76584226697947,0.00567759895152685,0.110199492030588,"synaptotagmin-like protein 3","liver"
"LOC115116544",234.119529787756,-1.40736780886171,0.358406180590265,-3.92673978597103,8.61050477183668e-05,0.023835266566336,"alpha-tubulin N-acetyltransferase 1-like, transcript variant X2","liver"
"LOC115126934",73.5122567358827,-1.90368040561581,0.779428718295673,-2.44240475226326,0.0145897789607934,0.16203798104685,"gamma-crystallin M3-like","liver"
